time,lat_deg,lon_deg,alt_agl_m,heading_deg,dist_from_start_km,wind_n_ms,wind_e_ms,wind_speed_ms,wind_dir_deg,gust_n_ms,gust_e_ms,gust_speed_ms,headwind_ms,crosswind_ms,delta_beta_deg,delta_alpha_deg,temp_c,pressure_hpa,density_kgm3,visibility_sm,ceiling_ft,flight_category,interp_method,gust_mode,log_profile_applied
2026-04-29T18:02:51Z,34.899239,-76.886322,106.680000,127.915090,0.000000,3.212197,0.403336,3.237420,187.156833,3.219245,0.404221,3.244523,1.655671,-2.782021,-8.142355,,18.532785,1012.250414,1.208981,9.998088,280000.000000,VFR,barnes,envelope,False
2026-04-29T18:03:01Z,34.898162,-76.884646,106.680000,127.915090,0.194444,3.215419,0.407908,3.241190,187.229923,3.242115,0.411295,3.268099,1.654045,-2.787373,-8.157808,,18.532740,1012.250718,1.208982,9.998095,280000.000000,VFR,barnes,envelope,False
2026-04-29T18:03:11Z,34.897084,-76.882969,106.680000,127.915090,0.388889,3.218638,0.412474,3.244960,187.302758,3.262310,0.418071,3.288989,1.652420,-2.792718,-8.173240,,18.532693,1012.251021,1.208982,9.998102,280000.000000,VFR,barnes,envelope,False
2026-04-29T18:03:21Z,34.896007,-76.881292,106.680000,127.915090,0.583333,3.221852,0.417035,3.248730,187.375338,3.239827,0.419362,3.266855,1.650797,-2.798056,-8.188651,,18.532646,1012.251324,1.208983,9.998109,280000.000000,VFR,barnes,envelope,False
2026-04-29T18:03:31Z,34.894929,-76.879616,106.680000,127.915090,0.777778,3.225061,0.421591,3.252501,187.447665,3.278057,0.428519,3.305947,1.649175,-2.803387,-8.204042,,18.532599,1012.251628,1.208984,9.998116,280000.000000,VFR,barnes,envelope,False
2026-04-29T18:03:41Z,34.893852,-76.877939,106.680000,127.915090,0.972222,3.228267,0.426141,3.256271,187.519738,3.292728,0.434650,3.321291,1.647555,-2.808712,-8.219412,,18.532551,1012.251932,1.208984,9.998123,280000.000000,VFR,barnes,envelope,False
2026-04-29T18:03:51Z,34.892775,-76.876262,106.680000,127.915090,1.166667,3.231468,0.430685,3.260042,187.591559,3.280117,0.437169,3.309122,1.645937,-2.814030,-8.234761,,18.532503,1012.252236,1.208985,9.998130,280000.000000,VFR,barnes,envelope,False
2026-04-29T18:04:01Z,34.891697,-76.874586,106.680000,127.915090,1.361111,3.234664,0.435224,3.263813,187.663122,3.261109,0.438782,3.290496,1.644321,-2.819341,-8.250088,,18.532454,1012.252540,1.208985,9.998137,280000.000000,VFR,barnes,envelope,False
2026-04-29T18:04:11Z,34.890620,-76.872909,106.680000,127.915090,1.555556,3.237856,0.439753,3.267582,187.734365,3.242967,0.440447,3.272741,1.642709,-2.824642,-8.265386,,18.532397,1012.252842,1.208986,9.998142,280000.000000,VFR,barnes,envelope,False
2026-04-29T18:04:21Z,34.889542,-76.871232,106.680000,127.915090,1.750000,3.241043,0.444277,3.271352,187.805359,3.259243,0.446771,3.289722,1.641099,-2.829936,-8.280663,,18.532339,1012.253144,1.208986,9.998147,280000.000000,VFR,barnes,envelope,False
2026-04-29T18:04:31Z,34.888465,-76.869556,106.680000,127.915090,1.944444,3.244226,0.448795,3.275122,187.876106,3.274393,0.452968,3.305576,1.639490,-2.835224,-8.295920,,18.532282,1012.253446,1.208987,9.998152,280000.000000,VFR,barnes,envelope,False
2026-04-29T18:04:41Z,34.887388,-76.867879,106.680000,127.915090,2.138889,3.247405,0.453307,3.278891,187.946606,3.259248,0.454961,3.290849,1.637883,-2.840504,-8.311156,,18.532224,1012.253748,1.208988,9.998157,280000.000000,VFR,barnes,envelope,False
2026-04-29T18:04:51Z,34.886310,-76.866202,106.680000,127.915090,2.333333,3.250579,0.457815,3.282661,188.016861,3.230087,0.454929,3.261966,1.636278,-2.845778,-8.326371,,18.532165,1012.254051,1.208988,9.998162,280000.000000,VFR,barnes,envelope,False
2026-04-29T18:05:01Z,34.885233,-76.864526,106.680000,127.915090,2.527778,3.252868,0.462622,3.285601,188.094312,3.253027,0.462645,3.285761,1.633892,-2.850539,-8.340103,,17.903447,1012.254167,1.211600,9.998168,280000.000000,VFR,barnes,envelope,False
2026-04-29T18:05:11Z,34.884155,-76.862849,106.680000,127.915090,2.722222,3.247232,0.470175,3.281094,188.238740,3.238156,0.468861,3.271924,1.624470,-2.850733,-8.340663,,17.903727,1012.252600,1.211597,9.998173,280000.000000,VFR,barnes,envelope,False
2026-04-29T18:05:21Z,34.883078,-76.861172,106.680000,127.915090,2.916667,3.241601,0.477717,3.276613,188.383375,3.278526,0.483159,3.313937,1.615060,-2.850925,-8.341218,,17.904006,1012.251033,1.211594,9.998178,280000.000000,VFR,barnes,envelope,False
2026-04-29T18:05:31Z,34.882001,-76.859496,106.680000,127.915090,3.111111,3.235976,0.485249,3.272156,188.528217,3.286698,0.492855,3.323446,1.605661,-2.851116,-8.341768,,17.904284,1012.249467,1.211591,9.998183,280000.000000,VFR,barnes,envelope,False
2026-04-29T18:05:41Z,34.880923,-76.857819,106.680000,127.915090,3.305556,3.230356,0.492771,3.267725,188.673264,3.239579,0.494178,3.277054,1.596273,-2.851305,-8.342313,,17.904563,1012.247901,1.211588,9.998188,280000.000000,VFR,barnes,envelope,False
2026-04-29T18:05:51Z,34.879846,-76.856142,106.680000,127.915090,3.500000,3.224742,0.500283,3.263318,188.818514,3.317985,0.514749,3.357676,1.586897,-2.851492,-8.342852,,17.904841,1012.246335,1.211585,9.998193,280000.000000,VFR,barnes,envelope,False
2026-04-29T18:06:01Z,34.878768,-76.854466,106.680000,127.915090,3.694444,3.219134,0.507786,3.258937,188.963965,3.295203,0.519785,3.335947,1.577532,-2.851677,-8.343387,,17.905119,1012.244769,1.211582,9.998197,280000.000000,VFR,barnes,envelope,False
2026-04-29T18:06:11Z,34.877691,-76.852789,106.680000,127.915090,3.888889,3.213531,0.515277,3.254580,189.109617,3.250726,0.521242,3.292251,1.568178,-2.851860,-8.343916,,17.905396,1012.243204,1.211579,9.998202,280000.000000,VFR,barnes,envelope,False
2026-04-29T18:06:21Z,34.876614,-76.851112,106.680000,127.915090,4.083333,3.207933,0.522759,3.250248,189.255466,3.284777,0.535282,3.328106,1.558836,-2.852042,-8.344440,,17.905673,1012.241639,1.211576,9.998207,280000.000000,VFR,barnes,envelope,False
2026-04-29T18:06:31Z,34.875536,-76.849436,106.680000,127.915090,4.277778,3.202341,0.530231,3.245941,189.401512,3.307178,0.547590,3.352206,1.549505,-2.852222,-8.344959,,17.905950,1012.240074,1.211573,9.998212,280000.000000,VFR,barnes,envelope,False
2026-04-29T18:06:41Z,34.874459,-76.847759,106.680000,127.915090,4.472222,3.196755,0.537693,3.241660,189.547753,3.285066,0.552547,3.331211,1.540186,-2.852400,-8.345472,,17.906226,1012.238509,1.211570,9.998217,280000.000000,VFR,barnes,envelope,False
2026-04-29T18:06:51Z,34.873381,-76.846082,106.680000,127.915090,4.666667,3.191175,0.545144,3.237403,189.694187,3.250561,0.555289,3.297650,1.530878,-2.852576,-8.345981,,17.906502,1012.236945,1.211567,9.998222,280000.000000,VFR,barnes,envelope,False
2026-04-29T18:07:01Z,34.872304,-76.844406,106.680000,127.915090,4.861111,3.185600,0.552586,3.233171,189.840813,3.280769,0.569094,3.329762,1.521581,-2.852750,-8.346484,,17.906777,1012.235381,1.211564,9.998227,280000.000000,VFR,barnes,envelope,False
2026-04-29T18:07:11Z,34.871227,-76.842729,106.680000,127.915090,5.055556,3.180030,0.560017,3.228964,189.987628,3.253526,0.572960,3.303591,1.512296,-2.852923,-8.346982,,17.907052,1012.233817,1.211561,9.998232,280000.000000,VFR,barnes,envelope,False
2026-04-29T18:07:21Z,34.870149,-76.841052,106.680000,127.915090,5.250000,3.174466,0.567438,3.224782,190.134631,3.235400,0.578330,3.286682,1.503022,-2.853094,-8.347474,,17.907327,1012.232253,1.211558,9.998237,280000.000000,VFR,barnes,envelope,False
2026-04-29T18:07:31Z,34.869072,-76.839376,106.680000,127.915090,5.444444,3.168908,0.574849,3.220625,190.281820,3.278145,0.594666,3.331646,1.493760,-2.853263,-8.347962,,17.907602,1012.230690,1.211555,9.998242,280000.000000,VFR,barnes,envelope,False
2026-04-29T18:07:41Z,34.867994,-76.837699,106.680000,127.915090,5.638889,3.163355,0.582251,3.216494,190.429193,3.208837,0.590622,3.262739,1.484509,-2.853430,-8.348444,,17.907876,1012.229127,1.211552,9.998247,280000.000000,VFR,barnes,envelope,False
2026-04-29T18:07:51Z,34.866917,-76.836022,106.680000,127.915090,5.833333,3.157808,0.589641,3.212387,190.576749,3.201786,0.597853,3.257124,1.475270,-2.853595,-8.348921,,17.908149,1012.227565,1.211549,9.998251,280000.000000,VFR,barnes,envelope,False
2026-04-29T18:08:01Z,34.865840,-76.834346,106.680000,127.915090,6.027778,3.152299,0.597043,3.208340,190.724742,3.139208,0.594564,3.195017,1.466045,-2.853798,-8.349504,,17.908440,1012.225972,1.211545,9.998257,280000.000000,VFR,barnes,envelope,False
2026-04-29T18:08:11Z,34.864762,-76.832669,106.680000,127.915090,6.222222,3.147089,0.604622,3.204643,190.875205,3.119987,0.599415,3.177045,1.456865,-2.854344,-8.351081,,17.908892,1012.224110,1.211541,9.998271,280000.000000,VFR,barnes,envelope,False
2026-04-29T18:08:21Z,34.863685,-76.830992,106.680000,127.915090,6.416667,3.141885,0.612190,3.200971,191.025818,3.143695,0.612543,3.202815,1.447696,-2.854889,-8.352653,,17.909344,1012.222248,1.211537,9.998284,280000.000000,VFR,barnes,envelope,False
2026-04-29T18:08:31Z,34.862607,-76.829316,106.680000,127.915090,6.611111,3.136686,0.619748,3.197325,191.176578,3.126672,0.617770,3.187117,1.438539,-2.855433,-8.354220,,17.909795,1012.220387,1.211533,9.998297,280000.000000,VFR,barnes,envelope,False
2026-04-29T18:08:41Z,34.861530,-76.827639,106.680000,127.915090,6.805556,3.131493,0.627296,3.193705,191.327484,3.126318,0.626260,3.188426,1.429393,-2.855974,-8.355782,,17.910246,1012.218525,1.211529,9.998311,280000.000000,VFR,barnes,envelope,False
2026-04-29T18:08:51Z,34.860453,-76.825962,106.680000,127.915090,7.000000,3.126306,0.634834,3.190111,191.478532,3.093475,0.628168,3.156610,1.420258,-2.856514,-8.357340,,17.910697,1012.216664,1.211525,9.998324,280000.000000,VFR,barnes,envelope,False
2026-04-29T18:09:01Z,34.859375,-76.824286,106.680000,127.915090,7.194444,3.121125,0.642362,3.186542,191.629721,3.076042,0.633084,3.140514,1.411136,-2.857052,-8.358892,,17.911147,1012.214803,1.211521,9.998337,280000.000000,VFR,barnes,envelope,False
2026-04-29T18:09:11Z,34.858298,-76.822609,106.680000,127.915090,7.388889,3.115950,0.649880,3.183000,191.781049,3.080004,0.642383,3.146280,1.402024,-2.857589,-8.360440,,17.911597,1012.212942,1.211517,9.998350,280000.000000,VFR,barnes,envelope,False
2026-04-29T18:09:21Z,34.857221,-76.820932,106.680000,127.915090,7.583333,3.110780,0.657388,3.179483,191.932513,3.071810,0.649153,3.139652,1.392924,-2.858124,-8.361983,,17.912047,1012.211081,1.211513,9.998363,280000.000000,VFR,barnes,envelope,False
2026-04-29T18:09:31Z,34.856143,-76.819256,106.680000,127.915090,7.777778,3.105616,0.664886,3.175991,192.084112,3.032479,0.649228,3.101197,1.383836,-2.858657,-8.363520,,17.912496,1012.209220,1.211509,9.998375,280000.000000,VFR,barnes,envelope,False
2026-04-29T18:09:41Z,34.855066,-76.817579,106.680000,127.915090,7.972222,3.100457,0.672373,3.172526,192.235842,3.046207,0.660608,3.117015,1.374759,-2.859188,-8.365053,,17.912945,1012.207360,1.211504,9.998388,280000.000000,VFR,barnes,envelope,False
2026-04-29T18:09:51Z,34.853988,-76.815902,106.680000,127.915090,8.166667,3.095305,0.679850,3.169086,192.387702,3.050691,0.670051,3.123409,1.365694,-2.859718,-8.366581,,17.913393,1012.205500,1.211500,9.998401,280000.000000,VFR,barnes,envelope,False
2026-04-29T18:10:01Z,34.852911,-76.814226,106.680000,127.915090,8.361111,3.091442,0.686263,3.166697,192.516016,3.029535,0.672520,3.103284,1.358262,-2.860612,-8.369158,,18.532289,1012.203560,1.208927,9.998414,280000.000000,VFR,barnes,envelope,False
2026-04-29T18:10:11Z,34.851834,-76.812549,106.680000,127.915090,8.555556,3.099142,0.683180,3.173550,192.431551,3.042657,0.670728,3.115709,1.365425,-2.864792,-8.381214,,18.532415,1012.200912,1.208924,9.998426,280000.000000,VFR,barnes,envelope,False
2026-04-29T18:10:21Z,34.850756,-76.810872,106.680000,127.915090,8.750000,3.106838,0.680098,3.180405,192.347488,3.092008,0.676852,3.165224,1.372586,-2.868969,-8.393262,,18.532541,1012.198265,1.208920,9.998439,280000.000000,VFR,barnes,envelope,False
2026-04-29T18:10:31Z,34.849679,-76.809196,106.680000,127.915090,8.944444,3.114529,0.677018,3.187263,192.263825,3.058700,0.664882,3.130129,1.379742,-2.873144,-8.405301,,18.532667,1012.195621,1.208916,9.998451,280000.000000,VFR,barnes,envelope,False
2026-04-29T18:10:41Z,34.848601,-76.807519,106.680000,127.915090,9.138889,3.122216,0.673938,3.194124,192.180560,3.109255,0.671141,3.180865,1.386895,-2.877316,-8.417332,,18.532792,1012.192979,1.208913,9.998463,280000.000000,VFR,barnes,envelope,False
2026-04-29T18:10:51Z,34.847524,-76.805842,106.680000,127.915090,9.333333,3.129899,0.670860,3.200987,192.097689,3.136205,0.672212,3.207437,1.394044,-2.881486,-8.429354,,18.532917,1012.190339,1.208909,9.998476,280000.000000,VFR,barnes,envelope,False
2026-04-29T18:11:01Z,34.846447,-76.804166,106.680000,127.915090,9.527778,3.137577,0.667783,3.207853,192.015211,3.101192,0.660039,3.170653,1.401190,-2.885653,-8.441368,,18.533042,1012.187701,1.208905,9.998488,280000.000000,VFR,barnes,envelope,False
2026-04-29T18:11:11Z,34.845369,-76.802489,106.680000,127.915090,9.722222,3.145251,0.664708,3.214722,191.933123,3.069718,0.648745,3.137521,1.408332,-2.889817,-8.453373,,18.533166,1012.185065,1.208902,9.998500,280000.000000,VFR,barnes,envelope,False
2026-04-29T18:11:21Z,34.844292,-76.800812,106.680000,127.915090,9.916667,3.152920,0.661633,3.221593,191.851423,3.078984,0.646118,3.146047,1.415470,-2.893978,-8.465370,,18.533290,1012.182432,1.208898,9.998512,280000.000000,VFR,barnes,envelope,False
2026-04-29T18:11:31Z,34.843214,-76.799136,106.680000,127.915090,10.111111,3.160585,0.658560,3.228467,191.770108,3.071257,0.639947,3.137220,1.422605,-2.898137,-8.477358,,18.533413,1012.179800,1.208894,9.998524,280000.000000,VFR,barnes,envelope,False
2026-04-29T18:11:41Z,34.842137,-76.797459,106.680000,127.915090,10.305556,3.168246,0.655488,3.235343,191.689176,3.069707,0.635101,3.134717,1.429736,-2.902292,-8.489338,,18.533536,1012.177171,1.208891,9.998536,280000.000000,VFR,barnes,envelope,False
2026-04-29T18:11:51Z,34.841060,-76.795782,106.680000,127.915090,10.500000,3.175902,0.652417,3.242222,191.608624,3.135938,0.644207,3.201423,1.436863,-2.906446,-8.501308,,18.533659,1012.174544,1.208887,9.998548,280000.000000,VFR,barnes,envelope,False
2026-04-29T18:12:01Z,34.839982,-76.794106,106.680000,127.915090,10.694444,3.182964,0.649018,3.248459,191.524838,3.062909,0.624539,3.125933,1.443884,-2.909929,-8.511347,,18.533781,1012.172159,1.208884,9.998559,280000.000000,VFR,barnes,envelope,False
2026-04-29T18:12:11Z,34.838905,-76.792429,106.680000,127.915090,10.888889,3.184721,0.642660,3.248917,191.408769,3.084412,0.622418,3.146585,1.449980,-2.907407,-8.504080,,18.533903,1012.171935,1.208883,9.998571,280000.000000,VFR,barnes,envelope,False
2026-04-29T18:12:21Z,34.837827,-76.790752,106.680000,127.915090,11.083333,3.186480,0.636306,3.249390,191.292811,3.101741,0.619384,3.162979,1.456074,-2.904890,-8.496825,,18.534025,1012.171711,1.208882,9.998583,280000.000000,VFR,barnes,envelope,False
2026-04-29T18:12:31Z,34.836750,-76.789076,106.680000,127.915090,11.277778,3.188241,0.629957,3.249881,191.176965,3.117072,0.615895,3.177336,1.462165,-2.902378,-8.489584,,18.534146,1012.171486,1.208881,9.998594,280000.000000,VFR,barnes,envelope,False
2026-04-29T18:12:41Z,34.835673,-76.787399,106.680000,127.915090,11.472222,3.190004,0.623613,3.250387,191.061232,3.103949,0.606790,3.162704,1.468253,-2.899871,-8.482357,,18.534267,1012.171261,1.208881,9.998606,280000.000000,VFR,barnes,envelope,False
2026-04-29T18:12:51Z,34.834595,-76.785722,106.680000,127.915090,11.666667,3.191769,0.617273,3.250910,190.945614,3.117666,0.602942,3.175434,1.474339,-2.897368,-8.475142,,18.534387,1012.171035,1.208880,9.998617,280000.000000,VFR,barnes,envelope,False
2026-04-29T18:13:01Z,34.833518,-76.784046,106.680000,127.915090,11.861111,3.193536,0.610939,3.251449,190.830113,3.131139,0.599002,3.187921,1.480422,-2.894870,-8.467941,,18.534507,1012.170808,1.208879,9.998629,280000.000000,VFR,barnes,envelope,False
2026-04-29T18:13:11Z,34.832440,-76.782369,106.680000,127.915090,12.055556,3.195305,0.604610,3.252004,190.714728,3.143876,0.594879,3.199662,1.486503,-2.892376,-8.460753,,18.534627,1012.170581,1.208878,9.998640,280000.000000,VFR,barnes,envelope,False
2026-04-29T18:13:21Z,34.831363,-76.780692,106.680000,127.915090,12.250000,3.197077,0.598286,3.252575,190.599462,3.133938,0.586470,3.188341,1.492581,-2.889888,-8.453578,,18.534746,1012.170354,1.208878,9.998651,280000.000000,VFR,barnes,envelope,False
2026-04-29T18:13:31Z,34.830286,-76.779016,106.680000,127.915090,12.444444,3.198850,0.591966,3.253163,190.484316,3.116224,0.576676,3.169134,1.498656,-2.887403,-8.446416,,18.534865,1012.170126,1.208877,9.998662,280000.000000,VFR,barnes,envelope,False
2026-04-29T18:13:41Z,34.829208,-76.777339,106.680000,127.915090,12.638889,3.200626,0.585652,3.253766,190.369291,3.167012,0.579501,3.219594,1.504729,-2.884924,-8.439268,,18.534984,1012.169897,1.208876,9.998673,280000.000000,VFR,barnes,envelope,False
2026-04-29T18:13:51Z,34.828131,-76.775662,106.680000,127.915090,12.833333,3.202404,0.579342,3.254386,190.254388,3.165460,0.572659,3.216843,1.510799,-2.882449,-8.432133,,18.535102,1012.169668,1.208875,9.998684,280000.000000,VFR,barnes,envelope,False
2026-04-29T18:14:01Z,34.827053,-76.773986,106.680000,127.915090,13.027778,3.204183,0.573038,3.255021,190.139617,3.171726,0.567233,3.222049,1.516866,-2.879979,-8.425011,,18.535220,1012.169438,1.208875,9.998695,280000.000000,VFR,barnes,envelope,False
2026-04-29T18:14:11Z,34.825976,-76.772309,106.680000,127.915090,13.222222,3.205963,0.566743,3.255672,190.025048,3.178588,0.561904,3.227872,1.522926,-2.877516,-8.417907,,18.535337,1012.169208,1.208874,9.998700,280000.000000,VFR,barnes,envelope,False
2026-04-29T18:14:21Z,34.824899,-76.770632,106.680000,127.915090,13.416667,3.207745,0.560453,3.256338,189.910604,3.180915,0.555765,3.229102,1.528983,-2.875056,-8.410815,,18.535454,1012.168977,1.208873,9.998705,280000.000000,VFR,barnes,envelope,False
2026-04-29T18:14:31Z,34.823821,-76.768956,106.680000,127.915090,13.611111,3.209530,0.554168,3.257021,189.796287,3.170220,0.547381,3.217129,1.535038,-2.872602,-8.403737,,18.535571,1012.168746,1.208872,9.998709,280000.000000,VFR,barnes,envelope,False
2026-04-29T18:14:41Z,34.822744,-76.767279,106.680000,127.915090,13.805556,3.211316,0.547888,3.257719,189.682097,3.219580,0.549298,3.266103,1.541090,-2.870152,-8.396672,,18.535687,1012.168514,1.208872,9.998714,280000.000000,VFR,barnes,envelope,False
2026-04-29T18:14:51Z,34.821666,-76.765602,106.680000,127.915090,14.000000,3.213104,0.541612,3.258433,189.568036,3.233072,0.544978,3.278682,1.547140,-2.867706,-8.389620,,18.535802,1012.168281,1.208871,9.998719,280000.000000,VFR,barnes,envelope,False
2026-04-29T18:15:01Z,34.820589,-76.763926,106.680000,127.915090,14.194444,3.215247,0.535449,3.259527,189.454946,3.226136,0.537263,3.270567,1.553319,-2.865609,-8.383572,,18.686389,1012.168049,1.208247,9.998724,280000.000000,VFR,barnes,envelope,False
2026-04-29T18:15:11Z,34.819512,-76.762249,106.680000,127.915090,14.388889,3.220554,0.530256,3.263915,189.349711,3.179661,0.523523,3.222471,1.560678,-2.866605,-8.386445,,18.686334,1012.167818,1.208247,9.998729,280000.000000,VFR,barnes,envelope,False
2026-04-29T18:15:21Z,34.818434,-76.760572,106.680000,127.915090,14.583333,3.225855,0.525068,3.268308,189.244889,3.187732,0.518863,3.229683,1.568027,-2.867600,-8.389313,,18.686278,1012.167587,1.208247,9.998734,280000.000000,VFR,barnes,envelope,False
2026-04-29T18:15:31Z,34.817357,-76.758896,106.680000,127.915090,14.777778,3.231149,0.519888,3.272706,189.140479,3.209130,0.516345,3.250405,1.575367,-2.868593,-8.392176,,18.686223,1012.167356,1.208247,9.998738,280000.000000,VFR,barnes,envelope,False
2026-04-29T18:15:41Z,34.816279,-76.757219,106.680000,127.915090,14.972222,3.236436,0.514714,3.277109,189.036480,3.261934,0.518769,3.302928,1.582698,-2.869584,-8.395035,,18.686167,1012.167123,1.208247,9.998743,280000.000000,VFR,barnes,envelope,False
2026-04-29T18:15:51Z,34.815202,-76.755542,106.680000,127.915090,15.166667,3.241715,0.509546,3.281517,188.932888,3.280661,0.515667,3.320941,1.590019,-2.870574,-8.397889,,18.686111,1012.166891,1.208247,9.998748,280000.000000,VFR,barnes,envelope,False
2026-04-29T18:16:01Z,34.814125,-76.753866,106.680000,127.915090,15.361111,3.246988,0.504384,3.285930,188.829704,3.218903,0.500021,3.257508,1.597332,-2.871562,-8.400739,,18.686054,1012.166657,1.208246,9.998753,280000.000000,VFR,barnes,envelope,False
2026-04-29T18:16:11Z,34.813047,-76.752189,106.680000,127.915090,15.555556,3.252254,0.499229,3.290348,188.726926,3.253088,0.499357,3.291192,1.604634,-2.872549,-8.403584,,18.685997,1012.166423,1.208246,9.998757,280000.000000,VFR,barnes,envelope,False
2026-04-29T18:16:21Z,34.811970,-76.750512,106.680000,127.915090,15.750000,3.257513,0.494080,3.294770,188.624552,3.247981,0.492635,3.285128,1.611928,-2.873534,-8.406425,,18.685940,1012.166189,1.208246,9.998762,280000.000000,VFR,barnes,envelope,False
2026-04-29T18:16:31Z,34.810892,-76.748836,106.680000,127.915090,15.944444,3.262765,0.488938,3.299196,188.522580,3.260732,0.488634,3.297141,1.619212,-2.874517,-8.409261,,18.685883,1012.165954,1.208246,9.998767,280000.000000,VFR,barnes,envelope,False
2026-04-29T18:16:41Z,34.809815,-76.747159,106.680000,127.915090,16.138889,3.268010,0.483802,3.303627,188.421009,3.266449,0.483571,3.302050,1.626487,-2.875499,-8.412092,,18.685825,1012.165718,1.208246,9.998771,280000.000000,VFR,barnes,envelope,False
2026-04-29T18:16:51Z,34.808738,-76.745482,106.680000,127.915090,16.333333,3.273248,0.478673,3.308063,188.319838,3.265097,0.477481,3.299825,1.633752,-2.876479,-8.414919,,18.685766,1012.165482,1.208246,9.998776,280000.000000,VFR,barnes,envelope,False
2026-04-29T18:17:01Z,34.807660,-76.743806,106.680000,127.915090,16.527778,3.278479,0.473550,3.312503,188.219065,3.229866,0.466528,3.263385,1.641009,-2.877458,-8.417741,,18.685708,1012.165246,1.208246,9.998780,280000.000000,VFR,barnes,envelope,False
2026-04-29T18:17:11Z,34.806583,-76.742129,106.680000,127.915090,16.722222,3.283703,0.468433,3.316947,188.118688,3.195127,0.455797,3.227474,1.648255,-2.878435,-8.420558,,18.685649,1012.165008,1.208246,9.998785,280000.000000,VFR,barnes,envelope,False
2026-04-29T18:17:21Z,34.805506,-76.740452,106.680000,127.915090,16.916667,3.288920,0.463323,3.321395,188.018706,3.203320,0.451264,3.234950,1.655493,-2.879411,-8.423371,,18.685590,1012.164771,1.208246,9.998790,280000.000000,VFR,barnes,envelope,False
2026-04-29T18:17:31Z,34.804428,-76.738776,106.680000,127.915090,17.111111,3.294130,0.458219,3.325847,187.919117,3.240562,0.450767,3.271763,1.662721,-2.880385,-8.426179,,18.685530,1012.164532,1.208246,9.998794,280000.000000,VFR,barnes,envelope,False
2026-04-29T18:17:41Z,34.803351,-76.737099,106.680000,127.915090,17.305556,3.299333,0.453121,3.330303,187.819920,3.230634,0.443686,3.260959,1.669940,-2.881357,-8.428983,,18.685470,1012.164293,1.208246,9.998799,280000.000000,VFR,barnes,envelope,False
2026-04-29T18:17:51Z,34.802273,-76.735422,106.680000,127.915090,17.500000,3.304529,0.448030,3.334763,187.721114,3.185153,0.431845,3.214294,1.677149,-2.882328,-8.431782,,18.685409,1012.164054,1.208246,9.998803,280000.000000,VFR,barnes,envelope,False
2026-04-29T18:18:01Z,34.801196,-76.733746,106.680000,127.915090,17.694444,3.309718,0.442945,3.339226,187.622696,3.236566,0.433155,3.265423,1.684349,-2.883297,-8.434576,,18.685349,1012.163813,1.208246,9.998808,280000.000000,VFR,barnes,envelope,False
2026-04-29T18:18:11Z,34.800119,-76.732069,106.680000,127.915090,17.888889,3.314900,0.437866,3.343694,187.524660,3.240735,0.428070,3.268885,1.691540,-2.884264,-8.437365,,18.685288,1012.163572,1.208246,9.998812,280000.000000,VFR,barnes,envelope,False
2026-04-29T18:18:21Z,34.799041,-76.730392,106.680000,127.915090,18.083333,3.320074,0.432794,3.348164,187.427010,3.277022,0.427182,3.304747,1.698722,-2.885230,-8.440149,,18.685226,1012.163331,1.208246,9.998817,280000.000000,VFR,barnes,envelope,False
2026-04-29T18:18:31Z,34.797964,-76.728716,106.680000,127.915090,18.277778,3.325242,0.427728,3.352639,187.329745,3.270400,0.420674,3.297344,1.705894,-2.886194,-8.442928,,18.685164,1012.163089,1.208246,9.998821,280000.000000,VFR,barnes,envelope,False
2026-04-29T18:18:41Z,34.796886,-76.727039,106.680000,127.915090,18.472222,3.330403,0.422669,3.357117,187.232862,3.275585,0.415712,3.301859,1.713057,-2.887156,-8.445703,,18.685102,1012.162846,1.208246,9.998826,280000.000000,VFR,barnes,envelope,False
2026-04-29T18:18:51Z,34.795809,-76.725362,106.680000,127.915090,18.666667,3.335557,0.417615,3.361598,187.136361,3.251336,0.407071,3.276720,1.720210,-2.888117,-8.448473,,18.685039,1012.162602,1.208246,9.998830,280000.000000,VFR,barnes,envelope,False
2026-04-29T18:19:01Z,34.794732,-76.723686,106.680000,127.915090,18.861111,3.340703,0.412569,3.366083,187.040239,3.261203,0.402751,3.285978,1.727354,-2.889076,-8.451238,,18.684976,1012.162359,1.208246,9.998834,280000.000000,VFR,barnes,envelope,False
2026-04-29T18:19:11Z,34.793654,-76.722009,106.680000,127.915090,19.055556,3.345843,0.407528,3.370570,186.944496,3.293818,0.401191,3.318161,1.734489,-2.890033,-8.453998,,18.684913,1012.162114,1.208246,9.998839,280000.000000,VFR,barnes,envelope,False
2026-04-29T18:19:21Z,34.792577,-76.720332,106.680000,127.915090,19.250000,3.350976,0.402494,3.375061,186.849129,3.295908,0.395880,3.319598,1.741614,-2.890989,-8.456754,,18.684849,1012.161869,1.208246,9.998843,280000.000000,VFR,barnes,envelope,False
2026-04-29T18:19:31Z,34.791499,-76.718656,106.680000,127.915090,19.444444,3.356101,0.397466,3.379555,186.754137,3.279008,0.388336,3.301923,1.748730,-2.891943,-8.459504,,18.684785,1012.161623,1.208246,9.998848,280000.000000,VFR,barnes,envelope,False
2026-04-29T18:19:41Z,34.790422,-76.716979,106.680000,127.915090,19.638889,3.361220,0.392445,3.384052,186.659519,3.315661,0.387126,3.338184,1.755837,-2.892896,-8.462251,,18.684720,1012.161377,1.208246,9.998852,280000.000000,VFR,barnes,envelope,False
2026-04-29T18:19:51Z,34.789345,-76.715302,106.680000,127.915090,19.833333,3.366331,0.387430,3.388552,186.565273,3.304332,0.380295,3.326144,1.762934,-2.893847,-8.464992,,18.684655,1012.161130,1.208246,9.998856,280000.000000,VFR,barnes,envelope,False
2026-04-29T18:20:01Z,34.788267,-76.713626,106.680000,127.915090,20.027778,3.371054,0.382856,3.392725,186.479409,3.336673,0.378951,3.358123,1.769445,-2.894762,-8.467629,,17.941429,1012.160886,1.211330,9.998861,280000.000000,VFR,barnes,envelope,False
2026-04-29T18:20:11Z,34.787190,-76.711949,106.680000,127.915090,20.222222,3.372337,0.382190,3.393925,186.465790,3.322597,0.376553,3.343866,1.770760,-2.895365,-8.469368,,17.941818,1012.160668,1.211328,9.998865,280000.000000,VFR,barnes,envelope,False
2026-04-29T18:20:21Z,34.786112,-76.710272,106.680000,127.915090,20.416667,3.373618,0.381520,3.395122,186.452130,3.347674,0.378586,3.369013,1.772075,-2.895964,-8.471094,,17.942206,1012.160450,1.211327,9.998869,280000.000000,VFR,barnes,envelope,False
2026-04-29T18:20:31Z,34.785035,-76.708596,106.680000,127.915090,20.611111,3.374896,0.380847,3.396316,186.438429,3.343526,0.377307,3.364748,1.773391,-2.896558,-8.472809,,17.942594,1012.160231,1.211325,9.998873,280000.000000,VFR,barnes,envelope,False
2026-04-29T18:20:41Z,34.783958,-76.706919,106.680000,127.915090,20.805556,3.376171,0.380171,3.397508,186.424687,3.349005,0.377112,3.370171,1.774708,-2.897149,-8.474511,,17.942982,1012.160011,1.211323,9.998878,280000.000000,VFR,barnes,envelope,False
2026-04-29T18:20:51Z,34.782880,-76.705242,106.680000,127.915090,21.000000,3.377443,0.379492,3.398696,186.410903,3.386581,0.380518,3.407891,1.776026,-2.897735,-8.476201,,17.943369,1012.159791,1.211321,9.998882,280000.000000,VFR,barnes,envelope,False
2026-04-29T18:21:01Z,34.781803,-76.703566,106.680000,127.915090,21.194444,3.378713,0.378809,3.399882,186.397077,3.365367,0.377313,3.386452,1.777345,-2.898317,-8.477879,,17.943756,1012.159570,1.211319,9.998886,280000.000000,VFR,barnes,envelope,False
2026-04-29T18:21:11Z,34.780725,-76.701889,106.680000,127.915090,21.388889,3.379980,0.378123,3.401064,186.383209,3.338600,0.373493,3.359427,1.778665,-2.898895,-8.479544,,17.944143,1012.159348,1.211317,9.998890,280000.000000,VFR,barnes,envelope,False
2026-04-29T18:21:21Z,34.779648,-76.700212,106.680000,127.915090,21.583333,3.381244,0.377433,3.402244,186.369300,3.333957,0.372154,3.354664,1.779985,-2.899468,-8.481197,,17.944530,1012.159125,1.211315,9.998895,280000.000000,VFR,barnes,envelope,False
2026-04-29T18:21:31Z,34.778571,-76.698536,106.680000,127.915090,21.777778,3.382505,0.376740,3.403421,186.355348,3.292539,0.366719,3.312898,1.781307,-2.900038,-8.482838,,17.944916,1012.158902,1.211313,9.998899,280000.000000,VFR,barnes,envelope,False
2026-04-29T18:21:41Z,34.777493,-76.696859,106.680000,127.915090,21.972222,3.383764,0.376043,3.404595,186.341354,3.295834,0.366271,3.316124,1.782630,-2.900602,-8.484466,,17.945301,1012.158678,1.211312,9.998903,280000.000000,VFR,barnes,envelope,False
2026-04-29T18:21:51Z,34.776416,-76.695182,106.680000,127.915090,22.166667,3.385019,0.375343,3.405766,186.327318,3.278162,0.363495,3.298253,1.783954,-2.901163,-8.486082,,17.945687,1012.158453,1.211310,9.998907,280000.000000,VFR,barnes,envelope,False
2026-04-29T18:22:01Z,34.775338,-76.693506,106.680000,127.915090,22.361111,3.386272,0.374640,3.406934,186.313239,3.300860,0.365190,3.321000,1.785279,-2.901719,-8.487686,,17.946072,1012.158227,1.211308,9.998911,280000.000000,VFR,barnes,envelope,False
2026-04-29T18:22:11Z,34.774261,-76.691829,106.680000,127.915090,22.555556,3.387523,0.373933,3.408099,186.299117,3.293134,0.363514,3.313137,1.786605,-2.902271,-8.489277,,17.946456,1012.158001,1.211306,9.998915,280000.000000,VFR,barnes,envelope,False
2026-04-29T18:22:21Z,34.773184,-76.690152,106.680000,127.915090,22.750000,3.388770,0.373223,3.409261,186.284953,3.374801,0.371684,3.395207,1.787932,-2.902819,-8.490855,,17.946841,1012.157773,1.211304,9.998919,280000.000000,VFR,barnes,envelope,False
2026-04-29T18:22:31Z,34.772106,-76.688476,106.680000,127.915090,22.944444,3.390015,0.372509,3.410420,186.270746,3.370935,0.370413,3.391225,1.789259,-2.903362,-8.492421,,17.947225,1012.157545,1.211302,9.998923,280000.000000,VFR,barnes,envelope,False
2026-04-29T18:22:41Z,34.771029,-76.686799,106.680000,127.915090,23.138889,3.391256,0.371792,3.411576,186.256495,3.347575,0.367003,3.367633,1.790588,-2.903901,-8.493975,,17.947608,1012.157317,1.211300,9.998928,280000.000000,VFR,barnes,envelope,False
2026-04-29T18:22:51Z,34.769951,-76.685122,106.680000,127.915090,23.333333,3.392495,0.371071,3.412729,186.242201,3.376295,0.369299,3.396432,1.791918,-2.904436,-8.495516,,17.947992,1012.157087,1.211298,9.998932,280000.000000,VFR,barnes,envelope,False
2026-04-29T18:23:01Z,34.768874,-76.683446,106.680000,127.915090,23.527778,3.393731,0.370347,3.413879,186.227864,3.413367,0.372490,3.433632,1.793249,-2.904966,-8.497044,,17.948374,1012.156857,1.211297,9.998936,280000.000000,VFR,barnes,envelope,False
2026-04-29T18:23:11Z,34.767797,-76.681769,106.680000,127.915090,23.722222,3.394965,0.369620,3.415026,186.213483,3.421248,0.372481,3.441465,1.794581,-2.905492,-8.498559,,17.948757,1012.156626,1.211295,9.998940,280000.000000,VFR,barnes,envelope,False
2026-04-29T18:23:21Z,34.766719,-76.680092,106.680000,127.915090,23.916667,3.396195,0.368888,3.416170,186.199058,3.393933,0.368643,3.413895,1.795914,-2.906013,-8.500062,,17.949139,1012.156394,1.211293,9.998944,280000.000000,VFR,barnes,envelope,False
2026-04-29T18:23:31Z,34.765642,-76.678416,106.680000,127.915090,24.111111,3.397423,0.368154,3.417311,186.184590,3.427687,0.371433,3.447753,1.797248,-2.906530,-8.501552,,17.949521,1012.156161,1.211291,9.998948,280000.000000,VFR,barnes,envelope,False
2026-04-29T18:23:41Z,34.764564,-76.676739,106.680000,127.915090,24.305556,3.398647,0.367415,3.418450,186.170077,3.357168,0.362931,3.376729,1.798583,-2.907043,-8.503030,,17.949903,1012.155928,1.211289,9.998952,280000.000000,VFR,barnes,envelope,False
2026-04-29T18:23:51Z,34.763487,-76.675062,106.680000,127.915090,24.500000,3.399869,0.366674,3.419585,186.155520,3.403004,0.367012,3.422738,1.799919,-2.907551,-8.504494,,17.950284,1012.155694,1.211287,9.998956,280000.000000,VFR,barnes,envelope,False
2026-04-29T18:24:01Z,34.762410,-76.673386,106.680000,127.915090,24.694444,3.401088,0.365928,3.420717,186.140910,3.311361,0.356274,3.330472,1.801256,-2.908055,-8.505946,,17.950664,1012.155459,1.211285,9.998960,280000.000000,VFR,barnes,envelope,False
2026-04-29T18:24:11Z,34.761332,-76.671709,106.680000,127.915090,24.888889,3.402308,0.365174,3.421849,186.126171,3.288981,0.353010,3.307871,1.802601,-2.908553,-8.507383,,17.951045,1012.155222,1.211284,9.998963,280000.000000,VFR,barnes,envelope,False
2026-04-29T18:24:21Z,34.760255,-76.670032,106.680000,127.915090,25.083333,3.403524,0.364416,3.422978,186.111389,3.283920,0.351610,3.302689,1.803946,-2.909047,-8.508806,,17.951425,1012.154985,1.211282,9.998967,280000.000000,VFR,barnes,envelope,False
2026-04-29T18:24:31Z,34.759177,-76.668356,106.680000,127.915090,25.277778,3.404738,0.363655,3.424103,186.096563,3.254090,0.347564,3.272599,1.805292,-2.909537,-8.510218,,17.951804,1012.154747,1.211280,9.998971,280000.000000,VFR,barnes,envelope,False
2026-04-29T18:24:41Z,34.758100,-76.666679,106.680000,127.915090,25.472222,3.405948,0.362890,3.425226,186.081692,3.242529,0.345479,3.260882,1.806639,-2.910022,-8.511616,,17.952184,1012.154509,1.211278,9.998975,280000.000000,VFR,barnes,envelope,False
2026-04-29T18:24:51Z,34.757023,-76.665002,106.680000,127.915090,25.666667,3.407156,0.362122,3.426345,186.066777,3.200105,0.340116,3.218128,1.807987,-2.910502,-8.513001,,17.952563,1012.154269,1.211276,9.998979,280000.000000,VFR,barnes,envelope,False
2026-04-29T18:25:01Z,34.755945,-76.663326,106.680000,127.915090,25.861111,3.408142,0.361365,3.427247,186.052453,3.266753,0.346374,3.285064,1.809191,-2.910816,-8.513904,,17.952941,1012.154029,1.211274,9.998983,280000.000000,VFR,barnes,envelope,False
2026-04-29T18:25:11Z,34.754868,-76.661649,106.680000,127.915090,26.055556,3.407164,0.360741,3.426208,186.043801,3.299457,0.349337,3.317899,1.809082,-2.909661,-8.510575,,17.953319,1012.153785,1.211272,9.998987,280000.000000,VFR,barnes,envelope,False
2026-04-29T18:25:21Z,34.753790,-76.659972,106.680000,127.915090,26.250000,3.406187,0.360114,3.425170,186.035092,3.360467,0.355280,3.379195,1.808976,-2.908504,-8.507241,,17.953697,1012.153541,1.211270,9.998991,280000.000000,VFR,barnes,envelope,False
2026-04-29T18:25:31Z,34.752713,-76.658296,106.680000,127.915090,26.444444,3.405209,0.359484,3.424132,186.026326,3.368710,0.355631,3.387430,1.808872,-2.907346,-8.503902,,17.954074,1012.153297,1.211269,9.998994,280000.000000,VFR,barnes,envelope,False
2026-04-29T18:25:41Z,34.751636,-76.656619,106.680000,127.915090,26.638889,3.404231,0.358851,3.423093,186.017505,3.393543,0.357724,3.412346,1.808771,-2.906185,-8.500558,,17.954451,1012.153051,1.211267,9.998998,280000.000000,VFR,barnes,envelope,False
2026-04-29T18:25:51Z,34.750558,-76.654942,106.680000,127.915090,26.833333,3.403254,0.358214,3.422054,186.008626,3.469397,0.365176,3.488563,1.808672,-2.905023,-8.497208,,17.954828,1012.152804,1.211265,9.999002,280000.000000,VFR,barnes,envelope,False
2026-04-29T18:26:01Z,34.749481,-76.653266,106.680000,127.915090,27.027778,3.402276,0.357575,3.421015,185.999691,3.521217,0.370076,3.540610,1.808576,-2.903859,-8.493852,,17.955204,1012.152557,1.211263,9.999006,280000.000000,VFR,barnes,envelope,False
2026-04-29T18:26:11Z,34.748404,-76.651589,106.680000,127.915090,27.222222,3.401299,0.356933,3.419976,185.990698,3.537910,0.371269,3.557337,1.808482,-2.902693,-8.490492,,17.955580,1012.152309,1.211261,9.999010,280000.000000,VFR,barnes,envelope,False
2026-04-29T18:26:21Z,34.747326,-76.649912,106.680000,127.915090,27.416667,3.400321,0.356287,3.418936,185.981648,3.464018,0.362961,3.482982,1.808391,-2.901525,-8.487125,,17.955955,1012.152060,1.211259,9.999013,280000.000000,VFR,barnes,envelope,False
2026-04-29T18:26:31Z,34.746249,-76.648236,106.680000,127.915090,27.611111,3.399344,0.355638,3.417896,185.972540,3.475055,0.363559,3.494021,1.808302,-2.900355,-8.483753,,17.956331,1012.151811,1.211257,9.999017,280000.000000,VFR,barnes,envelope,False
2026-04-29T18:26:41Z,34.745171,-76.646559,106.680000,127.915090,27.805556,3.398366,0.354986,3.416856,185.963374,3.366988,0.351709,3.385308,1.808216,-2.899183,-8.480376,,17.956705,1012.151560,1.211256,9.999021,280000.000000,VFR,barnes,envelope,False
2026-04-29T18:26:51Z,34.744094,-76.644882,106.680000,127.915090,28.000000,3.397389,0.354331,3.415816,185.954150,3.295790,0.343735,3.313667,1.808132,-2.898010,-8.476993,,17.957080,1012.151309,1.211254,9.999025,280000.000000,VFR,barnes,envelope,False
2026-04-29T18:27:01Z,34.743017,-76.643206,106.680000,127.915090,28.194444,3.396411,0.353673,3.414776,185.944867,3.252792,0.338718,3.270380,1.808050,-2.896834,-8.473604,,17.957453,1012.151057,1.211252,9.999028,280000.000000,VFR,barnes,envelope,False
2026-04-29T18:27:11Z,34.741939,-76.641529,106.680000,127.915090,28.388889,3.395434,0.353012,3.413735,185.935525,3.236508,0.336489,3.253953,1.807971,-2.895657,-8.470209,,17.957827,1012.150804,1.211250,9.999032,280000.000000,VFR,barnes,envelope,False
2026-04-29T18:27:21Z,34.740862,-76.639852,106.680000,127.915090,28.583333,3.394456,0.352347,3.412694,185.926125,3.295011,0.342025,3.312715,1.807895,-2.894477,-8.466809,,17.958200,1012.150550,1.211248,9.999036,280000.000000,VFR,barnes,envelope,False
2026-04-29T18:27:31Z,34.739784,-76.638176,106.680000,127.915090,28.777778,3.393479,0.351680,3.411653,185.916665,3.269238,0.338804,3.286747,1.807821,-2.893296,-8.463403,,17.958573,1012.150295,1.211246,9.999039,280000.000000,VFR,barnes,envelope,False
2026-04-29T18:27:41Z,34.738707,-76.636499,106.680000,127.915090,28.972222,3.392501,0.351009,3.410612,185.907145,3.254348,0.336714,3.271721,1.807750,-2.892112,-8.459991,,17.958945,1012.150040,1.211244,9.999043,280000.000000,VFR,barnes,envelope,False
2026-04-29T18:27:51Z,34.737630,-76.634822,106.680000,127.915090,29.166667,3.391524,0.350334,3.409570,185.897566,3.278874,0.338698,3.296321,1.807681,-2.890926,-8.456573,,17.959317,1012.149784,1.211243,9.999047,280000.000000,VFR,barnes,envelope,False
2026-04-29T18:28:01Z,34.736552,-76.633146,106.680000,127.915090,29.361111,3.390546,0.349657,3.408528,185.887927,3.316575,0.342028,3.334164,1.807615,-2.889739,-8.453150,,17.959688,1012.149526,1.211241,9.999050,280000.000000,VFR,barnes,envelope,False
2026-04-29T18:28:11Z,34.735475,-76.631469,106.680000,127.915090,29.555556,3.389568,0.348976,3.407486,185.878228,3.320817,0.341898,3.338371,1.807551,-2.888549,-8.449720,,17.960060,1012.149268,1.211239,9.999054,280000.000000,VFR,barnes,envelope,False
2026-04-29T18:28:21Z,34.734397,-76.629792,106.680000,127.915090,29.750000,3.388591,0.348292,3.406443,185.868468,3.372656,0.346654,3.390425,1.807490,-2.887358,-8.446284,,17.960430,1012.149010,1.211237,9.999057,280000.000000,VFR,barnes,envelope,False
2026-04-29T18:28:31Z,34.733320,-76.628116,106.680000,127.915090,29.944444,3.387613,0.347605,3.405400,185.858647,3.301974,0.338817,3.319312,1.807431,-2.886164,-8.442843,,17.960800,1012.148750,1.211235,9.999061,280000.000000,VFR,barnes,envelope,False
2026-04-29T18:28:41Z,34.732243,-76.626439,106.680000,127.915090,30.138889,3.386635,0.346914,3.404357,185.848765,3.327636,0.340871,3.345049,1.807375,-2.884968,-8.439395,,17.961170,1012.148490,1.211233,9.999065,280000.000000,VFR,barnes,envelope,False
2026-04-29T18:28:51Z,34.731165,-76.624762,106.680000,127.915090,30.333333,3.385657,0.346220,3.403313,185.838822,3.296502,0.337103,3.313694,1.807322,-2.883770,-8.435941,,17.961540,1012.148228,1.211231,9.999068,280000.000000,VFR,barnes,envelope,False
2026-04-29T18:29:01Z,34.730088,-76.623086,106.680000,127.915090,30.527778,3.384679,0.345523,3.402269,185.828817,3.408884,0.347994,3.426601,1.807271,-2.882570,-8.432481,,17.961909,1012.147966,1.211230,9.999072,280000.000000,VFR,barnes,envelope,False
2026-04-29T18:29:11Z,34.729010,-76.621409,106.680000,127.915090,30.722222,3.383701,0.344823,3.401225,185.818750,3.395594,0.346035,3.413180,1.807222,-2.881368,-8.429015,,17.962277,1012.147703,1.211228,9.999075,280000.000000,VFR,barnes,envelope,False
2026-04-29T18:29:21Z,34.727933,-76.619732,106.680000,127.915090,30.916667,3.382723,0.344119,3.400181,185.808621,3.327417,0.338492,3.344590,1.807176,-2.880164,-8.425542,,17.962646,1012.147439,1.211226,9.999079,280000.000000,VFR,barnes,envelope,False
2026-04-29T18:29:31Z,34.726856,-76.618055,106.680000,127.915090,31.111111,3.381744,0.343411,3.399136,185.798430,3.352526,0.340444,3.369768,1.807133,-2.878957,-8.422064,,17.963014,1012.147175,1.211224,9.999082,280000.000000,VFR,barnes,envelope,False
2026-04-29T18:29:41Z,34.725778,-76.616379,106.680000,127.915090,31.305556,3.380766,0.342701,3.398091,185.788176,3.378097,0.342430,3.395408,1.807093,-2.877749,-8.418579,,17.963381,1012.146909,1.211222,9.999086,280000.000000,VFR,barnes,envelope,False
2026-04-29T18:29:51Z,34.724701,-76.614702,106.680000,127.915090,31.500000,3.379787,0.341987,3.397045,185.777859,3.376229,0.341627,3.393469,1.807055,-2.876538,-8.415087,,17.963748,1012.146643,1.211220,9.999089,280000.000000,VFR,barnes,envelope,False
2026-04-29T18:30:01Z,34.723623,-76.613025,106.680000,127.915090,31.694444,3.378748,0.340803,3.395892,185.759746,3.380096,0.340939,3.397247,1.807350,-2.874991,-8.410626,,17.964128,1012.146391,1.211219,9.999093,280000.000000,VFR,barnes,envelope,False
2026-04-29T18:30:11Z,34.722546,-76.611349,106.680000,127.915090,31.888889,3.377168,0.335421,3.393784,185.672021,3.399171,0.337606,3.415896,1.810625,-2.870437,-8.397493,,17.964634,1012.146279,1.211216,9.999096,280000.000000,VFR,barnes,envelope,False
2026-04-29T18:30:21Z,34.721469,-76.609672,106.680000,127.915090,32.083333,3.375589,0.330046,3.391685,185.584315,3.393941,0.331841,3.410126,1.813895,-2.865888,-8.384377,,17.965138,1012.146166,1.211214,9.999100,280000.000000,VFR,barnes,envelope,False
2026-04-29T18:30:31Z,34.720391,-76.607995,106.680000,127.915090,32.277778,3.374011,0.324680,3.389597,185.496627,3.414792,0.328604,3.430566,1.817159,-2.861346,-8.371275,,17.965643,1012.146052,1.211212,9.999103,280000.000000,VFR,barnes,envelope,False
2026-04-29T18:30:41Z,34.719314,-76.606319,106.680000,127.915090,32.472222,3.372434,0.319321,3.387518,185.408959,3.406760,0.322571,3.421998,1.820418,-2.856809,-8.358189,,17.966147,1012.145939,1.211210,9.999106,280000.000000,VFR,barnes,envelope,False
2026-04-29T18:30:51Z,34.718236,-76.604642,106.680000,127.915090,32.666667,3.370858,0.313970,3.385449,185.321311,3.399526,0.316640,3.414240,1.823671,-2.852277,-8.345119,,17.966650,1012.145824,1.211207,9.999110,280000.000000,VFR,barnes,envelope,False
2026-04-29T18:31:01Z,34.717159,-76.602965,106.680000,127.915090,32.861111,3.369284,0.308626,3.383389,185.233685,3.453272,0.316320,3.467729,1.826919,-2.847752,-8.332064,,17.967154,1012.145710,1.211205,9.999113,280000.000000,VFR,barnes,envelope,False
2026-04-29T18:31:11Z,34.716082,-76.601289,106.680000,127.915090,33.055556,3.367711,0.303290,3.381340,185.146081,3.424933,0.308444,3.438794,1.830162,-2.843232,-8.319025,,17.967656,1012.145595,1.211203,9.999117,280000.000000,VFR,barnes,envelope,False
2026-04-29T18:31:21Z,34.715004,-76.599612,106.680000,127.915090,33.250000,3.366139,0.297962,3.379301,185.058499,3.462403,0.306483,3.475941,1.833400,-2.838718,-8.306002,,17.968159,1012.145479,1.211201,9.999120,280000.000000,VFR,barnes,envelope,False
2026-04-29T18:31:31Z,34.713927,-76.597935,106.680000,127.915090,33.444444,3.364568,0.292642,3.377271,184.970941,3.444313,0.299578,3.457317,1.836632,-2.834209,-8.292994,,17.968660,1012.145364,1.211198,9.999123,280000.000000,VFR,barnes,envelope,False
2026-04-29T18:31:41Z,34.712849,-76.596259,106.680000,127.915090,33.638889,3.362999,0.287330,3.375251,184.883406,3.430494,0.293096,3.442992,1.839859,-2.829707,-8.280002,,17.969162,1012.145247,1.211196,9.999127,280000.000000,VFR,barnes,envelope,False
2026-04-29T18:31:51Z,34.711772,-76.594582,106.680000,127.915090,33.833333,3.361431,0.282025,3.373241,184.795896,3.459914,0.290288,3.472071,1.843080,-2.825210,-8.267026,,17.969663,1012.145131,1.211194,9.999130,280000.000000,VFR,barnes,envelope,False
2026-04-29T18:32:01Z,34.710695,-76.592905,106.680000,127.915090,34.027778,3.359864,0.276728,3.371241,184.708412,3.480140,0.286634,3.491924,1.846296,-2.820719,-8.254065,,17.970163,1012.145013,1.211192,9.999133,280000.000000,VFR,barnes,envelope,False
2026-04-29T18:32:11Z,34.709617,-76.591229,106.680000,127.915090,34.222222,3.358299,0.271438,3.369250,184.620954,3.517620,0.284316,3.529092,1.849507,-2.816234,-8.241121,,17.970663,1012.144896,1.211190,9.999136,280000.000000,VFR,barnes,envelope,False
2026-04-29T18:32:21Z,34.708540,-76.589552,106.680000,127.915090,34.416667,3.356734,0.266157,3.367270,184.533524,3.564543,0.282634,3.575730,1.852713,-2.811754,-8.228192,,17.971163,1012.144778,1.211187,9.999140,280000.000000,VFR,barnes,envelope,False
2026-04-29T18:32:31Z,34.707462,-76.587875,106.680000,127.915090,34.611111,3.355171,0.260883,3.365299,184.446120,3.541915,0.275404,3.552606,1.855913,-2.807280,-8.215279,,17.971662,1012.144659,1.211185,9.999143,280000.000000,VFR,barnes,envelope,False
2026-04-29T18:32:41Z,34.706385,-76.586199,106.680000,127.915090,34.805556,3.353610,0.255617,3.363338,184.358745,3.447506,0.262774,3.457506,1.859108,-2.802813,-8.202383,,17.972161,1012.144540,1.211183,9.999146,280000.000000,VFR,barnes,envelope,False
2026-04-29T18:32:51Z,34.705308,-76.584522,106.680000,127.915090,35.000000,3.352050,0.250359,3.361386,184.271400,3.378237,0.252315,3.387647,1.862297,-2.798351,-8.189502,,17.972659,1012.144421,1.211181,9.999150,280000.000000,VFR,barnes,envelope,False
2026-04-29T18:33:01Z,34.704230,-76.582845,106.680000,127.915090,35.194444,3.350491,0.245109,3.359444,184.184084,3.372366,0.246709,3.381378,1.865481,-2.793894,-8.176637,,17.973157,1012.144301,1.211178,9.999153,280000.000000,VFR,barnes,envelope,False
2026-04-29T18:33:11Z,34.703153,-76.581169,106.680000,127.915090,35.388889,3.348933,0.239866,3.357512,184.096799,3.417199,0.244756,3.425953,1.868660,-2.789444,-8.163788,,17.973654,1012.144181,1.211176,9.999156,280000.000000,VFR,barnes,envelope,False
2026-04-29T18:33:21Z,34.702075,-76.579492,106.680000,127.915090,35.583333,3.347377,0.234632,3.355590,184.009545,3.395198,0.237984,3.403529,1.871833,-2.785000,-8.150956,,17.974151,1012.144060,1.211174,9.999159,280000.000000,VFR,barnes,envelope,False
2026-04-29T18:33:31Z,34.700998,-76.577815,106.680000,127.915090,35.777778,3.345822,0.229405,3.353677,183.922323,3.363564,0.230621,3.371461,1.875001,-2.780561,-8.138140,,17.974648,1012.143939,1.211172,9.999162,280000.000000,VFR,barnes,envelope,False
2026-04-29T18:33:41Z,34.699921,-76.576139,106.680000,127.915090,35.972222,3.344268,0.224186,3.351774,183.835134,3.381297,0.226668,3.388886,1.878164,-2.776128,-8.125339,,17.975144,1012.143817,1.211170,9.999166,280000.000000,VFR,barnes,envelope,False
2026-04-29T18:33:51Z,34.698843,-76.574462,106.680000,127.915090,36.166667,3.342716,0.218975,3.349881,183.747979,3.429792,0.224679,3.437144,1.881322,-2.771702,-8.112556,,17.975639,1012.143695,1.211167,9.999169,280000.000000,VFR,barnes,envelope,False
2026-04-29T18:34:01Z,34.697766,-76.572785,106.680000,127.915090,36.361111,3.341165,0.213771,3.347997,183.660858,3.389920,0.216891,3.396851,1.884474,-2.767281,-8.099788,,17.976134,1012.143573,1.211165,9.999172,280000.000000,VFR,barnes,envelope,False
2026-04-29T18:34:11Z,34.696689,-76.571109,106.680000,127.915090,36.555556,3.339616,0.208576,3.346123,183.573771,3.301788,0.206213,3.308221,1.887620,-2.762866,-8.087037,,17.976629,1012.143450,1.211163,9.999175,280000.000000,VFR,barnes,envelope,False
2026-04-29T18:34:21Z,34.695611,-76.569432,106.680000,127.915090,36.750000,3.338068,0.203388,3.344258,183.486721,3.320717,0.202331,3.326875,1.890762,-2.758457,-8.074302,,17.977123,1012.143326,1.211161,9.999178,280000.000000,VFR,barnes,envelope,False
2026-04-29T18:34:31Z,34.694534,-76.567755,106.680000,127.915090,36.944444,3.336521,0.198209,3.342404,183.399707,3.365107,0.199907,3.371040,1.893898,-2.754054,-8.061583,,17.977617,1012.143202,1.211159,9.999181,280000.000000,VFR,barnes,envelope,False
2026-04-29T18:34:41Z,34.693456,-76.566079,106.680000,127.915090,37.138889,3.334976,0.193037,3.340558,183.312731,3.303563,0.191219,3.309092,1.897028,-2.749657,-8.048881,,17.978110,1012.143078,1.211156,9.999185,280000.000000,VFR,barnes,envelope,False
2026-04-29T18:34:51Z,34.692379,-76.564402,106.680000,127.915090,37.333333,3.333432,0.187873,3.338723,183.225792,3.286119,0.185207,3.291334,1.900154,-2.745266,-8.036195,,17.978602,1012.142953,1.211154,9.999188,280000.000000,VFR,barnes,envelope,False
2026-04-29T18:35:01Z,34.691302,-76.562725,106.680000,127.915090,37.527778,3.331869,0.183262,3.336905,183.148253,3.247018,0.178595,3.251926,1.902830,-2.741198,-8.024444,,17.979094,1012.142643,1.211152,9.999191,280000.000000,VFR,barnes,envelope,False
2026-04-29T18:35:11Z,34.690224,-76.561049,106.680000,127.915090,37.722222,3.330115,0.183557,3.335171,183.154972,3.248960,0.179084,3.253892,1.901520,-2.739997,-8.020973,,17.979586,1012.140665,1.211147,9.999194,280000.000000,VFR,barnes,envelope,False
2026-04-29T18:35:21Z,34.689147,-76.559372,106.680000,127.915090,37.916667,3.328371,0.183852,3.333445,183.161687,3.307800,0.182716,3.312843,1.900215,-2.738802,-8.017520,,17.980077,1012.138688,1.211143,9.999197,280000.000000,VFR,barnes,envelope,False
2026-04-29T18:35:31Z,34.688069,-76.557695,106.680000,127.915090,38.111111,3.326635,0.184147,3.331728,183.168398,3.250839,0.179952,3.255816,1.898916,-2.737614,-8.014087,,17.980568,1012.136710,1.211139,9.999200,280000.000000,VFR,barnes,envelope,False
2026-04-29T18:35:41Z,34.686992,-76.556019,106.680000,127.915090,38.305556,3.324908,0.184442,3.330019,183.175105,3.299325,0.183023,3.304397,1.897622,-2.736432,-8.010672,,17.981058,1012.134733,1.211134,9.999203,280000.000000,VFR,barnes,envelope,False
2026-04-29T18:35:51Z,34.685915,-76.554342,106.680000,127.915090,38.500000,3.323189,0.184737,3.328319,183.181808,3.355887,0.186554,3.361069,1.896333,-2.735257,-8.007277,,17.981548,1012.132755,1.211130,9.999206,280000.000000,VFR,barnes,envelope,False
2026-04-29T18:36:01Z,34.684837,-76.552665,106.680000,127.915090,38.694444,3.321478,0.185031,3.326628,183.188511,3.358301,0.187083,3.363507,1.895050,-2.734088,-8.003901,,17.982037,1012.130777,1.211125,9.999209,280000.000000,VFR,barnes,envelope,False
2026-04-29T18:36:11Z,34.683760,-76.550989,106.680000,127.915090,38.888889,3.319773,0.185328,3.324942,183.195247,3.391570,0.189336,3.396850,1.893768,-2.732926,-8.000542,,17.982526,1012.128800,1.211121,9.999212,280000.000000,VFR,barnes,envelope,False
2026-04-29T18:36:21Z,34.682682,-76.549312,106.680000,127.915090,39.083333,3.318078,0.185624,3.323266,183.201979,3.434458,0.192135,3.439829,1.892492,-2.731770,-7.997202,,17.983014,1012.126822,1.211117,9.999215,280000.000000,VFR,barnes,envelope,False
2026-04-29T18:36:31Z,34.681605,-76.547635,106.680000,127.915090,39.277778,3.316390,0.185921,3.321598,183.208706,3.460833,0.194018,3.466267,1.891222,-2.730621,-7.993881,,17.983501,1012.124844,1.211112,9.999218,280000.000000,VFR,barnes,envelope,False
2026-04-29T18:36:41Z,34.680528,-76.545959,106.680000,127.915090,39.472222,3.314711,0.186217,3.319938,183.215430,3.350034,0.188201,3.355316,1.889956,-2.729478,-7.990580,,17.983989,1012.122866,1.211108,9.999221,280000.000000,VFR,barnes,envelope,False
2026-04-29T18:36:51Z,34.679450,-76.544282,106.680000,127.915090,39.666667,3.313041,0.186513,3.318287,183.222150,3.280983,0.184708,3.286178,1.888697,-2.728343,-7.987298,,17.984475,1012.120888,1.211103,9.999224,280000.000000,VFR,barnes,envelope,False
2026-04-29T18:37:01Z,34.678373,-76.542605,106.680000,127.915090,39.861111,3.311379,0.186808,3.316645,183.228866,3.360855,0.189600,3.366199,1.887442,-2.727214,-7.984035,,17.984961,1012.118909,1.211099,9.999227,280000.000000,VFR,barnes,envelope,False
2026-04-29T18:37:11Z,34.677295,-76.540929,106.680000,127.915090,40.055556,3.309726,0.187104,3.315011,183.235579,3.367736,0.190384,3.373113,1.886193,-2.726091,-7.980791,,17.985447,1012.116931,1.211095,9.999230,280000.000000,VFR,barnes,envelope,False
2026-04-29T18:37:21Z,34.676218,-76.539252,106.680000,127.915090,40.250000,3.308082,0.187400,3.313386,183.242288,3.419827,0.193730,3.425310,1.884949,-2.724975,-7.977567,,17.985932,1012.114953,1.211090,9.999233,280000.000000,VFR,barnes,envelope,False
2026-04-29T18:37:31Z,34.675141,-76.537575,106.680000,127.915090,40.444444,3.306446,0.187695,3.311769,183.248993,3.354027,0.190396,3.359426,1.883711,-2.723866,-7.974362,,17.986416,1012.112974,1.211086,9.999236,280000.000000,VFR,barnes,envelope,False
2026-04-29T18:37:41Z,34.674063,-76.535899,106.680000,127.915090,40.638889,3.304818,0.187991,3.310161,183.255695,3.312740,0.188441,3.318096,1.882478,-2.722764,-7.971176,,17.986900,1012.110996,1.211081,9.999239,280000.000000,VFR,barnes,envelope,False
2026-04-29T18:37:51Z,34.672986,-76.534222,106.680000,127.915090,40.833333,3.303200,0.188286,3.308562,183.262394,3.322426,0.189382,3.327820,1.881250,-2.721668,-7.968010,,17.987384,1012.109017,1.211077,9.999242,280000.000000,VFR,barnes,envelope,False
2026-04-29T18:38:01Z,34.671908,-76.532545,106.680000,127.915090,41.027778,3.301589,0.188581,3.306971,183.269089,3.193622,0.182414,3.198827,1.880028,-2.720579,-7.964863,,17.987867,1012.107039,1.211073,9.999245,280000.000000,VFR,barnes,envelope,False
2026-04-29T18:38:11Z,34.670831,-76.530869,106.680000,127.915090,41.222222,3.299988,0.188877,3.305389,183.275781,3.239532,0.185416,3.244834,1.878810,-2.719497,-7.961735,,17.988349,1012.105060,1.211068,9.999248,280000.000000,VFR,barnes,envelope,False
2026-04-29T18:38:21Z,34.669754,-76.529192,106.680000,127.915090,41.416667,3.298395,0.189172,3.303815,183.282470,3.324441,0.190666,3.329904,1.877599,-2.718422,-7.958627,,17.988831,1012.103081,1.211064,9.999250,280000.000000,VFR,barnes,envelope,False
2026-04-29T18:38:31Z,34.668676,-76.527515,106.680000,127.915090,41.611111,3.296810,0.189467,3.302250,183.289155,3.449640,0.198250,3.455332,1.876392,-2.717353,-7.955538,,17.989313,1012.101102,1.211060,9.999253,280000.000000,VFR,barnes,envelope,False
2026-04-29T18:38:41Z,34.667599,-76.525839,106.680000,127.915090,41.805556,3.295234,0.189762,3.300694,183.295838,3.458526,0.199165,3.464256,1.875191,-2.716291,-7.952468,,17.989793,1012.099123,1.211055,9.999256,280000.000000,VFR,barnes,envelope,False
2026-04-29T18:38:51Z,34.666521,-76.524162,106.680000,127.915090,42.000000,3.293667,0.190057,3.299146,183.302517,3.452665,0.199232,3.458409,1.873995,-2.715236,-7.949418,,17.990274,1012.097144,1.211051,9.999259,280000.000000,VFR,barnes,envelope,False
2026-04-29T18:39:01Z,34.665444,-76.522485,106.680000,127.915090,42.194444,3.292108,0.190352,3.297607,183.309194,3.417307,0.197591,3.423015,1.872805,-2.714187,-7.946388,,17.990753,1012.095165,1.211046,9.999262,280000.000000,VFR,barnes,envelope,False
2026-04-29T18:39:11Z,34.664367,-76.520809,106.680000,127.915090,42.388889,3.290558,0.190647,3.296076,183.315867,3.251570,0.188388,3.257022,1.871619,-2.713145,-7.943377,,17.991233,1012.093186,1.211042,9.999265,280000.000000,VFR,barnes,envelope,False
2026-04-29T18:39:21Z,34.663289,-76.519132,106.680000,127.915090,42.583333,3.289016,0.190942,3.294554,183.322538,3.239892,0.188090,3.245347,1.870439,-2.712110,-7.940385,,17.991711,1012.091207,1.211038,9.999268,280000.000000,VFR,barnes,envelope,False
2026-04-29T18:39:31Z,34.662212,-76.517455,106.680000,127.915090,42.777778,3.287483,0.191237,3.293041,183.329207,3.170018,0.184403,3.175377,1.869265,-2.711082,-7.937413,,17.992189,1012.089228,1.211033,9.999270,280000.000000,VFR,barnes,envelope,False
2026-04-29T18:39:41Z,34.661134,-76.515779,106.680000,127.915090,42.972222,3.285959,0.191531,3.291536,183.335872,3.370766,0.196475,3.376487,1.868095,-2.710061,-7.934461,,17.992667,1012.087249,1.211029,9.999273,280000.000000,VFR,barnes,envelope,False
2026-04-29T18:39:51Z,34.660057,-76.514102,106.680000,127.915090,43.166667,3.284443,0.191826,3.290040,183.342535,3.474900,0.202950,3.480822,1.866931,-2.709046,-7.931528,,17.993144,1012.085270,1.211025,9.999276,280000.000000,VFR,barnes,envelope,False
2026-04-29T18:40:01Z,34.658980,-76.512425,106.680000,127.915090,43.361111,3.283137,0.192555,3.288779,183.356533,3.412728,0.200155,3.418593,1.865554,-2.708464,-7.929844,,18.674855,1012.083158,1.208193,9.999279,280000.000000,VFR,barnes,envelope,False
2026-04-29T18:40:11Z,34.657902,-76.510749,106.680000,127.915090,43.555556,3.283648,0.197189,3.289564,183.436584,3.346398,0.200957,3.352427,1.862212,-2.711715,-7.939241,,18.674757,1012.079862,1.208190,9.999281,280000.000000,VFR,barnes,envelope,False
2026-04-29T18:40:21Z,34.656825,-76.509072,106.680000,127.915090,43.750000,3.284159,0.201827,3.290355,183.516677,3.375121,0.207417,3.381489,1.858867,-2.714968,-7.948643,,18.674659,1012.076570,1.208186,9.999284,280000.000000,VFR,barnes,envelope,False
2026-04-29T18:40:31Z,34.655747,-76.507395,106.680000,127.915090,43.944444,3.284669,0.206470,3.291151,183.596812,3.388854,0.213019,3.395542,1.855517,-2.718223,-7.958052,,18.674561,1012.073282,1.208183,9.999287,280000.000000,VFR,barnes,envelope,False
2026-04-29T18:40:41Z,34.654670,-76.505719,106.680000,127.915090,44.138889,3.285177,0.211118,3.291954,183.676987,3.305482,0.212423,3.312301,1.852163,-2.721480,-7.967465,,18.674461,1012.069998,1.208179,9.999290,280000.000000,VFR,barnes,envelope,False
2026-04-29T18:40:51Z,34.653593,-76.504042,106.680000,127.915090,44.333333,3.285685,0.215770,3.292762,183.757203,3.285437,0.215754,3.292514,1.848805,-2.724739,-7.976885,,18.674362,1012.066718,1.208176,9.999292,280000.000000,VFR,barnes,envelope,False
2026-04-29T18:41:01Z,34.652515,-76.502365,106.680000,127.915090,44.527778,3.286192,0.220427,3.293577,183.837458,3.376379,0.226476,3.383966,1.845443,-2.728001,-7.986310,,18.674262,1012.063443,1.208172,9.999295,280000.000000,VFR,barnes,envelope,False
2026-04-29T18:41:11Z,34.651438,-76.500689,106.680000,127.915090,44.722222,3.286698,0.225088,3.294397,183.917752,3.375857,0.231194,3.383764,1.842076,-2.731264,-7.995741,,18.674161,1012.060171,1.208169,9.999298,280000.000000,VFR,barnes,envelope,False
2026-04-29T18:41:21Z,34.650360,-76.499012,106.680000,127.915090,44.916667,3.287204,0.229753,3.295223,183.998085,3.274497,0.228865,3.282485,1.838706,-2.734530,-8.005177,,18.674060,1012.056904,1.208165,9.999301,280000.000000,VFR,barnes,envelope,False
2026-04-29T18:41:31Z,34.649283,-76.497335,106.680000,127.915090,45.111111,3.287708,0.234423,3.296055,184.078455,3.309480,0.235976,3.317882,1.835332,-2.737797,-8.014618,,18.673959,1012.053641,1.208162,9.999303,280000.000000,VFR,barnes,envelope,False
2026-04-29T18:41:41Z,34.648206,-76.495659,106.680000,127.915090,45.305556,3.288211,0.239098,3.296893,184.158863,3.307455,0.240497,3.316187,1.831953,-2.741067,-8.024065,,18.673857,1012.050382,1.208158,9.999306,280000.000000,VFR,barnes,envelope,False
2026-04-29T18:41:51Z,34.647128,-76.493982,106.680000,127.915090,45.500000,3.288714,0.243777,3.297736,184.239307,3.294651,0.244217,3.303690,1.828571,-2.744339,-8.033517,,18.673754,1012.047127,1.208155,9.999309,280000.000000,VFR,barnes,envelope,False
2026-04-29T18:42:01Z,34.646051,-76.492305,106.680000,127.915090,45.694444,3.289215,0.248460,3.298586,184.319788,3.321857,0.250925,3.331321,1.825184,-2.747612,-8.042974,,18.673651,1012.043876,1.208151,9.999311,280000.000000,VFR,barnes,envelope,False
2026-04-29T18:42:11Z,34.644974,-76.490629,106.680000,127.915090,45.888889,3.289716,0.253147,3.299442,184.400304,3.339005,0.256940,3.348876,1.821794,-2.750888,-8.052436,,18.673548,1012.040629,1.208148,9.999314,280000.000000,VFR,barnes,envelope,False
2026-04-29T18:42:21Z,34.643896,-76.488952,106.680000,127.915090,46.083333,3.290216,0.257839,3.300303,184.480855,3.341316,0.261844,3.351560,1.818399,-2.754165,-8.061904,,18.673444,1012.037387,1.208144,9.999316,280000.000000,VFR,barnes,envelope,False
2026-04-29T18:42:31Z,34.642819,-76.487275,106.680000,127.915090,46.277778,3.290714,0.262536,3.301170,184.561441,3.307661,0.263888,3.318171,1.815001,-2.757444,-8.071376,,18.673339,1012.034148,1.208141,9.999319,280000.000000,VFR,barnes,envelope,False
2026-04-29T18:42:41Z,34.641741,-76.485599,106.680000,127.915090,46.472222,3.291212,0.267236,3.302044,184.642060,3.237930,0.262910,3.248586,1.811598,-2.760725,-8.080854,,18.673234,1012.030914,1.208137,9.999322,280000.000000,VFR,barnes,envelope,False
2026-04-29T18:42:51Z,34.640664,-76.483922,106.680000,127.915090,46.666667,3.291709,0.271941,3.302923,184.722713,3.124453,0.258124,3.135098,1.808191,-2.764008,-8.090337,,18.673129,1012.027684,1.208134,9.999324,280000.000000,VFR,barnes,envelope,False
2026-04-29T18:43:01Z,34.639587,-76.482245,106.680000,127.915090,46.861111,3.292284,0.278306,3.304026,184.831882,3.162355,0.267323,3.173634,1.803524,-2.768373,-8.102942,,18.673023,1012.024669,1.208131,9.999327,280000.000000,VFR,barnes,envelope,False
2026-04-29T18:43:11Z,34.638509,-76.480569,106.680000,127.915090,47.055556,3.293570,0.299555,3.307165,185.196840,3.192132,0.290329,3.205308,1.787550,-2.782445,-8.143580,,18.672916,1012.023552,1.208130,9.999330,280000.000000,VFR,barnes,envelope,False
2026-04-29T18:43:21Z,34.637432,-76.478892,106.680000,127.915090,47.250000,3.294854,0.320783,3.310433,185.560729,3.229070,0.314379,3.244337,1.771592,-2.796503,-8.184168,,18.672809,1012.022437,1.208129,9.999332,280000.000000,VFR,barnes,envelope,False
2026-04-29T18:43:31Z,34.636354,-76.477215,106.680000,127.915090,47.444444,3.296136,0.341991,3.313830,185.923527,3.251815,0.337392,3.269271,1.755649,-2.810546,-8.224705,,18.672702,1012.021322,1.208128,9.999335,280000.000000,VFR,barnes,envelope,False
2026-04-29T18:43:41Z,34.635277,-76.475539,106.680000,127.915090,47.638889,3.297416,0.363176,3.317356,186.285207,3.290286,0.362391,3.310182,1.739721,-2.824574,-8.265191,,18.672594,1012.020208,1.208127,9.999337,280000.000000,VFR,barnes,envelope,False
2026-04-29T18:43:51Z,34.634200,-76.473862,106.680000,127.915090,47.833333,3.298693,0.384341,3.321008,186.645746,3.185626,0.371167,3.207176,1.723809,-2.838588,-8.305626,,18.672485,1012.019095,1.208126,9.999340,280000.000000,VFR,barnes,envelope,False
2026-04-29T18:44:01Z,34.633628,-76.472243,106.680000,41.012104,48.027778,3.299924,0.404878,3.324669,186.994831,3.129526,0.383971,3.152993,-2.755715,-1.859962,-5.464015,,18.672034,1012.017884,1.208127,9.999341,280000.000000,VFR,barnes,envelope,False
2026-04-29T18:44:11Z,34.634945,-76.470842,106.680000,41.012104,48.222222,3.300989,0.423132,3.327997,187.304535,3.236220,0.414830,3.262699,-2.768497,-1.846886,-5.425832,,18.670305,1012.016306,1.208132,9.999338,280000.000000,VFR,barnes,envelope,False
2026-04-29T18:44:21Z,34.636262,-76.469440,106.680000,41.012104,48.416667,3.302054,0.441373,3.331422,187.613382,3.258208,0.435512,3.287186,-2.781271,-1.833821,-5.387676,,18.668573,1012.014734,1.208137,9.999335,280000.000000,VFR,barnes,envelope,False
2026-04-29T18:44:31Z,34.637579,-76.468038,106.680000,41.012104,48.611111,3.303120,0.459601,3.334941,187.921354,3.334114,0.463913,3.366234,-2.794037,-1.820767,-5.349546,,18.666836,1012.013167,1.208143,9.999331,280000.000000,VFR,barnes,envelope,False
2026-04-29T18:44:41Z,34.638896,-76.466636,106.680000,41.012104,48.805556,3.304187,0.477814,3.338556,188.228433,3.324772,0.480791,3.359355,-2.806794,-1.807723,-5.311443,,18.665095,1012.011605,1.208148,9.999328,280000.000000,VFR,barnes,envelope,False
2026-04-29T18:44:51Z,34.640213,-76.465235,106.680000,41.012104,49.000000,3.305254,0.496014,3.342265,188.534602,3.304845,0.495953,3.341851,-2.819543,-1.794691,-5.273367,,18.663351,1012.010049,1.208153,9.999325,280000.000000,VFR,barnes,envelope,False
2026-04-29T18:45:01Z,34.641530,-76.463833,106.680000,41.012104,49.194444,3.306700,0.511006,3.345952,188.784801,3.208956,0.495901,3.247048,-2.830472,-1.784327,-5.243086,,17.995362,1012.008583,1.210924,9.999322,280000.000000,VFR,barnes,envelope,False
2026-04-29T18:45:11Z,34.642847,-76.462431,106.680000,41.012104,49.388889,3.311533,0.497238,3.348656,188.539370,3.187152,0.478562,3.222880,-2.825083,-1.797887,-5.282706,,17.994055,1012.007882,1.210928,9.999318,280000.000000,VFR,barnes,envelope,False
2026-04-29T18:45:21Z,34.644164,-76.461029,106.680000,41.012104,49.583333,3.316349,0.483465,3.351404,188.294278,3.203433,0.467004,3.237294,-2.819679,-1.811441,-5.322302,,17.992745,1012.007183,1.210933,9.999315,280000.000000,VFR,barnes,envelope,False
2026-04-29T18:45:31Z,34.645481,-76.459627,106.680000,41.012104,49.777778,3.321148,0.469685,3.354195,188.049531,3.152034,0.445768,3.183399,-2.814258,-1.824988,-5.361875,,17.991433,1012.006487,1.210938,9.999312,280000.000000,VFR,barnes,envelope,False
2026-04-29T18:45:41Z,34.646798,-76.458226,106.680000,41.012104,49.972222,3.325930,0.455899,3.357031,187.805134,3.160048,0.433161,3.189597,-2.808820,-1.838528,-5.401423,,17.990119,1012.005793,1.210942,9.999308,280000.000000,VFR,barnes,envelope,False
2026-04-29T18:45:51Z,34.648115,-76.456824,106.680000,41.012104,50.166667,3.330696,0.442108,3.359910,187.561093,3.052072,0.405124,3.078843,-2.803366,-1.852062,-5.440947,,17.988803,1012.005102,1.210947,9.999305,280000.000000,VFR,barnes,envelope,False
2026-04-29T18:46:01Z,34.649431,-76.455422,106.680000,41.012104,50.361111,3.335445,0.428311,3.362833,187.317414,3.123309,0.401070,3.148955,-2.797896,-1.865590,-5.480446,,17.987484,1012.004413,1.210951,9.999302,280000.000000,VFR,barnes,envelope,False
2026-04-29T18:46:11Z,34.650748,-76.454020,106.680000,41.012104,50.555556,3.340177,0.414508,3.365799,187.074103,3.251395,0.403490,3.276336,-2.792409,-1.879110,-5.519920,,17.986164,1012.003727,1.210956,9.999298,280000.000000,VFR,barnes,envelope,False
2026-04-29T18:46:21Z,34.652065,-76.452618,106.680000,41.012104,50.750000,3.344893,0.400700,3.368808,186.831164,3.286616,0.393718,3.310115,-2.786905,-1.892624,-5.559369,,17.984841,1012.003042,1.210961,9.999295,280000.000000,VFR,barnes,envelope,False
2026-04-29T18:46:31Z,34.653382,-76.451217,106.680000,41.012104,50.944444,3.349591,0.386886,3.371860,186.588604,3.286011,0.379542,3.307858,-2.781386,-1.906131,-5.598792,,17.983516,1012.002361,1.210965,9.999292,280000.000000,VFR,barnes,envelope,False
2026-04-29T18:46:41Z,34.654699,-76.449815,106.680000,41.012104,51.138889,3.354272,0.373067,3.374955,186.346428,3.282568,0.365092,3.302809,-2.775850,-1.919630,-5.638189,,17.982189,1012.001682,1.210970,9.999288,280000.000000,VFR,barnes,envelope,False
2026-04-29T18:46:51Z,34.656016,-76.448413,106.680000,41.012104,51.333333,3.358937,0.359242,3.378093,186.104641,3.408444,0.364537,3.427882,-2.770297,-1.933123,-5.677560,,17.980859,1012.001005,1.210975,9.999285,280000.000000,VFR,barnes,envelope,False
2026-04-29T18:47:01Z,34.657333,-76.447011,106.680000,41.012104,51.527778,3.363584,0.345412,3.381273,185.863248,3.443599,0.353629,3.461709,-2.764728,-1.946608,-5.716904,,17.979528,1012.000331,1.210980,9.999281,280000.000000,VFR,barnes,envelope,False
2026-04-29T18:47:11Z,34.658650,-76.445610,106.680000,41.012104,51.722222,3.368214,0.331577,3.384495,185.622255,3.407255,0.335421,3.423725,-2.759143,-1.960086,-5.756222,,17.978194,1011.999659,1.210984,9.999278,280000.000000,VFR,barnes,envelope,False
2026-04-29T18:47:21Z,34.659967,-76.444208,106.680000,41.012104,51.916667,3.372827,0.317737,3.387760,185.381667,3.489822,0.328759,3.505273,-2.753542,-1.973556,-5.795512,,17.976858,1011.998989,1.210989,9.999274,280000.000000,VFR,barnes,envelope,False
2026-04-29T18:47:31Z,34.661284,-76.442806,106.680000,41.012104,52.111111,3.377422,0.303892,3.391067,185.141488,3.499738,0.314898,3.513876,-2.747925,-1.987019,-5.834775,,17.975520,1011.998322,1.210994,9.999271,280000.000000,VFR,barnes,envelope,False
2026-04-29T18:47:41Z,34.662601,-76.441404,106.680000,41.012104,52.305556,3.382001,0.290042,3.394415,184.901725,3.404551,0.291976,3.417048,-2.742291,-2.000474,-5.874010,,17.974180,1011.997658,1.210999,9.999267,280000.000000,VFR,barnes,envelope,False
2026-04-29T18:47:51Z,34.663918,-76.440002,106.680000,41.012104,52.500000,3.386562,0.276188,3.397805,184.662381,3.433047,0.279979,3.444445,-2.736641,-2.013921,-5.913217,,17.972838,1011.996995,1.211003,9.999264,280000.000000,VFR,barnes,envelope,False
2026-04-29T18:48:01Z,34.665235,-76.438601,106.680000,41.012104,52.694444,3.391106,0.262328,3.401237,184.423462,3.406850,0.263546,3.417028,-2.730975,-2.027361,-5.952395,,17.971493,1011.996335,1.211008,9.999260,280000.000000,VFR,barnes,envelope,False
2026-04-29T18:48:11Z,34.666552,-76.437199,106.680000,41.012104,52.888889,3.395632,0.248464,3.404710,184.184972,3.360669,0.245906,3.369653,-2.725292,-2.040792,-5.991545,,17.970146,1011.995678,1.211013,9.999257,280000.000000,VFR,barnes,envelope,False
2026-04-29T18:48:21Z,34.667869,-76.435797,106.680000,41.012104,53.083333,3.400141,0.234596,3.408224,183.946917,3.495297,0.241161,3.503607,-2.719594,-2.054216,-6.030666,,17.968797,1011.995023,1.211018,9.999253,280000.000000,VFR,barnes,envelope,False
2026-04-29T18:48:31Z,34.669186,-76.434395,106.680000,41.012104,53.277778,3.404632,0.220723,3.411779,183.709301,3.571697,0.231554,3.579195,-2.713879,-2.067632,-6.069757,,17.967446,1011.994370,1.211023,9.999250,280000.000000,VFR,barnes,envelope,False
2026-04-29T18:48:41Z,34.670503,-76.432994,106.680000,41.012104,53.472222,3.409106,0.206845,3.415375,183.472128,3.440182,0.208731,3.446509,-2.708148,-2.081039,-6.108819,,17.966093,1011.993720,1.211028,9.999246,280000.000000,VFR,barnes,envelope,False
2026-04-29T18:48:51Z,34.671820,-76.431592,106.680000,41.012104,53.666667,3.413562,0.192964,3.419012,183.235403,3.371366,0.190578,3.376749,-2.702401,-2.094438,-6.147851,,17.964737,1011.993072,1.211032,9.999242,280000.000000,VFR,barnes,envelope,False
2026-04-29T18:49:01Z,34.673136,-76.430190,106.680000,41.012104,53.861111,3.418001,0.179078,3.422689,182.999131,3.444226,0.180452,3.448949,-2.696638,-2.107828,-6.186852,,17.963379,1011.992426,1.211037,9.999239,280000.000000,VFR,barnes,envelope,False
2026-04-29T18:49:11Z,34.674453,-76.428788,106.680000,41.012104,54.055556,3.422422,0.165188,3.426406,182.763316,3.458364,0.166923,3.462391,-2.690859,-2.121210,-6.225823,,17.962019,1011.991783,1.211042,9.999235,280000.000000,VFR,barnes,envelope,False
2026-04-29T18:49:21Z,34.675770,-76.427386,106.680000,41.012104,54.250000,3.426825,0.151294,3.430163,182.527962,3.506924,0.154830,3.510341,-2.685065,-2.134584,-6.264764,,17.960657,1011.991143,1.211047,9.999231,280000.000000,VFR,barnes,envelope,False
2026-04-29T18:49:31Z,34.677087,-76.425985,106.680000,41.012104,54.444444,3.431210,0.137396,3.433960,182.293074,3.460012,0.138550,3.462785,-2.679254,-2.147948,-6.303673,,17.959293,1011.990504,1.211052,9.999228,280000.000000,VFR,barnes,envelope,False
2026-04-29T18:49:41Z,34.678404,-76.424583,106.680000,41.012104,54.638889,3.435578,0.123495,3.437797,182.058656,3.455391,0.124207,3.457623,-2.673427,-2.161304,-6.342550,,17.957926,1011.989868,1.211057,9.999224,280000.000000,VFR,barnes,envelope,False
2026-04-29T18:49:51Z,34.679721,-76.423181,106.680000,41.012104,54.833333,3.439927,0.109589,3.441673,181.824711,3.479393,0.110846,3.481158,-2.667584,-2.174651,-6.381396,,17.956558,1011.989234,1.211062,9.999220,280000.000000,VFR,barnes,envelope,False
2026-04-29T18:50:01Z,34.681038,-76.421779,106.680000,41.012104,55.027778,3.444326,0.096187,3.445669,181.599640,3.456646,0.096531,3.457994,-2.662108,-2.187650,-6.419224,,19.929331,1011.988597,1.202909,9.999217,280000.000000,VFR,barnes,envelope,False
2026-04-29T18:50:11Z,34.682355,-76.420377,106.680000,41.012104,55.222222,3.449309,0.087350,3.450415,181.450640,3.444271,0.087222,3.445375,-2.660069,-2.197589,-6.448142,,19.928403,1011.987910,1.202912,9.999213,280000.000000,VFR,barnes,envelope,False
2026-04-29T18:50:21Z,34.683672,-76.418976,106.680000,41.012104,55.416667,3.454278,0.078519,3.455171,181.302167,3.485881,0.079238,3.486782,-2.658024,-2.207513,-6.477014,,19.927470,1011.987223,1.202915,9.999209,280000.000000,VFR,barnes,envelope,False
2026-04-29T18:50:31Z,34.684989,-76.417574,106.680000,41.012104,55.611111,3.459233,0.069695,3.459935,181.154219,3.379628,0.068092,3.380314,-2.655972,-2.217422,-6.505841,,19.926533,1011.986537,1.202918,9.999205,280000.000000,VFR,barnes,envelope,False
2026-04-29T18:50:41Z,34.686306,-76.416172,106.680000,41.012104,55.805556,3.464174,0.060878,3.464708,181.006794,3.411704,0.059956,3.412230,-2.653914,-2.227318,-6.534622,,19.925592,1011.985852,1.202921,9.999202,280000.000000,VFR,barnes,envelope,False
2026-04-29T18:50:51Z,34.687623,-76.414770,106.680000,41.012104,56.000000,3.469100,0.052068,3.469490,180.859888,3.344001,0.050190,3.344378,-2.651850,-2.237198,-6.563358,,19.924647,1011.985168,1.202924,9.999198,280000.000000,VFR,barnes,envelope,False
2026-04-29T18:51:01Z,34.688940,-76.413369,106.680000,41.012104,56.194444,3.474012,0.043264,3.474281,180.713500,3.358011,0.041819,3.358271,-2.649779,-2.247065,-6.592050,,19.923697,1011.984485,1.202928,9.999194,280000.000000,VFR,barnes,envelope,False
2026-04-29T18:51:11Z,34.690257,-76.411967,106.680000,41.012104,56.388889,3.478909,0.034467,3.479080,180.567628,3.323832,0.032930,3.323995,-2.647702,-2.256917,-6.620696,,19.922743,1011.983803,1.202931,9.999190,280000.000000,VFR,barnes,envelope,False
2026-04-29T18:51:21Z,34.691574,-76.410565,106.680000,41.012104,56.583333,3.483793,0.025676,3.483887,180.422269,3.403647,0.025085,3.403740,-2.645618,-2.266755,-6.649298,,19.921785,1011.983121,1.202934,9.999186,280000.000000,VFR,barnes,envelope,False
2026-04-29T18:51:31Z,34.692891,-76.409163,106.680000,41.012104,56.777778,3.488662,0.016892,3.488703,180.277419,3.441886,0.016665,3.441926,-2.643528,-2.276578,-6.677854,,19.920822,1011.982441,1.202937,9.999183,280000.000000,VFR,barnes,envelope,False
2026-04-29T18:51:41Z,34.694208,-76.407761,106.680000,41.012104,56.972222,3.493517,0.008114,3.493527,180.133078,3.461254,0.008039,3.461264,-2.641431,-2.286388,-6.706367,,19.919855,1011.981761,1.202940,9.999179,280000.000000,VFR,barnes,envelope,False
2026-04-29T18:51:51Z,34.695525,-76.406360,106.680000,41.012104,57.166667,3.498358,-0.000657,3.498358,179.989243,3.512420,-0.000659,3.512420,-2.639329,-2.296183,-6.734834,,19.918884,1011.981082,1.202943,9.999175,280000.000000,VFR,barnes,envelope,False
2026-04-29T18:52:01Z,34.696841,-76.404958,106.680000,41.012104,57.361111,3.503185,-0.009421,3.503198,179.845911,3.479558,-0.009358,3.479571,-2.637219,-2.305964,-6.763257,,19.917908,1011.980404,1.202946,9.999171,280000.000000,VFR,barnes,envelope,False
2026-04-29T18:52:11Z,34.698158,-76.403556,106.680000,41.012104,57.555556,3.507998,-0.018179,3.508045,179.703089,3.538018,-0.018334,3.538066,-2.635104,-2.315730,-6.791633,,19.916926,1011.979725,1.202950,9.999167,280000.000000,VFR,barnes,envelope,False
2026-04-29T18:52:21Z,34.699475,-76.402154,106.680000,41.012104,57.750000,3.512796,-0.026930,3.512899,179.560764,3.532843,-0.027084,3.532947,-2.632982,-2.325482,-6.819966,,19.915940,1011.979047,1.202953,9.999163,280000.000000,VFR,barnes,envelope,False
2026-04-29T18:52:31Z,34.700792,-76.400753,106.680000,41.012104,57.944444,3.517580,-0.035675,3.517761,179.418936,3.538557,-0.035887,3.538739,-2.630853,-2.335220,-6.848254,,19.914950,1011.978369,1.202956,9.999159,280000.000000,VFR,barnes,envelope,False
2026-04-29T18:52:41Z,34.702109,-76.399351,106.680000,41.012104,58.138889,3.522350,-0.044413,3.522630,179.277601,3.515794,-0.044330,3.516074,-2.628719,-2.344944,-6.876498,,19.913955,1011.977693,1.202959,9.999155,280000.000000,VFR,barnes,envelope,False
2026-04-29T18:52:51Z,34.703426,-76.397949,106.680000,41.012104,58.333333,3.527107,-0.053145,3.527507,179.136757,3.499674,-0.052732,3.500072,-2.626578,-2.354654,-6.904698,,19.912955,1011.977017,1.202963,9.999151,280000.000000,VFR,barnes,envelope,False
2026-04-29T18:53:01Z,34.704743,-76.396547,106.680000,41.012104,58.527778,3.532068,-0.062174,3.532616,178.991550,3.507229,-0.061736,3.507773,-2.624397,-2.364723,-6.933936,,19.911951,1011.976342,1.202966,9.999146,280000.000000,VFR,barnes,envelope,False
2026-04-29T18:53:11Z,34.706060,-76.395145,106.680000,41.012104,58.722222,3.538986,-0.073917,3.539758,178.803459,3.471833,-0.072515,3.472590,-2.621910,-2.378124,-6.972847,,19.910943,1011.975668,1.202969,9.999135,280000.000000,VFR,barnes,envelope,False
2026-04-29T18:53:21Z,34.707377,-76.393744,106.680000,41.012104,58.916667,3.545883,-0.085644,3.546917,178.616395,3.454879,-0.083446,3.455886,-2.619419,-2.391498,-7.011671,,19.909930,1011.974994,1.202973,9.999123,280000.000000,VFR,barnes,envelope,False
2026-04-29T18:53:31Z,34.708694,-76.392342,106.680000,41.012104,59.111111,3.552757,-0.097354,3.554090,178.430352,3.483302,-0.095451,3.484610,-2.616921,-2.404845,-7.050410,,19.908913,1011.974321,1.202976,9.999111,280000.000000,VFR,barnes,envelope,False
2026-04-29T18:53:41Z,34.710011,-76.390940,106.680000,41.012104,59.305556,3.559608,-0.109047,3.561278,178.245323,3.482755,-0.106692,3.484389,-2.614419,-2.418164,-7.089062,,19.907891,1011.973649,1.202980,9.999099,280000.000000,VFR,barnes,envelope,False
2026-04-29T18:53:51Z,34.711328,-76.389538,106.680000,41.012104,59.500000,3.566438,-0.120722,3.568481,178.061302,3.513244,-0.118922,3.515256,-2.611911,-2.431456,-7.127630,,19.906864,1011.972978,1.202983,9.999087,280000.000000,VFR,barnes,envelope,False
2026-04-29T18:54:01Z,34.712645,-76.388136,106.680000,41.012104,59.694444,3.572767,-0.131817,3.575197,177.887029,3.542959,-0.130718,3.545369,-2.609405,-2.443981,-7.163964,,19.905834,1011.972306,1.202986,9.999075,280000.000000,VFR,barnes,envelope,False
2026-04-29T18:54:11Z,34.713962,-76.386735,106.680000,41.012104,59.888889,3.574739,-0.137804,3.577394,177.792380,3.635108,-0.140131,3.637808,-2.606965,-2.449792,-7.180822,,19.904798,1011.971617,1.202990,9.999063,280000.000000,VFR,barnes,envelope,False
2026-04-29T18:54:21Z,34.715279,-76.385333,106.680000,41.012104,60.083333,3.576663,-0.143742,3.579550,177.698585,3.508901,-0.141019,3.511733,-2.604520,-2.455536,-7.197480,,19.903759,1011.970929,1.202993,9.999051,280000.000000,VFR,barnes,envelope,False
2026-04-29T18:54:31Z,34.716596,-76.383931,106.680000,41.012104,60.277778,3.578538,-0.149632,3.581665,177.605638,3.565486,-0.149087,3.568602,-2.602069,-2.461211,-7.213939,,19.902714,1011.970242,1.202997,9.999039,280000.000000,VFR,barnes,envelope,False
2026-04-29T18:54:41Z,34.717913,-76.382529,106.680000,41.012104,60.472222,3.580364,-0.155475,3.583738,177.513535,3.597805,-0.156232,3.601196,-2.599613,-2.466817,-7.230198,,19.901665,1011.969555,1.203000,9.999026,280000.000000,VFR,barnes,envelope,False
2026-04-29T18:54:51Z,34.719230,-76.381128,106.680000,41.012104,60.666667,3.582140,-0.161269,3.585769,177.422273,3.630550,-0.163448,3.634228,-2.597152,-2.472355,-7.246258,,19.900612,1011.968868,1.203004,9.999014,280000.000000,VFR,barnes,envelope,False
2026-04-29T18:55:01Z,34.720546,-76.379726,106.680000,41.012104,60.861111,3.584662,-0.164156,3.588419,177.378025,3.625460,-0.166025,3.629259,-2.597159,-2.476189,-7.257374,,18.621436,1011.968126,1.208277,9.999001,280000.000000,VFR,barnes,envelope,False
2026-04-29T18:55:11Z,34.721863,-76.378324,106.680000,41.012104,61.055556,3.594297,-0.141326,3.597074,177.748318,3.671548,-0.144363,3.674385,-2.619411,-2.465284,-7.225752,,18.619699,1011.966878,1.208283,9.998991,280000.000000,VFR,barnes,envelope,False
2026-04-29T18:55:21Z,34.723180,-76.376922,106.680000,41.012104,61.250000,3.603919,-0.118549,3.605868,178.115970,3.719104,-0.122338,3.721116,-2.641619,-2.454411,-7.194219,,18.617958,1011.965631,1.208288,9.998981,280000.000000,VFR,barnes,envelope,False
2026-04-29T18:55:31Z,34.724497,-76.375520,106.680000,41.012104,61.444444,3.613528,-0.095824,3.614799,178.480971,3.716158,-0.098546,3.717464,-2.663782,-2.443570,-7.162773,,18.616212,1011.964384,1.208294,9.998971,280000.000000,VFR,barnes,envelope,False
2026-04-29T18:55:41Z,34.725814,-76.374119,106.680000,41.012104,61.638889,3.623125,-0.073154,3.623863,178.843311,3.652695,-0.073751,3.653439,-2.685900,-2.432761,-7.131415,,18.614462,1011.963137,1.208300,9.998960,280000.000000,VFR,barnes,envelope,False
2026-04-29T18:55:51Z,34.727131,-76.372717,106.680000,41.012104,61.833333,3.632709,-0.050536,3.633061,179.202981,3.644035,-0.050694,3.644387,-2.707974,-2.421984,-7.100147,,18.612707,1011.961890,1.208306,9.998950,280000.000000,VFR,barnes,envelope,False
2026-04-29T18:56:01Z,34.728448,-76.371315,106.680000,41.012104,62.027778,3.641136,-0.030820,3.641267,179.515031,3.630584,-0.030731,3.630714,-2.727271,-2.412637,-7.073024,,18.611026,1011.960459,1.208311,9.998940,280000.000000,VFR,barnes,envelope,False
2026-04-29T18:56:11Z,34.729765,-76.369913,106.680000,41.012104,62.222222,3.639266,-0.036758,3.639452,179.421308,3.642449,-0.036790,3.642635,-2.721963,-2.415890,-7.082464,,18.610048,1011.957365,1.208311,9.998929,280000.000000,VFR,barnes,envelope,False
2026-04-29T18:56:21Z,34.731082,-76.368511,106.680000,41.012104,62.416667,3.637404,-0.042700,3.637654,179.327430,3.767644,-0.044229,3.767904,-2.716659,-2.419151,-7.091927,,18.609065,1011.954274,1.208312,9.998918,280000.000000,VFR,barnes,envelope,False
2026-04-29T18:56:31Z,34.732399,-76.367110,106.680000,41.012104,62.611111,3.635548,-0.048646,3.635873,179.233398,3.730538,-0.049917,3.730872,-2.711357,-2.422420,-7.101411,,18.608076,1011.951187,1.208312,9.998908,280000.000000,VFR,barnes,envelope,False
2026-04-29T18:56:41Z,34.733716,-76.365708,106.680000,41.012104,62.805556,3.633699,-0.054595,3.634109,179.139213,3.773575,-0.056697,3.774001,-2.706057,-2.425696,-7.110918,,18.607081,1011.948103,1.208313,9.998897,280000.000000,VFR,barnes,envelope,False
2026-04-29T18:56:51Z,34.735033,-76.364306,106.680000,41.012104,63.000000,3.631857,-0.060549,3.632362,179.044877,3.682661,-0.061396,3.683173,-2.700761,-2.428980,-7.120446,,18.606080,1011.945022,1.208313,9.998886,280000.000000,VFR,barnes,envelope,False
2026-04-29T18:57:01Z,34.736350,-76.362904,106.680000,41.012104,63.194444,3.630023,-0.066506,3.630632,178.950391,3.713116,-0.068029,3.713740,-2.695467,-2.432272,-7.129995,,18.605074,1011.941945,1.208314,9.998875,280000.000000,VFR,barnes,envelope,False
2026-04-29T18:57:11Z,34.737667,-76.361503,106.680000,41.012104,63.388889,3.628195,-0.072468,3.628919,178.855756,3.729475,-0.074491,3.730219,-2.690176,-2.435571,-7.139566,,18.604061,1011.938871,1.208314,9.998864,280000.000000,VFR,barnes,envelope,False
2026-04-29T18:57:21Z,34.738984,-76.360101,106.680000,41.012104,63.583333,3.626375,-0.078433,3.627223,178.760974,3.726028,-0.080588,3.726899,-2.684888,-2.438877,-7.149158,,18.603043,1011.935800,1.208315,9.998853,280000.000000,VFR,barnes,envelope,False
2026-04-29T18:57:31Z,34.740301,-76.358699,106.680000,41.012104,63.777778,3.624561,-0.084402,3.625544,178.666046,3.701785,-0.086200,3.702789,-2.679602,-2.442191,-7.158772,,18.602018,1011.932733,1.208315,9.998842,280000.000000,VFR,barnes,envelope,False
2026-04-29T18:57:41Z,34.741618,-76.357297,106.680000,41.012104,63.972222,3.622755,-0.090375,3.623882,178.570972,3.715434,-0.092687,3.716590,-2.674320,-2.445513,-7.168407,,18.600988,1011.929670,1.208316,9.998831,280000.000000,VFR,barnes,envelope,False
2026-04-29T18:57:51Z,34.742935,-76.355895,106.680000,41.012104,64.166667,3.620955,-0.096351,3.622237,178.475755,3.685524,-0.098069,3.686829,-2.669040,-2.448841,-7.178063,,18.599952,1011.926610,1.208316,9.998819,280000.000000,VFR,barnes,envelope,False
2026-04-29T18:58:01Z,34.744251,-76.354494,106.680000,41.012104,64.361111,3.619163,-0.102332,3.620609,178.380396,3.709411,-0.104883,3.710893,-2.663763,-2.452178,-7.187740,,18.598909,1011.923553,1.208317,9.998808,280000.000000,VFR,barnes,envelope,False
2026-04-29T18:58:11Z,34.745568,-76.353092,106.680000,41.012104,64.555556,3.617377,-0.108316,3.618998,178.284896,3.607916,-0.108032,3.609533,-2.658489,-2.455522,-7.197439,,18.597861,1011.920500,1.208318,9.998796,280000.000000,VFR,barnes,envelope,False
2026-04-29T18:58:21Z,34.746885,-76.351690,106.680000,41.012104,64.750000,3.615599,-0.114303,3.617405,178.189256,3.596196,-0.113690,3.597993,-2.653218,-2.458873,-7.207158,,18.596807,1011.917450,1.208318,9.998785,280000.000000,VFR,barnes,envelope,False
2026-04-29T18:58:31Z,34.748202,-76.350288,106.680000,41.012104,64.944444,3.613827,-0.120295,3.615829,178.093478,3.610080,-0.120170,3.612080,-2.647949,-2.462231,-7.216898,,18.595747,1011.914404,1.208319,9.998773,280000.000000,VFR,barnes,envelope,False
2026-04-29T18:58:41Z,34.749519,-76.348887,106.680000,41.012104,65.138889,3.612063,-0.126290,3.614270,177.997563,3.555864,-0.124325,3.558037,-2.642684,-2.465597,-7.226659,,18.594681,1011.911361,1.208320,9.998761,280000.000000,VFR,barnes,envelope,False
2026-04-29T18:58:51Z,34.750836,-76.347485,106.680000,41.012104,65.333333,3.610305,-0.132288,3.612728,177.901512,3.510102,-0.128617,3.512457,-2.637421,-2.468970,-7.236441,,18.593609,1011.908322,1.208321,9.998750,280000.000000,VFR,barnes,envelope,False
2026-04-29T18:59:01Z,34.752153,-76.346083,106.680000,41.012104,65.527778,3.608555,-0.138291,3.611204,177.805327,3.540525,-0.135684,3.543124,-2.632162,-2.472350,-7.246243,,18.592531,1011.905286,1.208322,9.998738,280000.000000,VFR,barnes,envelope,False
2026-04-29T18:59:11Z,34.753470,-76.344681,106.680000,41.012104,65.722222,3.606811,-0.144296,3.609696,177.709010,3.572215,-0.142912,3.575073,-2.626905,-2.475738,-7.256066,,18.591447,1011.902254,1.208323,9.998726,280000.000000,VFR,barnes,envelope,False
2026-04-29T18:59:21Z,34.754787,-76.343279,106.680000,41.012104,65.916667,3.605074,-0.150306,3.608206,177.612561,3.565435,-0.148653,3.568532,-2.621651,-2.479133,-7.265910,,18.590358,1011.899225,1.208323,9.998714,280000.000000,VFR,barnes,envelope,False
2026-04-29T18:59:31Z,34.756104,-76.341878,106.680000,41.012104,66.111111,3.603345,-0.156318,3.606734,177.515982,3.597214,-0.156052,3.600598,-2.616400,-2.482535,-7.275773,,18.589262,1011.896200,1.208324,9.998702,280000.000000,VFR,barnes,envelope,False
2026-04-29T18:59:41Z,34.757421,-76.340476,106.680000,41.012104,66.305556,3.601622,-0.162335,3.605278,177.419275,3.647343,-0.164395,3.651046,-2.611152,-2.485944,-7.285658,,18.588160,1011.893178,1.208325,9.998689,280000.000000,VFR,barnes,envelope,False
2026-04-29T18:59:51Z,34.758738,-76.339074,106.680000,41.012104,66.500000,3.599906,-0.168354,3.603841,177.322440,3.707711,-0.173396,3.711764,-2.605907,-2.489360,-7.295562,,18.587052,1011.890160,1.208326,9.998677,280000.000000,VFR,barnes,envelope,False
2026-04-29T19:00:01Z,34.760055,-76.337672,106.680000,41.012104,66.694444,3.598295,-0.173083,3.602456,177.246116,3.720095,-0.178942,3.724396,-2.601589,-2.491871,-7.302842,,17.897598,1011.887238,1.211185,9.998665,280000.000000,VFR,barnes,envelope,False
2026-04-29T19:00:11Z,34.761372,-76.336270,106.680000,41.012104,66.888889,3.597570,-0.166171,3.601405,177.355394,3.626791,-0.167521,3.630658,-2.605577,-2.486180,-7.286341,,17.897025,1011.885158,1.211185,9.998652,280000.000000,VFR,barnes,envelope,False
2026-04-29T19:00:21Z,34.762689,-76.334869,106.680000,41.012104,67.083333,3.596841,-0.159272,3.600366,177.464545,3.648493,-0.161559,3.652069,-2.609555,-2.480495,-7.269860,,17.896448,1011.883082,1.211185,9.998640,280000.000000,VFR,barnes,envelope,False
2026-04-29T19:00:31Z,34.764006,-76.333467,106.680000,41.012104,67.277778,3.596110,-0.152384,3.599337,177.573567,3.628960,-0.153776,3.632217,-2.613523,-2.474818,-7.253399,,17.895866,1011.881010,1.211185,9.998627,280000.000000,VFR,barnes,envelope,False
2026-04-29T19:00:41Z,34.765323,-76.332065,106.680000,41.012104,67.472222,3.595376,-0.145508,3.598319,177.682459,3.637264,-0.147203,3.640241,-2.617482,-2.469148,-7.236957,,17.895280,1011.878942,1.211185,9.998614,280000.000000,VFR,barnes,envelope,False
2026-04-29T19:00:51Z,34.766640,-76.330663,106.680000,41.012104,67.666667,3.594639,-0.138644,3.597312,177.791220,3.617552,-0.139527,3.620241,-2.621430,-2.463485,-7.220535,,17.894690,1011.876878,1.211185,9.998601,280000.000000,VFR,barnes,envelope,False
2026-04-29T19:01:01Z,34.767956,-76.329262,106.680000,41.012104,67.861111,3.593900,-0.131792,3.596316,177.899849,3.628807,-0.133072,3.631246,-2.625368,-2.457830,-7.204134,,17.894095,1011.874819,1.211185,9.998588,280000.000000,VFR,barnes,envelope,False
2026-04-29T19:01:11Z,34.769273,-76.327860,106.680000,41.012104,68.055556,3.593158,-0.124952,3.595330,178.008343,3.648309,-0.126870,3.650514,-2.629297,-2.452182,-7.187752,,17.893496,1011.872764,1.211185,9.998575,280000.000000,VFR,barnes,envelope,False
2026-04-29T19:01:21Z,34.770590,-76.326458,106.680000,41.012104,68.250000,3.592413,-0.118124,3.594355,178.116703,3.670438,-0.120690,3.672422,-2.633215,-2.446541,-7.171390,,17.892893,1011.870713,1.211185,9.998562,280000.000000,VFR,barnes,envelope,False
2026-04-29T19:01:31Z,34.771907,-76.325056,106.680000,41.012104,68.444444,3.591665,-0.111309,3.593390,178.224926,3.644307,-0.112940,3.646057,-2.637124,-2.440907,-7.155048,,17.892285,1011.868666,1.211185,9.998549,280000.000000,VFR,barnes,envelope,False
2026-04-29T19:01:41Z,34.773224,-76.323654,106.680000,41.012104,68.638889,3.590915,-0.104505,3.592436,178.333011,3.623445,-0.105452,3.624979,-2.641022,-2.435281,-7.138727,,17.891672,1011.866623,1.211185,9.998536,280000.000000,VFR,barnes,envelope,False
2026-04-29T19:01:51Z,34.774541,-76.322253,106.680000,41.012104,68.833333,3.590162,-0.097714,3.591492,178.440957,3.569739,-0.097158,3.571061,-2.644910,-2.429663,-7.122426,,17.891056,1011.864585,1.211185,9.998523,280000.000000,VFR,barnes,envelope,False
2026-04-29T19:02:01Z,34.775858,-76.320851,106.680000,41.012104,69.027778,3.589407,-0.090935,3.590558,178.548761,3.528617,-0.089395,3.529749,-2.648789,-2.424052,-7.106146,,17.890435,1011.862551,1.211185,9.998510,280000.000000,VFR,barnes,envelope,False
2026-04-29T19:02:11Z,34.777175,-76.319449,106.680000,41.012104,69.222222,3.588652,-0.084170,3.589639,178.656403,3.543636,-0.083114,3.544611,-2.652658,-2.418452,-7.089896,,17.889808,1011.860521,1.211186,9.998504,280000.000000,VFR,barnes,envelope,False
2026-04-29T19:02:21Z,34.778492,-76.318047,106.680000,41.012104,69.416667,3.587894,-0.077417,3.588729,178.763903,3.574875,-0.077136,3.575707,-2.656518,-2.412859,-7.073667,,17.889176,1011.858495,1.211186,9.998499,280000.000000,VFR,barnes,envelope,False
2026-04-29T19:02:31Z,34.779809,-76.316646,106.680000,41.012104,69.611111,3.587133,-0.070677,3.587830,178.871257,3.549870,-0.069942,3.550559,-2.660367,-2.407274,-7.057458,,17.888540,1011.856473,1.211186,9.998493,280000.000000,VFR,barnes,envelope,False
2026-04-29T19:02:41Z,34.781126,-76.315244,106.680000,41.012104,69.805556,3.586370,-0.063949,3.586940,178.978466,3.492362,-0.062272,3.492917,-2.664207,-2.401696,-7.041271,,17.887900,1011.854455,1.211186,9.998487,280000.000000,VFR,barnes,envelope,False
2026-04-29T19:02:51Z,34.782443,-76.313842,106.680000,41.012104,70.000000,3.585604,-0.057233,3.586061,179.085528,3.539154,-0.056492,3.539605,-2.668036,-2.396126,-7.025104,,17.887255,1011.852442,1.211187,9.998482,280000.000000,VFR,barnes,envelope,False
2026-04-29T19:03:01Z,34.783760,-76.312440,106.680000,41.012104,70.194444,3.584836,-0.050530,3.585192,179.192441,3.559453,-0.050172,3.559806,-2.671854,-2.390564,-7.008959,,17.886606,1011.850432,1.211187,9.998476,280000.000000,VFR,barnes,envelope,False
2026-04-29T19:03:11Z,34.785077,-76.311038,106.680000,41.012104,70.388889,3.584064,-0.043840,3.584333,179.299205,3.515184,-0.042997,3.515447,-2.675663,-2.385009,-6.992835,,17.885952,1011.848427,1.211187,9.998470,280000.000000,VFR,barnes,envelope,False
2026-04-29T19:03:21Z,34.786394,-76.309637,106.680000,41.012104,70.583333,3.583290,-0.037162,3.583483,179.405818,3.512198,-0.036424,3.512387,-2.679461,-2.379462,-6.976732,,17.885293,1011.846427,1.211188,9.998465,280000.000000,VFR,barnes,envelope,False
2026-04-29T19:03:31Z,34.787711,-76.308235,106.680000,41.012104,70.777778,3.582514,-0.030496,3.582643,179.512279,3.491539,-0.029722,3.491665,-2.683249,-2.373923,-6.960650,,17.884630,1011.844430,1.211188,9.998459,280000.000000,VFR,barnes,envelope,False
2026-04-29T19:03:41Z,34.789028,-76.306833,106.680000,41.012104,70.972222,3.581734,-0.023844,3.581814,179.618586,3.491763,-0.023245,3.491840,-2.687026,-2.368392,-6.944590,,17.883963,1011.842438,1.211188,9.998453,280000.000000,VFR,barnes,envelope,False
2026-04-29T19:03:51Z,34.790344,-76.305431,106.680000,41.012104,71.166667,3.580952,-0.017204,3.580993,179.724739,3.529675,-0.016957,3.529716,-2.690793,-2.362868,-6.928551,,17.883291,1011.840450,1.211189,9.998448,280000.000000,VFR,barnes,envelope,False
2026-04-29T19:04:01Z,34.791661,-76.304029,106.680000,41.012104,71.361111,3.580167,-0.010577,3.580183,179.830737,3.547081,-0.010479,3.547097,-2.694550,-2.357353,-6.912534,,17.882614,1011.838466,1.211189,9.998442,280000.000000,VFR,barnes,envelope,False
2026-04-29T19:04:11Z,34.792978,-76.302628,106.680000,41.012104,71.555556,3.579380,-0.003962,3.579382,179.936577,3.523423,-0.003900,3.523425,-2.698296,-2.351845,-6.896539,,17.881933,1011.836486,1.211190,9.998436,280000.000000,VFR,barnes,envelope,False
2026-04-29T19:04:21Z,34.794295,-76.301226,106.680000,41.012104,71.750000,3.578589,0.002639,3.578590,180.042260,3.622972,0.002672,3.622973,-2.702032,-2.346345,-6.880566,,17.881247,1011.834511,1.211190,9.998430,280000.000000,VFR,barnes,envelope,False
2026-04-29T19:04:31Z,34.795612,-76.299824,106.680000,41.012104,71.944444,3.577796,0.009228,3.577808,180.147783,3.562425,0.009189,3.562437,-2.705757,-2.340853,-6.864615,,17.880557,1011.832540,1.211191,9.998424,280000.000000,VFR,barnes,envelope,False
2026-04-29T19:04:41Z,34.796929,-76.298422,106.680000,41.012104,72.138889,3.577001,0.015804,3.577036,180.253145,3.566732,0.015759,3.566766,-2.709472,-2.335369,-6.848685,,17.879862,1011.830573,1.211191,9.998419,280000.000000,VFR,barnes,envelope,False
2026-04-29T19:04:51Z,34.798246,-76.297021,106.680000,41.012104,72.333333,3.576202,0.022367,3.576272,180.358346,3.589384,0.022449,3.589454,-2.713176,-2.329892,-6.832778,,17.879163,1011.828611,1.211192,9.998413,280000.000000,VFR,barnes,envelope,False
2026-04-29T19:05:01Z,34.799563,-76.295619,106.680000,41.012104,72.527778,3.575252,0.026830,3.575353,180.429953,3.545767,0.026608,3.545867,-2.715388,-2.325902,-6.821185,,17.878459,1011.826530,1.211192,9.998407,280000.000000,VFR,barnes,envelope,False
2026-04-29T19:05:11Z,34.800880,-76.294217,106.680000,41.012104,72.722222,3.572968,0.012516,3.572990,180.200704,3.553175,0.012447,3.553197,-2.704271,-2.335203,-6.848206,,17.877750,1011.823353,1.211191,9.998401,280000.000000,VFR,barnes,envelope,False
2026-04-29T19:05:21Z,34.802197,-76.292815,106.680000,41.012104,72.916667,3.570694,-0.001767,3.570694,179.971647,3.515272,-0.001740,3.515273,-2.693182,-2.344488,-6.875175,,17.877037,1011.820177,1.211190,9.998395,280000.000000,VFR,barnes,envelope,False
2026-04-29T19:05:31Z,34.803514,-76.291413,106.680000,41.012104,73.111111,3.568429,-0.016019,3.568465,179.742794,3.532519,-0.015858,3.532554,-2.682121,-2.353757,-6.902092,,17.876319,1011.817002,1.211190,9.998389,280000.000000,VFR,barnes,envelope,False
2026-04-29T19:05:41Z,34.804831,-76.290012,106.680000,41.012104,73.305556,3.566174,-0.030240,3.566302,179.514159,3.582008,-0.030374,3.582137,-2.671087,-2.363008,-6.928956,,17.875596,1011.813829,1.211189,9.998383,280000.000000,VFR,barnes,envelope,False
2026-04-29T19:05:51Z,34.806148,-76.288610,106.680000,41.012104,73.500000,3.563929,-0.044430,3.564206,179.285754,3.508397,-0.043738,3.508670,-2.660082,-2.372242,-6.955768,,17.874869,1011.810657,1.211188,9.998377,280000.000000,VFR,barnes,envelope,False
2026-04-29T19:06:01Z,34.807465,-76.287208,106.680000,41.012104,73.694444,3.561694,-0.058588,3.562176,179.057592,3.536296,-0.058171,3.536774,-2.649104,-2.381458,-6.982526,,17.874137,1011.807487,1.211187,9.998370,280000.000000,VFR,barnes,envelope,False
2026-04-29T19:06:11Z,34.808782,-76.285806,106.680000,41.012104,73.888889,3.559468,-0.072715,3.560211,178.829686,3.453371,-0.070548,3.454091,-2.638154,-2.390657,-7.009231,,17.873400,1011.804318,1.211187,9.998364,280000.000000,VFR,barnes,envelope,False
2026-04-29T19:06:21Z,34.810099,-76.284405,106.680000,41.012104,74.083333,3.557252,-0.086810,3.558311,178.602048,3.458037,-0.084389,3.459067,-2.627233,-2.399839,-7.035881,,17.872659,1011.801151,1.211186,9.998358,280000.000000,VFR,barnes,envelope,False
2026-04-29T19:06:31Z,34.811416,-76.283003,106.680000,41.012104,74.277778,3.555046,-0.100873,3.556477,178.374691,3.530105,-0.100165,3.531526,-2.616340,-2.409003,-7.062477,,17.871913,1011.797986,1.211185,9.998352,280000.000000,VFR,barnes,envelope,False
2026-04-29T19:06:41Z,34.812733,-76.281601,106.680000,41.012104,74.472222,3.552850,-0.114904,3.554708,178.147627,3.520183,-0.113847,3.522023,-2.605476,-2.418149,-7.089018,,17.871162,1011.794822,1.211185,9.998346,280000.000000,VFR,barnes,envelope,False
2026-04-29T19:06:51Z,34.814049,-76.280199,106.680000,41.012104,74.666667,3.550664,-0.128902,3.553003,177.920869,3.580456,-0.129983,3.582814,-2.594640,-2.427277,-7.115503,,17.870406,1011.791660,1.211184,9.998340,280000.000000,VFR,barnes,envelope,False
2026-04-29T19:07:01Z,34.815366,-76.278797,106.680000,41.012104,74.861111,3.548487,-0.142867,3.551362,177.694430,3.534794,-0.142316,3.537658,-2.583833,-2.436386,-7.141933,,17.869646,1011.788500,1.211183,9.998333,280000.000000,VFR,barnes,envelope,False
2026-04-29T19:07:11Z,34.816683,-76.277396,106.680000,41.012104,75.055556,3.546320,-0.156800,3.549785,177.468322,3.499644,-0.154736,3.503063,-2.573055,-2.445478,-7.168306,,17.868881,1011.785341,1.211183,9.998327,280000.000000,VFR,barnes,envelope,False
2026-04-29T19:07:21Z,34.818000,-76.275994,106.680000,41.012104,75.250000,3.544163,-0.170700,3.548272,177.242556,3.447045,-0.166022,3.451041,-2.562306,-2.454551,-7.194623,,17.868112,1011.782184,1.211182,9.998321,280000.000000,VFR,barnes,envelope,False
2026-04-29T19:07:31Z,34.819317,-76.274592,106.680000,41.012104,75.444444,3.542016,-0.184566,3.546822,177.017146,3.449490,-0.179745,3.454170,-2.551587,-2.463605,-7.220882,,17.867337,1011.779028,1.211182,9.998314,280000.000000,VFR,barnes,envelope,False
2026-04-29T19:07:41Z,34.820634,-76.273190,106.680000,41.012104,75.638889,3.539879,-0.198399,3.545435,176.792104,3.453991,-0.193586,3.459412,-2.540897,-2.472640,-7.247084,,17.866558,1011.775874,1.211181,9.998308,280000.000000,VFR,barnes,envelope,False
2026-04-29T19:07:51Z,34.821951,-76.271788,106.680000,41.012104,75.833333,3.537752,-0.212199,3.544110,176.567441,3.462973,-0.207713,3.469196,-2.530236,-2.481657,-7.273229,,17.865774,1011.772723,1.211181,9.998302,280000.000000,VFR,barnes,envelope,False
2026-04-29T19:08:01Z,34.823268,-76.270387,106.680000,41.012104,76.027778,3.535612,-0.225971,3.542826,176.343032,3.461646,-0.221244,3.468709,-2.519584,-2.490645,-7.299289,,17.864975,1011.769580,1.211180,9.998296,280000.000000,VFR,barnes,envelope,False
2026-04-29T19:08:11Z,34.824585,-76.268985,106.680000,41.012104,76.222222,3.533288,-0.239775,3.541414,176.117769,3.461211,-0.234883,3.469171,-2.508772,-2.499536,-7.325061,,17.864082,1011.766512,1.211180,9.998289,280000.000000,VFR,barnes,envelope,False
2026-04-29T19:08:21Z,34.825902,-76.267583,106.680000,41.012104,76.416667,3.530974,-0.253543,3.540066,175.892900,3.509020,-0.251967,3.518054,-2.497991,-2.508407,-7.350775,,17.863185,1011.763444,1.211180,9.998283,280000.000000,VFR,barnes,envelope,False
2026-04-29T19:08:31Z,34.827219,-76.266181,106.680000,41.012104,76.611111,3.528672,-0.267277,3.538780,175.668439,3.528608,-0.267272,3.538716,-2.487241,-2.517259,-7.376430,,17.862283,1011.760379,1.211180,9.998276,280000.000000,VFR,barnes,envelope,False
2026-04-29T19:08:41Z,34.828536,-76.264780,106.680000,41.012104,76.805556,3.526380,-0.280976,3.537556,175.444396,3.615963,-0.288114,3.627423,-2.476522,-2.526092,-7.402026,,17.861377,1011.757315,1.211180,9.998270,280000.000000,VFR,barnes,envelope,False
2026-04-29T19:08:51Z,34.829853,-76.263378,106.680000,41.012104,77.000000,3.524098,-0.294639,3.536394,175.220785,3.604917,-0.301396,3.617495,-2.465835,-2.534905,-7.427563,,17.860467,1011.754252,1.211181,9.998264,280000.000000,VFR,barnes,envelope,False
2026-04-29T19:09:01Z,34.831170,-76.261976,106.680000,41.012104,77.194444,3.521828,-0.308268,3.535294,174.997617,3.641729,-0.318763,3.655653,-2.455178,-2.543698,-7.453040,,17.859552,1011.751192,1.211181,9.998257,280000.000000,VFR,barnes,envelope,False
2026-04-29T19:09:11Z,34.832487,-76.260574,106.680000,41.012104,77.388889,3.519568,-0.321860,3.534255,174.774904,3.661344,-0.334825,3.676622,-2.444554,-2.552472,-7.478456,,17.858632,1011.748133,1.211181,9.998251,280000.000000,VFR,barnes,envelope,False
2026-04-29T19:09:21Z,34.833804,-76.259172,106.680000,41.012104,77.583333,3.517320,-0.335417,3.533276,174.552658,3.580487,-0.341441,3.596730,-2.433960,-2.561226,-7.503812,,17.857708,1011.745076,1.211181,9.998244,280000.000000,VFR,barnes,envelope,False
2026-04-29T19:09:31Z,34.835121,-76.257771,106.680000,41.012104,77.777778,3.515082,-0.348938,3.532358,174.330891,3.533183,-0.350735,3.550549,-2.423399,-2.569960,-7.529107,,17.856780,1011.742020,1.211181,9.998238,280000.000000,VFR,barnes,envelope,False
2026-04-29T19:09:41Z,34.836438,-76.256369,106.680000,41.012104,77.972222,3.512854,-0.362423,3.531500,174.109613,3.560772,-0.367366,3.579673,-2.412870,-2.578673,-7.554341,,17.855847,1011.738967,1.211181,9.998231,280000.000000,VFR,barnes,envelope,False
2026-04-29T19:09:51Z,34.837754,-76.254967,106.680000,41.012104,78.166667,3.510638,-0.375871,3.530702,173.888837,3.545784,-0.379634,3.566049,-2.402372,-2.587367,-7.579512,,17.854910,1011.735915,1.211182,9.998225,280000.000000,VFR,barnes,envelope,False
2026-04-29T19:10:01Z,34.839071,-76.253565,106.680000,41.012104,78.361111,3.508748,-0.387674,3.530099,173.695093,3.498266,-0.386515,3.519554,-2.393201,-2.595032,-7.601706,,18.531957,1011.732896,1.208367,9.998218,280000.000000,VFR,barnes,envelope,False
2026-04-29T19:10:11Z,34.840388,-76.252164,106.680000,41.012104,78.555556,3.509682,-0.385003,3.530736,173.739824,3.484531,-0.382245,3.505434,-2.395658,-2.593630,-7.597648,,18.530265,1011.730162,1.208370,9.998212,280000.000000,VFR,barnes,envelope,False
2026-04-29T19:10:21Z,34.841705,-76.250762,106.680000,41.012104,78.750000,3.510582,-0.382377,3.531345,173.783775,3.468375,-0.377780,3.488888,-2.398060,-2.592239,-7.593621,,18.528567,1011.727431,1.208374,9.998205,280000.000000,VFR,barnes,envelope,False
2026-04-29T19:10:31Z,34.843022,-76.249360,106.680000,41.012104,78.944444,3.511448,-0.379795,3.531928,173.826945,3.442462,-0.372333,3.462539,-2.400409,-2.590859,-7.589625,,18.526862,1011.724704,1.208378,9.998199,280000.000000,VFR,barnes,envelope,False
2026-04-29T19:10:41Z,34.844339,-76.247958,106.680000,41.012104,79.138889,3.512280,-0.377256,3.532483,173.869334,3.504363,-0.376405,3.524520,-2.402703,-2.589490,-7.585659,,18.525150,1011.721982,1.208382,9.998193,280000.000000,VFR,barnes,envelope,False
2026-04-29T19:10:51Z,34.845656,-76.246556,106.680000,41.012104,79.333333,3.513078,-0.374761,3.533011,173.910943,3.562542,-0.380038,3.582756,-2.404942,-2.588131,-7.581725,,18.523433,1011.719263,1.208386,9.998186,280000.000000,VFR,barnes,envelope,False
2026-04-29T19:11:01Z,34.846973,-76.245155,106.680000,41.012104,79.527778,3.513842,-0.372310,3.533511,173.951771,3.552112,-0.376365,3.571995,-2.407126,-2.586783,-7.577822,,18.521708,1011.716548,1.208390,9.998180,280000.000000,VFR,barnes,envelope,False
2026-04-29T19:11:11Z,34.848290,-76.243753,106.680000,41.012104,79.722222,3.514572,-0.369904,3.533984,173.991818,3.583852,-0.377195,3.603647,-2.409256,-2.585446,-7.573951,,18.519978,1011.713837,1.208394,9.998173,280000.000000,VFR,barnes,envelope,False
2026-04-29T19:11:21Z,34.849607,-76.242351,106.680000,41.012104,79.916667,3.515267,-0.367541,3.534429,174.031085,3.597967,-0.376188,3.617580,-2.411331,-2.584119,-7.570110,,18.518240,1011.711130,1.208398,9.998167,280000.000000,VFR,barnes,envelope,False
2026-04-29T19:11:31Z,34.850924,-76.240949,106.680000,41.012104,80.111111,3.515929,-0.365223,3.534847,174.069570,3.664530,-0.380659,3.684248,-2.413351,-2.582804,-7.566302,,18.516497,1011.708427,1.208402,9.998161,280000.000000,VFR,barnes,envelope,False
2026-04-29T19:11:41Z,34.852241,-76.239547,106.680000,41.012104,80.305556,3.516556,-0.362949,3.535236,174.107275,3.574889,-0.368970,3.593879,-2.415317,-2.581500,-7.562525,,18.514747,1011.705727,1.208406,9.998154,280000.000000,VFR,barnes,envelope,False
2026-04-29T19:11:51Z,34.853558,-76.238146,106.680000,41.012104,80.500000,3.517148,-0.360720,3.535598,174.144199,3.532695,-0.362314,3.551226,-2.417227,-2.580206,-7.558780,,18.512990,1011.703032,1.208410,9.998148,280000.000000,VFR,barnes,envelope,False
2026-04-29T19:12:01Z,34.854875,-76.236744,106.680000,41.012104,80.694444,3.517707,-0.358535,3.535931,174.180341,3.551157,-0.361944,3.569555,-2.419082,-2.578924,-7.555067,,18.511227,1011.700341,1.208414,9.998141,280000.000000,VFR,barnes,envelope,False
2026-04-29T19:12:11Z,34.856192,-76.235342,106.680000,41.012104,80.888889,3.518231,-0.356395,3.536236,174.215702,3.496764,-0.354220,3.514659,-2.420882,-2.577653,-7.551386,,18.509458,1011.697654,1.208418,9.998135,280000.000000,VFR,barnes,envelope,False
2026-04-29T19:12:21Z,34.857509,-76.233940,106.680000,41.012104,81.083333,3.518721,-0.354299,3.536513,174.250282,3.442153,-0.346590,3.459558,-2.422627,-2.576393,-7.547738,,18.507682,1011.694971,1.208422,9.998128,280000.000000,VFR,barnes,envelope,False
2026-04-29T19:12:31Z,34.858826,-76.232539,106.680000,41.012104,81.277778,3.519176,-0.352248,3.536761,174.284080,3.485825,-0.348910,3.503244,-2.424316,-2.575144,-7.544122,,18.505899,1011.692291,1.208426,9.998122,280000.000000,VFR,barnes,envelope,False
2026-04-29T19:12:41Z,34.860143,-76.231137,106.680000,41.012104,81.472222,3.519597,-0.350242,3.536981,174.317095,3.481392,-0.346440,3.498587,-2.425950,-2.573907,-7.540538,,18.504110,1011.689616,1.208430,9.998115,280000.000000,VFR,barnes,envelope,False
2026-04-29T19:12:51Z,34.861459,-76.229735,106.680000,41.012104,81.666667,3.519984,-0.348281,3.537172,174.349328,3.581172,-0.354335,3.598659,-2.427529,-2.572681,-7.536987,,18.502315,1011.686945,1.208435,9.998109,280000.000000,VFR,barnes,envelope,False
2026-04-29T19:13:01Z,34.862776,-76.228333,106.680000,41.012104,81.861111,3.520336,-0.346364,3.537334,174.380779,3.539502,-0.348250,3.556593,-2.429053,-2.571466,-7.533469,,18.500513,1011.684278,1.208439,9.998102,280000.000000,VFR,barnes,envelope,False
2026-04-29T19:13:11Z,34.864093,-76.226931,106.680000,41.012104,82.055556,3.520653,-0.344493,3.537467,174.411446,3.565344,-0.348866,3.582371,-2.430520,-2.570262,-7.529983,,18.498705,1011.681614,1.208443,9.998095,280000.000000,VFR,barnes,envelope,False
2026-04-29T19:13:21Z,34.865410,-76.225530,106.680000,41.012104,82.250000,3.520937,-0.342667,3.537572,174.441330,3.649275,-0.355157,3.666516,-2.431932,-2.569070,-7.526531,,18.496890,1011.678955,1.208448,9.998089,280000.000000,VFR,barnes,envelope,False
2026-04-29T19:13:31Z,34.866727,-76.224128,106.680000,41.012104,82.444444,3.521185,-0.340886,3.537648,174.470429,3.612333,-0.349710,3.629221,-2.433289,-2.567889,-7.523112,,18.495069,1011.676300,1.208452,9.998082,280000.000000,VFR,barnes,envelope,False
2026-04-29T19:13:41Z,34.868044,-76.222726,106.680000,41.012104,82.638889,3.521400,-0.339150,3.537694,174.498745,3.654725,-0.351991,3.671636,-2.434589,-2.566720,-7.519726,,18.493241,1011.673649,1.208456,9.998076,280000.000000,VFR,barnes,envelope,False
2026-04-29T19:13:51Z,34.869361,-76.221324,106.680000,41.012104,82.833333,3.521579,-0.337460,3.537711,174.526275,3.669791,-0.351662,3.686602,-2.435834,-2.565563,-7.516373,,18.491407,1011.671002,1.208461,9.998069,280000.000000,VFR,barnes,envelope,False
2026-04-29T19:14:01Z,34.870678,-76.219922,106.680000,41.012104,83.027778,3.520740,-0.336500,3.536785,174.540461,3.545434,-0.338860,3.561591,-2.435831,-2.564288,-7.512680,,18.489566,1011.668492,1.208465,9.998062,280000.000000,VFR,barnes,envelope,False
2026-04-29T19:14:11Z,34.871995,-76.218521,106.680000,41.012104,83.222222,3.511023,-0.341740,3.527615,174.440719,3.519977,-0.342611,3.536611,-2.425060,-2.561865,-7.505663,,18.487719,1011.667178,1.208472,9.998056,280000.000000,VFR,barnes,envelope,False
2026-04-29T19:14:21Z,34.873312,-76.217119,106.680000,41.012104,83.416667,3.501296,-0.347008,3.518449,174.339986,3.550654,-0.351900,3.568050,-2.414263,-2.559457,-7.498689,,18.485865,1011.665865,1.208478,9.998049,280000.000000,VFR,barnes,envelope,False
2026-04-29T19:14:31Z,34.874629,-76.215717,106.680000,41.012104,83.611111,3.491559,-0.352305,3.509288,174.238255,3.351882,-0.338211,3.368902,-2.403440,-2.557064,-7.491758,,18.484005,1011.664553,1.208484,9.998042,280000.000000,VFR,barnes,envelope,False
2026-04-29T19:14:41Z,34.875946,-76.214315,106.680000,41.012104,83.805556,3.481813,-0.357629,3.500131,174.135517,3.277461,-0.336639,3.294704,-2.392592,-2.554686,-7.484871,,18.482139,1011.663241,1.208490,9.998035,280000.000000,VFR,barnes,envelope,False
2026-04-29T19:14:51Z,34.877263,-76.212914,106.680000,41.012104,84.000000,3.472057,-0.362982,3.490980,174.031765,3.237959,-0.338508,3.255605,-2.381718,-2.552324,-7.478027,,18.480266,1011.661930,1.208496,9.998029,280000.000000,VFR,barnes,envelope,False
2026-04-29T19:15:01Z,34.878580,-76.211512,106.680000,41.012104,84.194444,3.463073,-0.368062,3.482577,173.933272,3.174558,-0.337398,3.192437,-2.371605,-2.550261,-7.472052,,17.825052,1011.660619,1.211216,9.998022,280000.000000,VFR,barnes,envelope,False
2026-04-29T19:15:11Z,34.879897,-76.210110,106.680000,41.012104,84.388889,3.461103,-0.370458,3.480872,173.890617,3.261228,-0.349065,3.279856,-2.368546,-2.550777,-7.473545,,17.824011,1011.659301,1.211219,9.998016,280000.000000,VFR,barnes,envelope,False
2026-04-29T19:15:21Z,34.881214,-76.208708,106.680000,41.012104,84.583333,3.459126,-0.372878,3.479166,173.847533,3.395905,-0.366063,3.415578,-2.365467,-2.551305,-7.475077,,17.822966,1011.657984,1.211221,9.998009,280000.000000,VFR,barnes,envelope,False
2026-04-29T19:15:31Z,34.882531,-76.207306,106.680000,41.012104,84.777778,3.457144,-0.375321,3.477457,173.804017,3.482953,-0.378123,3.503418,-2.362368,-2.551848,-7.476648,,17.821915,1011.656668,1.211224,9.998003,280000.000000,VFR,barnes,envelope,False
2026-04-29T19:15:41Z,34.883848,-76.205905,106.680000,41.012104,84.972222,3.455155,-0.377787,3.475748,173.760070,3.585364,-0.392024,3.606732,-2.359250,-2.552404,-7.478258,,17.820860,1011.655352,1.211227,9.997996,280000.000000,VFR,barnes,envelope,False
2026-04-29T19:15:51Z,34.885164,-76.204503,106.680000,41.012104,85.166667,3.453161,-0.380275,3.474036,173.715690,3.521532,-0.387805,3.542821,-2.356111,-2.552973,-7.479906,,17.819800,1011.654037,1.211230,9.997990,280000.000000,VFR,barnes,envelope,False
2026-04-29T19:16:01Z,34.886481,-76.203101,106.680000,41.012104,85.361111,3.451160,-0.382787,3.472324,173.670876,3.517414,-0.390136,3.538984,-2.352953,-2.553555,-7.481593,,17.818734,1011.652722,1.211233,9.997983,280000.000000,VFR,barnes,envelope,False
2026-04-29T19:16:11Z,34.887798,-76.201699,106.680000,41.012104,85.555556,3.449153,-0.385322,3.470609,173.625627,3.498511,-0.390836,3.520274,-2.349775,-2.554151,-7.483319,,17.817664,1011.651408,1.211236,9.997977,280000.000000,VFR,barnes,envelope,False
2026-04-29T19:16:21Z,34.889115,-76.200298,106.680000,41.012104,85.750000,3.447139,-0.387881,3.468893,173.579942,3.495725,-0.393348,3.517785,-2.346577,-2.554760,-7.485084,,17.816589,1011.650094,1.211238,9.997970,280000.000000,VFR,barnes,envelope,False
2026-04-29T19:16:31Z,34.890432,-76.198896,106.680000,41.012104,85.944444,3.445120,-0.390462,3.467176,173.533820,3.647488,-0.413398,3.670840,-2.343359,-2.555382,-7.486887,,17.815508,1011.648781,1.211241,9.997964,280000.000000,VFR,barnes,envelope,False
2026-04-29T19:16:41Z,34.891749,-76.197494,106.680000,41.012104,86.138889,3.443094,-0.393067,3.465457,173.487260,3.557121,-0.406084,3.580226,-2.340121,-2.556018,-7.488728,,17.814423,1011.647468,1.211244,9.997957,280000.000000,VFR,barnes,envelope,False
2026-04-29T19:16:51Z,34.893066,-76.196092,106.680000,41.012104,86.333333,3.441061,-0.395694,3.463737,173.440260,3.633171,-0.417785,3.657113,-2.336863,-2.556667,-7.490608,,17.813332,1011.646156,1.211247,9.997951,280000.000000,VFR,barnes,envelope,False
2026-04-29T19:17:01Z,34.894383,-76.194690,106.680000,41.012104,86.527778,3.439022,-0.398345,3.462016,173.392821,3.610339,-0.418189,3.634478,-2.333585,-2.557329,-7.492526,,17.812237,1011.644845,1.211250,9.997944,280000.000000,VFR,barnes,envelope,False
2026-04-29T19:17:11Z,34.895700,-76.193289,106.680000,41.012104,86.722222,3.436977,-0.401019,3.460293,173.344940,3.651522,-0.426052,3.676293,-2.330287,-2.558005,-7.494483,,17.811137,1011.643534,1.211253,9.997938,280000.000000,VFR,barnes,envelope,False
2026-04-29T19:17:21Z,34.897017,-76.191887,106.680000,41.012104,86.916667,3.434925,-0.403717,3.458568,173.296617,3.664809,-0.430735,3.690035,-2.326968,-2.558694,-7.496478,,17.810031,1011.642223,1.211256,9.997931,280000.000000,VFR,barnes,envelope,False
2026-04-29T19:17:31Z,34.898334,-76.190485,106.680000,41.012104,87.111111,3.432866,-0.406437,3.456843,173.247851,3.541232,-0.419267,3.565965,-2.323630,-2.559396,-7.498512,,17.808921,1011.640913,1.211259,9.997924,280000.000000,VFR,barnes,envelope,False
2026-04-29T19:17:41Z,34.899651,-76.189083,106.680000,41.012104,87.305556,3.430801,-0.409181,3.455116,173.198641,3.533821,-0.421468,3.558866,-2.320271,-2.560111,-7.500583,,17.807805,1011.639604,1.211262,9.997918,280000.000000,VFR,barnes,envelope,False
2026-04-29T19:17:51Z,34.900968,-76.187681,106.680000,41.012104,87.500000,3.428730,-0.411948,3.453388,173.148985,3.388961,-0.407170,3.413334,-2.316892,-2.560839,-7.502693,,17.806685,1011.638295,1.211266,9.997911,280000.000000,VFR,barnes,envelope,False
2026-04-29T19:18:01Z,34.902285,-76.186280,106.680000,41.012104,87.694444,3.426651,-0.414738,3.451658,173.098883,3.435327,-0.415788,3.460397,-2.313493,-2.561581,-7.504841,,17.805559,1011.636987,1.211269,9.997905,280000.000000,VFR,barnes,envelope,False
2026-04-29T19:18:11Z,34.903602,-76.184878,106.680000,41.012104,87.888889,3.424566,-0.417552,3.449928,173.048333,3.442977,-0.419796,3.468475,-2.310073,-2.562336,-7.507027,,17.804428,1011.635679,1.211272,9.997898,280000.000000,VFR,barnes,envelope,False
2026-04-29T19:18:21Z,34.904919,-76.183476,106.680000,41.012104,88.083333,3.422474,-0.420389,3.448196,172.997336,3.428265,-0.421100,3.454031,-2.306633,-2.563104,-7.509251,,17.803293,1011.634371,1.211275,9.997891,280000.000000,VFR,barnes,envelope,False
2026-04-29T19:18:31Z,34.906236,-76.182074,106.680000,41.012104,88.277778,3.420375,-0.423249,3.446463,172.945889,3.465438,-0.428825,3.491869,-2.303172,-2.563885,-7.511513,,17.802152,1011.633064,1.211278,9.997885,280000.000000,VFR,barnes,envelope,False
2026-04-29T19:18:41Z,34.907553,-76.180673,106.680000,41.012104,88.472222,3.418270,-0.426132,3.444729,172.893991,3.446196,-0.429613,3.472871,-2.299692,-2.564679,-7.513813,,17.801006,1011.631758,1.211281,9.997878,280000.000000,VFR,barnes,envelope,False
2026-04-29T19:18:51Z,34.908869,-76.179271,106.680000,41.012104,88.666667,3.416158,-0.429039,3.442994,172.841642,3.437902,-0.431770,3.464909,-2.296190,-2.565486,-7.516151,,17.799855,1011.630452,1.211285,9.997872,280000.000000,VFR,barnes,envelope,False
2026-04-29T19:19:01Z,34.910186,-76.177869,106.680000,41.012104,88.861111,3.414038,-0.431969,3.441258,172.788841,3.377003,-0.427283,3.403927,-2.292668,-2.566306,-7.518526,,17.798699,1011.629146,1.211288,9.997865,280000.000000,VFR,barnes,envelope,False
2026-04-29T19:19:11Z,34.911503,-76.176467,106.680000,41.012104,89.055556,3.411912,-0.434922,3.439521,172.735586,3.380595,-0.430930,3.407950,-2.289126,-2.567139,-7.520939,,17.797538,1011.627841,1.211291,9.997858,280000.000000,VFR,barnes,envelope,False
2026-04-29T19:19:21Z,34.912820,-76.175065,106.680000,41.012104,89.250000,3.409779,-0.437899,3.437782,172.681877,3.383693,-0.434549,3.411482,-2.285563,-2.567986,-7.523391,,17.796372,1011.626537,1.211294,9.997852,280000.000000,VFR,barnes,envelope,False
2026-04-29T19:19:31Z,34.914137,-76.173664,106.680000,41.012104,89.444444,3.407639,-0.440899,3.436043,172.627712,3.373214,-0.436445,3.401331,-2.281979,-2.568845,-7.525879,,17.795201,1011.625233,1.211298,9.997845,280000.000000,VFR,barnes,envelope,False
2026-04-29T19:19:41Z,34.915454,-76.172262,106.680000,41.012104,89.638889,3.405491,-0.443923,3.434303,172.573090,3.385399,-0.441303,3.414041,-2.278375,-2.569717,-7.528406,,17.794025,1011.623929,1.211301,9.997838,280000.000000,VFR,barnes,envelope,False
2026-04-29T19:19:51Z,34.916771,-76.170860,106.680000,41.012104,89.833333,3.403337,-0.446969,3.432562,172.518012,3.416708,-0.448726,3.446048,-2.274750,-2.570603,-7.530969,,17.792843,1011.622626,1.211304,9.997832,280000.000000,VFR,barnes,envelope,False
2026-04-29T19:20:01Z,34.918088,-76.169458,106.680000,41.012104,90.027778,3.400422,-0.450201,3.430095,172.458158,3.429314,-0.454026,3.459239,-2.270430,-2.571128,-7.532491,,17.791653,1011.621037,1.211307,9.997825,280000.000000,VFR,barnes,envelope,False
2026-04-29T19:20:11Z,34.919405,-76.168057,106.680000,41.012104,90.222222,3.390719,-0.454899,3.421098,172.358819,3.476423,-0.466397,3.507570,-2.260025,-2.568306,-7.524319,,17.790418,1011.616871,1.211308,9.997818,280000.000000,VFR,barnes,envelope,False
2026-04-29T19:20:21Z,34.920722,-76.166655,106.680000,41.012104,90.416667,3.381003,-0.459612,3.412100,172.258684,3.492264,-0.474737,3.524385,-2.249601,-2.565487,-7.516154,,17.789178,1011.612704,1.211308,9.997811,280000.000000,VFR,barnes,envelope,False
2026-04-29T19:20:31Z,34.922039,-76.165253,106.680000,41.012104,90.611111,3.371275,-0.464340,3.403103,172.157746,3.481474,-0.479519,3.514342,-2.239158,-2.562671,-7.507997,,17.787933,1011.608534,1.211308,9.997804,280000.000000,VFR,barnes,envelope,False
2026-04-29T19:20:41Z,34.923356,-76.163851,106.680000,41.012104,90.805556,3.361534,-0.469083,3.394105,172.055997,3.434399,-0.479251,3.467676,-2.228695,-2.559857,-7.499848,,17.786684,1011.604362,1.211308,9.997797,280000.000000,VFR,barnes,envelope,False
2026-04-29T19:20:51Z,34.924673,-76.162449,106.680000,41.012104,91.000000,3.351780,-0.473840,3.385108,171.953432,3.525089,-0.498341,3.560140,-2.218213,-2.557046,-7.491706,,17.785429,1011.600188,1.211308,9.997790,280000.000000,VFR,barnes,envelope,False
2026-04-29T19:21:01Z,34.925990,-76.161048,106.680000,41.012104,91.194444,3.342014,-0.478612,3.376112,171.850043,3.496216,-0.500696,3.531887,-2.207713,-2.554238,-7.483573,,17.784170,1011.596012,1.211309,9.997782,280000.000000,VFR,barnes,envelope,False
2026-04-29T19:21:11Z,34.927307,-76.159646,106.680000,41.012104,91.388889,3.332236,-0.483399,3.367116,171.745822,3.466044,-0.502810,3.502325,-2.197193,-2.551434,-7.475448,,17.782906,1011.591834,1.211309,9.997775,280000.000000,VFR,barnes,envelope,False
2026-04-29T19:21:21Z,34.928624,-76.158244,106.680000,41.012104,91.583333,3.322445,-0.488201,3.358121,171.640762,3.425739,-0.503379,3.462525,-2.186654,-2.548632,-7.467331,,17.781638,1011.587654,1.211309,9.997768,280000.000000,VFR,barnes,envelope,False
2026-04-29T19:21:31Z,34.929941,-76.156842,106.680000,41.012104,91.777778,3.312641,-0.493017,3.349128,171.534857,3.356683,-0.499572,3.393655,-2.176096,-2.545833,-7.459223,,17.780364,1011.583471,1.211309,9.997761,280000.000000,VFR,barnes,envelope,False
2026-04-29T19:21:41Z,34.931258,-76.155440,106.680000,41.012104,91.972222,3.302825,-0.497849,3.340136,171.428098,3.334356,-0.502601,3.372023,-2.165518,-2.543037,-7.451124,,17.779086,1011.579287,1.211310,9.997754,280000.000000,VFR,barnes,envelope,False
2026-04-29T19:21:51Z,34.932574,-76.154039,106.680000,41.012104,92.166667,3.292997,-0.502695,3.331145,171.320478,3.393957,-0.518107,3.433275,-2.154922,-2.540244,-7.443033,,17.777803,1011.575100,1.211310,9.997747,280000.000000,VFR,barnes,envelope,False
2026-04-29T19:22:01Z,34.933891,-76.152637,106.680000,41.012104,92.361111,3.283156,-0.507556,3.322157,171.211990,3.352743,-0.518314,3.392571,-2.144307,-2.537455,-7.434950,,17.776515,1011.570912,1.211310,9.997739,280000.000000,VFR,barnes,envelope,False
2026-04-29T19:22:11Z,34.935208,-76.151235,106.680000,41.012104,92.555556,3.273303,-0.512432,3.313171,171.102626,3.272250,-0.512267,3.312105,-2.133672,-2.534668,-7.426877,,17.775222,1011.566721,1.211311,9.997732,280000.000000,VFR,barnes,envelope,False
2026-04-29T19:22:21Z,34.936525,-76.149833,106.680000,41.012104,92.750000,3.263438,-0.517323,3.304187,170.992379,3.292416,-0.521916,3.333527,-2.123019,-2.531885,-7.418813,,17.773924,1011.562529,1.211311,9.997725,280000.000000,VFR,barnes,envelope,False
2026-04-29T19:22:31Z,34.937842,-76.148432,106.680000,41.012104,92.944444,3.253560,-0.522229,3.295205,170.881240,3.270975,-0.525024,3.312843,-2.112346,-2.529105,-7.410757,,17.772622,1011.558334,1.211312,9.997718,280000.000000,VFR,barnes,envelope,False
2026-04-29T19:22:41Z,34.939159,-76.147030,106.680000,41.012104,93.138889,3.243671,-0.527149,3.286227,170.769203,3.256262,-0.529196,3.298983,-2.101654,-2.526328,-7.402711,,17.771315,1011.554138,1.211312,9.997711,280000.000000,VFR,barnes,envelope,False
2026-04-29T19:22:51Z,34.940476,-76.145628,106.680000,41.012104,93.333333,3.233769,-0.532085,3.277251,170.656259,3.188345,-0.524611,3.231216,-2.090944,-2.523555,-7.394675,,17.770003,1011.549940,1.211312,9.997703,280000.000000,VFR,barnes,envelope,False
2026-04-29T19:23:01Z,34.941793,-76.144226,106.680000,41.012104,93.527778,3.223854,-0.537036,3.268278,170.542403,3.175349,-0.528956,3.219105,-2.080214,-2.520784,-7.386646,,17.768686,1011.545740,1.211313,9.997697,280000.000000,VFR,barnes,envelope,False
2026-04-29T19:23:11Z,34.943110,-76.142824,106.680000,41.012104,93.722222,3.213926,-0.542000,3.259307,170.427642,3.162326,-0.533298,3.206979,-2.069465,-2.518015,-7.378620,,17.767366,1011.541538,1.211313,9.997695,280000.000000,VFR,barnes,envelope,False
2026-04-29T19:23:21Z,34.944427,-76.141423,106.680000,41.012104,93.916667,3.203985,-0.546979,3.250339,170.311950,3.156420,-0.538859,3.202086,-2.058696,-2.515249,-7.370604,,17.766041,1011.537334,1.211314,9.997693,280000.000000,VFR,barnes,envelope,False
2026-04-29T19:23:31Z,34.945744,-76.140021,106.680000,41.012104,94.111111,3.194032,-0.551974,3.241375,170.195321,3.134830,-0.541743,3.181296,-2.047908,-2.512486,-7.362597,,17.764711,1011.533129,1.211314,9.997691,280000.000000,VFR,barnes,envelope,False
2026-04-29T19:23:41Z,34.947061,-76.138619,106.680000,41.012104,94.305556,3.184067,-0.556983,3.232416,170.077745,3.185269,-0.557193,3.233636,-2.037102,-2.509727,-7.354600,,17.763376,1011.528921,1.211315,9.997690,280000.000000,VFR,barnes,envelope,False
2026-04-29T19:23:51Z,34.948378,-76.137217,106.680000,41.012104,94.500000,3.174090,-0.562008,3.223461,169.959215,3.148900,-0.557547,3.197879,-2.026276,-2.506971,-7.346613,,17.762037,1011.524712,1.211315,9.997688,280000.000000,VFR,barnes,envelope,False
2026-04-29T19:24:01Z,34.949695,-76.135816,106.680000,41.012104,94.694444,3.164101,-0.567047,3.214511,169.839723,3.209257,-0.575140,3.260386,-2.015432,-2.504219,-7.338636,,17.760692,1011.520501,1.211316,9.997686,280000.000000,VFR,barnes,envelope,False
2026-04-29T19:24:11Z,34.951012,-76.134414,106.680000,41.012104,94.888889,3.154100,-0.572102,3.205565,169.719260,3.185462,-0.577791,3.237439,-2.004569,-2.501470,-7.330669,,17.759343,1011.516289,1.211317,9.997685,280000.000000,VFR,barnes,envelope,False
2026-04-29T19:24:21Z,34.952329,-76.133012,106.680000,41.012104,95.083333,3.144088,-0.577172,3.196626,169.597817,3.173494,-0.582570,3.226523,-1.993686,-2.498725,-7.322712,,17.757989,1011.512075,1.211317,9.997683,280000.000000,VFR,barnes,envelope,False
2026-04-29T19:24:31Z,34.953646,-76.131610,106.680000,41.012104,95.277778,3.134063,-0.582257,3.187691,169.475388,3.210745,-0.596503,3.265686,-1.982785,-2.495984,-7.314766,,17.756630,1011.507859,1.211318,9.997682,280000.000000,VFR,barnes,envelope,False
2026-04-29T19:24:41Z,34.954963,-76.130208,106.680000,41.012104,95.472222,3.124027,-0.587357,3.178763,169.351963,3.193036,-0.600332,3.248981,-1.971865,-2.493247,-7.306830,,17.755267,1011.503641,1.211318,9.997680,280000.000000,VFR,barnes,envelope,False
2026-04-29T19:24:51Z,34.956279,-76.128807,106.680000,41.012104,95.666667,3.113979,-0.592472,3.169840,169.227533,3.204645,-0.609723,3.262133,-1.960927,-2.490513,-7.298904,,17.753898,1011.499421,1.211319,9.997679,280000.000000,VFR,barnes,envelope,False
2026-04-29T19:25:01Z,34.957596,-76.127405,106.680000,41.012104,95.861111,3.105496,-0.598080,3.162563,169.099016,3.169878,-0.610479,3.228128,-1.950846,-2.489177,-7.295031,,17.752525,1011.495506,1.211320,9.997678,280000.000000,VFR,barnes,envelope,False
2026-04-29T19:25:11Z,34.958913,-76.126003,106.680000,41.012104,96.055556,3.111183,-0.607962,3.170028,168.943061,3.132958,-0.612217,3.192215,-1.948652,-2.500366,-7.327467,,17.751147,1011.494347,1.211324,9.997676,280000.000000,VFR,barnes,envelope,False
2026-04-29T19:25:21Z,34.960230,-76.124601,106.680000,41.012104,96.250000,3.116839,-0.617808,3.177478,168.788368,3.139161,-0.622233,3.200235,-1.946459,-2.511507,-7.359760,,17.749764,1011.493189,1.211329,9.997675,280000.000000,VFR,barnes,envelope,False
2026-04-29T19:25:31Z,34.961547,-76.123199,106.680000,41.012104,96.444444,3.122463,-0.627619,3.184915,168.634926,3.140710,-0.631286,3.203527,-1.944265,-2.522601,-7.391911,,17.748377,1011.492032,1.211333,9.997674,280000.000000,VFR,barnes,envelope,False
2026-04-29T19:25:41Z,34.962864,-76.121798,106.680000,41.012104,96.638889,3.128057,-0.637393,3.192336,168.482724,3.088784,-0.629390,3.152256,-1.942072,-2.533647,-7.423918,,17.746984,1011.490878,1.211338,9.997672,280000.000000,VFR,barnes,envelope,False
2026-04-29T19:25:51Z,34.964181,-76.120396,106.680000,41.012104,96.833333,3.133620,-0.647131,3.199742,168.331754,3.077100,-0.635458,3.142029,-1.939880,-2.544645,-7.455783,,17.745587,1011.489725,1.211342,9.997671,280000.000000,VFR,barnes,envelope,False
2026-04-29T19:26:01Z,34.965498,-76.118994,106.680000,41.012104,97.027778,3.139151,-0.656832,3.207133,168.182003,3.112262,-0.651206,3.179660,-1.937687,-2.555595,-7.487504,,17.744185,1011.488573,1.211347,9.997670,280000.000000,VFR,barnes,envelope,False
2026-04-29T19:26:11Z,34.966815,-76.117592,106.680000,41.012104,97.222222,3.144652,-0.666497,3.214507,168.033464,3.076458,-0.652044,3.144798,-1.935495,-2.566498,-7.519081,,17.742778,1011.487423,1.211351,9.997669,280000.000000,VFR,barnes,envelope,False
2026-04-29T19:26:21Z,34.968132,-76.116191,106.680000,41.012104,97.416667,3.150121,-0.676125,3.221864,167.886125,3.063851,-0.657609,3.133629,-1.933304,-2.577352,-7.550515,,17.741366,1011.486275,1.211355,9.997668,280000.000000,VFR,barnes,envelope,False
2026-04-29T19:26:31Z,34.969449,-76.114789,106.680000,41.012104,97.611111,3.155559,-0.685717,3.229204,167.739977,3.067410,-0.666562,3.138998,-1.931113,-2.588158,-7.581805,,17.739949,1011.485129,1.211360,9.997667,280000.000000,VFR,barnes,envelope,False
2026-04-29T19:26:41Z,34.970766,-76.113387,106.680000,41.012104,97.805556,3.160966,-0.695272,3.236527,167.595011,3.058550,-0.672745,3.131663,-1.928923,-2.598916,-7.612950,,17.738528,1011.483984,1.211365,9.997666,280000.000000,VFR,barnes,envelope,False
2026-04-29T19:26:51Z,34.972083,-76.111985,106.680000,41.012104,98.000000,3.166341,-0.704790,3.243832,167.451216,3.119713,-0.694411,3.196062,-1.926733,-2.609625,-7.643951,,17.737101,1011.482841,1.211369,9.997665,280000.000000,VFR,barnes,envelope,False
2026-04-29T19:27:01Z,34.973400,-76.110583,106.680000,41.012104,98.194444,3.171685,-0.714271,3.251118,167.308584,3.106754,-0.699648,3.184561,-1.924544,-2.620286,-7.674807,,17.735670,1011.481700,1.211374,9.997664,280000.000000,VFR,barnes,envelope,False
2026-04-29T19:27:11Z,34.974717,-76.109182,106.680000,41.012104,98.388889,3.176998,-0.723715,3.258386,167.167104,3.168838,-0.721856,3.250017,-1.922356,-2.630899,-7.705518,,17.734235,1011.480560,1.211378,9.997663,280000.000000,VFR,barnes,envelope,False
2026-04-29T19:27:21Z,34.976034,-76.107780,106.680000,41.012104,98.583333,3.182280,-0.733121,3.265635,167.026768,3.249296,-0.748560,3.334407,-1.920168,-2.641463,-7.736084,,17.732794,1011.479422,1.211383,9.997663,280000.000000,VFR,barnes,envelope,False
2026-04-29T19:27:31Z,34.977351,-76.106378,106.680000,41.012104,98.777778,3.187530,-0.742491,3.272864,166.887565,3.195879,-0.744436,3.281437,-1.917981,-2.651978,-7.766504,,17.731348,1011.478286,1.211388,9.997662,280000.000000,VFR,barnes,envelope,False
2026-04-29T19:27:41Z,34.978668,-76.104976,106.680000,41.012104,98.972222,3.192749,-0.751823,3.280073,166.749487,3.184761,-0.749942,3.271867,-1.915796,-2.662444,-7.796779,,17.729898,1011.477151,1.211392,9.997661,280000.000000,VFR,barnes,envelope,False
2026-04-29T19:27:51Z,34.979984,-76.103575,106.680000,41.012104,99.166667,3.197936,-0.761117,3.287262,166.612526,3.135881,-0.746348,3.223474,-1.913611,-2.672861,-7.826908,,17.728443,1011.476018,1.211397,9.997661,280000.000000,VFR,barnes,envelope,False
2026-04-29T19:28:01Z,34.981301,-76.102173,106.680000,41.012104,99.361111,3.203092,-0.770374,3.294431,166.476670,3.195566,-0.768564,3.286690,-1.911427,-2.683230,-7.856892,,17.726983,1011.474887,1.211402,9.997660,280000.000000,VFR,barnes,envelope,False
2026-04-29T19:28:11Z,34.982618,-76.100771,106.680000,41.012104,99.555556,3.208216,-0.779593,3.301578,166.341913,3.199320,-0.777431,3.292423,-1.909244,-2.693549,-7.886728,,17.725518,1011.473757,1.211406,9.997659,280000.000000,VFR,barnes,envelope,False
2026-04-29T19:28:21Z,34.983935,-76.099369,106.680000,41.012104,99.750000,3.213309,-0.788774,3.308704,166.208244,3.253134,-0.798550,3.349711,-1.907062,-2.703819,-7.916419,,17.724049,1011.472629,1.211411,9.997659,280000.000000,VFR,barnes,envelope,False
2026-04-29T19:28:31Z,34.985252,-76.097967,106.680000,41.012104,99.944444,3.218371,-0.797918,3.315808,166.075655,3.288364,-0.815271,3.387920,-1.904881,-2.714040,-7.945962,,17.722574,1011.471503,1.211416,9.997658,280000.000000,VFR,barnes,envelope,False
2026-04-29T19:28:41Z,34.986569,-76.096566,106.680000,41.012104,100.138889,3.223401,-0.807023,3.322890,165.944137,3.267183,-0.817984,3.368023,-1.902701,-2.724211,-7.975359,,17.721095,1011.470378,1.211421,9.997658,280000.000000,VFR,barnes,envelope,False
2026-04-29T19:28:51Z,34.987886,-76.095164,106.680000,41.012104,100.333333,3.228400,-0.816090,3.329950,165.813682,3.166749,-0.800506,3.266360,-1.900523,-2.734333,-8.004609,,17.719611,1011.469255,1.211426,9.997658,280000.000000,VFR,barnes,envelope,False
2026-04-29T19:29:01Z,34.989203,-76.093762,106.680000,41.012104,100.527778,3.233366,-0.825120,3.336987,165.684281,3.199437,-0.816461,3.301970,-1.898346,-2.744406,-8.033711,,17.718123,1011.468134,1.211431,9.997657,280000.000000,VFR,barnes,envelope,False
2026-04-29T19:29:11Z,34.990520,-76.092360,106.680000,41.012104,100.722222,3.238302,-0.834110,3.344000,165.555926,3.240896,-0.834779,3.346679,-1.896170,-2.754429,-8.062666,,17.716629,1011.467014,1.211435,9.997657,280000.000000,VFR,barnes,envelope,False
2026-04-29T19:29:21Z,34.991837,-76.090958,106.680000,41.012104,100.916667,3.243206,-0.843063,3.350991,165.428608,3.232447,-0.840266,3.339874,-1.893995,-2.764402,-8.091474,,17.715131,1011.465896,1.211440,9.997657,280000.000000,VFR,barnes,envelope,False
2026-04-29T19:29:31Z,34.993154,-76.089557,106.680000,41.012104,101.111111,3.248078,-0.851977,3.357957,165.302318,3.254464,-0.853652,3.364559,-1.891822,-2.774326,-8.120133,,17.713628,1011.464779,1.211445,9.997657,280000.000000,VFR,barnes,envelope,False
2026-04-29T19:29:41Z,34.994471,-76.088155,106.680000,41.012104,101.305556,3.252918,-0.860852,3.364899,165.177050,3.201826,-0.847331,3.312048,-1.889651,-2.784199,-8.148644,,17.712120,1011.463665,1.211450,9.997656,280000.000000,VFR,barnes,envelope,False
2026-04-29T19:29:51Z,34.995788,-76.086753,106.680000,41.012104,101.500000,3.257727,-0.869689,3.371816,165.052793,3.154124,-0.842031,3.264585,-1.887480,-2.794023,-8.177007,,17.710607,1011.462551,1.211455,9.997656,280000.000000,VFR,barnes,envelope,False
2026-04-29T19:30:01Z,34.997105,-76.085351,106.680000,41.012104,101.694444,3.262009,-0.878341,3.378192,164.929748,3.193222,-0.859819,3.306956,-1.885034,-2.803361,-8.203964,,17.709132,1011.461342,1.211460,9.997656,280000.000000,VFR,barnes,envelope,False
2026-04-29T19:30:11Z,34.998422,-76.083950,106.680000,41.012104,101.888889,3.261814,-0.885662,3.379916,164.809044,3.202933,-0.869675,3.318903,-1.880082,-2.808758,-8.219544,,17.708028,1011.459259,1.211462,9.997656,280000.000000,VFR,barnes,envelope,False
2026-04-29T19:30:21Z,34.999739,-76.082548,106.680000,41.012104,102.083333,3.261623,-0.892989,3.381659,164.688396,3.236043,-0.885986,3.355137,-1.875130,-2.814161,-8.235139,,17.706922,1011.457180,1.211464,9.997656,280000.000000,VFR,barnes,envelope,False
2026-04-29T19:30:31Z,35.001056,-76.081146,106.680000,41.012104,102.277778,3.261435,-0.900321,3.383421,164.567807,3.239543,-0.894278,3.360710,-1.870177,-2.819570,-8.250748,,17.705814,1011.455105,1.211466,9.997656,280000.000000,VFR,barnes,envelope,False
2026-04-29T19:30:41Z,35.002373,-76.079744,106.680000,41.012104,102.472222,3.261249,-0.907657,3.385202,164.447277,3.246700,-0.903608,3.370099,-1.865223,-2.824984,-8.266373,,17.704704,1011.453035,1.211468,9.997657,280000.000000,VFR,barnes,envelope,False
2026-04-29T19:30:51Z,35.003689,-76.078342,106.680000,41.012104,102.666667,3.261067,-0.914998,3.387002,164.326810,3.218328,-0.903006,3.342612,-1.860268,-2.830403,-8.282012,,17.703592,1011.450970,1.211471,9.997657,280000.000000,VFR,barnes,envelope,False
2026-04-29T19:31:01Z,35.005006,-76.076941,106.680000,41.012104,102.861111,3.260887,-0.922344,3.388820,164.206407,3.245298,-0.917935,3.372620,-1.855311,-2.835828,-8.297665,,17.702478,1011.448909,1.211473,9.997657,280000.000000,VFR,barnes,envelope,False
2026-04-29T19:31:11Z,35.006323,-76.075539,106.680000,41.012104,103.055556,3.260710,-0.929695,3.390658,164.086070,3.230707,-0.921140,3.359460,-1.850354,-2.841259,-8.313333,,17.701362,1011.446852,1.211475,9.997657,280000.000000,VFR,barnes,envelope,False
2026-04-29T19:31:21Z,35.007640,-76.074137,106.680000,41.012104,103.250000,3.260536,-0.937050,3.392515,163.965802,3.185203,-0.915400,3.314133,-1.845396,-2.846694,-8.329014,,17.700244,1011.444801,1.211477,9.997658,280000.000000,VFR,barnes,envelope,False
2026-04-29T19:31:31Z,35.008957,-76.072735,106.680000,41.012104,103.444444,3.260364,-0.944410,3.394390,163.845603,3.212441,-0.930528,3.344498,-1.840437,-2.852135,-8.344708,,17.699123,1011.442753,1.211479,9.997658,280000.000000,VFR,barnes,envelope,False
2026-04-29T19:31:41Z,35.010274,-76.071333,106.680000,41.012104,103.638889,3.260194,-0.951774,3.396283,163.725477,3.247038,-0.947933,3.382578,-1.835476,-2.857581,-8.360416,,17.698001,1011.440711,1.211482,9.997659,280000.000000,VFR,barnes,envelope,False
2026-04-29T19:31:51Z,35.011591,-76.069932,106.680000,41.012104,103.833333,3.260027,-0.959143,3.398195,163.605425,3.267296,-0.961281,3.405773,-1.830515,-2.863031,-8.376137,,17.696877,1011.438673,1.211484,9.997659,280000.000000,VFR,barnes,envelope,False
2026-04-29T19:32:01Z,35.012908,-76.068530,106.680000,41.012104,104.027778,3.259862,-0.966516,3.400126,163.485448,3.237223,-0.959804,3.376513,-1.825552,-2.868487,-8.391870,,17.695750,1011.436639,1.211486,9.997660,280000.000000,VFR,barnes,envelope,False
2026-04-29T19:32:11Z,35.014225,-76.067128,106.680000,41.012104,104.222222,3.259700,-0.973893,3.402075,163.365550,3.208375,-0.958559,3.348508,-1.820588,-2.873947,-8.407616,,17.694622,1011.434610,1.211488,9.997660,280000.000000,VFR,barnes,envelope,False
2026-04-29T19:32:21Z,35.015542,-76.065726,106.680000,41.012104,104.416667,3.259540,-0.981275,3.404042,163.245731,3.224794,-0.970815,3.367755,-1.815623,-2.879412,-8.423374,,17.693491,1011.432586,1.211491,9.997661,280000.000000,VFR,barnes,envelope,False
2026-04-29T19:32:31Z,35.016859,-76.064325,106.680000,41.012104,104.611111,3.259382,-0.988661,3.406027,163.125995,3.199595,-0.970526,3.343551,-1.810657,-2.884881,-8.439144,,17.692359,1011.430566,1.211493,9.997662,280000.000000,VFR,barnes,envelope,False
2026-04-29T19:32:41Z,35.018176,-76.062923,106.680000,41.012104,104.805556,3.259226,-0.996051,3.408030,163.006342,3.198319,-0.977437,3.344343,-1.805690,-2.890355,-8.454926,,17.691224,1011.428551,1.211495,9.997663,280000.000000,VFR,barnes,envelope,False
2026-04-29T19:32:51Z,35.019493,-76.061521,106.680000,41.012104,105.000000,3.259072,-1.003445,3.410052,162.886774,3.187577,-0.981432,3.335245,-1.800722,-2.895834,-8.470719,,17.690088,1011.426540,1.211498,9.997664,280000.000000,VFR,barnes,envelope,False
2026-04-29T19:33:01Z,35.020810,-76.060119,106.680000,41.012104,105.194444,3.258920,-1.010843,3.412091,162.767293,3.183030,-0.987304,3.332634,-1.795752,-2.901316,-8.486524,,17.688950,1011.424534,1.211500,9.997664,280000.000000,VFR,barnes,envelope,False
2026-04-29T19:33:11Z,35.022127,-76.058717,106.680000,41.012104,105.388889,3.258770,-1.018245,3.414148,162.647902,3.203892,-1.001098,3.356653,-1.790782,-2.906803,-8.502339,,17.687810,1011.422533,1.211502,9.997665,280000.000000,VFR,barnes,envelope,False
2026-04-29T19:33:21Z,35.023444,-76.057316,106.680000,41.012104,105.583333,3.258622,-1.025651,3.416222,162.528601,3.238134,-1.019203,3.394744,-1.785810,-2.912294,-8.518165,,17.686667,1011.420536,1.211505,9.997666,280000.000000,VFR,barnes,envelope,False
2026-04-29T19:33:31Z,35.024761,-76.055914,106.680000,41.012104,105.777778,3.258475,-1.033061,3.418315,162.409394,3.257374,-1.032712,3.417160,-1.780837,-2.917789,-8.534001,,17.685523,1011.418544,1.211507,9.997668,280000.000000,VFR,barnes,envelope,False
2026-04-29T19:33:41Z,35.026078,-76.054512,106.680000,41.012104,105.972222,3.258330,-1.040475,3.420425,162.290280,3.250620,-1.038013,3.412330,-1.775863,-2.923289,-8.549848,,17.684377,1011.416556,1.211509,9.997669,280000.000000,VFR,barnes,envelope,False
2026-04-29T19:33:51Z,35.027394,-76.053110,106.680000,41.012104,106.166667,3.258187,-1.047892,3.422552,162.171263,3.294287,-1.059503,3.460473,-1.770887,-2.928792,-8.565704,,17.683229,1011.414573,1.211512,9.997670,280000.000000,VFR,barnes,envelope,False
2026-04-29T19:34:01Z,35.028711,-76.051709,106.680000,41.012104,106.361111,3.258045,-1.055313,3.424697,162.052344,3.276770,-1.061378,3.444379,-1.765910,-2.934298,-8.581570,,17.682080,1011.412595,1.211514,9.997671,280000.000000,VFR,barnes,envelope,False
2026-04-29T19:34:11Z,35.030028,-76.050307,106.680000,41.012104,106.555556,3.257905,-1.062738,3.426858,161.933525,3.290455,-1.073356,3.461096,-1.760932,-2.939809,-8.597445,,17.680928,1011.410621,1.211517,9.997672,280000.000000,VFR,barnes,envelope,False
2026-04-29T19:34:21Z,35.031345,-76.048905,106.680000,41.012104,106.750000,3.257767,-1.070166,3.429038,161.814806,3.330425,-1.094035,3.505516,-1.755953,-2.945323,-8.613329,,17.679774,1011.408651,1.211519,9.997674,280000.000000,VFR,barnes,envelope,False
2026-04-29T19:34:31Z,35.032662,-76.047503,106.680000,41.012104,106.944444,3.257629,-1.077598,3.431234,161.696191,3.334463,-1.103014,3.512163,-1.750973,-2.950841,-8.629223,,17.678619,1011.406687,1.211522,9.997675,280000.000000,VFR,barnes,envelope,False
2026-04-29T19:34:41Z,35.033979,-76.046101,106.680000,41.012104,107.138889,3.257493,-1.085033,3.433447,161.577681,3.341890,-1.113145,3.522402,-1.745991,-2.956362,-8.645124,,17.677462,1011.404727,1.211524,9.997677,280000.000000,VFR,barnes,envelope,False
2026-04-29T19:34:51Z,35.035296,-76.044700,106.680000,41.012104,107.333333,3.257358,-1.092472,3.435677,161.459277,3.282818,-1.101011,3.462531,-1.741008,-2.961886,-8.661034,,17.676303,1011.402771,1.211526,9.997678,280000.000000,VFR,barnes,envelope,False
2026-04-29T19:35:01Z,35.036613,-76.043298,106.680000,41.012104,107.527778,3.256349,-1.098271,3.436569,161.362260,3.339097,-1.126179,3.523897,-1.736441,-2.965599,-8.671728,,17.675142,1011.400549,1.211529,9.997680,280000.000000,VFR,barnes,envelope,False
2026-04-29T19:35:11Z,35.037930,-76.041896,106.680000,41.012104,107.722222,3.247451,-1.089314,3.425280,161.456657,3.297425,-1.106077,3.477990,-1.735604,-2.953002,-8.635449,,17.673979,1011.395887,1.211528,9.997681,280000.000000,VFR,barnes,envelope,False
2026-04-29T19:35:21Z,35.039247,-76.040494,106.680000,41.012104,107.916667,3.238543,-1.080410,3.414007,161.550785,3.307520,-1.103422,3.486722,-1.734725,-2.940438,-8.599257,,17.672815,1011.391226,1.211527,9.997683,280000.000000,VFR,barnes,envelope,False
2026-04-29T19:35:31Z,35.040564,-76.039092,106.680000,41.012104,108.111111,3.229624,-1.071559,3.402750,161.644639,3.320159,-1.101598,3.498139,-1.733804,-2.927906,-8.563152,,17.671649,1011.386567,1.211526,9.997685,280000.000000,VFR,barnes,envelope,False
2026-04-29T19:35:41Z,35.041881,-76.037691,106.680000,41.012104,108.305556,3.220694,-1.062760,3.391509,161.738213,3.355029,-1.107088,3.532968,-1.732839,-2.915407,-8.527136,,17.670481,1011.381909,1.211526,9.997687,280000.000000,VFR,barnes,envelope,False
2026-04-29T19:35:51Z,35.043198,-76.036289,106.680000,41.012104,108.500000,3.211754,-1.054015,3.380283,161.831503,3.408825,-1.118688,3.587694,-1.731833,-2.902941,-8.491207,,17.669311,1011.377253,1.211525,9.997689,280000.000000,VFR,barnes,envelope,False
2026-04-29T19:36:01Z,35.044515,-76.034887,106.680000,41.012104,108.694444,3.202803,-1.045322,3.369072,161.924503,3.371781,-1.100472,3.546821,-1.730783,-2.890508,-8.455367,,17.668140,1011.372598,1.211524,9.997691,280000.000000,VFR,barnes,envelope,False
2026-04-29T19:36:11Z,35.045832,-76.033485,106.680000,41.012104,108.888889,3.193842,-1.036682,3.357877,162.017208,3.343109,-1.085132,3.514810,-1.729691,-2.878108,-8.419615,,17.666966,1011.367945,1.211524,9.997693,280000.000000,VFR,barnes,envelope,False
2026-04-29T19:36:21Z,35.047149,-76.032084,106.680000,41.012104,109.083333,3.184870,-1.028095,3.346697,162.109611,3.308634,-1.068047,3.476749,-1.728556,-2.865742,-8.383953,,17.665791,1011.363293,1.211523,9.997695,280000.000000,VFR,barnes,envelope,False
2026-04-29T19:36:31Z,35.048466,-76.030682,106.680000,41.012104,109.277778,3.175888,-1.019562,3.335532,162.201709,3.307133,-1.061695,3.473373,-1.727378,-2.853408,-8.348381,,17.664615,1011.358643,1.211522,9.997697,280000.000000,VFR,barnes,envelope,False
2026-04-29T19:36:41Z,35.049783,-76.029280,106.680000,41.012104,109.472222,3.166896,-1.011082,3.324382,162.293494,3.244979,-1.036011,3.406348,-1.726157,-2.841108,-8.312899,,17.663437,1011.353994,1.211522,9.997699,280000.000000,VFR,barnes,envelope,False
2026-04-29T19:36:51Z,35.051099,-76.027878,106.680000,41.012104,109.666667,3.157893,-1.002655,3.313247,162.384962,3.266033,-1.036990,3.426707,-1.724894,-2.828842,-8.277507,,17.662257,1011.349347,1.211521,9.997702,280000.000000,VFR,barnes,envelope,False
2026-04-29T19:37:01Z,35.052416,-76.026476,106.680000,41.012104,109.861111,3.148880,-0.994282,3.302127,162.476106,3.273528,-1.033640,3.432841,-1.723587,-2.816610,-8.242206,,17.661075,1011.344701,1.211520,9.997704,280000.000000,VFR,barnes,envelope,False
2026-04-29T19:37:11Z,35.053733,-76.025075,106.680000,41.012104,110.055556,3.139857,-0.985963,3.291022,162.566922,3.220650,-1.011333,3.375704,-1.722238,-2.804411,-8.206996,,17.659892,1011.340057,1.211520,9.997706,280000.000000,VFR,barnes,envelope,False
2026-04-29T19:37:21Z,35.054653,-76.023345,106.680000,71.060913,110.250000,3.130658,-0.977500,3.279714,162.659828,3.149986,-0.983535,3.299962,-0.091513,-3.278437,-9.570363,,17.658660,1011.335576,1.211519,9.997712,280000.000000,VFR,barnes,envelope,False
2026-04-29T19:37:31Z,35.055216,-76.021321,106.680000,71.060913,110.444444,3.121299,-0.968914,3.268226,162.754600,3.107935,-0.964766,3.254233,-0.096596,-3.266799,-9.537014,,17.657383,1011.331242,1.211520,9.997721,280000.000000,VFR,barnes,envelope,False
2026-04-29T19:37:41Z,35.055780,-76.019297,106.680000,71.060913,110.638889,3.111929,-0.960384,3.256753,162.849063,3.095023,-0.955166,3.239060,-0.101624,-3.255167,-9.503678,,17.656102,1011.326911,1.211520,9.997729,280000.000000,VFR,barnes,envelope,False
2026-04-29T19:37:51Z,35.056343,-76.017272,106.680000,71.060913,110.833333,3.102549,-0.951908,3.245295,162.943213,3.098354,-0.950621,3.240907,-0.106596,-3.243544,-9.470358,,17.654816,1011.322585,1.211520,9.997738,280000.000000,VFR,barnes,envelope,False
2026-04-29T19:38:01Z,35.056906,-76.015248,106.680000,71.060913,111.027778,3.093157,-0.943487,3.233850,163.037045,3.043895,-0.928461,3.182348,-0.111513,-3.231927,-9.437052,,17.653527,1011.318262,1.211520,9.997747,280000.000000,VFR,barnes,envelope,False
2026-04-29T19:38:11Z,35.057469,-76.013224,106.680000,71.060913,111.222222,3.083755,-0.935120,3.222420,163.130553,3.055479,-0.926546,3.192873,-0.116375,-3.220318,-9.403761,,17.652233,1011.313943,1.211520,9.997756,280000.000000,VFR,barnes,envelope,False
2026-04-29T19:38:21Z,35.058033,-76.011200,106.680000,71.060913,111.416667,3.074341,-0.926809,3.211004,163.223731,3.049083,-0.919195,3.184623,-0.121181,-3.208717,-9.370485,,17.650935,1011.309627,1.211521,9.997765,280000.000000,VFR,barnes,envelope,False
2026-04-29T19:38:31Z,35.058596,-76.009176,106.680000,71.060913,111.611111,3.064917,-0.918553,3.199602,163.316575,3.034240,-0.909359,3.167577,-0.125932,-3.197123,-9.337225,,17.649633,1011.305316,1.211521,9.997773,280000.000000,VFR,barnes,envelope,False
2026-04-29T19:38:41Z,35.059159,-76.007152,106.680000,71.060913,111.805556,3.055482,-0.910352,3.188214,163.409078,3.007824,-0.896152,3.138486,-0.130627,-3.185537,-9.303980,,17.648328,1011.301008,1.211521,9.997782,280000.000000,VFR,barnes,envelope,False
2026-04-29T19:38:51Z,35.059722,-76.005128,106.680000,71.060913,112.000000,3.046036,-0.902205,3.176840,163.501236,2.994264,-0.886871,3.122845,-0.135266,-3.173959,-9.270752,,17.647018,1011.296704,1.211521,9.997791,280000.000000,VFR,barnes,envelope,False
2026-04-29T19:39:01Z,35.060285,-76.003104,106.680000,71.060913,112.194444,3.036579,-0.894115,3.165479,163.593042,3.029501,-0.892030,3.158099,-0.139850,-3.162388,-9.237539,,17.645704,1011.292403,1.211522,9.997800,280000.000000,VFR,barnes,envelope,False
2026-04-29T19:39:11Z,35.060849,-76.001079,106.680000,71.060913,112.388889,3.027112,-0.886079,3.154131,163.684492,2.984349,-0.873562,3.109573,-0.144378,-3.150825,-9.204343,,17.644386,1011.288107,1.211522,9.997809,280000.000000,VFR,barnes,envelope,False
2026-04-29T19:39:21Z,35.061412,-75.999055,106.680000,71.060913,112.583333,3.017634,-0.878099,3.142797,163.775578,2.979618,-0.867036,3.103204,-0.148850,-3.139270,-9.171163,,17.643064,1011.283815,1.211522,9.997818,280000.000000,VFR,barnes,envelope,False
2026-04-29T19:39:31Z,35.061975,-75.997031,106.680000,71.060913,112.777778,3.008146,-0.870174,3.131477,163.866296,3.009824,-0.870659,3.133223,-0.153266,-3.127724,-9.138000,,17.641738,1011.279526,1.211523,9.997828,280000.000000,VFR,barnes,envelope,False
2026-04-29T19:39:41Z,35.062538,-75.995007,106.680000,71.060913,112.972222,2.998647,-0.862305,3.120169,163.956640,3.021447,-0.868861,3.143893,-0.157626,-3.116185,-9.104854,,17.640408,1011.275242,1.211523,9.997837,280000.000000,VFR,barnes,envelope,False
2026-04-29T19:39:51Z,35.063102,-75.992983,106.680000,71.060913,113.166667,2.989138,-0.854491,3.108874,164.046604,3.008270,-0.859960,3.128773,-0.161931,-3.104654,-9.071724,,17.639074,1011.270961,1.211524,9.997846,280000.000000,VFR,barnes,envelope,False
2026-04-29T19:40:01Z,35.063665,-75.990959,106.680000,71.060913,113.361111,2.979774,-0.847871,3.098054,164.116717,3.010234,-0.856538,3.129723,-0.165153,-3.093649,-9.040099,,18.222023,1011.267015,1.209095,9.997853,280000.000000,VFR,barnes,envelope,False
2026-04-29T19:40:11Z,35.064228,-75.988935,106.680000,71.060913,113.555556,2.971815,-0.851526,3.091405,164.011193,3.015016,-0.863905,3.136344,-0.159113,-3.087307,-9.021873,,18.219089,1011.266047,1.209106,9.997841,280000.000000,VFR,barnes,envelope,False
2026-04-29T19:40:21Z,35.064791,-75.986911,106.680000,71.060913,113.750000,2.963862,-0.855186,3.084773,163.905153,2.996216,-0.864522,3.118447,-0.153069,-3.080973,-9.003666,,18.216149,1011.265080,1.209117,9.997830,280000.000000,VFR,barnes,envelope,False
2026-04-29T19:40:31Z,35.065355,-75.984886,106.680000,71.060913,113.944444,2.955915,-0.858851,3.078159,163.798596,2.969825,-0.862893,3.092643,-0.147023,-3.074646,-8.985478,,18.213204,1011.264112,1.209128,9.997818,280000.000000,VFR,barnes,envelope,False
2026-04-29T19:40:41Z,35.065918,-75.982862,106.680000,71.060913,114.138889,2.947975,-0.862522,3.071563,163.691521,2.998685,-0.877359,3.124400,-0.140974,-3.068326,-8.967309,,18.210252,1011.263145,1.209139,9.997806,280000.000000,VFR,barnes,envelope,False
2026-04-29T19:40:51Z,35.066481,-75.980838,106.680000,71.060913,114.333333,2.940040,-0.866197,3.064985,163.583928,2.994969,-0.882380,3.122248,-0.134923,-3.062014,-8.949161,,18.207294,1011.262177,1.209150,9.997795,280000.000000,VFR,barnes,envelope,False
2026-04-29T19:41:01Z,35.067044,-75.978814,106.680000,71.060913,114.527778,2.932112,-0.869877,3.058426,163.475817,2.970903,-0.881386,3.098888,-0.128868,-3.055709,-8.931032,,18.204330,1011.261210,1.209162,9.997783,280000.000000,VFR,barnes,envelope,False
2026-04-29T19:41:11Z,35.067608,-75.976790,106.680000,71.060913,114.722222,2.924190,-0.873563,3.051885,163.367186,2.956110,-0.883098,3.085199,-0.122812,-3.049413,-8.912924,,18.201360,1011.260243,1.209173,9.997771,280000.000000,VFR,barnes,envelope,False
2026-04-29T19:41:21Z,35.068171,-75.974766,106.680000,71.060913,114.916667,2.916275,-0.877253,3.045362,163.258036,2.928266,-0.880860,3.057884,-0.116752,-3.043124,-8.894837,,18.198384,1011.259275,1.209184,9.997759,280000.000000,VFR,barnes,envelope,False
2026-04-29T19:41:31Z,35.068734,-75.972742,106.680000,71.060913,115.111111,2.908366,-0.880948,3.038859,163.148367,2.939996,-0.890529,3.071908,-0.110690,-3.036842,-8.876770,,18.195402,1011.258308,1.209195,9.997748,280000.000000,VFR,barnes,envelope,False
2026-04-29T19:41:41Z,35.069297,-75.970718,106.680000,71.060913,115.305556,2.900464,-0.884648,3.032374,163.038177,2.917022,-0.889698,3.049685,-0.104626,-3.030569,-8.858724,,18.192415,1011.257341,1.209206,9.997736,280000.000000,VFR,barnes,envelope,False
2026-04-29T19:41:51Z,35.069860,-75.968693,106.680000,71.060913,115.500000,2.892569,-0.888353,3.025909,162.927466,2.916879,-0.895819,3.051340,-0.098559,-3.024304,-8.840699,,18.189421,1011.256373,1.209218,9.997724,280000.000000,VFR,barnes,envelope,False
2026-04-29T19:42:01Z,35.070424,-75.966669,106.680000,71.060913,115.694444,2.884681,-0.892062,3.019463,162.816235,2.907680,-0.899175,3.043537,-0.092490,-3.018046,-8.822695,,18.186421,1011.255406,1.209229,9.997714,280000.000000,VFR,barnes,envelope,False
2026-04-29T19:42:11Z,35.070987,-75.964645,106.680000,71.060913,115.888889,2.876799,-0.895776,3.013036,162.704482,2.913582,-0.907230,3.051562,-0.086419,-3.011797,-8.804713,,18.183416,1011.254438,1.209240,9.997722,280000.000000,VFR,barnes,envelope,False
2026-04-29T19:42:21Z,35.071550,-75.962621,106.680000,71.060913,116.083333,2.868925,-0.899495,3.006630,162.592208,2.918816,-0.915137,3.058915,-0.080346,-3.005556,-8.786753,,18.180405,1011.253471,1.209252,9.997730,280000.000000,VFR,barnes,envelope,False
2026-04-29T19:42:31Z,35.072113,-75.960597,106.680000,71.060913,116.277778,2.861058,-0.903218,3.000242,162.479413,2.906685,-0.917623,3.048089,-0.074271,-2.999323,-8.768815,,18.177387,1011.252503,1.209263,9.997739,280000.000000,VFR,barnes,envelope,False
2026-04-29T19:42:41Z,35.072677,-75.958573,106.680000,71.060913,116.472222,2.853198,-0.906946,2.993875,162.366096,2.877448,-0.914655,3.019321,-0.068194,-2.993098,-8.750898,,18.174365,1011.251536,1.209274,9.997747,280000.000000,VFR,barnes,envelope,False
2026-04-29T19:42:51Z,35.073240,-75.956549,106.680000,71.060913,116.666667,2.845345,-0.910679,2.987528,162.252257,2.875029,-0.920179,3.018695,-0.062115,-2.986882,-8.733005,,18.171336,1011.250568,1.209286,9.997755,280000.000000,VFR,barnes,envelope,False
2026-04-29T19:43:01Z,35.073803,-75.954525,106.680000,71.060913,116.861111,2.837500,-0.914415,2.981201,162.137896,2.862754,-0.922554,3.007734,-0.056034,-2.980674,-8.715134,,18.168301,1011.249601,1.209297,9.997764,280000.000000,VFR,barnes,envelope,False
2026-04-29T19:43:11Z,35.074366,-75.952500,106.680000,71.060913,117.055556,2.829662,-0.918157,2.974895,162.023013,2.853811,-0.925992,3.000283,-0.049952,-2.974475,-8.697285,,18.165261,1011.248633,1.209309,9.997772,280000.000000,VFR,barnes,envelope,False
2026-04-29T19:43:21Z,35.074930,-75.950476,106.680000,71.060913,117.250000,2.821832,-0.921902,2.968609,161.907608,2.830341,-0.924682,2.977561,-0.043867,-2.968285,-8.679460,,18.162215,1011.247665,1.209320,9.997781,280000.000000,VFR,barnes,envelope,False
2026-04-29T19:43:31Z,35.075493,-75.948452,106.680000,71.060913,117.444444,2.814009,-0.925652,2.962344,161.791681,2.828619,-0.930458,2.977724,-0.037782,-2.962103,-8.661658,,18.159163,1011.246697,1.209332,9.997789,280000.000000,VFR,barnes,envelope,False
2026-04-29T19:43:41Z,35.076056,-75.946428,106.680000,71.060913,117.638889,2.806195,-0.929406,2.956099,161.675232,2.846324,-0.942697,2.998373,-0.031694,-2.955930,-8.643880,,18.156106,1011.245729,1.209343,9.997798,280000.000000,VFR,barnes,envelope,False
2026-04-29T19:43:51Z,35.076619,-75.944404,106.680000,71.060913,117.833333,2.798388,-0.933164,2.949876,161.558262,2.820970,-0.940695,2.973681,-0.025606,-2.949765,-8.626125,,18.153043,1011.244760,1.209355,9.997806,280000.000000,VFR,barnes,envelope,False
2026-04-29T19:44:01Z,35.077183,-75.942380,106.680000,71.060913,118.027778,2.790589,-0.936927,2.943674,161.440769,2.838243,-0.952926,2.993942,-0.019516,-2.943610,-8.608394,,18.149974,1011.243792,1.209366,9.997815,280000.000000,VFR,barnes,envelope,False
2026-04-29T19:44:11Z,35.077746,-75.940356,106.680000,71.060913,118.222222,2.782798,-0.940694,2.937494,161.322755,2.797267,-0.945585,2.952767,-0.013424,-2.937463,-8.590688,,18.146900,1011.242823,1.209378,9.997823,280000.000000,VFR,barnes,envelope,False
2026-04-29T19:44:21Z,35.078309,-75.938332,106.680000,71.060913,118.416667,2.775016,-0.944464,2.931335,161.204220,2.793508,-0.950758,2.950869,-0.007332,-2.931326,-8.573005,,18.143819,1011.241854,1.209390,9.997832,280000.000000,VFR,barnes,envelope,False
2026-04-29T19:44:31Z,35.078872,-75.936307,106.680000,71.060913,118.611111,2.767241,-0.948239,2.925198,161.085164,2.812609,-0.963785,2.973155,-0.001238,-2.925197,-8.555348,,18.140734,1011.240886,1.209401,9.997840,280000.000000,VFR,barnes,envelope,False
2026-04-29T19:44:41Z,35.079435,-75.934283,106.680000,71.060913,118.805556,2.759475,-0.952018,2.919082,160.965587,2.804431,-0.967527,2.966638,0.004857,-2.919078,-8.537715,,18.137642,1011.239916,1.209413,9.997849,280000.000000,VFR,barnes,envelope,False
2026-04-29T19:44:51Z,35.079999,-75.932259,106.680000,71.060913,119.000000,2.751717,-0.955800,2.912989,160.845490,2.799443,-0.972378,2.963512,0.010952,-2.912968,-8.520107,,18.134545,1011.238947,1.209425,9.997857,280000.000000,VFR,barnes,envelope,False
2026-04-29T19:45:01Z,35.080562,-75.930235,106.680000,71.060913,119.194444,2.745004,-0.959752,2.907950,160.728536,2.803575,-0.980231,2.969997,0.016869,-2.907901,-8.505503,,17.585313,1011.237980,1.211708,9.997865,280000.000000,VFR,barnes,envelope,False
2026-04-29T19:45:11Z,35.081125,-75.928211,106.680000,71.060913,119.388889,2.747613,-0.965186,2.912209,160.644566,2.793294,-0.981233,2.960626,0.021162,-2.912132,-8.517698,,17.583475,1011.237030,1.211715,9.997871,280000.000000,VFR,barnes,envelope,False
2026-04-29T19:45:21Z,35.081688,-75.926187,106.680000,71.060913,119.583333,2.750211,-0.970605,2.916459,160.561039,2.761725,-0.974668,2.928669,0.025444,-2.916348,-8.529847,,17.581630,1011.236080,1.211721,9.997877,280000.000000,VFR,barnes,envelope,False
2026-04-29T19:45:31Z,35.082252,-75.924163,106.680000,71.060913,119.777778,2.752797,-0.976009,2.920699,160.477951,2.764745,-0.980245,2.933377,0.029716,-2.920548,-8.541950,,17.579780,1011.235130,1.211728,9.997883,280000.000000,VFR,barnes,envelope,False
2026-04-29T19:45:41Z,35.082815,-75.922139,106.680000,71.060913,119.972222,2.755371,-0.981398,2.924930,160.395300,2.751457,-0.980004,2.920774,0.033979,-2.924732,-8.554008,,17.577925,1011.234180,1.211734,9.997889,280000.000000,VFR,barnes,envelope,False
2026-04-29T19:45:51Z,35.083378,-75.920114,106.680000,71.060913,120.166667,2.757934,-0.986773,2.929150,160.313082,2.741787,-0.980996,2.912001,0.038231,-2.928901,-8.566018,,17.576063,1011.233229,1.211741,9.997895,280000.000000,VFR,barnes,envelope,False
2026-04-29T19:46:01Z,35.083941,-75.918090,106.680000,71.060913,120.361111,2.760485,-0.992133,2.933361,160.231293,2.771065,-0.995935,2.944603,0.042472,-2.933053,-8.577983,,17.574196,1011.232279,1.211748,9.997901,280000.000000,VFR,barnes,envelope,False
2026-04-29T19:46:11Z,35.084505,-75.916066,106.680000,71.060913,120.555556,2.763025,-0.997478,2.937562,160.149931,2.740199,-0.989238,2.913294,0.046704,-2.937190,-8.589901,,17.572323,1011.231328,1.211754,9.997907,280000.000000,VFR,barnes,envelope,False
2026-04-29T19:46:21Z,35.085068,-75.914042,106.680000,71.060913,120.750000,2.765552,-1.002809,2.941752,160.068992,2.710371,-0.982800,2.883055,0.050926,-2.941311,-8.601773,,17.570445,1011.230377,1.211761,9.997912,280000.000000,VFR,barnes,envelope,False
2026-04-29T19:46:31Z,35.085631,-75.912018,106.680000,71.060913,120.944444,2.768068,-1.008125,2.945933,159.988474,2.695269,-0.981612,2.868456,0.055138,-2.945417,-8.613599,,17.568561,1011.229427,1.211768,9.997918,280000.000000,VFR,barnes,envelope,False
2026-04-29T19:46:41Z,35.086194,-75.909994,106.680000,71.060913,121.138889,2.770573,-1.013427,2.950103,159.908372,2.717080,-0.993860,2.893144,0.059339,-2.949506,-8.625378,,17.566671,1011.228475,1.211774,9.997924,280000.000000,VFR,barnes,envelope,False
2026-04-29T19:46:51Z,35.086758,-75.907970,106.680000,71.060913,121.333333,2.773065,-1.018713,2.954262,159.828685,2.714395,-0.997160,2.891759,0.063531,-2.953579,-8.637110,,17.564775,1011.227524,1.211781,9.997930,280000.000000,VFR,barnes,envelope,False
2026-04-29T19:47:01Z,35.087321,-75.905946,106.680000,71.060913,121.527778,2.775545,-1.023985,2.958411,159.749408,2.735710,-1.009289,2.915952,0.067712,-2.957636,-8.648796,,17.562874,1011.226573,1.211788,9.997937,280000.000000,VFR,barnes,envelope,False
2026-04-29T19:47:11Z,35.087884,-75.903921,106.680000,71.060913,121.722222,2.778014,-1.029243,2.962550,159.670539,2.734956,-1.013290,2.916632,0.071884,-2.961678,-8.660434,,17.560967,1011.225621,1.211795,9.997943,280000.000000,VFR,barnes,envelope,False
2026-04-29T19:47:21Z,35.088447,-75.901897,106.680000,71.060913,121.916667,2.780471,-1.034486,2.966678,159.592075,2.743536,-1.020744,2.927269,0.076046,-2.965703,-8.672026,,17.559055,1011.224669,1.211802,9.997949,280000.000000,VFR,barnes,envelope,False
2026-04-29T19:47:31Z,35.089010,-75.899873,106.680000,71.060913,122.111111,2.782915,-1.039714,2.970795,159.514013,2.771461,-1.035434,2.958567,0.080197,-2.969712,-8.683571,,17.557137,1011.223717,1.211809,9.997955,280000.000000,VFR,barnes,envelope,False
2026-04-29T19:47:41Z,35.089574,-75.897849,106.680000,71.060913,122.305556,2.785348,-1.044927,2.974901,159.436349,2.763420,-1.036701,2.951481,0.084339,-2.973706,-8.695069,,17.555214,1011.222764,1.211815,9.997961,280000.000000,VFR,barnes,envelope,False
2026-04-29T19:47:51Z,35.090137,-75.895825,106.680000,71.060913,122.500000,2.787769,-1.050126,2.978997,159.359080,2.758646,-1.039156,2.947877,0.088471,-2.977683,-8.706520,,17.553285,1011.221812,1.211822,9.997967,280000.000000,VFR,barnes,envelope,False
2026-04-29T19:48:01Z,35.090700,-75.893801,106.680000,71.060913,122.694444,2.790178,-1.055311,2.983081,159.282204,2.785327,-1.053476,2.977895,0.092593,-2.981644,-8.717924,,17.551351,1011.220859,1.211829,9.997973,280000.000000,VFR,barnes,envelope,False
2026-04-29T19:48:11Z,35.091263,-75.891777,106.680000,71.060913,122.888889,2.792574,-1.060481,2.987154,159.205718,2.775016,-1.053813,2.968372,0.096705,-2.985588,-8.729280,,17.549411,1011.219906,1.211836,9.997979,280000.000000,VFR,barnes,envelope,False
2026-04-29T19:48:21Z,35.091827,-75.889753,106.680000,71.060913,123.083333,2.794959,-1.065636,2.991216,159.129618,2.761863,-1.053017,2.955796,0.100807,-2.989517,-8.740589,,17.547465,1011.218952,1.211843,9.997986,280000.000000,VFR,barnes,envelope,False
2026-04-29T19:48:31Z,35.092390,-75.887728,106.680000,71.060913,123.277778,2.797331,-1.070776,2.995267,159.053903,2.764194,-1.058092,2.959785,0.104900,-2.993429,-8.751851,,17.545514,1011.217998,1.211850,9.997992,280000.000000,VFR,barnes,envelope,False
2026-04-29T19:48:41Z,35.092953,-75.885704,106.680000,71.060913,123.472222,2.799691,-1.075903,2.999306,158.978568,2.747052,-1.055674,2.942914,0.108982,-2.997325,-8.763065,,17.543558,1011.217044,1.211857,9.997998,280000.000000,VFR,barnes,envelope,False
2026-04-29T19:48:51Z,35.093516,-75.883680,106.680000,71.060913,123.666667,2.802039,-1.081014,3.003334,158.903610,2.721614,-1.049987,2.917131,0.113055,-3.001205,-8.774232,,17.541596,1011.216090,1.211864,9.998004,280000.000000,VFR,barnes,envelope,False
2026-04-29T19:49:01Z,35.094080,-75.881656,106.680000,71.060913,123.861111,2.804375,-1.086111,3.007350,158.829028,2.733075,-1.058497,2.930890,0.117118,-3.005069,-8.785352,,17.539629,1011.215135,1.211871,9.998010,280000.000000,VFR,barnes,envelope,False
2026-04-29T19:49:11Z,35.094643,-75.879632,106.680000,71.060913,124.055556,2.806700,-1.091194,3.011357,158.754816,2.761067,-1.073453,2.962396,0.121171,-3.008918,-8.796428,,17.537652,1011.214181,1.211878,9.998005,280000.000000,VFR,barnes,envelope,False
2026-04-29T19:49:21Z,35.095206,-75.877608,106.680000,71.060913,124.250000,2.809012,-1.096263,3.015351,158.680973,2.776598,-1.083613,2.980556,0.125215,-3.012750,-8.807456,,17.535670,1011.213227,1.211885,9.998001,280000.000000,VFR,barnes,envelope,False
2026-04-29T19:49:31Z,35.095769,-75.875584,106.680000,71.060913,124.444444,2.811312,-1.101317,3.019334,158.607497,2.781101,-1.089482,2.986887,0.129249,-3.016566,-8.818436,,17.533682,1011.212272,1.211893,9.997997,280000.000000,VFR,barnes,envelope,False
2026-04-29T19:49:41Z,35.096333,-75.873560,106.680000,71.060913,124.638889,2.813600,-1.106356,3.023304,158.534384,2.788523,-1.096496,2.996358,0.133273,-3.020366,-8.829369,,17.531689,1011.211317,1.211900,9.997992,280000.000000,VFR,barnes,envelope,False
2026-04-29T19:49:51Z,35.096896,-75.871535,106.680000,71.060913,124.833333,2.815875,-1.111382,3.027263,158.461633,2.810257,-1.109164,3.021224,0.137288,-3.024149,-8.840253,,17.529691,1011.210362,1.211907,9.997988,280000.000000,VFR,barnes,envelope,False
2026-04-29T19:50:01Z,35.097459,-75.869511,106.680000,71.060913,125.027778,2.816643,-1.116576,3.029888,158.375593,2.782367,-1.102988,2.993016,0.141952,-3.026561,-8.847193,,19.729217,1011.209097,1.202804,9.997985,280000.000000,VFR,barnes,envelope,False
2026-04-29T19:50:11Z,35.098022,-75.867487,106.680000,71.060913,125.222222,2.803971,-1.123402,3.020644,158.166649,2.790806,-1.118127,3.006460,0.152521,-3.016791,-8.819083,,19.725344,1011.205050,1.202815,9.997994,280000.000000,VFR,barnes,envelope,False
2026-04-29T19:50:21Z,35.098585,-75.865463,106.680000,71.060913,125.416667,2.791345,-1.130198,3.011470,157.957274,2.812050,-1.138582,3.033809,0.163048,-3.007053,-8.791062,,19.721458,1011.201008,1.202826,9.998004,280000.000000,VFR,barnes,envelope,False
2026-04-29T19:50:31Z,35.099149,-75.863439,106.680000,71.060913,125.611111,2.778762,-1.136965,3.002367,157.747478,2.785024,-1.139527,3.009133,0.173531,-2.997348,-8.763131,,19.717557,1011.196970,1.202837,9.998014,280000.000000,VFR,barnes,envelope,False
2026-04-29T19:50:41Z,35.099712,-75.861415,106.680000,71.060913,125.805556,2.766225,-1.143700,2.993335,157.537269,2.795235,-1.155695,3.024727,0.183972,-2.987676,-8.735289,,19.713643,1011.192937,1.202849,9.998023,280000.000000,VFR,barnes,envelope,False
2026-04-29T19:50:51Z,35.100275,-75.859391,106.680000,71.060913,126.000000,2.753733,-1.150406,2.984372,157.326657,2.784516,-1.163267,3.017734,0.194369,-2.978036,-8.707538,,19.709715,1011.188908,1.202860,9.998033,280000.000000,VFR,barnes,envelope,False
2026-04-29T19:51:01Z,35.100838,-75.857367,106.680000,71.060913,126.194444,2.741285,-1.157082,2.975480,157.115653,2.778219,-1.172671,3.015569,0.204723,-2.968429,-8.679876,,19.705773,1011.184884,1.202871,9.998043,280000.000000,VFR,barnes,envelope,False
2026-04-29T19:51:11Z,35.101402,-75.855342,106.680000,71.060913,126.388889,2.728883,-1.163727,2.966659,156.904264,2.784415,-1.187409,3.027030,0.215034,-2.958855,-8.652305,,19.701818,1011.180864,1.202883,9.998053,280000.000000,VFR,barnes,envelope,False
2026-04-29T19:51:21Z,35.101965,-75.853318,106.680000,71.060913,126.583333,2.716526,-1.170342,2.957907,156.692503,2.749792,-1.184674,2.994129,0.225302,-2.949314,-8.624825,,19.697849,1011.176848,1.202894,9.998062,280000.000000,VFR,barnes,envelope,False
2026-04-29T19:51:31Z,35.102528,-75.851294,106.680000,71.060913,126.777778,2.704214,-1.176927,2.949225,156.480377,2.736905,-1.191155,2.984878,0.235526,-2.939805,-8.597435,,19.693866,1011.172837,1.202906,9.998072,280000.000000,VFR,barnes,envelope,False
2026-04-29T19:51:41Z,35.103091,-75.849270,106.680000,71.060913,126.972222,2.691947,-1.183481,2.940613,156.267898,2.718452,-1.195134,2.969566,0.245707,-2.930330,-8.570137,,19.689869,1011.168831,1.202918,9.998082,280000.000000,VFR,barnes,envelope,False
2026-04-29T19:51:51Z,35.103655,-75.847246,106.680000,71.060913,127.166667,2.679725,-1.190005,2.932071,156.055076,2.703751,-1.200675,2.958359,0.255844,-2.920888,-8.542929,,19.685859,1011.164829,1.202929,9.998092,280000.000000,VFR,barnes,envelope,False
2026-04-29T19:52:01Z,35.104218,-75.845222,106.680000,71.060913,127.361111,2.667550,-1.196499,2.923599,155.841918,2.689465,-1.206329,2.947619,0.265939,-2.911479,-8.515814,,19.681835,1011.160831,1.202941,9.998102,280000.000000,VFR,barnes,envelope,False
2026-04-29T19:52:11Z,35.104781,-75.843198,106.680000,71.060913,127.555556,2.655421,-1.202965,2.915199,155.628415,2.664797,-1.207212,2.925492,0.275991,-2.902105,-8.488798,,19.677804,1011.156842,1.202953,9.998112,280000.000000,VFR,barnes,envelope,False
2026-04-29T19:52:21Z,35.105344,-75.841174,106.680000,71.060913,127.750000,2.643338,-1.209400,2.906868,155.414601,2.622691,-1.199953,2.884163,0.285999,-2.892765,-8.461873,,19.673760,1011.152857,1.202965,9.998122,280000.000000,VFR,barnes,envelope,False
2026-04-29T19:52:31Z,35.105908,-75.839149,106.680000,71.060913,127.944444,2.631301,-1.215805,2.898607,155.200485,2.626447,-1.213562,2.893260,0.295964,-2.883458,-8.435041,,19.669701,1011.148877,1.202977,9.998132,280000.000000,VFR,barnes,envelope,False
2026-04-29T19:52:41Z,35.106471,-75.837125,106.680000,71.060913,128.138889,2.619309,-1.222179,2.890415,154.986080,2.620631,-1.222796,2.891875,0.305885,-2.874184,-8.408301,,19.665630,1011.144900,1.202989,9.998142,280000.000000,VFR,barnes,envelope,False
2026-04-29T19:52:51Z,35.107034,-75.835101,106.680000,71.060913,128.333333,2.607363,-1.228522,2.882292,154.771395,2.608681,-1.229143,2.883750,0.315762,-2.864944,-8.381653,,19.661544,1011.140928,1.203001,9.998152,280000.000000,VFR,barnes,envelope,False
2026-04-29T19:53:01Z,35.107597,-75.833077,106.680000,71.060913,128.527778,2.595874,-1.234986,2.874674,154.557257,2.606518,-1.240050,2.886462,0.325605,-2.856175,-8.356361,,19.657446,1011.137012,1.203013,9.998163,280000.000000,VFR,barnes,envelope,False
2026-04-29T19:53:11Z,35.108160,-75.831053,106.680000,71.060913,128.722222,2.588117,-1.242766,2.871030,154.350542,2.545251,-1.222183,2.823479,0.335481,-2.851362,-8.342480,,19.653333,1011.133557,1.203026,9.998173,280000.000000,VFR,barnes,envelope,False
2026-04-29T19:53:21Z,35.108724,-75.829029,106.680000,71.060913,128.916667,2.580377,-1.250504,2.867422,154.144217,2.572763,-1.246814,2.858961,0.345312,-2.846553,-8.328607,,19.649207,1011.130104,1.203039,9.998183,280000.000000,VFR,barnes,envelope,False
2026-04-29T19:53:31Z,35.109287,-75.827005,106.680000,71.060913,129.111111,2.572656,-1.258200,2.863848,153.938291,2.581166,-1.262362,2.873321,0.355098,-2.841748,-8.314744,,19.645068,1011.126651,1.203052,9.998194,280000.000000,VFR,barnes,envelope,False
2026-04-29T19:53:41Z,35.109850,-75.824981,106.680000,71.060913,129.305556,2.564953,-1.265854,2.860310,153.732772,2.559305,-1.263066,2.854011,0.364838,-2.836946,-8.300891,,19.640915,1011.123199,1.203065,9.998204,280000.000000,VFR,barnes,envelope,False
2026-04-29T19:53:51Z,35.110413,-75.822956,106.680000,71.060913,129.500000,2.557269,-1.273466,2.856806,153.527666,2.549832,-1.269762,2.848498,0.374531,-2.832149,-8.287048,,19.636749,1011.119748,1.203078,9.998214,280000.000000,VFR,barnes,envelope,False
2026-04-29T19:54:01Z,35.110977,-75.820932,106.680000,71.060913,129.694444,2.552580,-1.277578,2.854447,153.411821,2.548512,-1.275542,2.849899,0.379943,-2.829048,-8.278101,,19.632570,1011.115693,1.203090,9.998222,280000.000000,VFR,barnes,envelope,False
2026-04-29T19:54:11Z,35.111540,-75.818908,106.680000,71.060913,129.888889,2.574628,-1.250576,2.862280,154.092729,2.552311,-1.239736,2.837470,0.347247,-2.841138,-8.312985,,19.628377,1011.106191,1.203096,9.998206,280000.000000,VFR,barnes,envelope,False
2026-04-29T19:54:21Z,35.112103,-75.816884,106.680000,71.060913,130.083333,2.596562,-1.223613,2.870429,154.768149,2.562488,-1.207556,2.832761,0.314624,-2.853135,-8.347592,,19.624171,1011.096671,1.203102,9.998190,280000.000000,VFR,barnes,envelope,False
2026-04-29T19:54:31Z,35.112666,-75.814860,106.680000,71.060913,130.277778,2.618384,-1.196690,2.878889,155.437994,2.584662,-1.181278,2.841812,0.282076,-2.865037,-8.381921,,19.619951,1011.087132,1.203108,9.998174,280000.000000,VFR,barnes,envelope,False
2026-04-29T19:54:41Z,35.113230,-75.812836,106.680000,71.060913,130.472222,2.640093,-1.169808,2.887653,156.102183,2.598612,-1.151428,2.842283,0.249603,-2.876845,-8.415973,,19.615718,1011.077576,1.203114,9.998158,280000.000000,VFR,barnes,envelope,False
2026-04-29T19:54:51Z,35.113793,-75.810812,106.680000,71.060913,130.666667,2.661688,-1.142966,2.896714,156.760642,2.608913,-1.120303,2.839279,0.217206,-2.888559,-8.449748,,19.611472,1011.068001,1.203120,9.998142,280000.000000,VFR,barnes,envelope,False
2026-04-29T19:55:01Z,35.114356,-75.808788,106.680000,71.060913,130.861111,2.681500,-1.118225,2.905317,157.363144,2.630593,-1.096996,2.850162,0.187374,-2.899269,-8.480622,,17.908482,1011.059243,1.210149,9.998128,280000.000000,VFR,barnes,envelope,False
2026-04-29T19:55:11Z,35.114919,-75.806763,106.680000,71.060913,131.055556,2.686239,-1.112062,2.907329,157.511197,2.665151,-1.103332,2.884505,0.180006,-2.901751,-8.487778,,17.904310,1011.057988,1.210165,9.998134,280000.000000,VFR,barnes,envelope,False
2026-04-29T19:55:21Z,35.115483,-75.804739,106.680000,71.060913,131.250000,2.690991,-1.105930,2.909384,157.658556,2.658039,-1.092388,2.873758,0.172664,-2.904256,-8.494996,,17.900131,1011.056728,1.210181,9.998140,280000.000000,VFR,barnes,envelope,False
2026-04-29T19:55:31Z,35.116046,-75.802715,106.680000,71.060913,131.444444,2.695754,-1.099831,2.911481,157.805217,2.666545,-1.087914,2.879934,0.165349,-2.906782,-8.502276,,17.895946,1011.055462,1.210196,9.998146,280000.000000,VFR,barnes,envelope,False
2026-04-29T19:55:41Z,35.116609,-75.800691,106.680000,71.060913,131.638889,2.700530,-1.093763,2.913619,157.951176,2.665423,-1.079544,2.875742,0.158059,-2.909329,-8.509619,,17.891755,1011.054190,1.210212,9.998152,280000.000000,VFR,barnes,envelope,False
2026-04-29T19:55:51Z,35.117172,-75.798667,106.680000,71.060913,131.833333,2.705317,-1.087726,2.915800,158.096431,2.680898,-1.077908,2.889481,0.150796,-2.911898,-8.517023,,17.887557,1011.052912,1.210228,9.998158,280000.000000,VFR,barnes,envelope,False
2026-04-29T19:56:01Z,35.117736,-75.796643,106.680000,71.060913,132.027778,2.709358,-1.081691,2.917306,158.236010,2.668521,-1.065387,2.873335,0.143776,-2.913761,-8.522392,,17.883296,1011.051553,1.210244,9.998164,280000.000000,VFR,barnes,envelope,False
2026-04-29T19:56:11Z,35.118299,-75.794619,106.680000,71.060913,132.222222,2.706601,-1.075412,2.912422,158.330617,2.691596,-1.069450,2.896276,0.138732,-2.909116,-8.509005,,17.878520,1011.049517,1.210262,9.998170,280000.000000,VFR,barnes,envelope,False
2026-04-29T19:56:21Z,35.118862,-75.792594,106.680000,71.060913,132.416667,2.703897,-1.069167,2.907607,158.425308,2.706872,-1.070343,2.910805,0.133703,-2.904531,-8.495790,,17.873740,1011.047479,1.210279,9.998176,280000.000000,VFR,barnes,envelope,False
2026-04-29T19:56:31Z,35.119425,-75.790570,106.680000,71.060913,132.611111,2.701245,-1.062955,2.902860,158.520079,2.697488,-1.061477,2.898823,0.128688,-2.900006,-8.482748,,17.868957,1011.045438,1.210297,9.998182,280000.000000,VFR,barnes,envelope,False
2026-04-29T19:56:41Z,35.119988,-75.788546,106.680000,71.060913,132.805556,2.698645,-1.056777,2.898182,158.614921,2.666713,-1.044272,2.863890,0.123688,-2.895542,-8.469879,,17.864170,1011.043396,1.210314,9.998188,280000.000000,VFR,barnes,envelope,False
2026-04-29T19:56:51Z,35.120552,-75.786522,106.680000,71.060913,133.000000,2.696097,-1.050632,2.893573,158.709831,2.669963,-1.040447,2.865525,0.118702,-2.891138,-8.457182,,17.859379,1011.041351,1.210332,9.998194,400000.000000,VFR,barnes,envelope,False
2026-04-29T19:57:01Z,35.121115,-75.784498,106.680000,71.060913,133.194444,2.693602,-1.044520,2.889033,158.804800,2.669723,-1.035260,2.863421,0.113731,-2.886793,-8.444658,,17.854585,1011.039305,1.210349,9.998201,400000.000000,VFR,barnes,envelope,False
2026-04-29T19:57:11Z,35.121678,-75.782474,106.680000,71.060913,133.388889,2.691158,-1.038441,2.884561,158.899824,2.660699,-1.026688,2.851913,0.108774,-2.882510,-8.432306,,17.849787,1011.037256,1.210367,9.998207,400000.000000,VFR,barnes,envelope,False
2026-04-29T19:57:21Z,35.122241,-75.780450,106.680000,71.060913,133.583333,2.688767,-1.032396,2.880158,158.994896,2.702815,-1.037790,2.895206,0.103833,-2.878286,-8.420127,,17.844987,1011.035204,1.210384,9.998213,400000.000000,VFR,barnes,envelope,False
2026-04-29T19:57:31Z,35.122805,-75.778426,106.680000,71.060913,133.777778,2.686428,-1.026384,2.875823,159.090009,2.686985,-1.026597,2.876420,0.098905,-2.874122,-8.408121,,17.840182,1011.033151,1.210402,9.998219,400000.000000,VFR,barnes,envelope,False
2026-04-29T19:57:41Z,35.123368,-75.776401,106.680000,71.060913,133.972222,2.684141,-1.020405,2.871557,159.185158,2.684634,-1.020593,2.872085,0.093992,-2.870018,-8.396287,,17.835374,1011.031095,1.210419,9.998226,400000.000000,VFR,barnes,envelope,False
2026-04-29T19:57:51Z,35.123931,-75.774377,106.680000,71.060913,134.166667,2.681906,-1.014460,2.867359,159.280336,2.684609,-1.015482,2.870249,0.089094,-2.865974,-8.384625,,17.830563,1011.029037,1.210437,9.998232,400000.000000,VFR,barnes,envelope,False
2026-04-29T19:58:01Z,35.124494,-75.772353,106.680000,71.060913,134.361111,2.679723,-1.008548,2.863229,159.375536,2.709604,-1.019794,2.895157,0.084211,-2.861991,-8.373136,,17.825749,1011.026976,1.210454,9.998238,400000.000000,VFR,barnes,envelope,False
2026-04-29T19:58:11Z,35.125058,-75.770329,106.680000,71.060913,134.555556,2.677592,-1.002669,2.859168,159.470753,2.724707,-1.020312,2.909479,0.079342,-2.858067,-8.361819,,17.820931,1011.024913,1.210472,9.998245,400000.000000,VFR,barnes,envelope,False
2026-04-29T19:58:21Z,35.125621,-75.768305,106.680000,71.060913,134.750000,2.675513,-0.996823,2.855175,159.565979,2.680483,-0.998675,2.860479,0.074487,-2.854203,-8.350674,,17.816110,1011.022848,1.210489,9.998251,400000.000000,VFR,barnes,envelope,False
2026-04-29T19:58:31Z,35.126184,-75.766281,106.680000,71.060913,134.944444,2.673486,-0.991011,2.851250,159.661209,2.695430,-0.999145,2.874653,0.069647,-2.850399,-8.339701,,17.811286,1011.020780,1.210507,9.998258,400000.000000,VFR,barnes,envelope,False
2026-04-29T19:58:41Z,35.126747,-75.764257,106.680000,71.060913,135.138889,2.671510,-0.985231,2.847393,159.756436,2.724881,-1.004914,2.904278,0.064822,-2.846655,-8.328901,,17.806459,1011.018710,1.210525,9.998264,400000.000000,VFR,barnes,envelope,False
2026-04-29T19:58:51Z,35.127311,-75.762233,106.680000,71.060913,135.333333,2.669587,-0.979485,2.843604,159.851653,2.757829,-1.011862,2.937599,0.060011,-2.842971,-8.318272,,17.801628,1011.016637,1.210542,9.998270,400000.000000,VFR,barnes,envelope,False
2026-04-29T19:59:01Z,35.127874,-75.760208,106.680000,71.060913,135.527778,2.667715,-0.973772,2.839883,159.946853,2.728238,-0.995864,2.904312,0.055215,-2.839346,-8.307815,,17.796794,1011.014562,1.210560,9.998277,400000.000000,VFR,barnes,envelope,False
2026-04-29T19:59:11Z,35.128437,-75.758184,106.680000,71.060913,135.722222,2.665895,-0.968092,2.836230,160.042031,2.746009,-0.997185,2.921463,0.050434,-2.835782,-8.297530,,17.791957,1011.012484,1.210578,9.998284,400000.000000,VFR,barnes,envelope,False
2026-04-29T19:59:21Z,35.129000,-75.756160,106.680000,71.060913,135.916667,2.664127,-0.962446,2.832645,160.137180,2.741964,-0.990565,2.915405,0.045666,-2.832277,-8.287417,,17.787118,1011.010403,1.210595,9.998290,400000.000000,VFR,barnes,envelope,False
2026-04-29T19:59:31Z,35.129563,-75.754136,106.680000,71.060913,136.111111,2.662411,-0.956832,2.829127,160.232293,2.739119,-0.984400,2.910639,0.040914,-2.828831,-8.277475,,17.782275,1011.008320,1.210613,9.998297,400000.000000,VFR,barnes,envelope,False
2026-04-29T19:59:41Z,35.130127,-75.752112,106.680000,71.060913,136.305556,2.660746,-0.951252,2.825677,160.327362,2.710912,-0.969187,2.878953,0.036176,-2.825445,-8.267705,,17.777429,1011.006234,1.210631,9.998303,400000.000000,VFR,barnes,envelope,False
2026-04-29T19:59:51Z,35.130690,-75.750088,106.680000,71.060913,136.500000,2.659133,-0.945704,2.822294,160.422383,2.677898,-0.952378,2.842210,0.031452,-2.822119,-8.258106,,17.772580,1011.004145,1.210648,9.998310,400000.000000,VFR,barnes,envelope,False
2026-04-29T20:00:01Z,35.131253,-75.748064,106.680000,71.060913,136.694444,2.657456,-0.939679,2.818700,160.526356,2.653492,-0.938277,2.814495,0.026297,-2.818577,-8.247884,,17.345525,1011.002102,1.212425,9.998316,400000.000000,VFR,barnes,envelope,False
2026-04-29T20:00:11Z,35.131816,-75.746040,106.680000,71.060913,136.888889,2.654759,-0.929075,2.812637,160.711696,2.652305,-0.928216,2.810037,0.017143,-2.812584,-8.230588,,17.341801,1011.000492,1.212439,9.998316,400000.000000,VFR,barnes,envelope,False
2026-04-29T20:00:21Z,35.132380,-75.744015,106.680000,71.060913,137.083333,2.652057,-0.918480,2.806602,160.897622,2.656792,-0.920120,2.811612,0.007999,-2.806590,-8.213287,,17.338073,1010.998877,1.212453,9.998316,400000.000000,VFR,barnes,envelope,False
2026-04-29T20:00:31Z,35.132943,-75.741991,106.680000,71.060913,137.277778,2.649350,-0.907895,2.800595,161.084129,2.703454,-0.926436,2.857787,-0.001135,-2.800595,-8.195980,,17.334342,1010.997257,1.212466,9.998317,400000.000000,VFR,barnes,envelope,False
2026-04-29T20:00:41Z,35.133506,-75.739967,106.680000,71.060913,137.472222,2.646639,-0.897320,2.794616,161.271215,2.757878,-0.935035,2.912075,-0.010258,-2.794598,-8.178667,,17.330607,1010.995632,1.212480,9.998317,400000.000000,VFR,barnes,envelope,False
2026-04-29T20:00:51Z,35.134069,-75.737943,106.680000,71.060913,137.666667,2.643923,-0.886755,2.788667,161.458876,2.731475,-0.916119,2.881012,-0.019369,-2.788600,-8.161350,,17.326868,1010.994002,1.212494,9.998317,400000.000000,VFR,barnes,envelope,False
2026-04-29T20:01:01Z,35.134633,-75.735919,106.680000,71.060913,137.861111,2.641203,-0.876200,2.782746,161.647109,2.700659,-0.895924,2.845389,-0.028470,-2.782601,-8.144029,,17.323126,1010.992367,1.212507,9.998318,400000.000000,VFR,barnes,envelope,False
2026-04-29T20:01:11Z,35.135196,-75.733895,106.680000,71.060913,138.055556,2.638478,-0.865655,2.776855,161.835910,2.672592,-0.876848,2.812758,-0.037559,-2.776601,-8.126705,,17.319380,1010.990727,1.212521,9.998318,400000.000000,VFR,barnes,envelope,False
2026-04-29T20:01:21Z,35.135759,-75.731871,106.680000,71.060913,138.250000,2.635749,-0.855122,2.770994,162.025274,2.583501,-0.838170,2.716064,-0.046637,-2.770601,-8.109377,,17.315630,1010.989081,1.212535,9.998318,400000.000000,VFR,barnes,envelope,False
2026-04-29T20:01:31Z,35.136322,-75.729847,106.680000,71.060913,138.444444,2.633016,-0.844599,2.765162,162.215198,2.666584,-0.855366,2.800415,-0.055703,-2.764601,-8.092047,,17.311877,1010.987431,1.212548,9.998319,400000.000000,VFR,barnes,envelope,False
2026-04-29T20:01:41Z,35.136886,-75.727822,106.680000,71.060913,138.638889,2.630279,-0.834087,2.759360,162.405679,2.634587,-0.835453,2.763880,-0.064758,-2.758600,-8.074714,,17.308121,1010.985775,1.212562,9.998319,400000.000000,VFR,barnes,envelope,False
2026-04-29T20:01:51Z,35.137449,-75.725798,106.680000,71.060913,138.833333,2.627538,-0.823586,2.753588,162.596711,2.636461,-0.826383,2.762940,-0.073800,-2.752599,-8.057381,,17.304361,1010.984114,1.212576,9.998319,400000.000000,VFR,barnes,envelope,False
2026-04-29T20:02:01Z,35.138012,-75.723774,106.680000,71.060913,139.027778,2.625348,-0.813597,2.748525,162.781754,2.697439,-0.835938,2.823999,-0.082538,-2.747285,-8.042030,,17.300597,1010.982416,1.212589,9.998320,400000.000000,VFR,barnes,envelope,False
2026-04-29T20:02:11Z,35.138575,-75.721750,106.680000,71.060913,139.222222,2.628137,-0.808112,2.749572,162.908126,2.573677,-0.791367,2.692597,-0.088631,-2.748144,-8.044509,,17.296830,1010.980424,1.212603,9.998320,400000.000000,VFR,barnes,envelope,False
2026-04-29T20:02:21Z,35.139138,-75.719726,106.680000,71.060913,139.416667,2.630907,-0.802626,2.750614,163.034329,2.608654,-0.795837,2.727349,-0.094720,-2.748983,-8.046933,,17.293060,1010.978428,1.212616,9.998321,400000.000000,VFR,barnes,envelope,False
2026-04-29T20:02:31Z,35.139702,-75.717702,106.680000,71.060913,139.611111,2.633657,-0.797136,2.751650,163.160362,2.540543,-0.768954,2.654364,-0.100804,-2.749803,-8.049302,,17.289286,1010.976428,1.212629,9.998321,400000.000000,VFR,barnes,envelope,False
2026-04-29T20:02:41Z,35.140265,-75.715678,106.680000,71.060913,139.805556,2.636388,-0.791645,2.752680,163.286223,2.612109,-0.784355,2.727329,-0.106884,-2.750604,-8.051617,,17.285508,1010.974423,1.212643,9.998321,400000.000000,VFR,barnes,envelope,False
2026-04-29T20:02:51Z,35.140828,-75.713654,106.680000,71.060913,140.000000,2.639100,-0.786153,2.753704,163.411910,2.557417,-0.761820,2.668473,-0.112960,-2.751386,-8.053877,,17.281728,1010.972413,1.212656,9.998322,400000.000000,VFR,barnes,envelope,False
2026-04-29T20:03:01Z,35.141391,-75.711629,106.680000,71.060913,140.194444,2.641793,-0.780658,2.754723,163.537424,2.699960,-0.797847,2.815376,-0.119031,-2.752150,-8.056084,,17.277944,1010.970399,1.212670,9.998322,400000.000000,VFR,barnes,envelope,False
2026-04-29T20:03:11Z,35.141955,-75.709605,106.680000,71.060913,140.388889,2.644467,-0.775162,2.755737,163.662761,2.700517,-0.791592,2.814144,-0.125097,-2.752896,-8.058237,,17.274156,1010.968381,1.212683,9.998323,400000.000000,VFR,barnes,envelope,False
2026-04-29T20:03:21Z,35.142518,-75.707581,106.680000,71.060913,140.583333,2.647122,-0.769665,2.756745,163.787921,2.865372,-0.833123,2.984033,-0.131159,-2.753623,-8.060337,,17.270366,1010.966358,1.212696,9.998323,400000.000000,VFR,barnes,envelope,False
2026-04-29T20:03:31Z,35.143081,-75.705557,106.680000,71.060913,140.777778,2.649758,-0.764167,2.757747,163.912903,2.907551,-0.838512,3.026046,-0.137215,-2.754331,-8.062385,,17.266572,1010.964330,1.212710,9.998323,400000.000000,VFR,barnes,envelope,False
2026-04-29T20:03:41Z,35.143644,-75.703533,106.680000,71.060913,140.972222,2.652375,-0.758668,2.758744,164.037704,2.743167,-0.784637,2.853177,-0.143266,-2.755022,-8.064380,,17.262775,1010.962298,1.212723,9.998324,400000.000000,VFR,barnes,envelope,False
2026-04-29T20:03:51Z,35.144208,-75.701509,106.680000,71.060913,141.166667,2.654973,-0.753168,2.759737,164.162323,2.672640,-0.758180,2.778100,-0.149311,-2.755694,-8.066322,,17.258974,1010.960261,1.212737,9.998324,400000.000000,VFR,barnes,envelope,False
2026-04-29T20:04:01Z,35.144771,-75.699485,106.680000,71.060913,141.361111,2.657553,-0.747667,2.760724,164.286758,2.744147,-0.772029,2.850680,-0.155351,-2.756349,-8.068213,,17.255171,1010.958220,1.212750,9.998325,400000.000000,VFR,barnes,envelope,False
2026-04-29T20:04:11Z,35.145334,-75.697461,106.680000,71.060913,141.555556,2.660114,-0.742166,2.761705,164.411009,2.824860,-0.788130,2.932743,-0.161386,-2.756986,-8.070053,,17.251364,1010.956174,1.212764,9.998325,400000.000000,VFR,barnes,envelope,False
2026-04-29T20:04:21Z,35.145897,-75.695436,106.680000,71.060913,141.750000,2.662656,-0.736665,2.762682,164.535073,2.908582,-0.804704,3.017847,-0.167414,-2.757605,-8.071841,,17.247554,1010.954123,1.212777,9.998326,400000.000000,VFR,barnes,envelope,False
2026-04-29T20:04:31Z,35.146461,-75.693412,106.680000,71.060913,141.944444,2.665180,-0.731164,2.763654,164.658949,2.922252,-0.801689,3.030225,-0.173437,-2.758207,-8.073578,,17.243741,1010.952067,1.212790,9.998326,400000.000000,VFR,barnes,envelope,False
2026-04-29T20:04:41Z,35.147024,-75.691388,106.680000,71.060913,142.138889,2.667685,-0.725662,2.764621,164.782636,2.894841,-0.787453,3.000031,-0.179453,-2.758791,-8.075265,,17.239925,1010.950007,1.212804,9.998327,400000.000000,VFR,barnes,envelope,False
2026-04-29T20:04:51Z,35.147587,-75.689364,106.680000,71.060913,142.333333,2.670172,-0.720161,2.765583,164.906132,2.775910,-0.748679,2.875100,-0.185464,-2.759357,-8.076902,,17.236106,1010.947942,1.212817,9.998327,400000.000000,VFR,barnes,envelope,False
2026-04-29T20:05:01Z,35.148150,-75.687340,106.680000,71.060913,142.527778,2.672281,-0.717563,2.766945,164.969443,2.869727,-0.770582,2.971385,-0.188606,-2.760510,-8.080231,,17.232283,1010.945732,1.212831,9.998328,400000.000000,VFR,barnes,envelope,False
2026-04-29T20:05:11Z,35.148713,-75.685316,106.680000,71.060913,142.722222,2.671150,-0.741084,2.772048,164.493865,2.872877,-0.797051,2.981395,-0.165992,-2.767073,-8.099189,,17.228458,1010.942250,1.212842,9.998328,400000.000000,VFR,barnes,envelope,False
2026-04-29T20:05:21Z,35.149277,-75.683292,106.680000,71.060913,142.916667,2.670015,-0.764588,2.777332,164.020361,2.963072,-0.848508,3.082168,-0.143391,-2.773628,-8.118119,,17.224630,1010.938761,1.212854,9.998329,400000.000000,VFR,barnes,envelope,False
2026-04-29T20:05:31Z,35.149840,-75.681268,106.680000,71.060913,143.111111,2.668875,-0.788076,2.782797,163.548984,2.736892,-0.808160,2.853717,-0.120805,-2.780173,-8.137020,,17.220799,1010.935263,1.212866,9.998329,400000.000000,VFR,barnes,envelope,False
2026-04-29T20:05:41Z,35.150403,-75.679243,106.680000,71.060913,143.305556,2.667731,-0.811547,2.788440,163.079785,2.765553,-0.841305,2.890689,-0.098233,-2.786709,-8.155892,,17.216964,1010.931757,1.212878,9.998330,400000.000000,VFR,barnes,envelope,False
2026-04-29T20:05:51Z,35.150966,-75.677219,106.680000,71.060913,143.500000,2.666583,-0.835002,2.794261,162.612813,2.659958,-0.832927,2.787318,-0.075675,-2.793236,-8.174736,,17.213127,1010.928242,1.212890,9.998330,400000.000000,VFR,barnes,envelope,False
2026-04-29T20:06:01Z,35.151530,-75.675195,106.680000,71.060913,143.694444,2.665431,-0.858440,2.800257,162.148115,2.655341,-0.855190,2.789657,-0.053132,-2.799753,-8.193550,,17.209287,1010.924720,1.212902,9.998331,400000.000000,VFR,barnes,envelope,False
2026-04-29T20:06:11Z,35.152093,-75.673171,106.680000,71.060913,143.888889,2.664275,-0.881860,2.806428,161.685738,2.644206,-0.875218,2.785289,-0.030604,-2.806261,-8.212336,,17.205444,1010.921189,1.212913,9.998331,400000.000000,VFR,barnes,envelope,False
2026-04-29T20:06:21Z,35.152656,-75.671147,106.680000,71.060913,144.083333,2.663114,-0.905264,2.812771,161.225725,2.752849,-0.935767,2.907548,-0.008091,-2.812759,-8.231094,,17.201598,1010.917650,1.212925,9.998332,400000.000000,VFR,barnes,envelope,False
2026-04-29T20:06:31Z,35.153219,-75.669123,106.680000,71.060913,144.277778,2.661950,-0.928650,2.819285,160.768119,2.789999,-0.973321,2.954902,0.014407,-2.819248,-8.249822,,17.197750,1010.914103,1.212937,9.998333,400000.000000,VFR,barnes,envelope,False
2026-04-29T20:06:41Z,35.153783,-75.667099,106.680000,71.060913,144.472222,2.660782,-0.952019,2.825969,160.312961,2.835804,-1.014641,3.011856,0.036890,-2.825728,-8.268521,,17.193898,1010.910548,1.212949,9.998333,400000.000000,VFR,barnes,envelope,False
2026-04-29T20:06:51Z,35.154346,-75.665075,106.680000,71.060913,144.666667,2.659610,-0.975370,2.832820,159.860291,2.680416,-0.983000,2.854982,0.059357,-2.832198,-8.287191,,17.190044,1010.906984,1.212961,9.998334,400000.000000,VFR,barnes,envelope,False
2026-04-29T20:07:01Z,35.154909,-75.663050,106.680000,71.060913,144.861111,2.658434,-0.998702,2.839837,159.410147,2.686200,-1.009133,2.869499,0.081808,-2.838659,-8.305832,,17.186187,1010.903413,1.212972,9.998334,400000.000000,VFR,barnes,envelope,False
2026-04-29T20:07:11Z,35.155472,-75.661026,106.680000,71.060913,145.055556,2.657251,-1.022015,2.847015,158.962585,2.670350,-1.027053,2.861050,0.104242,-2.845106,-8.324433,,17.182325,1010.899834,1.212984,9.998335,400000.000000,VFR,barnes,envelope,False
2026-04-29T20:07:21Z,35.156036,-75.659002,106.680000,71.060913,145.250000,2.656064,-1.045308,2.854356,158.517616,2.703875,-1.064125,2.905736,0.126660,-2.851544,-8.343005,,17.178460,1010.896248,1.212996,9.998335,400000.000000,VFR,barnes,envelope,False
2026-04-29T20:07:31Z,35.156599,-75.656978,106.680000,71.060913,145.444444,2.654874,-1.068584,2.861858,158.075273,2.606607,-1.049156,2.809827,0.149062,-2.857973,-8.361548,,17.174592,1010.892653,1.213008,9.998336,400000.000000,VFR,barnes,envelope,False
2026-04-29T20:07:41Z,35.157162,-75.654954,106.680000,71.060913,145.638889,2.653681,-1.091840,2.869518,157.635588,2.623338,-1.079356,2.836708,0.171447,-2.864392,-8.380062,,17.170722,1010.889050,1.213020,9.998337,400000.000000,VFR,barnes,envelope,False
2026-04-29T20:07:51Z,35.157725,-75.652930,106.680000,71.060913,145.833333,2.652483,-1.115078,2.877337,157.198590,2.539602,-1.067624,2.754887,0.193815,-2.870802,-8.398547,,17.166849,1010.885439,1.213032,9.998337,400000.000000,VFR,barnes,envelope,False
2026-04-29T20:08:01Z,35.158288,-75.650906,106.680000,71.060913,146.027778,2.651283,-1.138297,2.885311,156.764307,2.591008,-1.112418,2.819715,0.216166,-2.877202,-8.417003,,17.162974,1010.881820,1.213044,9.998338,400000.000000,VFR,barnes,envelope,False
2026-04-29T20:08:11Z,35.158852,-75.648882,106.680000,71.060913,146.222222,2.650078,-1.161496,2.893439,156.332765,2.631709,-1.153445,2.873383,0.238501,-2.883593,-8.435429,,17.159100,1010.878195,1.213055,9.998339,400000.000000,VFR,barnes,envelope,False
2026-04-29T20:08:21Z,35.159415,-75.646857,106.680000,71.060913,146.416667,2.648871,-1.184676,2.901719,155.903988,2.658208,-1.188852,2.911948,0.260818,-2.889974,-8.453827,,17.155223,1010.874562,1.213067,9.998339,400000.000000,VFR,barnes,envelope,False
2026-04-29T20:08:31Z,35.159978,-75.644833,106.680000,71.060913,146.611111,2.647660,-1.207836,2.910150,155.477999,2.631505,-1.200467,2.892393,0.283117,-2.896346,-8.472195,,17.151344,1010.870921,1.213079,9.998340,400000.000000,VFR,barnes,envelope,False
2026-04-29T20:08:41Z,35.160541,-75.642809,106.680000,71.060913,146.805556,2.646446,-1.230977,2.918729,155.054821,2.628102,-1.222444,2.898498,0.305399,-2.902708,-8.490535,,17.147462,1010.867272,1.213091,9.998340,400000.000000,VFR,barnes,envelope,False
2026-04-29T20:08:51Z,35.161105,-75.640785,106.680000,71.060913,147.000000,2.645229,-1.254097,2.927455,154.634474,2.642140,-1.252633,2.924038,0.327663,-2.909060,-8.508845,,17.143577,1010.863615,1.213103,9.998341,400000.000000,VFR,barnes,envelope,False
2026-04-29T20:09:01Z,35.161668,-75.638761,106.680000,71.060913,147.194444,2.644008,-1.277197,2.936327,154.216975,2.633693,-1.272214,2.924870,0.349909,-2.915404,-8.527126,,17.139690,1010.859950,1.213115,9.998342,400000.000000,VFR,barnes,envelope,False
2026-04-29T20:09:11Z,35.162231,-75.636737,106.680000,71.060913,147.388889,2.642785,-1.300277,2.945341,153.802342,2.643778,-1.300766,2.946448,0.372136,-2.921737,-8.545377,,17.135800,1010.856276,1.213126,9.998342,400000.000000,VFR,barnes,envelope,False
2026-04-29T20:09:21Z,35.162794,-75.634713,106.680000,71.060913,147.583333,2.641559,-1.323337,2.954497,153.390591,2.640765,-1.322939,2.953609,0.394345,-2.928061,-8.563600,,17.131908,1010.852595,1.213138,9.998343,400000.000000,VFR,barnes,envelope,False
2026-04-29T20:09:31Z,35.163358,-75.632689,106.680000,71.060913,147.777778,2.640329,-1.346375,2.963792,152.981736,2.620876,-1.336455,2.941956,0.416536,-2.934376,-8.581793,,17.128014,1010.848906,1.213150,9.998344,400000.000000,VFR,barnes,envelope,False
2026-04-29T20:09:41Z,35.163921,-75.630664,106.680000,71.060913,147.972222,2.639097,-1.369393,2.973225,152.575790,2.617192,-1.358027,2.948547,0.438707,-2.940681,-8.599958,,17.124117,1010.845208,1.213162,9.998344,400000.000000,VFR,barnes,envelope,False
2026-04-29T20:09:51Z,35.164484,-75.628640,106.680000,71.060913,148.166667,2.637862,-1.392390,2.982794,152.172765,2.611076,-1.378251,2.952506,0.460860,-2.946977,-8.618093,,17.120218,1010.841503,1.213174,9.998345,400000.000000,VFR,barnes,envelope,False
2026-04-29T20:10:01Z,35.165047,-75.626616,106.680000,71.060913,148.361111,2.637259,-1.413746,2.992292,151.805731,2.603776,-1.395797,2.954302,0.481256,-2.953338,-8.636416,,17.116343,1010.837931,1.213186,9.998346,400000.000000,VFR,barnes,envelope,False
2026-04-29T20:10:11Z,35.165611,-75.624592,106.680000,71.060913,148.555556,2.642375,-1.420535,3.000011,151.737616,2.623614,-1.410449,2.978711,0.486017,-2.960380,-8.656698,,17.112701,1010.835638,1.213198,9.998347,400000.000000,VFR,barnes,envelope,False
2026-04-29T20:10:21Z,35.166174,-75.622568,106.680000,71.060913,148.750000,2.647494,-1.427341,3.007745,151.669598,2.594456,-1.398747,2.947490,0.490793,-2.967432,-8.677005,,17.109058,1010.833349,1.213211,9.998347,400000.000000,VFR,barnes,envelope,False
2026-04-29T20:10:31Z,35.166737,-75.620544,106.680000,71.060913,148.944444,2.652618,-1.434165,3.015495,151.601675,2.605657,-1.408775,2.962109,0.495584,-2.974493,-8.697336,,17.105414,1010.831064,1.213223,9.998348,400000.000000,VFR,barnes,envelope,False
2026-04-29T20:10:41Z,35.167300,-75.618520,106.680000,71.060913,149.138889,2.657746,-1.441006,3.023261,151.533846,2.640409,-1.431606,3.003541,0.500391,-2.981563,-8.717692,,17.101768,1010.828783,1.213236,9.998349,400000.000000,VFR,barnes,envelope,False
2026-04-29T20:10:51Z,35.167863,-75.616496,106.680000,71.060913,149.333333,2.662877,-1.447864,3.031043,151.466112,2.656737,-1.444526,3.024054,0.505212,-2.988643,-8.738072,,17.098122,1010.826505,1.213248,9.998349,400000.000000,VFR,barnes,envelope,False
2026-04-29T20:11:01Z,35.168427,-75.614471,106.680000,71.060913,149.527778,2.668012,-1.454739,3.038841,151.398471,2.686453,-1.464795,3.059845,0.510049,-2.995731,-8.758476,,17.094474,1010.824232,1.213261,9.998350,400000.000000,VFR,barnes,envelope,False
2026-04-29T20:11:11Z,35.168990,-75.612447,106.680000,71.060913,149.722222,2.673150,-1.461632,3.046654,151.330923,2.672576,-1.461318,3.045999,0.514901,-3.002828,-8.778902,,17.090826,1010.821962,1.213273,9.998351,400000.000000,VFR,barnes,envelope,False
2026-04-29T20:11:21Z,35.169553,-75.610423,106.680000,71.060913,149.916667,2.678291,-1.468542,3.054482,151.263467,2.694843,-1.477618,3.073359,0.519768,-3.009934,-8.799352,,17.087176,1010.819696,1.213286,9.998352,400000.000000,VFR,barnes,envelope,False
2026-04-29T20:11:31Z,35.170116,-75.608399,106.680000,71.060913,150.111111,2.683436,-1.475469,3.062326,151.196103,2.754274,-1.514419,3.143166,0.524650,-3.017048,-8.819824,,17.083525,1010.817434,1.213298,9.998352,400000.000000,VFR,barnes,envelope,False
2026-04-29T20:11:41Z,35.170680,-75.606375,106.680000,71.060913,150.305556,2.688584,-1.482413,3.070185,151.128830,2.700157,-1.488795,3.083400,0.529548,-3.024171,-8.840319,,17.079874,1010.815177,1.213311,9.998353,400000.000000,VFR,barnes,envelope,False
2026-04-29T20:11:51Z,35.171243,-75.604351,106.680000,71.060913,150.500000,2.693735,-1.489375,3.078058,151.061647,2.723543,-1.505856,3.112120,0.534460,-3.031303,-8.860835,,17.076221,1010.812922,1.213323,9.998354,400000.000000,VFR,barnes,envelope,False
2026-04-29T20:12:01Z,35.171806,-75.602327,106.680000,71.060913,150.694444,2.698888,-1.496354,3.085947,150.994553,2.712589,-1.503950,3.101613,0.539389,-3.038442,-8.881372,,17.072568,1010.810672,1.213336,9.998355,400000.000000,VFR,barnes,envelope,False
2026-04-29T20:12:11Z,35.172369,-75.600303,106.680000,71.060913,150.888889,2.704044,-1.503349,3.093851,150.927549,2.657962,-1.477729,3.041125,0.544332,-3.045590,-8.901930,,17.068914,1010.808426,1.213349,9.998356,400000.000000,VFR,barnes,envelope,False
2026-04-29T20:12:21Z,35.172933,-75.598278,106.680000,71.060913,151.083333,2.709203,-1.510362,3.101770,150.860633,2.615289,-1.458006,2.994247,0.549291,-3.052746,-8.922509,,17.065259,1010.806184,1.213361,9.998356,400000.000000,VFR,barnes,envelope,False
2026-04-29T20:12:31Z,35.173496,-75.596254,106.680000,71.060913,151.277778,2.714364,-1.517392,3.109703,150.793805,2.664188,-1.489342,3.052218,0.554265,-3.059909,-8.943108,,17.061603,1010.803945,1.213374,9.998357,400000.000000,VFR,barnes,envelope,False
2026-04-29T20:12:41Z,35.174059,-75.594230,106.680000,71.060913,151.472222,2.719528,-1.524439,3.117651,150.727063,2.647710,-1.484182,3.035319,0.559255,-3.067080,-8.963728,,17.057946,1010.801710,1.213386,9.998358,400000.000000,VFR,barnes,envelope,False
2026-04-29T20:12:51Z,35.174622,-75.592206,106.680000,71.060913,151.666667,2.724694,-1.531503,3.125613,150.660409,2.644333,-1.486334,3.033428,0.564260,-3.074259,-8.984366,,17.054289,1010.799480,1.213399,9.998359,400000.000000,VFR,barnes,envelope,False
2026-04-29T20:13:01Z,35.175186,-75.590182,106.680000,71.060913,151.861111,2.729861,-1.538584,3.133590,150.593839,2.732882,-1.540287,3.137058,0.569281,-3.081445,-9.005024,,17.050631,1010.797253,1.213412,9.998360,400000.000000,VFR,barnes,envelope,False
2026-04-29T20:13:11Z,35.175749,-75.588158,106.680000,71.060913,152.055556,2.735031,-1.545683,3.141581,150.527356,2.647246,-1.496072,3.040747,0.574317,-3.088639,-9.025700,,17.046972,1010.795030,1.213424,9.998360,400000.000000,VFR,barnes,envelope,False
2026-04-29T20:13:21Z,35.176312,-75.586134,106.680000,71.060913,152.250000,2.740202,-1.552798,3.149586,150.460956,2.796920,-1.584938,3.214777,0.579368,-3.095839,-9.046395,,17.043312,1010.792810,1.213437,9.998361,400000.000000,VFR,barnes,envelope,False
2026-04-29T20:13:31Z,35.176875,-75.584110,106.680000,71.060913,152.444444,2.745375,-1.559930,3.157605,150.394640,2.832453,-1.609408,3.257758,0.584435,-3.103047,-9.067107,,17.039652,1010.790595,1.213450,9.998362,400000.000000,VFR,barnes,envelope,False
2026-04-29T20:13:41Z,35.177439,-75.582085,106.680000,71.060913,152.638889,2.750550,-1.567079,3.165638,150.328408,2.781852,-1.584913,3.201664,0.589518,-3.110262,-9.087838,,17.035992,1010.788384,1.213462,9.998363,400000.000000,VFR,barnes,envelope,False
2026-04-29T20:13:51Z,35.178002,-75.580061,106.680000,71.060913,152.833333,2.755726,-1.574245,3.173684,150.262258,2.830256,-1.616821,3.259518,0.594616,-3.117484,-9.108585,,17.032331,1010.786176,1.213475,9.998364,400000.000000,VFR,barnes,envelope,False
2026-04-29T20:14:01Z,35.178565,-75.578037,106.680000,71.060913,153.027778,2.760903,-1.581428,3.181745,150.196189,2.882091,-1.650844,3.321405,0.599730,-3.124712,-9.129349,,17.028669,1010.783972,1.213488,9.998365,400000.000000,VFR,barnes,envelope,False
2026-04-29T20:14:11Z,35.179128,-75.576013,106.680000,71.060913,153.222222,2.766082,-1.588628,3.189819,150.130202,2.939557,-1.688259,3.389869,0.604859,-3.131947,-9.150130,,17.025007,1010.781773,1.213500,9.998365,400000.000000,VFR,barnes,envelope,False
2026-04-29T20:14:21Z,35.179691,-75.573989,106.680000,71.060913,153.416667,2.771261,-1.595845,3.197907,150.064296,2.956212,-1.702350,3.411332,0.610004,-3.139188,-9.170927,,17.021344,1010.779577,1.213513,9.998366,400000.000000,VFR,barnes,envelope,False
2026-04-29T20:14:31Z,35.180255,-75.571965,106.680000,71.060913,153.611111,2.776441,-1.603078,3.206008,149.998469,2.955898,-1.706694,3.413229,0.615165,-3.146436,-9.191739,,17.017681,1010.777384,1.213526,9.998367,400000.000000,VFR,barnes,envelope,False
2026-04-29T20:14:41Z,35.180818,-75.569941,106.680000,71.060913,153.805556,2.781623,-1.610329,3.214122,149.932721,3.087138,-1.787197,3.567141,0.620341,-3.153690,-9.212567,,17.014017,1010.775196,1.213538,9.998368,400000.000000,VFR,barnes,envelope,False
2026-04-29T20:14:51Z,35.181381,-75.567916,106.680000,71.060913,154.000000,2.786804,-1.617596,3.222250,149.867052,3.030909,-1.759286,3.504496,0.625533,-3.160950,-9.233410,,17.010353,1010.773012,1.213551,9.998369,400000.000000,VFR,barnes,envelope,False
2026-04-29T20:15:01Z,35.181944,-75.565892,106.680000,71.060913,154.194444,2.790775,-1.624519,3.229162,149.796175,2.881669,-1.677429,3.334334,0.630793,-3.166952,-9.250642,,17.006689,1010.770909,1.213564,9.998370,440000.000000,VFR,barnes,envelope,False
2026-04-29T20:15:11Z,35.182508,-75.563868,106.680000,71.060913,154.388889,2.783830,-1.628229,3.225033,149.677144,2.759758,-1.614150,3.197147,0.636556,-3.161587,-9.235241,,17.003025,1010.769507,1.213577,9.998371,440000.000000,VFR,barnes,envelope,False
2026-04-29T20:15:21Z,35.183071,-75.561844,106.680000,71.060913,154.583333,2.776866,-1.631981,3.220923,149.556995,2.692826,-1.582590,3.123444,0.642365,-3.156218,-9.219827,,16.999360,1010.768108,1.213591,9.998372,440000.000000,VFR,barnes,envelope,False
2026-04-29T20:15:31Z,35.183634,-75.559820,106.680000,71.060913,154.777778,2.769884,-1.635774,3.216833,149.435726,2.804999,-1.656512,3.257614,0.648219,-3.150845,-9.204400,,16.995695,1010.766710,1.213605,9.998372,440000.000000,VFR,barnes,envelope,False
2026-04-29T20:15:41Z,35.184197,-75.557796,106.680000,71.060913,154.972222,2.762883,-1.639610,3.212763,149.313338,2.660481,-1.578840,3.093687,0.654119,-3.145468,-9.188961,,16.992029,1010.765314,1.213618,9.998373,440000.000000,VFR,barnes,envelope,False
2026-04-29T20:15:51Z,35.184761,-75.555772,106.680000,71.060913,155.166667,2.755864,-1.643488,3.208713,149.189829,2.708632,-1.615320,3.153719,0.660065,-3.140088,-9.173510,,16.988364,1010.763919,1.213632,9.998374,440000.000000,VFR,barnes,envelope,False
2026-04-29T20:16:01Z,35.185324,-75.553748,106.680000,71.060913,155.361111,2.748827,-1.647407,3.204684,149.065199,2.873384,-1.722056,3.349897,0.666057,-3.134704,-9.158047,,16.984698,1010.762526,1.213646,9.998375,440000.000000,VFR,barnes,envelope,False
2026-04-29T20:16:11Z,35.185887,-75.551723,106.680000,71.060913,155.555556,2.741771,-1.651369,3.200676,148.939446,2.838813,-1.709817,3.313960,0.672094,-3.129316,-9.142573,,16.981032,1010.761135,1.213659,9.998376,440000.000000,VFR,barnes,envelope,False
2026-04-29T20:16:21Z,35.186450,-75.549699,106.680000,71.060913,155.750000,2.734698,-1.655372,3.196690,148.812569,2.891235,-1.750127,3.379673,0.678176,-3.123925,-9.127088,,16.977366,1010.759746,1.213673,9.998377,440000.000000,VFR,barnes,envelope,False
2026-04-29T20:16:31Z,35.187014,-75.547675,106.680000,71.060913,155.944444,2.727607,-1.659417,3.192727,148.684570,2.879732,-1.751967,3.370793,0.684304,-3.118531,-9.111593,,16.973700,1010.758358,1.213687,9.998378,440000.000000,VFR,barnes,envelope,False
2026-04-29T20:16:41Z,35.187577,-75.545651,106.680000,71.060913,156.138889,2.720498,-1.663504,3.188786,148.555446,2.904526,-1.776032,3.404491,0.690477,-3.113133,-9.096087,,16.970034,1010.756972,1.213700,9.998379,440000.000000,VFR,barnes,envelope,False
2026-04-29T20:16:51Z,35.188140,-75.543627,106.680000,71.060913,156.333333,2.713372,-1.667633,3.184869,148.425198,2.852976,-1.753434,3.348732,0.696695,-3.107733,-9.080572,,16.966368,1010.755588,1.213714,9.998380,440000.000000,VFR,barnes,envelope,False
2026-04-29T20:17:01Z,35.188703,-75.541603,106.680000,71.060913,156.527778,2.706229,-1.671804,3.180975,148.293825,2.742584,-1.694262,3.223707,0.702958,-3.102330,-9.065047,,16.962702,1010.754205,1.213728,9.998381,440000.000000,VFR,barnes,envelope,False
2026-04-29T20:17:11Z,35.189266,-75.539579,106.680000,71.060913,156.722222,2.699068,-1.676016,3.177106,148.161328,2.733076,-1.697134,3.217137,0.709267,-3.096924,-9.049513,,16.959036,1010.752824,1.213741,9.998382,440000.000000,VFR,barnes,envelope,False
2026-04-29T20:17:21Z,35.189830,-75.537555,106.680000,71.060913,156.916667,2.691891,-1.680270,3.173261,148.027706,2.664327,-1.663066,3.140769,0.715620,-3.091516,-9.033970,,16.955370,1010.751444,1.213755,9.998383,440000.000000,VFR,barnes,envelope,False
2026-04-29T20:17:31Z,35.190393,-75.535530,106.680000,71.060913,157.111111,2.684696,-1.684566,3.169441,147.892960,2.575054,-1.615769,3.040002,0.722019,-3.086105,-9.018418,,16.951704,1010.750066,1.213769,9.998384,440000.000000,VFR,barnes,envelope,False
2026-04-29T20:17:41Z,35.190956,-75.533506,106.680000,71.060913,157.305556,2.677485,-1.688904,3.165647,147.757089,2.641429,-1.666161,3.123018,0.728462,-3.080692,-9.002859,,16.948038,1010.748689,1.213782,9.998385,440000.000000,VFR,barnes,envelope,False
2026-04-29T20:17:51Z,35.191519,-75.531482,106.680000,71.060913,157.500000,2.670257,-1.693283,3.161879,147.620095,2.641707,-1.675179,3.128073,0.734950,-3.075277,-8.987292,,16.944373,1010.747314,1.213796,9.998386,440000.000000,VFR,barnes,envelope,False
2026-04-29T20:18:01Z,35.192083,-75.529458,106.680000,71.060913,157.694444,2.663012,-1.697704,3.158138,147.481978,2.665233,-1.699119,3.160771,0.741483,-3.069859,-8.971718,,16.940707,1010.745941,1.213810,9.998387,440000.000000,VFR,barnes,envelope,False
2026-04-29T20:18:11Z,35.192646,-75.527434,106.680000,71.060913,157.888889,2.655752,-1.702166,3.154423,147.342738,2.716381,-1.741025,3.226437,0.748060,-3.064440,-8.956137,,16.937042,1010.744569,1.213823,9.998388,440000.000000,VFR,barnes,envelope,False
2026-04-29T20:18:21Z,35.193209,-75.525410,106.680000,71.060913,158.083333,2.648475,-1.706670,3.150737,147.202377,2.694426,-1.736281,3.205402,0.754682,-3.059019,-8.940549,,16.933377,1010.743198,1.213837,9.998389,440000.000000,VFR,barnes,envelope,False
2026-04-29T20:18:31Z,35.193772,-75.523386,106.680000,71.060913,158.277778,2.641182,-1.711215,3.147078,147.060895,2.715701,-1.759496,3.235871,0.761348,-3.053596,-8.924955,,16.929713,1010.741829,1.213851,9.998390,440000.000000,VFR,barnes,envelope,False
2026-04-29T20:18:41Z,35.194336,-75.521362,106.680000,71.060913,158.472222,2.633873,-1.715802,3.143448,146.918292,2.698600,-1.757968,3.220698,0.768059,-3.048172,-8.909355,,16.926049,1010.740462,1.213865,9.998391,440000.000000,VFR,barnes,envelope,False
2026-04-29T20:18:51Z,35.194899,-75.519337,106.680000,71.060913,158.666667,2.626548,-1.720431,3.139847,146.774571,2.673052,-1.750891,3.195439,0.774814,-3.042746,-8.893750,,16.922385,1010.739096,1.213878,9.998392,440000.000000,VFR,barnes,envelope,False
2026-04-29T20:19:01Z,35.195462,-75.517313,106.680000,71.060913,158.861111,2.619208,-1.725100,3.136275,146.629733,2.672276,-1.760052,3.199819,0.781613,-3.037319,-8.878140,,16.918721,1010.737731,1.213892,9.998393,440000.000000,VFR,barnes,envelope,False
2026-04-29T20:19:11Z,35.196025,-75.515289,106.680000,71.060913,159.055556,2.611853,-1.729811,3.132734,146.483779,2.678269,-1.773798,3.212395,0.788456,-3.031890,-8.862524,,16.915058,1010.736368,1.213906,9.998394,440000.000000,VFR,barnes,envelope,False
2026-04-29T20:19:21Z,35.196589,-75.513265,106.680000,71.060913,159.250000,2.604482,-1.734563,3.129223,146.336711,2.648951,-1.764180,3.182652,0.795344,-3.026461,-8.846904,,16.911395,1010.735006,1.213919,9.998395,440000.000000,VFR,barnes,envelope,False
2026-04-29T20:19:31Z,35.197152,-75.511241,106.680000,71.060913,159.444444,2.597095,-1.739357,3.125743,146.188530,2.657274,-1.779661,3.198171,0.802275,-3.021030,-8.831281,,16.907733,1010.733645,1.213933,9.998396,440000.000000,VFR,barnes,envelope,False
2026-04-29T20:19:41Z,35.197715,-75.509217,106.680000,71.060913,159.638889,2.589694,-1.744192,3.122294,146.039238,2.642929,-1.780046,3.186477,0.809250,-3.015599,-8.815653,,16.904071,1010.732286,1.213947,9.998397,440000.000000,VFR,barnes,envelope,False
2026-04-29T20:19:51Z,35.198278,-75.507193,106.680000,71.060913,159.833333,2.582278,-1.749068,3.118878,145.888838,2.631049,-1.782102,3.177783,0.816269,-3.010167,-8.800022,,16.900410,1010.730928,1.213960,9.998398,440000.000000,VFR,barnes,envelope,False
2026-04-29T20:20:01Z,35.198841,-75.505169,106.680000,71.060913,160.027778,2.575204,-1.753846,3.115710,145.743134,2.595561,-1.767710,3.140340,0.823084,-3.005026,-8.785228,,16.896759,1010.729595,1.213974,9.998399,440000.000000,VFR,barnes,envelope,False
2026-04-29T20:20:11Z,35.199809,-75.503750,106.680000,7.193028,160.222222,2.572196,-1.756726,3.114849,145.668194,2.590202,-1.769024,3.136653,-2.331989,-2.064972,-6.062008,,16.893846,1010.728177,1.213985,9.998397,440000.000000,VFR,barnes,envelope,False
2026-04-29T20:20:21Z,35.201544,-75.503480,106.680000,7.193028,160.416667,2.570821,-1.758364,3.114637,145.629049,2.591954,-1.772818,3.140240,-2.330420,-2.066425,-6.066241,,16.892173,1010.726207,1.213989,9.998390,440000.000000,VFR,barnes,envelope,False
2026-04-29T20:20:31Z,35.203279,-75.503211,106.680000,7.193028,160.611111,2.569454,-1.759981,3.114422,145.590306,2.578592,-1.766240,3.125499,-2.328861,-2.067857,-6.070415,,16.890503,1010.724237,1.213994,9.998383,440000.000000,VFR,barnes,envelope,False
2026-04-29T20:20:41Z,35.205013,-75.502942,106.680000,7.193028,160.805556,2.568095,-1.761576,3.114203,145.551965,2.558466,-1.754971,3.102527,-2.327313,-2.069270,-6.074531,,16.888837,1010.722267,1.213998,9.998375,440000.000000,VFR,barnes,envelope,False
2026-04-29T20:20:51Z,35.206748,-75.502672,106.680000,7.193028,161.000000,2.566745,-1.763150,3.113980,145.514025,2.543816,-1.747400,3.086164,-2.325776,-2.070662,-6.078587,,16.887175,1010.720295,1.214003,9.998368,440000.000000,VFR,barnes,envelope,False
2026-04-29T20:21:01Z,35.208483,-75.502403,106.680000,7.193028,161.194444,2.565402,-1.764702,3.113753,145.476487,2.540894,-1.747844,3.084007,-2.324249,-2.072034,-6.082585,,16.885516,1010.718323,1.214008,9.998361,440000.000000,VFR,barnes,envelope,False
2026-04-29T20:21:11Z,35.210218,-75.502133,106.680000,7.193028,161.388889,2.564067,-1.766234,3.113522,145.439350,2.552411,-1.758204,3.099368,-2.322733,-2.073386,-6.086525,,16.883860,1010.716351,1.214012,9.998354,440000.000000,VFR,barnes,envelope,False
2026-04-29T20:21:21Z,35.211953,-75.501864,106.680000,7.193028,161.583333,2.562740,-1.767743,3.113287,145.402614,2.560311,-1.766068,3.110335,-2.321228,-2.074718,-6.090405,,16.882208,1010.714377,1.214017,9.998346,440000.000000,VFR,barnes,envelope,False
2026-04-29T20:21:31Z,35.213688,-75.501594,106.680000,7.193028,161.777778,2.561421,-1.769232,3.113047,145.366279,2.567430,-1.773382,3.120349,-2.319733,-2.076030,-6.094227,,16.880559,1010.712404,1.214021,9.998339,440000.000000,VFR,barnes,envelope,False
2026-04-29T20:21:41Z,35.215422,-75.501325,106.680000,7.193028,161.972222,2.560110,-1.770699,3.112803,145.330345,2.600027,-1.798308,3.161337,-2.318248,-2.077321,-6.097989,,16.878913,1010.710429,1.214026,9.998331,440000.000000,VFR,barnes,envelope,False
2026-04-29T20:21:51Z,35.217157,-75.501056,106.680000,7.193028,162.166667,2.558807,-1.772145,3.112554,145.294811,2.592340,-1.795368,3.153343,-2.316775,-2.078593,-6.101693,,16.877271,1010.708454,1.214030,9.998324,440000.000000,VFR,barnes,envelope,False
2026-04-29T20:22:01Z,35.218892,-75.500786,106.680000,7.193028,162.361111,2.557512,-1.773569,3.112301,145.259678,2.622278,-1.818483,3.191116,-2.315311,-2.079844,-6.105338,,16.875633,1010.706479,1.214035,9.998316,440000.000000,VFR,barnes,envelope,False
2026-04-29T20:22:11Z,35.220627,-75.500517,106.680000,7.193028,162.555556,2.556225,-1.774972,3.112043,145.224946,2.620802,-1.819813,3.190662,-2.313858,-2.081075,-6.108923,,16.873998,1010.704502,1.214039,9.998309,440000.000000,VFR,barnes,envelope,False
2026-04-29T20:22:21Z,35.222362,-75.500247,106.680000,7.193028,162.750000,2.554945,-1.776354,3.111781,145.190614,2.588816,-1.799903,3.153034,-2.312416,-2.082285,-6.112450,,16.872366,1010.702525,1.214044,9.998301,440000.000000,VFR,barnes,envelope,False
2026-04-29T20:22:31Z,35.224097,-75.499978,106.680000,7.193028,162.944444,2.553674,-1.777714,3.111514,145.156681,2.529219,-1.760690,3.081717,-2.310984,-2.083476,-6.115918,,16.870738,1010.700548,1.214048,9.998294,440000.000000,VFR,barnes,envelope,False
2026-04-29T20:22:41Z,35.225832,-75.499709,106.680000,7.193028,163.138889,2.552410,-1.779053,3.111242,145.123149,2.569423,-1.790912,3.131980,-2.309563,-2.084646,-6.119326,,16.869113,1010.698569,1.214053,9.998286,440000.000000,VFR,barnes,envelope,False
2026-04-29T20:22:51Z,35.227566,-75.499439,106.680000,7.193028,163.333333,2.551154,-1.780371,3.110965,145.090017,2.579286,-1.800003,3.145271,-2.308152,-2.085795,-6.122676,,16.867491,1010.696590,1.214057,9.998278,440000.000000,VFR,barnes,envelope,False
2026-04-29T20:23:01Z,35.229301,-75.499170,106.680000,7.193028,163.527778,2.549906,-1.781667,3.110684,145.057284,2.570758,-1.796236,3.136122,-2.306751,-2.086925,-6.125966,,16.865873,1010.694611,1.214061,9.998271,440000.000000,VFR,barnes,envelope,False
2026-04-29T20:23:11Z,35.231036,-75.498900,106.680000,7.193028,163.722222,2.548665,-1.782941,3.110397,145.024950,2.547233,-1.781939,3.108649,-2.305360,-2.088034,-6.129197,,16.864259,1010.692631,1.214066,9.998263,440000.000000,VFR,barnes,envelope,False
2026-04-29T20:23:21Z,35.232771,-75.498631,106.680000,7.193028,163.916667,2.547432,-1.784194,3.110106,144.993016,2.469861,-1.729864,3.015401,-2.303980,-2.089123,-6.132369,,16.862647,1010.690650,1.214070,9.998255,440000.000000,VFR,barnes,envelope,False
2026-04-29T20:23:31Z,35.234506,-75.498361,106.680000,7.193028,164.111111,2.546207,-1.785426,3.109810,144.961480,2.460260,-1.725159,3.004838,-2.302611,-2.090191,-6.135481,,16.861040,1010.688668,1.214074,9.998247,440000.000000,VFR,barnes,envelope,False
2026-04-29T20:23:41Z,35.236241,-75.498092,106.680000,7.193028,164.305556,2.544990,-1.786636,3.109508,144.930344,2.540187,-1.783264,3.103640,-2.301251,-2.091239,-6.138534,,16.859435,1010.686686,1.214079,9.998240,440000.000000,VFR,barnes,envelope,False
2026-04-29T20:23:51Z,35.237975,-75.497823,106.680000,7.193028,164.500000,2.543780,-1.787824,3.109201,144.899606,2.548784,-1.791341,3.115318,-2.299902,-2.092267,-6.141528,,16.857834,1010.684703,1.214083,9.998232,440000.000000,VFR,barnes,envelope,False
2026-04-29T20:24:01Z,35.239710,-75.497553,106.680000,7.193028,164.694444,2.542577,-1.788992,3.108889,144.869267,2.572163,-1.809808,3.145064,-2.298563,-2.093275,-6.144463,,16.856237,1010.682720,1.214087,9.998224,440000.000000,VFR,barnes,envelope,False
2026-04-29T20:24:11Z,35.241445,-75.497284,106.680000,7.193028,164.888889,2.541383,-1.790137,3.108572,144.839326,2.584715,-1.820661,3.161575,-2.297234,-2.094262,-6.147338,,16.854643,1010.680736,1.214092,9.998216,440000.000000,VFR,barnes,envelope,False
2026-04-29T20:24:21Z,35.243180,-75.497014,106.680000,7.193028,165.083333,2.540196,-1.791261,3.108249,144.809783,2.528420,-1.782957,3.093840,-2.295916,-2.095228,-6.150154,,16.853052,1010.678751,1.214096,9.998208,440000.000000,VFR,barnes,envelope,False
2026-04-29T20:24:31Z,35.244915,-75.496745,106.680000,7.193028,165.277778,2.539016,-1.792364,3.107921,144.780638,2.653170,-1.872949,3.247653,-2.294607,-2.096175,-6.152910,,16.851465,1010.676765,1.214100,9.998200,440000.000000,VFR,barnes,envelope,False
2026-04-29T20:24:41Z,35.246650,-75.496476,106.680000,7.193028,165.472222,2.537844,-1.793445,3.107587,144.751892,2.758051,-1.949061,3.377231,-2.293309,-2.097100,-6.155607,,16.849882,1010.674779,1.214104,9.998192,440000.000000,VFR,barnes,envelope,False
2026-04-29T20:24:51Z,35.248384,-75.496206,106.680000,7.193028,165.666667,2.536679,-1.794505,3.107248,144.723542,2.786445,-1.971195,3.413193,-2.292021,-2.098006,-6.158244,,16.848301,1010.672792,1.214109,9.998184,440000.000000,VFR,barnes,envelope,False
2026-04-29T20:25:01Z,35.250119,-75.495937,106.680000,7.193028,165.861111,2.535536,-1.794742,3.106452,144.707790,2.714688,-1.921552,3.325943,-2.290857,-2.098098,-6.158513,,16.846655,1010.670643,1.214113,9.998176,440000.000000,VFR,barnes,envelope,False
2026-04-29T20:25:11Z,35.251854,-75.495667,106.680000,7.193028,166.055556,2.534516,-1.787747,3.101582,144.802379,2.624363,-1.851122,3.211531,-2.290721,-2.091030,-6.137925,,16.845081,1010.667046,1.214115,9.998168,440000.000000,VFR,barnes,envelope,False
2026-04-29T20:25:21Z,35.253589,-75.495398,106.680000,7.193028,166.250000,2.533491,-1.780723,3.096700,144.897640,2.540706,-1.785794,3.105519,-2.290584,-2.083934,-6.117252,,16.843511,1010.663444,1.214118,9.998160,440000.000000,VFR,barnes,envelope,False
2026-04-29T20:25:31Z,35.255324,-75.495128,106.680000,7.193028,166.444444,2.532462,-1.773672,3.091808,144.993575,2.467807,-1.728390,3.012873,-2.290445,-2.076809,-6.096496,,16.841944,1010.659837,1.214120,9.998151,440000.000000,VFR,barnes,envelope,False
2026-04-29T20:25:41Z,35.257059,-75.494859,106.680000,7.193028,166.638889,2.531428,-1.766593,3.086904,145.090188,2.383490,-1.663352,2.906504,-2.290306,-2.069656,-6.075657,,16.840380,1010.656226,1.214122,9.998143,440000.000000,VFR,barnes,envelope,False
2026-04-29T20:25:51Z,35.258794,-75.494590,106.680000,7.193028,166.833333,2.530390,-1.759486,3.081990,145.187484,2.434753,-1.692986,2.965506,-2.290166,-2.062476,-6.054734,,16.838820,1010.652610,1.214124,9.998135,440000.000000,VFR,barnes,envelope,False
2026-04-29T20:26:01Z,35.260528,-75.494320,106.680000,7.193028,167.027778,2.529347,-1.752352,3.077066,145.285465,2.455040,-1.700872,2.986668,-2.290024,-2.055267,-6.033728,,16.837264,1010.648990,1.214126,9.998127,440000.000000,VFR,barnes,envelope,False
2026-04-29T20:26:11Z,35.262263,-75.494051,106.680000,7.193028,167.222222,2.528299,-1.745190,3.072131,145.384136,2.621159,-1.809288,3.184965,-2.289882,-2.048030,-6.012639,,16.835711,1010.645365,1.214128,9.998118,440000.000000,VFR,barnes,envelope,False
2026-04-29T20:26:21Z,35.263998,-75.493781,106.680000,7.193028,167.416667,2.527247,-1.738001,3.067185,145.483501,2.585518,-1.778074,3.137905,-2.289738,-2.040766,-5.991467,,16.834161,1010.641736,1.214131,9.998110,440000.000000,VFR,barnes,envelope,False
2026-04-29T20:26:31Z,35.265733,-75.493512,106.680000,7.193028,167.611111,2.526191,-1.730784,3.062230,145.583562,2.599906,-1.781289,3.151587,-2.289594,-2.033473,-5.970212,,16.832615,1010.638102,1.214133,9.998102,440000.000000,VFR,barnes,envelope,False
2026-04-29T20:26:41Z,35.267468,-75.493243,106.680000,7.193028,167.805556,2.525130,-1.723540,3.057265,145.684325,2.529138,-1.726275,3.062118,-2.289449,-2.026153,-5.948875,,16.831072,1010.634464,1.214135,9.998093,440000.000000,VFR,barnes,envelope,False
2026-04-29T20:26:51Z,35.269203,-75.492973,106.680000,7.193028,168.000000,2.524065,-1.716268,3.052291,145.785793,2.515073,-1.710153,3.041417,-2.289302,-2.018805,-5.927455,,16.829532,1010.630821,1.214137,9.998085,440000.000000,VFR,barnes,envelope,False
2026-04-29T20:27:01Z,35.270937,-75.492704,106.680000,7.193028,168.194444,2.522995,-1.708969,3.047307,145.887970,2.404982,-1.629032,2.904769,-2.289155,-2.011430,-5.905953,,16.827996,1010.627174,1.214139,9.998076,440000.000000,VFR,barnes,envelope,False
2026-04-29T20:27:11Z,35.272672,-75.492434,106.680000,7.193028,168.388889,2.521921,-1.701643,3.042314,145.990859,2.428599,-1.638674,2.929735,-2.289007,-2.004027,-5.884369,,16.826464,1010.623522,1.214141,9.998068,440000.000000,VFR,barnes,envelope,False
2026-04-29T20:27:21Z,35.274407,-75.492165,106.680000,7.193028,168.583333,2.520843,-1.694289,3.037312,146.094466,2.487768,-1.672060,2.997461,-2.288857,-1.996596,-5.862704,,16.824935,1010.619866,1.214143,9.998059,440000.000000,VFR,barnes,envelope,False
2026-04-29T20:27:31Z,35.276142,-75.491896,106.680000,7.193028,168.777778,2.519760,-1.686909,3.032301,146.198793,2.514865,-1.683632,3.026411,-2.288707,-1.989138,-5.840956,,16.823409,1010.616205,1.214145,9.998051,440000.000000,VFR,barnes,envelope,False
2026-04-29T20:27:41Z,35.277877,-75.491626,106.680000,7.193028,168.972222,2.518672,-1.679502,3.027282,146.303844,2.475130,-1.650466,2.974946,-2.288556,-1.981653,-5.819127,,16.821887,1010.612540,1.214147,9.998042,440000.000000,VFR,barnes,envelope,False
2026-04-29T20:27:51Z,35.279612,-75.491357,106.680000,7.193028,169.166667,2.517581,-1.672067,3.022254,146.409625,2.572547,-1.708573,3.088239,-2.288404,-1.974141,-5.797217,,16.820368,1010.608870,1.214149,9.998033,440000.000000,VFR,barnes,envelope,False
2026-04-29T20:28:01Z,35.281346,-75.491087,106.680000,7.193028,169.361111,2.516483,-1.664607,3.017217,146.516102,2.578607,-1.705701,3.091703,-2.288248,-1.966601,-5.775228,,16.818853,1010.605196,1.214151,9.998025,440000.000000,VFR,barnes,envelope,False
2026-04-29T20:28:11Z,35.283081,-75.490818,106.680000,7.193028,169.555556,2.515362,-1.657127,3.012161,146.622993,2.542039,-1.674703,3.044108,-2.288072,-1.959040,-5.753173,,16.817341,1010.601518,1.214153,9.998016,440000.000000,VFR,barnes,envelope,False
2026-04-29T20:28:21Z,35.284816,-75.490548,106.680000,7.193028,169.750000,2.514236,-1.649621,3.007097,146.730620,2.599885,-1.705817,3.109536,-2.287895,-1.951453,-5.731039,,16.815832,1010.597835,1.214155,9.998007,440000.000000,VFR,barnes,envelope,False
2026-04-29T20:28:31Z,35.286551,-75.490279,106.680000,7.193028,169.944444,2.513106,-1.642089,3.002025,146.838987,2.609520,-1.705087,3.117197,-2.287717,-1.943838,-5.708823,,16.814327,1010.594148,1.214156,9.997998,440000.000000,VFR,barnes,envelope,False
2026-04-29T20:28:41Z,35.288286,-75.490010,106.680000,7.193028,170.138889,2.511971,-1.634530,2.996946,146.948100,2.614994,-1.701567,3.119859,-2.287538,-1.936196,-5.686528,,16.812825,1010.590456,1.214158,9.997989,440000.000000,VFR,barnes,envelope,False
2026-04-29T20:28:51Z,35.290021,-75.489740,106.680000,7.193028,170.333333,2.510831,-1.626944,2.991859,147.057961,2.596894,-1.682710,3.094409,-2.287357,-1.928528,-5.664152,,16.811327,1010.586760,1.214160,9.997980,440000.000000,VFR,barnes,envelope,False
2026-04-29T20:29:01Z,35.291756,-75.489471,106.680000,7.193028,170.527778,2.509688,-1.619332,2.986766,147.168574,2.587842,-1.669760,3.079777,-2.287176,-1.920832,-5.641697,,16.809832,1010.583060,1.214162,9.997972,440000.000000,VFR,barnes,envelope,False
2026-04-29T20:29:11Z,35.293490,-75.489201,106.680000,7.193028,170.722222,2.508539,-1.611694,2.981665,147.279945,2.572092,-1.652525,3.057204,-2.286993,-1.913110,-5.619162,,16.808341,1010.579355,1.214164,9.997963,440000.000000,VFR,barnes,envelope,False
2026-04-29T20:29:21Z,35.295225,-75.488932,106.680000,7.193028,170.916667,2.507387,-1.604029,2.976558,147.392077,2.571879,-1.645287,3.053118,-2.286809,-1.905362,-5.596548,,16.806853,1010.575645,1.214166,9.997954,440000.000000,VFR,barnes,envelope,False
2026-04-29T20:29:31Z,35.296960,-75.488663,106.680000,7.193028,171.111111,2.506229,-1.596338,2.971445,147.504973,2.573915,-1.639451,3.051694,-2.286624,-1.897586,-5.573854,,16.805369,1010.571932,1.214167,9.997945,440000.000000,VFR,barnes,envelope,False
2026-04-29T20:29:41Z,35.298695,-75.488393,106.680000,7.193028,171.305556,2.505068,-1.588621,2.966325,147.618639,2.561029,-1.624110,3.032591,-2.286438,-1.889785,-5.551081,,16.803888,1010.568214,1.214169,9.997935,440000.000000,VFR,barnes,envelope,False
2026-04-29T20:29:51Z,35.300430,-75.488124,106.680000,7.193028,171.500000,2.503902,-1.580878,2.961199,147.733079,2.553383,-1.612119,3.019718,-2.286250,-1.881957,-5.528230,,16.802410,1010.564492,1.214171,9.997926,440000.000000,VFR,barnes,envelope,False
2026-04-29T20:30:01Z,35.302165,-75.487854,106.680000,7.193028,171.694444,2.503039,-1.573098,2.956322,147.851652,2.536549,-1.594158,2.995901,-2.286368,-1.874130,-5.505379,,16.801009,1010.561095,1.214173,9.997917,440000.000000,VFR,barnes,envelope,False
2026-04-29T20:30:11Z,35.303899,-75.487585,106.680000,7.193028,171.888889,2.504938,-1.565208,2.953742,148.000832,2.536919,-1.585192,2.991453,-2.289240,-1.866539,-5.483219,,16.799452,1010.560671,1.214179,9.997908,440000.000000,VFR,barnes,envelope,False
2026-04-29T20:30:21Z,35.305634,-75.487315,106.680000,7.193028,172.083333,2.506832,-1.557325,2.951181,148.150113,2.535406,-1.575076,2.984820,-2.292107,-1.858956,-5.461076,,16.797898,1010.560243,1.214185,9.997899,440000.000000,VFR,barnes,envelope,False
2026-04-29T20:30:31Z,35.307369,-75.487046,106.680000,7.193028,172.277778,2.508722,-1.549449,2.948641,148.299490,2.537068,-1.566957,2.981957,-2.294968,-1.851379,-5.438950,,16.796348,1010.559811,1.214190,9.997890,440000.000000,VFR,barnes,envelope,False
2026-04-29T20:30:41Z,35.309104,-75.486777,106.680000,7.193028,172.472222,2.510608,-1.541580,2.946120,148.448963,2.535464,-1.556843,2.975288,-2.297824,-1.843808,-5.416841,,16.794802,1010.559376,1.214196,9.997880,440000.000000,VFR,barnes,envelope,False
2026-04-29T20:30:51Z,35.310839,-75.486507,106.680000,7.193028,172.666667,2.512489,-1.533718,2.943619,148.598530,2.526492,-1.542266,2.960025,-2.300675,-1.836243,-5.394749,,16.793259,1010.558938,1.214202,9.997871,440000.000000,VFR,barnes,envelope,False
2026-04-29T20:31:01Z,35.312574,-75.486238,106.680000,7.193028,172.861111,2.514366,-1.525863,2.941138,148.748189,2.534723,-1.538217,2.964951,-2.303521,-1.828685,-5.372673,,16.791721,1010.558495,1.214208,9.997862,440000.000000,VFR,barnes,envelope,False
2026-04-29T20:31:11Z,35.314309,-75.485968,106.680000,7.193028,173.055556,2.516238,-1.518015,2.938677,148.897938,2.524581,-1.523049,2.948421,-2.306361,-1.821133,-5.350615,,16.790186,1010.558049,1.214214,9.997852,440000.000000,VFR,barnes,envelope,False
2026-04-29T20:31:21Z,35.316043,-75.485699,106.680000,7.193028,173.250000,2.518106,-1.510174,2.936236,149.047774,2.516676,-1.509317,2.934570,-2.309195,-1.813588,-5.328574,,16.788654,1010.557600,1.214220,9.997843,440000.000000,VFR,barnes,envelope,False
2026-04-29T20:31:31Z,35.317778,-75.485430,106.680000,7.193028,173.444444,2.519969,-1.502340,2.933815,149.197697,2.532238,-1.509655,2.948099,-2.312025,-1.806048,-5.306549,,16.787127,1010.557147,1.214226,9.997833,440000.000000,VFR,barnes,envelope,False
2026-04-29T20:31:41Z,35.319513,-75.485160,106.680000,7.193028,173.638889,2.521827,-1.494513,2.931413,149.347704,2.523110,-1.495273,2.932904,-2.314849,-1.798516,-5.284542,,16.785603,1010.556690,1.214232,9.997824,440000.000000,VFR,barnes,envelope,False
2026-04-29T20:31:51Z,35.321248,-75.484891,106.680000,7.193028,173.833333,2.523681,-1.486693,2.929031,149.497792,2.538019,-1.495139,2.945672,-2.317667,-1.790989,-5.262551,,16.784083,1010.556230,1.214238,9.997814,440000.000000,VFR,barnes,envelope,False
2026-04-29T20:32:01Z,35.322983,-75.484621,106.680000,7.193028,174.027778,2.525531,-1.478880,2.926669,149.647962,2.534165,-1.483936,2.936674,-2.320480,-1.783469,-5.240578,,16.782567,1010.555767,1.214243,9.997804,440000.000000,VFR,barnes,envelope,False
2026-04-29T20:32:11Z,35.324718,-75.484352,106.680000,7.193028,174.222222,2.527375,-1.471073,2.924326,149.798209,2.546939,-1.482460,2.946962,-2.323288,-1.775955,-5.218621,,16.781054,1010.555299,1.214249,9.997795,440000.000000,VFR,barnes,envelope,False
2026-04-29T20:32:21Z,35.326452,-75.484083,106.680000,7.193028,174.416667,2.529215,-1.463274,2.922003,149.948533,2.545249,-1.472550,2.940526,-2.326090,-1.768447,-5.196681,,16.779545,1010.554828,1.214255,9.997785,440000.000000,VFR,barnes,envelope,False
2026-04-29T20:32:31Z,35.328187,-75.483813,106.680000,7.193028,174.611111,2.531051,-1.455482,2.919699,150.098931,2.540482,-1.460905,2.930578,-2.328887,-1.760946,-5.174758,,16.778040,1010.554354,1.214261,9.997775,440000.000000,VFR,barnes,envelope,False
2026-04-29T20:32:41Z,35.329922,-75.483544,106.680000,7.193028,174.805556,2.532882,-1.447696,2.917415,150.249402,2.530898,-1.446563,2.915131,-2.331678,-1.753451,-5.152852,,16.776539,1010.553876,1.214266,9.997766,440000.000000,VFR,barnes,envelope,False
2026-04-29T20:32:51Z,35.331657,-75.483274,106.680000,7.193028,175.000000,2.534708,-1.439918,2.915151,150.399944,2.530634,-1.437604,2.910466,-2.334464,-1.745962,-5.130963,,16.775041,1010.553394,1.214272,9.997756,440000.000000,VFR,barnes,envelope,False
2026-04-29T20:33:01Z,35.333392,-75.483005,106.680000,7.193028,175.194444,2.536529,-1.432146,2.912906,150.550554,2.528819,-1.427793,2.904051,-2.337244,-1.738480,-5.109090,,16.773547,1010.552909,1.214278,9.997746,440000.000000,VFR,barnes,envelope,False
2026-04-29T20:33:11Z,35.335127,-75.482735,106.680000,7.193028,175.388889,2.538345,-1.424381,2.910680,150.701232,2.528348,-1.418771,2.899217,-2.340018,-1.731004,-5.087235,,16.772057,1010.552420,1.214283,9.997736,440000.000000,VFR,barnes,envelope,False
2026-04-29T20:33:21Z,35.336861,-75.482466,106.680000,7.193028,175.583333,2.540157,-1.416623,2.908474,150.851974,2.520675,-1.405758,2.886167,-2.342787,-1.723534,-5.065396,,16.770571,1010.551928,1.214289,9.997726,440000.000000,VFR,barnes,envelope,False
2026-04-29T20:33:31Z,35.338596,-75.482197,106.680000,7.193028,175.777778,2.541964,-1.408872,2.906287,151.002779,2.508447,-1.390296,2.867966,-2.345550,-1.716070,-5.043574,,16.769088,1010.551432,1.214295,9.997716,440000.000000,VFR,barnes,envelope,False
2026-04-29T20:33:41Z,35.340331,-75.481927,106.680000,7.193028,175.972222,2.543766,-1.401128,2.904119,151.153645,2.517677,-1.386758,2.874334,-2.348308,-1.708613,-5.021769,,16.767610,1010.550932,1.214300,9.997706,440000.000000,VFR,barnes,envelope,False
2026-04-29T20:33:51Z,35.342066,-75.481658,106.680000,7.193028,176.166667,2.545563,-1.393391,2.901971,151.304571,2.514015,-1.376123,2.866005,-2.351060,-1.701162,-4.999980,,16.766134,1010.550429,1.214306,9.997696,440000.000000,VFR,barnes,envelope,False
2026-04-29T20:34:01Z,35.343801,-75.481388,106.680000,7.193028,176.361111,2.547356,-1.385661,2.899841,151.455553,2.516926,-1.369108,2.865200,-2.353806,-1.693717,-4.978209,,16.764663,1010.549922,1.214311,9.997686,440000.000000,VFR,barnes,envelope,False
2026-04-29T20:34:11Z,35.345536,-75.481119,106.680000,7.193028,176.555556,2.549144,-1.377938,2.897731,151.606591,2.536592,-1.371153,2.883464,-2.356547,-1.686278,-4.956454,,16.763195,1010.549412,1.214317,9.997676,440000.000000,VFR,barnes,envelope,False
2026-04-29T20:34:21Z,35.347271,-75.480850,106.680000,7.193028,176.750000,2.550926,-1.370221,2.895640,151.757683,2.558804,-1.374453,2.904582,-2.359282,-1.678846,-4.934716,,16.761731,1010.548898,1.214322,9.997666,440000.000000,VFR,barnes,envelope,False
2026-04-29T20:34:31Z,35.349005,-75.480580,106.680000,7.193028,176.944444,2.552704,-1.362512,2.893568,151.908826,2.547624,-1.359800,2.887810,-2.362011,-1.671419,-4.912994,,16.760271,1010.548380,1.214328,9.997656,440000.000000,VFR,barnes,envelope,False
2026-04-29T20:34:41Z,35.350740,-75.480311,106.680000,7.193028,177.138889,2.554477,-1.354809,2.891515,152.060018,2.547335,-1.351021,2.883430,-2.364734,-1.663999,-4.891290,,16.758815,1010.547859,1.214333,9.997645,440000.000000,VFR,barnes,envelope,False
2026-04-29T20:34:51Z,35.352475,-75.480041,106.680000,7.193028,177.333333,2.556245,-1.347113,2.889481,152.211259,2.558957,-1.348543,2.892547,-2.367452,-1.656585,-4.869602,,16.757362,1010.547334,1.214339,9.997635,440000.000000,VFR,barnes,envelope,False
2026-04-29T20:35:01Z,35.354210,-75.479772,106.680000,7.193028,177.527778,2.557660,-1.340960,2.887871,152.332349,2.570385,-1.347631,2.902238,-2.369627,-1.650658,-4.852261,,16.755913,1010.546702,1.214344,9.997625,460000.000000,VFR,barnes,envelope,False
2026-04-29T20:35:11Z,35.355945,-75.479502,106.680000,7.193028,177.722222,2.555956,-1.348640,2.889938,152.181816,2.566659,-1.354287,2.902039,-2.366974,-1.658063,-4.873926,,16.754468,1010.545137,1.214348,9.997614,460000.000000,VFR,barnes,envelope,False
2026-04-29T20:35:21Z,35.357680,-75.479233,106.680000,7.193028,177.916667,2.554272,-1.356329,2.892047,152.031507,2.558428,-1.358536,2.896753,-2.364340,-1.665482,-4.895626,,16.753027,1010.543572,1.214352,9.997604,460000.000000,VFR,barnes,envelope,False
2026-04-29T20:35:31Z,35.359414,-75.478964,106.680000,7.193028,178.111111,2.552608,-1.364029,2.894198,151.881426,2.557495,-1.366641,2.899739,-2.361725,-1.672913,-4.917363,,16.751589,1010.542005,1.214357,9.997593,460000.000000,VFR,barnes,envelope,False
2026-04-29T20:35:41Z,35.361149,-75.478694,106.680000,7.193028,178.305556,2.550965,-1.371740,2.896393,151.731577,2.553892,-1.373314,2.899716,-2.359129,-1.680357,-4.939136,,16.750155,1010.540438,1.214361,9.997583,460000.000000,VFR,barnes,envelope,False
2026-04-29T20:35:51Z,35.362884,-75.478425,106.680000,7.193028,178.500000,2.549341,-1.379461,2.898629,151.581967,2.552455,-1.381145,2.902169,-2.356552,-1.687814,-4.960945,,16.748725,1010.538871,1.214365,9.997572,460000.000000,VFR,barnes,envelope,False
2026-04-29T20:36:01Z,35.364619,-75.478155,106.680000,7.193028,178.694444,2.547738,-1.387192,2.900908,151.432601,2.573028,-1.400962,2.929704,-2.353993,-1.695283,-4.982789,,16.747299,1010.537302,1.214369,9.997562,460000.000000,VFR,barnes,envelope,False
2026-04-29T20:36:11Z,35.366354,-75.477886,106.680000,7.193028,178.888889,2.546155,-1.394933,2.903230,151.283482,2.571075,-1.408586,2.931645,-2.351453,-1.702765,-5.004670,,16.745876,1010.535733,1.214373,9.997551,460000.000000,VFR,barnes,envelope,False
2026-04-29T20:36:21Z,35.368089,-75.477617,106.680000,7.193028,179.083333,2.544592,-1.402685,2.905593,151.134616,2.589813,-1.427613,2.957230,-2.348932,-1.710260,-5.026586,,16.744457,1010.534164,1.214377,9.997540,460000.000000,VFR,barnes,envelope,False
2026-04-29T20:36:31Z,35.369823,-75.477347,106.680000,7.193028,179.277778,2.543049,-1.410447,2.907999,150.986007,2.612863,-1.449168,2.987832,-2.346429,-1.717768,-5.048538,,16.743042,1010.532593,1.214381,9.997530,460000.000000,VFR,barnes,envelope,False
2026-04-29T20:36:41Z,35.371558,-75.477078,106.680000,7.193028,179.472222,2.541526,-1.418219,2.910447,150.837661,2.603413,-1.452753,2.981317,-2.343945,-1.725289,-5.070526,,16.741631,1010.531022,1.214385,9.997519,460000.000000,VFR,barnes,envelope,False
2026-04-29T20:36:51Z,35.373293,-75.476808,106.680000,7.193028,179.666667,2.540023,-1.426002,2.912937,150.689582,2.581188,-1.449112,2.960145,-2.341480,-1.732822,-5.092550,,16.740223,1010.529451,1.214389,9.997508,460000.000000,VFR,barnes,envelope,False
2026-04-29T20:37:01Z,35.375028,-75.476539,106.680000,7.193028,179.861111,2.538541,-1.433795,2.915469,150.541775,2.580802,-1.457665,2.964005,-2.339033,-1.740368,-5.114609,,16.738819,1010.527878,1.214393,9.997497,460000.000000,VFR,barnes,envelope,False
2026-04-29T20:37:11Z,35.376763,-75.476269,106.680000,7.193028,180.055556,2.537078,-1.441598,2.918042,150.394244,2.555705,-1.452182,2.939467,-2.336605,-1.747927,-5.136704,,16.737419,1010.526305,1.214397,9.997486,460000.000000,VFR,barnes,envelope,False
2026-04-29T20:37:21Z,35.378498,-75.476000,106.680000,7.193028,180.250000,2.535636,-1.449412,2.920658,150.246995,2.537658,-1.450568,2.922988,-2.334196,-1.755498,-5.158835,,16.736022,1010.524731,1.214401,9.997475,460000.000000,VFR,barnes,envelope,False
2026-04-29T20:37:31Z,35.380233,-75.475731,106.680000,7.193028,180.444444,2.534213,-1.457236,2.923315,150.100031,2.534955,-1.457662,2.924170,-2.331805,-1.763082,-5.181001,,16.734630,1010.523157,1.214405,9.997464,460000.000000,VFR,barnes,envelope,False
2026-04-29T20:37:41Z,35.381967,-75.475461,106.680000,7.193028,180.638889,2.532811,-1.465070,2.926014,149.953356,2.515577,-1.455101,2.906106,-2.329432,-1.770679,-5.203203,,16.733241,1010.521582,1.214409,9.997453,460000.000000,VFR,barnes,envelope,False
2026-04-29T20:37:51Z,35.383702,-75.475192,106.680000,7.193028,180.833333,2.531428,-1.472914,2.928755,149.806977,2.516983,-1.464509,2.912042,-2.327079,-1.778288,-5.225440,,16.731855,1010.520006,1.214413,9.997442,460000.000000,VFR,barnes,envelope,False
2026-04-29T20:38:01Z,35.385437,-75.474922,106.680000,7.193028,181.027778,2.530066,-1.480768,2.931537,149.660895,2.516781,-1.472993,2.916144,-2.324743,-1.785911,-5.247712,,16.730474,1010.518429,1.214417,9.997431,460000.000000,VFR,barnes,envelope,False
2026-04-29T20:38:11Z,35.387172,-75.474653,106.680000,7.193028,181.222222,2.528723,-1.488633,2.934360,149.515117,2.542183,-1.496557,2.949979,-2.322426,-1.793545,-5.270020,,16.729096,1010.516852,1.214421,9.997420,460000.000000,VFR,barnes,envelope,False
2026-04-29T20:38:21Z,35.388907,-75.474384,106.680000,7.193028,181.416667,2.527400,-1.496508,2.937225,149.369647,2.529344,-1.497659,2.939484,-2.320128,-1.801193,-5.292363,,16.727722,1010.515274,1.214424,9.997409,460000.000000,VFR,barnes,envelope,False
2026-04-29T20:38:31Z,35.390642,-75.474114,106.680000,7.193028,181.611111,2.526097,-1.504393,2.940131,149.224488,2.535625,-1.510067,2.951220,-2.317848,-1.808853,-5.314742,,16.726352,1010.513696,1.214428,9.997397,460000.000000,VFR,barnes,envelope,False
2026-04-29T20:38:41Z,35.392376,-75.473845,106.680000,7.193028,181.805556,2.524815,-1.512289,2.943078,149.079644,2.538114,-1.520255,2.958581,-2.315587,-1.816525,-5.337156,,16.724985,1010.512116,1.214432,9.997386,460000.000000,VFR,barnes,envelope,False
2026-04-29T20:38:51Z,35.394111,-75.473575,106.680000,7.193028,182.000000,2.523551,-1.520195,2.946066,148.935121,2.514166,-1.514541,2.935109,-2.313344,-1.824211,-5.359605,,16.723623,1010.510536,1.214436,9.997375,460000.000000,VFR,barnes,envelope,False
2026-04-29T20:39:01Z,35.395846,-75.473306,106.680000,7.193028,182.194444,2.522308,-1.528110,2.949095,148.790921,2.500879,-1.515128,2.924039,-2.311119,-1.831909,-5.382089,,16.722263,1010.508956,1.214440,9.997363,460000.000000,VFR,barnes,envelope,False
2026-04-29T20:39:11Z,35.397581,-75.473037,106.680000,7.193028,182.388889,2.521085,-1.536036,2.952164,148.647050,2.493669,-1.519333,2.920061,-2.308913,-1.839619,-5.404608,,16.720908,1010.507374,1.214443,9.997352,460000.000000,VFR,barnes,envelope,False
2026-04-29T20:39:21Z,35.399316,-75.472767,106.680000,7.193028,182.583333,2.519881,-1.543973,2.955275,148.503510,2.510692,-1.538343,2.944499,-2.306725,-1.847342,-5.427162,,16.719557,1010.505792,1.214447,9.997340,460000.000000,VFR,barnes,envelope,False
2026-04-29T20:39:31Z,35.401051,-75.472498,106.680000,7.193028,182.777778,2.518697,-1.551919,2.958426,148.360306,2.484966,-1.531135,2.918806,-2.304555,-1.855078,-5.449752,,16.718209,1010.504209,1.214451,9.997329,460000.000000,VFR,barnes,envelope,False
2026-04-29T20:39:41Z,35.402786,-75.472228,106.680000,7.193028,182.972222,2.517533,-1.559876,2.961618,148.217442,2.480457,-1.536903,2.918003,-2.302404,-1.862826,-5.472376,,16.716865,1010.502626,1.214455,9.997317,460000.000000,VFR,barnes,envelope,False
2026-04-29T20:39:51Z,35.404520,-75.471959,106.680000,7.193028,183.166667,2.516388,-1.567842,2.964851,148.074921,2.499701,-1.557446,2.945190,-2.300271,-1.870587,-5.495035,,16.715524,1010.501042,1.214458,9.997306,460000.000000,VFR,barnes,envelope,False
2026-04-29T20:40:01Z,35.406255,-75.471689,106.680000,7.193028,183.361111,2.515135,-1.575370,2.967777,147.938781,2.505630,-1.569416,2.956560,-2.298085,-1.877898,-5.516382,,16.714227,1010.499583,1.214462,9.997294,460000.000000,VFR,barnes,envelope,False
2026-04-29T20:40:11Z,35.407990,-75.471420,106.680000,7.193028,183.555556,2.512736,-1.578859,2.967598,147.857107,2.506796,-1.575127,2.960583,-2.295268,-1.881059,-5.525610,,16.713285,1010.499254,1.214466,9.997282,460000.000000,VFR,barnes,envelope,False
2026-04-29T20:40:21Z,35.409725,-75.471151,106.680000,7.193028,183.750000,2.510329,-1.582342,2.967417,147.775431,2.487857,-1.568177,2.940852,-2.292444,-1.884214,-5.534819,,16.712347,1010.498925,1.214469,9.997270,460000.000000,VFR,barnes,envelope,False
2026-04-29T20:40:31Z,35.411460,-75.470881,106.680000,7.193028,183.944444,2.507915,-1.585821,2.967231,147.693753,2.509422,-1.586774,2.969015,-2.289613,-1.887362,-5.544010,,16.711414,1010.498597,1.214473,9.997259,460000.000000,VFR,barnes,envelope,False
2026-04-29T20:40:41Z,35.413195,-75.470612,106.680000,7.193028,184.138889,2.505492,-1.589293,2.967043,147.612072,2.532450,-1.606393,2.998967,-2.286774,-1.890504,-5.553182,,16.710484,1010.498269,1.214476,9.997247,460000.000000,VFR,barnes,envelope,False
2026-04-29T20:40:51Z,35.414929,-75.470342,106.680000,7.193028,184.333333,2.503062,-1.592760,2.966851,147.530388,2.519839,-1.603437,2.986737,-2.283929,-1.893640,-5.562335,,16.709557,1010.497942,1.214480,9.997235,460000.000000,VFR,barnes,envelope,False
2026-04-29T20:41:01Z,35.416664,-75.470073,106.680000,7.193028,184.527778,2.500624,-1.596222,2.966655,147.448700,2.497526,-1.594245,2.962981,-2.281077,-1.896769,-5.571469,,16.708635,1010.497615,1.214483,9.997223,460000.000000,VFR,barnes,envelope,False
2026-04-29T20:41:11Z,35.418399,-75.469804,106.680000,7.193028,184.722222,2.498178,-1.599679,2.966457,147.367008,2.508103,-1.606035,2.978242,-2.278217,-1.899893,-5.580585,,16.707716,1010.497288,1.214487,9.997211,460000.000000,VFR,barnes,envelope,False
2026-04-29T20:41:21Z,35.420134,-75.469534,106.680000,7.193028,184.916667,2.495724,-1.603130,2.966255,147.285310,2.495160,-1.602768,2.965584,-2.275351,-1.903009,-5.589683,,16.706801,1010.496962,1.214490,9.997199,460000.000000,VFR,barnes,envelope,False
2026-04-29T20:41:31Z,35.421869,-75.469265,106.680000,7.193028,185.111111,2.493263,-1.606576,2.966049,147.203608,2.467571,-1.590021,2.935485,-2.272478,-1.906120,-5.598762,,16.705890,1010.496636,1.214493,9.997187,460000.000000,VFR,barnes,envelope,False
2026-04-29T20:41:41Z,35.423604,-75.468995,106.680000,7.193028,185.305556,2.490794,-1.610017,2.965840,147.121899,2.503259,-1.618074,2.980683,-2.269597,-1.909225,-5.607822,,16.704983,1010.496310,1.214497,9.997174,460000.000000,VFR,barnes,envelope,False
2026-04-29T20:41:51Z,35.425338,-75.468726,106.680000,7.193028,185.500000,2.488317,-1.613452,2.965628,147.040183,2.512137,-1.628897,2.994018,-2.266710,-1.912323,-5.616864,,16.704080,1010.495985,1.214500,9.997162,460000.000000,VFR,barnes,envelope,False
2026-04-29T20:42:01Z,35.427073,-75.468456,106.680000,7.193028,185.694444,2.485833,-1.616882,2.965413,146.958460,2.487203,-1.617774,2.967047,-2.263816,-1.915415,-5.625888,,16.703180,1010.495659,1.214504,9.997150,460000.000000,VFR,barnes,envelope,False
2026-04-29T20:42:11Z,35.428808,-75.468187,106.680000,7.193028,185.888889,2.483341,-1.620307,2.965194,146.876730,2.492012,-1.625965,2.975548,-2.260914,-1.918501,-5.634893,,16.702285,1010.495335,1.214507,9.997138,460000.000000,VFR,barnes,envelope,False
2026-04-29T20:42:21Z,35.430543,-75.467918,106.680000,7.193028,186.083333,2.480841,-1.623727,2.964973,146.794991,2.464641,-1.613123,2.945610,-2.258006,-1.921580,-5.643880,,16.701392,1010.495010,1.214510,9.997125,460000.000000,VFR,barnes,envelope,False
2026-04-29T20:42:31Z,35.432278,-75.467648,106.680000,7.193028,186.277778,2.478334,-1.627141,2.964747,146.713243,2.493356,-1.637004,2.982717,-2.255091,-1.924654,-5.652849,,16.700504,1010.494686,1.214514,9.997113,460000.000000,VFR,barnes,envelope,False
2026-04-29T20:42:41Z,35.434013,-75.467379,106.680000,7.193028,186.472222,2.475819,-1.630550,2.964519,146.631486,2.442400,-1.608541,2.924504,-2.252169,-1.927721,-5.661800,,16.699620,1010.494362,1.214517,9.997100,460000.000000,VFR,barnes,envelope,False
2026-04-29T20:42:51Z,35.435748,-75.467109,106.680000,7.193028,186.666667,2.473296,-1.633954,2.964288,146.549719,2.481173,-1.639158,2.973729,-2.249240,-1.930783,-5.670733,,16.698739,1010.494038,1.214520,9.997088,460000.000000,VFR,barnes,envelope,False
2026-04-29T20:43:01Z,35.437482,-75.466840,106.680000,7.193028,186.861111,2.470766,-1.637353,2.964053,146.467941,2.464378,-1.633120,2.956390,-2.246304,-1.933838,-5.679647,,16.697862,1010.493715,1.214524,9.997075,460000.000000,VFR,barnes,envelope,False
2026-04-29T20:43:11Z,35.439217,-75.466571,106.680000,7.193028,187.055556,2.468228,-1.640747,2.963815,146.386152,2.582179,-1.716495,3.100646,-2.243361,-1.936887,-5.688544,,16.696989,1010.493391,1.214527,9.997063,460000.000000,VFR,barnes,envelope,False
2026-04-29T20:43:21Z,35.440952,-75.466301,106.680000,7.193028,187.250000,2.465682,-1.644135,2.963574,146.304351,2.468890,-1.646274,2.967429,-2.240411,-1.939930,-5.697422,,16.696120,1010.493068,1.214530,9.997050,460000.000000,VFR,barnes,envelope,False
2026-04-29T20:43:31Z,35.442687,-75.466032,106.680000,7.193028,187.444444,2.463129,-1.647519,2.963330,146.222538,2.537215,-1.697072,3.052460,-2.237454,-1.942967,-5.706283,,16.695254,1010.492745,1.214533,9.997037,460000.000000,VFR,barnes,envelope,False
2026-04-29T20:43:41Z,35.444422,-75.465762,106.680000,7.193028,187.638889,2.460569,-1.650897,2.963082,146.140711,2.610778,-1.751679,3.143969,-2.234491,-1.945998,-5.715126,,16.694392,1010.492423,1.214537,9.997025,460000.000000,VFR,barnes,envelope,False
2026-04-29T20:43:51Z,35.446157,-75.465493,106.680000,7.193028,187.833333,2.458000,-1.654270,2.962832,146.058872,2.566119,-1.727036,3.093157,-2.231520,-1.949023,-5.723951,,16.693534,1010.492100,1.214540,9.997012,460000.000000,VFR,barnes,envelope,False
2026-04-29T20:44:01Z,35.447891,-75.465223,106.680000,7.193028,188.027778,2.455424,-1.657638,2.962579,145.977018,2.583238,-1.743924,3.116792,-2.228543,-1.952042,-5.732758,,16.692679,1010.491778,1.214543,9.996999,460000.000000,VFR,barnes,envelope,False
2026-04-29T20:44:11Z,35.449626,-75.464954,106.680000,7.193028,188.222222,2.452841,-1.661001,2.962322,145.895150,2.406222,-1.629432,2.906021,-2.225559,-1.955055,-5.741548,,16.691829,1010.491456,1.214546,9.996986,460000.000000,VFR,barnes,envelope,False
2026-04-29T20:44:21Z,35.451361,-75.464685,106.680000,7.193028,188.416667,2.450250,-1.664359,2.962063,145.813266,2.309217,-1.568561,2.791570,-2.222568,-1.958062,-5.750320,,16.690982,1010.491134,1.214549,9.996973,460000.000000,VFR,barnes,envelope,False
2026-04-29T20:44:31Z,35.453096,-75.464415,106.680000,7.193028,188.611111,2.447651,-1.667712,2.961800,145.731367,2.313590,-1.576369,2.799578,-2.219570,-1.961063,-5.759074,,16.690138,1010.490812,1.214552,9.996960,460000.000000,VFR,barnes,envelope,False
2026-04-29T20:44:41Z,35.454831,-75.464146,106.680000,7.193028,188.805556,2.445045,-1.671060,2.961535,145.649451,2.397619,-1.638646,2.904090,-2.216565,-1.964059,-5.767811,,16.689299,1010.490490,1.214556,9.996947,460000.000000,VFR,barnes,envelope,False
2026-04-29T20:44:51Z,35.456566,-75.463876,106.680000,7.193028,189.000000,2.442432,-1.674402,2.961266,145.567519,2.563242,-1.757224,3.107740,-2.213554,-1.967048,-5.776530,,16.688463,1010.490169,1.214559,9.996934,460000.000000,VFR,barnes,envelope,False
2026-04-29T20:45:01Z,35.458300,-75.463607,106.680000,7.193028,189.194444,2.439773,-1.677764,2.960977,145.484782,2.448436,-1.683721,2.971490,-2.210495,-1.970050,-5.785287,,16.687631,1010.489862,1.214562,9.996920,460000.000000,VFR,barnes,envelope,False
2026-04-29T20:45:11Z,35.460035,-75.463338,106.680000,7.193028,189.388889,2.436770,-1.681329,2.960526,145.394989,2.448232,-1.689238,2.974452,-2.207069,-1.973211,-5.794507,,16.686803,1010.489684,1.214565,9.996907,460000.000000,VFR,barnes,envelope,False
2026-04-29T20:45:21Z,35.461770,-75.463068,106.680000,7.193028,189.583333,2.433753,-1.684880,2.960063,145.305259,2.568682,-1.778291,3.124171,-2.203631,-1.976356,-5.803678,,16.685978,1010.489508,1.214568,9.996894,460000.000000,VFR,barnes,envelope,False
2026-04-29T20:45:31Z,35.463505,-75.462799,106.680000,7.193028,189.777778,2.430722,-1.688415,2.959587,145.215592,2.548390,-1.770149,3.102857,-2.200181,-1.979484,-5.812801,,16.685157,1010.489333,1.214572,9.996880,460000.000000,VFR,barnes,envelope,False
2026-04-29T20:45:41Z,35.465240,-75.462529,106.680000,7.193028,189.972222,2.427678,-1.691935,2.959099,145.125986,2.505139,-1.745921,3.053516,-2.196721,-1.982595,-5.821875,,16.684339,1010.489160,1.214575,9.996867,460000.000000,VFR,barnes,envelope,False
2026-04-29T20:45:51Z,35.466975,-75.462260,106.680000,7.193028,190.166667,2.424621,-1.695441,2.958599,145.036439,2.441748,-1.707417,2.979497,-2.193249,-1.985690,-5.830901,,16.683526,1010.488988,1.214578,9.996854,460000.000000,VFR,barnes,envelope,False
2026-04-29T20:46:01Z,35.468710,-75.461991,106.680000,7.193028,190.361111,2.421550,-1.698931,2.958086,144.946951,2.382475,-1.671516,2.910353,-2.189765,-1.988769,-5.839879,,16.682716,1010.488817,1.214581,9.996840,460000.000000,VFR,barnes,envelope,False
2026-04-29T20:46:11Z,35.470444,-75.461721,106.680000,7.193028,190.555556,2.418467,-1.702407,2.957562,144.857521,2.401634,-1.690558,2.936977,-2.186271,-1.991831,-5.848809,,16.681910,1010.488647,1.214584,9.996826,460000.000000,VFR,barnes,envelope,False
2026-04-29T20:46:21Z,35.472179,-75.461452,106.680000,7.193028,190.750000,2.415370,-1.705868,2.957025,144.768146,2.442142,-1.724776,2.989801,-2.182765,-1.994877,-5.857690,,16.681107,1010.488479,1.214588,9.996813,460000.000000,VFR,barnes,envelope,False
2026-04-29T20:46:31Z,35.473914,-75.461182,106.680000,7.193028,190.944444,2.412260,-1.709314,2.956476,144.678827,2.385826,-1.690583,2.924078,-2.179248,-1.997906,-5.866524,,16.680308,1010.488312,1.214591,9.996799,460000.000000,VFR,barnes,envelope,False
2026-04-29T20:46:41Z,35.475649,-75.460913,106.680000,7.193028,191.138889,2.409137,-1.712745,2.955915,144.589561,2.361731,-1.679043,2.897751,-2.175720,-2.000920,-5.875310,,16.679513,1010.488146,1.214594,9.996785,460000.000000,VFR,barnes,envelope,False
2026-04-29T20:46:51Z,35.477384,-75.460643,106.680000,7.193028,191.333333,2.406000,-1.716161,2.955342,144.500348,2.368904,-1.689701,2.909776,-2.172180,-2.003916,-5.884048,,16.678721,1010.487981,1.214597,9.996772,460000.000000,VFR,barnes,envelope,False
2026-04-29T20:47:01Z,35.479119,-75.460374,106.680000,7.193028,191.527778,2.402851,-1.719563,2.954758,144.411186,2.351992,-1.683166,2.892216,-2.168630,-2.006897,-5.892738,,16.677933,1010.487818,1.214600,9.996758,460000.000000,VFR,barnes,envelope,False
2026-04-29T20:47:11Z,35.480853,-75.460105,106.680000,7.193028,191.722222,2.399689,-1.722950,2.954161,144.322075,2.325432,-1.669634,2.862745,-2.165069,-2.009862,-5.901381,,16.677149,1010.487656,1.214603,9.996744,460000.000000,VFR,barnes,envelope,False
2026-04-29T20:47:21Z,35.482588,-75.459835,106.680000,7.193028,191.916667,2.396514,-1.726322,2.953552,144.233013,2.334107,-1.681367,2.876639,-2.161497,-2.012810,-5.909976,,16.676368,1010.487495,1.214606,9.996730,460000.000000,VFR,barnes,envelope,False
2026-04-29T20:47:31Z,35.484323,-75.459566,106.680000,7.193028,192.111111,2.393327,-1.729680,2.952932,144.143999,2.322973,-1.678835,2.866128,-2.157913,-2.015742,-5.918524,,16.675591,1010.487336,1.214609,9.996716,460000.000000,VFR,barnes,envelope,False
2026-04-29T20:47:41Z,35.486058,-75.459296,106.680000,7.193028,192.305556,2.390126,-1.733023,2.952299,144.055031,2.324632,-1.685535,2.871401,-2.154319,-2.018658,-5.927025,,16.674817,1010.487178,1.214612,9.996702,460000.000000,VFR,barnes,envelope,False
2026-04-29T20:47:51Z,35.487793,-75.459027,106.680000,7.193028,192.500000,2.386913,-1.736352,2.951655,143.966110,2.351476,-1.710574,2.907835,-2.150715,-2.021558,-5.935479,,16.674048,1010.487021,1.214615,9.996688,460000.000000,VFR,barnes,envelope,False
2026-04-29T20:48:01Z,35.489528,-75.458758,106.680000,7.193028,192.694444,2.383687,-1.739665,2.950999,143.877233,2.378210,-1.735668,2.944219,-2.147099,-2.024442,-5.943886,,16.673281,1010.486865,1.214618,9.996673,460000.000000,VFR,barnes,envelope,False
2026-04-29T20:48:11Z,35.491263,-75.458488,106.680000,7.193028,192.888889,2.380448,-1.742965,2.950332,143.788399,2.303963,-1.686963,2.855537,-2.143473,-2.027309,-5.952245,,16.672519,1010.486711,1.214621,9.996659,460000.000000,VFR,barnes,envelope,False
2026-04-29T20:48:21Z,35.492997,-75.458219,106.680000,7.193028,193.083333,2.377196,-1.746250,2.949653,143.699607,2.303360,-1.692010,2.858035,-2.139836,-2.030161,-5.960558,,16.671760,1010.486557,1.214624,9.996645,460000.000000,VFR,barnes,envelope,False
2026-04-29T20:48:31Z,35.494732,-75.457949,106.680000,7.193028,193.277778,2.373933,-1.749520,2.948962,143.610857,2.293728,-1.690411,2.849330,-2.136188,-2.032997,-5.968824,,16.671004,1010.486405,1.214627,9.996630,460000.000000,VFR,barnes,envelope,False
2026-04-29T20:48:41Z,35.496467,-75.457680,106.680000,7.193028,193.472222,2.370656,-1.752776,2.948259,143.522147,2.318529,-1.714235,2.883432,-2.132530,-2.035817,-5.977043,,16.670252,1010.486254,1.214630,9.996616,460000.000000,VFR,barnes,envelope,False
2026-04-29T20:48:51Z,35.498202,-75.457410,106.680000,7.193028,193.666667,2.367367,-1.756017,2.947545,143.433475,2.325008,-1.724597,2.894805,-2.128861,-2.038621,-5.985216,,16.669504,1010.486105,1.214633,9.996602,460000.000000,VFR,barnes,envelope,False
2026-04-29T20:49:01Z,35.499937,-75.457141,106.680000,7.193028,193.861111,2.364066,-1.759244,2.946820,143.344842,2.339828,-1.741207,2.916607,-2.125181,-2.041409,-5.993343,,16.668760,1010.485957,1.214636,9.996587,460000.000000,VFR,barnes,envelope,False
2026-04-29T20:49:11Z,35.501672,-75.456872,106.680000,7.193028,194.055556,2.360752,-1.762457,2.946083,143.256245,2.326198,-1.736659,2.902961,-2.121491,-2.044182,-6.001423,,16.668018,1010.485809,1.214639,9.996572,460000.000000,VFR,barnes,envelope,False
2026-04-29T20:49:21Z,35.503406,-75.456602,106.680000,7.193028,194.250000,2.357426,-1.765655,2.945335,143.167684,2.344442,-1.755930,2.929113,-2.117791,-2.046938,-6.009457,,16.667281,1010.485664,1.214642,9.996558,460000.000000,VFR,barnes,envelope,False
2026-04-29T20:49:31Z,35.505141,-75.456333,106.680000,7.193028,194.444444,2.354088,-1.768839,2.944575,143.079157,2.345947,-1.762721,2.934391,-2.114080,-2.049679,-6.017444,,16.666547,1010.485519,1.214645,9.996543,460000.000000,VFR,barnes,envelope,False
2026-04-29T20:49:41Z,35.506876,-75.456063,106.680000,7.193028,194.638889,2.350737,-1.772008,2.943804,142.990664,2.367153,-1.784383,2.964361,-2.110359,-2.052404,-6.025386,,16.665817,1010.485375,1.214648,9.996528,460000.000000,VFR,barnes,envelope,False
2026-04-29T20:49:51Z,35.508611,-75.455794,106.680000,7.193028,194.833333,2.347375,-1.775164,2.943021,142.902203,2.366051,-1.789287,2.966437,-2.106628,-2.055114,-6.033282,,16.665090,1010.485233,1.214651,9.996513,460000.000000,VFR,barnes,envelope,False
2026-04-29T20:50:01Z,35.510346,-75.455525,106.680000,7.193028,195.027778,2.345013,-1.776445,2.941911,142.854551,2.364640,-1.791313,2.966534,-2.104124,-2.056089,-6.036125,,18.458385,1010.484902,1.207181,9.996498,460000.000000,VFR,barnes,envelope,False
2026-04-29T20:50:11Z,35.512081,-75.455255,106.680000,7.193028,195.222222,2.351757,-1.760989,2.938000,143.174225,2.378687,-1.781155,2.971643,-2.112750,-2.041600,-5.993897,,18.456471,1010.482860,1.207186,9.996484,460000.000000,VFR,barnes,envelope,False
2026-04-29T20:50:21Z,35.513815,-75.454986,106.680000,7.193028,195.416667,2.358492,-1.745545,2.934180,143.494458,2.386332,-1.766150,2.968815,-2.121366,-2.027120,-5.951694,,18.454559,1010.480816,1.207192,9.996469,460000.000000,VFR,barnes,envelope,False
2026-04-29T20:50:31Z,35.515550,-75.454716,106.680000,7.193028,195.611111,2.365218,-1.730113,2.930452,143.815234,2.388279,-1.746981,2.959024,-2.129972,-2.012651,-5.909515,,18.452648,1010.478770,1.207197,9.996453,460000.000000,VFR,barnes,envelope,False
2026-04-29T20:50:41Z,35.517285,-75.454447,106.680000,7.193028,195.805556,2.371936,-1.714692,2.926816,144.136532,2.386832,-1.725460,2.945196,-2.138568,-1.998193,-5.867360,,18.450738,1010.476721,1.207203,9.996438,460000.000000,VFR,barnes,envelope,False
2026-04-29T20:50:51Z,35.519020,-75.454177,106.680000,7.193028,196.000000,2.378646,-1.699283,2.923271,144.458334,2.371660,-1.694292,2.914686,-2.147154,-1.983745,-5.825229,,18.448829,1010.474670,1.207208,9.996423,460000.000000,VFR,barnes,envelope,False
2026-04-29T20:51:01Z,35.520755,-75.453908,106.680000,7.193028,196.194444,2.385346,-1.683884,2.919819,144.780637,2.380335,-1.680346,2.913685,-2.155730,-1.969307,-5.783121,,18.446921,1010.472617,1.207213,9.996408,460000.000000,VFR,barnes,envelope,False
2026-04-29T20:51:11Z,35.522490,-75.453639,106.680000,7.193028,196.388889,2.392041,-1.668491,2.916457,145.103543,2.394745,-1.670377,2.919754,-2.164299,-1.954873,-5.741017,,18.445014,1010.470561,1.207219,9.996392,460000.000000,VFR,barnes,envelope,False
2026-04-29T20:51:21Z,35.524225,-75.453369,106.680000,7.193028,196.583333,2.398727,-1.653109,2.913187,145.426899,2.405350,-1.657673,2.921231,-2.172859,-1.940450,-5.698938,,18.443108,1010.468503,1.207224,9.996377,460000.000000,VFR,barnes,envelope,False
2026-04-29T20:51:31Z,35.525959,-75.453100,106.680000,7.193028,196.777778,2.405404,-1.637739,2.910010,145.750684,2.408002,-1.639508,2.913153,-2.181408,-1.926037,-5.656884,,18.441204,1010.466443,1.207230,9.996362,460000.000000,VFR,barnes,envelope,False
2026-04-29T20:51:41Z,35.527694,-75.452830,106.680000,7.193028,196.972222,2.412072,-1.622381,2.906925,146.074879,2.415931,-1.624976,2.911575,-2.189947,-1.911634,-5.614855,,18.439300,1010.464380,1.207235,9.996346,460000.000000,VFR,barnes,envelope,False
2026-04-29T20:51:51Z,35.529429,-75.452561,106.680000,7.193028,197.166667,2.418732,-1.607034,2.903933,146.399464,2.418576,-1.606931,2.903745,-2.198476,-1.897243,-5.572850,,18.437398,1010.462315,1.207241,9.996331,460000.000000,VFR,barnes,envelope,False
2026-04-29T20:52:01Z,35.531164,-75.452292,106.680000,7.193028,197.361111,2.425003,-1.593458,2.901680,146.691277,2.437765,-1.601844,2.916950,-2.206397,-1.884558,-5.535823,,18.435278,1010.460248,1.207247,9.996315,460000.000000,VFR,barnes,envelope,False
2026-04-29T20:52:11Z,35.532899,-75.452022,106.680000,7.193028,197.555556,2.427846,-1.595681,2.905277,146.685416,2.413992,-1.586576,2.888698,-2.208939,-1.887120,-5.543302,,18.431188,1010.458184,1.207261,9.996299,460000.000000,VFR,barnes,envelope,False
2026-04-29T20:52:21Z,35.534634,-75.451753,106.680000,7.193028,197.750000,2.430693,-1.597860,2.908852,146.680359,2.416976,-1.588843,2.892437,-2.211491,-1.889637,-5.550651,,18.427107,1010.456117,1.207276,9.996283,460000.000000,VFR,barnes,envelope,False
2026-04-29T20:52:31Z,35.536368,-75.451483,106.680000,7.193028,197.944444,2.433543,-1.599993,2.912406,146.676101,2.435928,-1.601561,2.915261,-2.214052,-1.892111,-5.557870,,18.423035,1010.454048,1.207290,9.996268,460000.000000,VFR,barnes,envelope,False
2026-04-29T20:52:41Z,35.538103,-75.451214,106.680000,7.193028,198.138889,2.436398,-1.602080,2.915938,146.672638,2.428370,-1.596802,2.906331,-2.216622,-1.894539,-5.564959,,18.418970,1010.451976,1.207305,9.996252,460000.000000,VFR,barnes,envelope,False
2026-04-29T20:52:51Z,35.539838,-75.450945,106.680000,7.193028,198.333333,2.439256,-1.604123,2.919448,146.669966,2.415798,-1.588696,2.891373,-2.219202,-1.896923,-5.571919,,18.414913,1010.449902,1.207319,9.996236,460000.000000,VFR,barnes,envelope,False
2026-04-29T20:53:01Z,35.541573,-75.450675,106.680000,7.193028,198.527778,2.442054,-1.606280,2.922972,146.664760,2.401495,-1.579603,2.874426,-2.221708,-1.899415,-5.579190,,18.410865,1010.447840,1.207333,9.996220,460000.000000,VFR,barnes,envelope,False
2026-04-29T20:53:11Z,35.543308,-75.450406,106.680000,7.193028,198.722222,2.444277,-1.609838,2.926785,146.630494,2.426099,-1.597865,2.905018,-2.223469,-1.903223,-5.590305,,18.406824,1010.445906,1.207348,9.996204,460000.000000,VFR,barnes,envelope,False
2026-04-29T20:53:21Z,35.545043,-75.450136,106.680000,7.193028,198.916667,2.446503,-1.613350,2.930576,146.597085,2.431891,-1.603714,2.913073,-2.225237,-1.906985,-5.601287,,18.402792,1010.443971,1.207362,9.996187,460000.000000,VFR,barnes,envelope,False
2026-04-29T20:53:31Z,35.546778,-75.449867,106.680000,7.193028,199.111111,2.448730,-1.616816,2.934343,146.564527,2.419947,-1.597811,2.899852,-2.227013,-1.910703,-5.612137,,18.398768,1010.442035,1.207376,9.996171,460000.000000,VFR,barnes,envelope,False
2026-04-29T20:53:41Z,35.548512,-75.449597,106.680000,7.193028,199.305556,2.450959,-1.620236,2.938088,146.532814,2.409996,-1.593157,2.888984,-2.228796,-1.914376,-5.622855,,18.394752,1010.440098,1.207391,9.996155,460000.000000,VFR,barnes,envelope,False
2026-04-29T20:53:51Z,35.550247,-75.449328,106.680000,7.193028,199.500000,2.453189,-1.623611,2.941811,146.501939,2.425150,-1.605054,2.908187,-2.230586,-1.918003,-5.633441,,18.390743,1010.438159,1.207405,9.996139,460000.000000,VFR,barnes,envelope,False
2026-04-29T20:54:01Z,35.551982,-75.449059,106.680000,7.193028,199.694444,2.452611,-1.631025,2.945428,146.375467,2.434815,-1.619191,2.924056,-2.229084,-1.925286,-5.654695,,18.386958,1010.436219,1.207418,9.996122,460000.000000,VFR,barnes,envelope,False
2026-04-29T20:54:11Z,35.553717,-75.448789,106.680000,7.193028,199.888889,2.426731,-1.675201,2.948783,145.382225,2.404418,-1.659798,2.921670,-2.197876,-1.965874,-5.773107,,18.385104,1010.434274,1.207424,9.996106,460000.000000,VFR,barnes,envelope,False
2026-04-29T20:54:21Z,35.555452,-75.448520,106.680000,7.193028,200.083333,2.400827,-1.719413,2.953024,144.390700,2.364734,-1.693564,2.908629,-2.166640,-2.006494,-5.891564,,18.383251,1010.432327,1.207429,9.996089,460000.000000,VFR,barnes,envelope,False
2026-04-29T20:54:31Z,35.557187,-75.448250,106.680000,7.193028,200.277778,2.374899,-1.763660,2.958148,143.401484,2.345916,-1.742137,2.922048,-2.135376,-2.047147,-6.010065,,18.381399,1010.430380,1.207434,9.996073,460000.000000,VFR,barnes,envelope,False
2026-04-29T20:54:41Z,35.558921,-75.447981,106.680000,7.193028,200.472222,2.348947,-1.807943,2.964154,142.415159,2.327273,-1.791261,2.936803,-2.104083,-2.087831,-6.128607,,18.379548,1010.428431,1.207440,9.996056,460000.000000,VFR,barnes,envelope,False
2026-04-29T20:54:51Z,35.560656,-75.447712,106.680000,7.193028,200.666667,2.322971,-1.852260,2.971037,141.432296,2.290726,-1.826549,2.929796,-2.072763,-2.128548,-6.247190,,18.377698,1010.426481,1.207445,9.996039,460000.000000,VFR,barnes,envelope,False
2026-04-29T20:55:01Z,35.562391,-75.447442,106.680000,7.193028,200.861111,2.299111,-1.892212,2.977647,140.544973,2.277706,-1.874595,2.949924,-2.044089,-2.165198,-6.353883,,16.831059,1010.424475,1.213883,9.996022,450000.000000,VFR,barnes,envelope,False
2026-04-29T20:55:11Z,35.564126,-75.447173,106.680000,7.193028,201.055556,2.294497,-1.892568,2.974312,140.483204,2.287584,-1.886865,2.965350,-2.039466,-2.164973,-6.353228,,16.829194,1010.421975,1.213887,9.996001,450000.000000,VFR,barnes,envelope,False
2026-04-29T20:55:21Z,35.565861,-75.446903,106.680000,7.193028,201.250000,2.289879,-1.892918,2.970974,140.421307,2.284109,-1.888149,2.963488,-2.034840,-2.164742,-6.352558,,16.827333,1010.419478,1.213892,9.995979,450000.000000,VFR,barnes,envelope,False
2026-04-29T20:55:31Z,35.567596,-75.446634,106.680000,7.193028,201.444444,2.285255,-1.893265,2.967633,140.359284,2.279501,-1.888497,2.960160,-2.030210,-2.164507,-6.351873,,16.825473,1010.416984,1.213897,9.995958,450000.000000,VFR,barnes,envelope,False
2026-04-29T20:55:41Z,35.569330,-75.446364,106.680000,7.193028,201.638889,2.280628,-1.893606,2.964289,140.297134,2.274425,-1.888456,2.956226,-2.025576,-2.164267,-6.351173,,16.823617,1010.414492,1.213902,9.995936,450000.000000,VFR,barnes,envelope,False
2026-04-29T20:55:51Z,35.571065,-75.446095,106.680000,7.193028,201.833333,2.275995,-1.893943,2.960942,140.234857,2.264749,-1.884585,2.946311,-2.020938,-2.164021,-6.350457,,16.821762,1010.412001,1.213907,9.995914,450000.000000,VFR,barnes,envelope,False
2026-04-29T20:56:01Z,35.572800,-75.445826,106.680000,7.193028,202.027778,2.271122,-1.894227,2.957379,140.170233,2.265263,-1.889340,2.949749,-2.016067,-2.163692,-6.349502,,16.819925,1010.409514,1.213911,9.995892,450000.000000,VFR,barnes,envelope,False
2026-04-29T20:56:11Z,35.574535,-75.445556,106.680000,7.193028,202.222222,2.264119,-1.894075,2.951907,140.085444,2.264051,-1.894018,2.951818,-2.009138,-2.162664,-6.346510,,16.818220,1010.407028,1.213915,9.995871,450000.000000,VFR,barnes,envelope,False
2026-04-29T20:56:21Z,35.576270,-75.445287,106.680000,7.193028,202.416667,2.257122,-1.893920,2.946444,140.000455,2.269625,-1.904411,2.962765,-2.002216,-2.161634,-6.343512,,16.816516,1010.404545,1.213920,9.995848,450000.000000,VFR,barnes,envelope,False
2026-04-29T20:56:31Z,35.578005,-75.445017,106.680000,7.193028,202.611111,2.250131,-1.893762,2.940991,139.915266,2.274711,-1.914449,2.973117,-1.995300,-2.160603,-6.340509,,16.814815,1010.402064,1.213924,9.995826,450000.000000,VFR,barnes,envelope,False
2026-04-29T20:56:41Z,35.579740,-75.444748,106.680000,7.193028,202.805556,2.243147,-1.893602,2.935547,139.829878,2.262823,-1.910212,2.961296,-1.988391,-2.159569,-6.337501,,16.813115,1010.399586,1.213928,9.995804,450000.000000,VFR,barnes,envelope,False
2026-04-29T20:56:51Z,35.581474,-75.444479,106.680000,7.193028,203.000000,2.236169,-1.893439,2.930113,139.744292,2.259259,-1.912990,2.960369,-1.981488,-2.158534,-6.334487,,16.811417,1010.397109,1.213932,9.995782,450000.000000,VFR,barnes,envelope,False
2026-04-29T20:57:01Z,35.583209,-75.444209,106.680000,7.193028,203.194444,2.229197,-1.893274,2.924689,139.658506,2.252014,-1.912653,2.954625,-1.974591,-2.157497,-6.331468,,16.809721,1010.394635,1.213936,9.995759,450000.000000,VFR,barnes,envelope,False
2026-04-29T20:57:11Z,35.584944,-75.443940,106.680000,7.193028,203.388889,2.222231,-1.893105,2.919274,139.572522,2.252352,-1.918765,2.958843,-1.967702,-2.156458,-6.328444,,16.808026,1010.392164,1.213940,9.995737,450000.000000,VFR,barnes,envelope,False
2026-04-29T20:57:21Z,35.586679,-75.443670,106.680000,7.193028,203.583333,2.215272,-1.892935,2.913869,139.486340,2.252237,-1.924521,2.962491,-1.960819,-2.155417,-6.325414,,16.806334,1010.389694,1.213944,9.995714,450000.000000,VFR,barnes,envelope,False
2026-04-29T20:57:31Z,35.588414,-75.443401,106.680000,7.193028,203.777778,2.208319,-1.892761,2.908474,139.399960,2.249882,-1.928385,2.963214,-1.953942,-2.154374,-6.322379,,16.804643,1010.387227,1.213948,9.995691,450000.000000,VFR,barnes,envelope,False
2026-04-29T20:57:41Z,35.590149,-75.443131,106.680000,7.193028,203.972222,2.201373,-1.892585,2.903088,139.313383,2.215915,-1.905087,2.922265,-1.947073,-2.153330,-6.319338,,16.802954,1010.384763,1.213953,9.995668,450000.000000,VFR,barnes,envelope,False
2026-04-29T20:57:51Z,35.591883,-75.442862,106.680000,7.193028,204.166667,2.194433,-1.892406,2.897712,139.226609,2.218530,-1.913187,2.929532,-1.940210,-2.152283,-6.316292,,16.801266,1010.382300,1.213957,9.995645,450000.000000,VFR,barnes,envelope,False
2026-04-29T20:58:01Z,35.593618,-75.442593,106.680000,7.193028,204.361111,2.187500,-1.892224,2.892346,139.139638,2.197428,-1.900812,2.905474,-1.933354,-2.151235,-6.313240,,16.799581,1010.379840,1.213961,9.995622,450000.000000,VFR,barnes,envelope,False
2026-04-29T20:58:11Z,35.595353,-75.442323,106.680000,7.193028,204.555556,2.180573,-1.892040,2.886990,139.052471,2.185876,-1.896641,2.894011,-1.926505,-2.150184,-6.310182,,16.797897,1010.377382,1.213965,9.995599,450000.000000,VFR,barnes,envelope,False
2026-04-29T20:58:21Z,35.597088,-75.442054,106.680000,7.193028,204.750000,2.173653,-1.891853,2.881644,138.965108,2.172283,-1.890660,2.879828,-1.919662,-2.149132,-6.307119,,16.796215,1010.374926,1.213969,9.995576,450000.000000,VFR,barnes,envelope,False
2026-04-29T20:58:31Z,35.598823,-75.441784,106.680000,7.193028,204.944444,2.166739,-1.891663,2.876308,138.877549,2.158049,-1.884075,2.864771,-1.912827,-2.148078,-6.304051,,16.794535,1010.372473,1.213973,9.995552,450000.000000,VFR,barnes,envelope,False
2026-04-29T20:58:41Z,35.600558,-75.441515,106.680000,7.193028,205.138889,2.159833,-1.891470,2.870982,138.789796,2.136849,-1.871342,2.840430,-1.905999,-2.147022,-6.300976,,16.792857,1010.370022,1.213977,9.995529,450000.000000,VFR,barnes,envelope,False
2026-04-29T20:58:51Z,35.602292,-75.441246,106.680000,7.193028,205.333333,2.152933,-1.891274,2.865665,138.701848,2.141558,-1.881282,2.850525,-1.899178,-2.145964,-6.297896,,16.791180,1010.367573,1.213981,9.995505,450000.000000,VFR,barnes,envelope,False
2026-04-29T20:59:01Z,35.604027,-75.440976,106.680000,7.193028,205.527778,2.146039,-1.891076,2.860359,138.613706,2.133890,-1.880370,2.844166,-1.892364,-2.144904,-6.294811,,16.789505,1010.365127,1.213985,9.995482,450000.000000,VFR,barnes,envelope,False
2026-04-29T20:59:11Z,35.605762,-75.440707,106.680000,7.193028,205.722222,2.139153,-1.890875,2.855063,138.525370,2.140164,-1.891768,2.856412,-1.885557,-2.143842,-6.291719,,16.787832,1010.362683,1.213989,9.995458,450000.000000,VFR,barnes,envelope,False
2026-04-29T20:59:21Z,35.607497,-75.440437,106.680000,7.193028,205.916667,2.132274,-1.890671,2.849777,138.436841,2.130951,-1.889498,2.848009,-1.878757,-2.142778,-6.288622,,16.786161,1010.360241,1.213993,9.995434,450000.000000,VFR,barnes,envelope,False
2026-04-29T20:59:31Z,35.609232,-75.440168,106.680000,7.193028,206.111111,2.125401,-1.890464,2.844501,138.348119,2.133152,-1.897357,2.854873,-1.871964,-2.141713,-6.285519,,16.784492,1010.357801,1.213997,9.995410,450000.000000,VFR,barnes,envelope,False
2026-04-29T20:59:41Z,35.610967,-75.439899,106.680000,7.193028,206.305556,2.118536,-1.890254,2.839235,138.259205,2.117358,-1.889203,2.837656,-1.865179,-2.140645,-6.282410,,16.782824,1010.355364,1.214001,9.995385,450000.000000,VFR,barnes,envelope,False
2026-04-29T20:59:51Z,35.612702,-75.439629,106.680000,7.193028,206.500000,2.111677,-1.890041,2.833979,138.170099,2.112965,-1.891194,2.835708,-1.858401,-2.139575,-6.279295,,16.781158,1010.352929,1.214006,9.995361,450000.000000,VFR,barnes,envelope,False
2026-04-29T21:00:01Z,35.614436,-75.439360,106.680000,7.193028,206.694444,2.106865,-1.889942,2.830329,138.106623,2.111540,-1.894136,2.836610,-1.853640,-2.138874,-6.277256,,16.586249,1010.350386,1.214819,9.995337,450000.000000,VFR,barnes,envelope,False
2026-04-29T21:00:11Z,35.616171,-75.439090,106.680000,7.193028,206.888889,2.120425,-1.890902,2.841076,138.274820,2.117244,-1.888066,2.836815,-1.866973,-2.141524,-6.284971,,16.585349,1010.346848,1.214819,9.995312,450000.000000,VFR,barnes,envelope,False
2026-04-29T21:00:21Z,35.617906,-75.438821,106.680000,7.193028,207.083333,2.134010,-1.891876,2.851876,138.441867,2.135804,-1.893467,2.854273,-1.880329,-2.144192,-6.292737,,16.584452,1010.343307,1.214818,9.995288,450000.000000,VFR,barnes,envelope,False
2026-04-29T21:00:31Z,35.619641,-75.438551,106.680000,7.193028,207.277778,2.147620,-1.892864,2.862727,138.607769,2.145768,-1.891232,2.860258,-1.893708,-2.146876,-6.300552,,16.583556,1010.339764,1.214818,9.995263,450000.000000,VFR,barnes,envelope,False
2026-04-29T21:00:41Z,35.621376,-75.438282,106.680000,7.193028,207.472222,2.161255,-1.893867,2.873631,138.772530,2.074650,-1.817976,2.758480,-1.907110,-2.149578,-6.308417,,16.582662,1010.336218,1.214817,9.995238,450000.000000,VFR,barnes,envelope,False
2026-04-29T21:00:51Z,35.623111,-75.438013,106.680000,7.193028,207.666667,2.174914,-1.894883,2.884586,138.936155,2.130673,-1.856338,2.825909,-1.920534,-2.152297,-6.316331,,16.581769,1010.332669,1.214817,9.995213,450000.000000,VFR,barnes,envelope,False
2026-04-29T21:01:01Z,35.624845,-75.437743,106.680000,7.193028,207.861111,2.188598,-1.895914,2.895592,139.098647,2.163296,-1.873996,2.862116,-1.933982,-2.155033,-6.324296,,16.580878,1010.329117,1.214816,9.995188,450000.000000,VFR,barnes,envelope,False
2026-04-29T21:01:11Z,35.626580,-75.437474,106.680000,7.193028,208.055556,2.202307,-1.896959,2.906649,139.260012,2.158061,-1.858848,2.848253,-1.947452,-2.157786,-6.332309,,16.579989,1010.325563,1.214816,9.995163,450000.000000,VFR,barnes,envelope,False
2026-04-29T21:01:21Z,35.628315,-75.437204,106.680000,7.193028,208.250000,2.216040,-1.898017,2.917756,139.420253,2.181810,-1.868700,2.872688,-1.960944,-2.160556,-6.340372,,16.579101,1010.322006,1.214815,9.995137,450000.000000,VFR,barnes,envelope,False
2026-04-29T21:01:31Z,35.630050,-75.436935,106.680000,7.193028,208.444444,2.229797,-1.899090,2.928914,139.579377,2.174243,-1.851776,2.855943,-1.974459,-2.163343,-6.348485,,16.578215,1010.318447,1.214814,9.995112,450000.000000,VFR,barnes,envelope,False
2026-04-29T21:01:41Z,35.631785,-75.436666,106.680000,7.193028,208.638889,2.243579,-1.900178,2.940122,139.737387,2.205293,-1.867752,2.889951,-1.987996,-2.166147,-6.356646,,16.577331,1010.314884,1.214814,9.995086,450000.000000,VFR,barnes,envelope,False
2026-04-29T21:01:51Z,35.633520,-75.436396,106.680000,7.193028,208.833333,2.257384,-1.901279,2.951380,139.894288,2.299782,-1.936988,3.006812,-2.001555,-2.168968,-6.364857,,16.576448,1010.311320,1.214813,9.995060,450000.000000,VFR,barnes,envelope,False
2026-04-29T21:02:01Z,35.635255,-75.436127,106.680000,7.193028,209.027778,2.271214,-1.902394,2.962687,140.050086,2.359455,-1.976306,3.077794,-2.015136,-2.171806,-6.373117,,16.575567,1010.307752,1.214813,9.995035,450000.000000,VFR,barnes,envelope,False
2026-04-29T21:02:11Z,35.636989,-75.435857,106.680000,7.193028,209.222222,2.285067,-1.903523,2.974043,140.204785,2.268249,-1.889513,2.952154,-2.028739,-2.174661,-6.381425,,16.574687,1010.304182,1.214812,9.995009,450000.000000,VFR,barnes,envelope,False
2026-04-29T21:02:21Z,35.638724,-75.435588,106.680000,7.193028,209.416667,2.298944,-1.904666,2.985448,140.358391,2.313776,-1.916954,3.004708,-2.042364,-2.177533,-6.389782,,16.573809,1010.300610,1.214811,9.994983,450000.000000,VFR,barnes,envelope,False
2026-04-29T21:02:31Z,35.640351,-75.436292,106.680000,337.233025,209.611111,2.314234,-1.904517,2.997143,140.547067,2.200962,-1.811298,2.850445,-2.870942,-0.860557,-2.534098,,16.574254,1010.296594,1.214805,9.994952,450000.000000,VFR,barnes,envelope,False
2026-04-29T21:02:41Z,35.641962,-75.437131,106.680000,337.233025,209.805556,2.329736,-1.904188,3.008921,140.739472,2.347455,-1.918670,3.031805,-2.885109,-0.854255,-2.515565,,16.574884,1010.292515,1.214797,9.994921,450000.000000,VFR,barnes,envelope,False
2026-04-29T21:02:51Z,35.643573,-75.437970,106.680000,337.233025,210.000000,2.345257,-1.903863,3.020749,140.930559,2.381198,-1.933039,3.067042,-2.899294,-0.847949,-2.497017,,16.575514,1010.288434,1.214790,9.994890,450000.000000,VFR,barnes,envelope,False
2026-04-29T21:03:01Z,35.645185,-75.438809,106.680000,337.233025,210.194444,2.360797,-1.903540,3.032627,141.120335,2.262151,-1.824001,2.905909,-2.913498,-0.841637,-2.478455,,16.576144,1010.284349,1.214782,9.994859,450000.000000,VFR,barnes,envelope,False
2026-04-29T21:03:11Z,35.646796,-75.439648,106.680000,337.233025,210.388889,2.376355,-1.903219,3.044553,141.308808,2.265395,-1.814352,2.902393,-2.927720,-0.835321,-2.459878,,16.576775,1010.280262,1.214775,9.994827,450000.000000,VFR,barnes,envelope,False
2026-04-29T21:03:21Z,35.648407,-75.440488,106.680000,337.233025,210.583333,2.391931,-1.902902,3.056529,141.495985,2.299557,-1.829413,2.938488,-2.941960,-0.829000,-2.441287,,16.577406,1010.276173,1.214767,9.994796,450000.000000,VFR,barnes,envelope,False
2026-04-29T21:03:31Z,35.650019,-75.441327,106.680000,337.233025,210.777778,2.407526,-1.902587,3.068553,141.681875,2.354915,-1.861010,3.001497,-2.956218,-0.822675,-2.422681,,16.578038,1010.272081,1.214759,9.994764,450000.000000,VFR,barnes,envelope,False
2026-04-29T21:03:41Z,35.651630,-75.442166,106.680000,337.233025,210.972222,2.423139,-1.902274,3.080625,141.866483,2.469402,-1.938592,3.139441,-2.970494,-0.816344,-2.404061,,16.578670,1010.267986,1.214752,9.994732,450000.000000,VFR,barnes,envelope,False
2026-04-29T21:03:51Z,35.653241,-75.443005,106.680000,337.233025,211.166667,2.438771,-1.901964,3.092745,142.049819,2.492514,-1.943877,3.160899,-2.984788,-0.810010,-2.385427,,16.579302,1010.263889,1.214744,9.994699,450000.000000,VFR,barnes,envelope,False
2026-04-29T21:04:01Z,35.654852,-75.443845,106.680000,337.233025,211.361111,2.454421,-1.901657,3.104913,142.231889,2.486146,-1.926237,3.145045,-2.999099,-0.803670,-2.366779,,16.579935,1010.259789,1.214737,9.994667,450000.000000,VFR,barnes,envelope,False
2026-04-29T21:04:11Z,35.656464,-75.444684,106.680000,337.233025,211.555556,2.470089,-1.901353,3.117127,142.412702,2.354119,-1.812084,2.970779,-3.013429,-0.797326,-2.348117,,16.580567,1010.255687,1.214729,9.994634,450000.000000,VFR,barnes,envelope,False
2026-04-29T21:04:21Z,35.658075,-75.445523,106.680000,337.233025,211.750000,2.485776,-1.901051,3.129389,142.592264,2.282124,-1.745304,2.873008,-3.027776,-0.790977,-2.329441,,16.581201,1010.251582,1.214722,9.994601,450000.000000,VFR,barnes,envelope,False
2026-04-29T21:04:31Z,35.659686,-75.446362,106.680000,337.233025,211.944444,2.501480,-1.900752,3.141697,142.770584,2.364540,-1.796698,2.969709,-3.042142,-0.784624,-2.310751,,16.581834,1010.247475,1.214714,9.994568,450000.000000,VFR,barnes,envelope,False
2026-04-29T21:04:41Z,35.661298,-75.447202,106.680000,337.233025,212.138889,2.517203,-1.900455,3.154052,142.947669,2.344628,-1.770164,2.937815,-3.056525,-0.778266,-2.292048,,16.582468,1010.243365,1.214706,9.994535,450000.000000,VFR,barnes,envelope,False
2026-04-29T21:04:51Z,35.662909,-75.448041,106.680000,337.233025,212.333333,2.532943,-1.900162,3.166452,143.123527,2.362072,-1.771977,2.952844,-3.070925,-0.771904,-2.273331,,16.583103,1010.239252,1.214699,9.994502,450000.000000,VFR,barnes,envelope,False
2026-04-29T21:05:01Z,35.664520,-75.448880,106.680000,337.233025,212.527778,2.547086,-1.901020,3.178289,143.264145,2.481750,-1.852257,3.096763,-3.084298,-0.767223,-2.259557,,16.583737,1010.235306,1.214691,9.994468,440000.000000,VFR,barnes,envelope,False
2026-04-29T21:05:11Z,35.666132,-75.449719,106.680000,337.233025,212.722222,2.546684,-1.912229,3.184685,143.098217,2.530627,-1.900172,3.164605,-3.088265,-0.777713,-2.290421,,16.584372,1010.232870,1.214686,9.994434,440000.000000,VFR,barnes,envelope,False
2026-04-29T21:05:21Z,35.667743,-75.450558,106.680000,337.233025,212.916667,2.546273,-1.923454,3.191110,142.932618,2.619211,-1.978551,3.282519,-3.092230,-0.788223,-2.321338,,16.585008,1010.230434,1.214680,9.994400,440000.000000,VFR,barnes,envelope,False
2026-04-29T21:05:31Z,35.669354,-75.451398,106.680000,337.233025,213.111111,2.545854,-1.934696,3.197564,142.767351,2.741621,-2.083467,3.443446,-3.096193,-0.798751,-2.352310,,16.585643,1010.227999,1.214675,9.994366,440000.000000,VFR,barnes,envelope,False
2026-04-29T21:05:41Z,35.670966,-75.452237,106.680000,337.233025,213.305556,2.545424,-1.945954,3.204048,142.602416,2.502230,-1.912932,3.149677,-3.100155,-0.809299,-2.383336,,16.586279,1010.225562,1.214669,9.994332,440000.000000,VFR,barnes,envelope,False
2026-04-29T21:05:51Z,35.672577,-75.453076,106.680000,337.233025,213.500000,2.544986,-1.957229,3.210561,142.437817,2.563869,-1.971750,3.234382,-3.104114,-0.819864,-2.414415,,16.586915,1010.223126,1.214663,9.994297,440000.000000,VFR,barnes,envelope,False
2026-04-29T21:06:01Z,35.674188,-75.453915,106.680000,337.233025,213.694444,2.544539,-1.968520,3.217102,142.273554,2.594379,-2.007078,3.280117,-3.108071,-0.830449,-2.445548,,16.587552,1010.220690,1.214658,9.994263,440000.000000,VFR,barnes,envelope,False
2026-04-29T21:06:11Z,35.675800,-75.454755,106.680000,337.233025,213.888889,2.544082,-1.979827,3.223674,142.109629,2.657747,-2.068283,3.367702,-3.112025,-0.841052,-2.476735,,16.588189,1010.218253,1.214652,9.994228,440000.000000,VFR,barnes,envelope,False
2026-04-29T21:06:21Z,35.677411,-75.455594,106.680000,337.233025,214.083333,2.543617,-1.991151,3.230274,141.946043,2.556699,-2.001393,3.246888,-3.115978,-0.851674,-2.507975,,16.588826,1010.215816,1.214647,9.994193,440000.000000,VFR,barnes,envelope,False
2026-04-29T21:06:31Z,35.679022,-75.456433,106.680000,337.233025,214.277778,2.543142,-2.002492,3.236903,141.782799,2.542420,-2.001924,3.235985,-3.119929,-0.862315,-2.539267,,16.589463,1010.213379,1.214641,9.994157,440000.000000,VFR,barnes,envelope,False
2026-04-29T21:06:41Z,35.680633,-75.457272,106.680000,337.233025,214.472222,2.542657,-2.013848,3.243562,141.619898,2.642509,-2.092933,3.370937,-3.123877,-0.872974,-2.570613,,16.590101,1010.210942,1.214635,9.994122,440000.000000,VFR,barnes,envelope,False
2026-04-29T21:06:51Z,35.682245,-75.458112,106.680000,337.233025,214.666667,2.542164,-2.025221,3.250249,141.457340,2.628706,-2.094165,3.360896,-3.127823,-0.883651,-2.602012,,16.590739,1010.208504,1.214630,9.994086,440000.000000,VFR,barnes,envelope,False
2026-04-29T21:07:01Z,35.683856,-75.458951,106.680000,337.233025,214.861111,2.541662,-2.036610,3.256965,141.295129,2.574216,-2.062695,3.298682,-3.131767,-0.894347,-2.633463,,16.591377,1010.206066,1.214624,9.994050,440000.000000,VFR,barnes,envelope,False
2026-04-29T21:07:11Z,35.685467,-75.459790,106.680000,337.233025,215.055556,2.541150,-2.048015,3.263711,141.133265,2.466052,-1.987490,3.167259,-3.135709,-0.905062,-2.664968,,16.592016,1010.203628,1.214619,9.994014,440000.000000,VFR,barnes,envelope,False
2026-04-29T21:07:21Z,35.687079,-75.460629,106.680000,337.233025,215.250000,2.540629,-2.059436,3.270485,140.971749,2.451409,-1.987114,3.155635,-3.139648,-0.915794,-2.696524,,16.592654,1010.201190,1.214613,9.993977,440000.000000,VFR,barnes,envelope,False
2026-04-29T21:07:31Z,35.688690,-75.461468,106.680000,337.233025,215.444444,2.540099,-2.070873,3.277288,140.810583,2.376374,-1.937392,3.066047,-3.143585,-0.926546,-2.728133,,16.593293,1010.198752,1.214607,9.993941,440000.000000,VFR,barnes,envelope,False
2026-04-29T21:07:41Z,35.690301,-75.462308,106.680000,337.233025,215.638889,2.539559,-2.082326,3.284120,140.649769,2.386112,-1.956506,3.085684,-3.147520,-0.937315,-2.759794,,16.593933,1010.196313,1.214602,9.993904,440000.000000,VFR,barnes,envelope,False
2026-04-29T21:07:51Z,35.691913,-75.463147,106.680000,337.233025,215.833333,2.539010,-2.093795,3.290980,140.489307,2.462068,-2.030344,3.191250,-3.151452,-0.948103,-2.791506,,16.594572,1010.193875,1.214596,9.993867,440000.000000,VFR,barnes,envelope,False
2026-04-29T21:08:01Z,35.693524,-75.463986,106.680000,337.233025,216.027778,2.538453,-2.105279,3.297870,140.329203,2.525304,-2.094374,3.280787,-3.155382,-0.958908,-2.823271,,16.595212,1010.191436,1.214590,9.993830,440000.000000,VFR,barnes,envelope,False
2026-04-29T21:08:11Z,35.695135,-75.464825,106.680000,337.233025,216.222222,2.537888,-2.116779,3.304789,140.169484,2.613652,-2.179972,3.403447,-3.159312,-0.969731,-2.855083,,16.595851,1010.188997,1.214585,9.993793,440000.000000,VFR,barnes,envelope,False
2026-04-29T21:08:21Z,35.696747,-75.465665,106.680000,337.233025,216.416667,2.537313,-2.128295,3.311736,140.010121,2.572899,-2.158144,3.358184,-3.163238,-0.980572,-2.886946,,16.596490,1010.186559,1.214579,9.993755,440000.000000,VFR,barnes,envelope,False
2026-04-29T21:08:31Z,35.698358,-75.466504,106.680000,337.233025,216.611111,2.536730,-2.139826,3.318713,139.851116,2.523082,-2.128314,3.300858,-3.167163,-0.991431,-2.918861,,16.597130,1010.184120,1.214574,9.993717,440000.000000,VFR,barnes,envelope,False
2026-04-29T21:08:41Z,35.699969,-75.467343,106.680000,337.233025,216.805556,2.536137,-2.151373,3.325717,139.692470,2.566230,-2.176901,3.365180,-3.171084,-1.002307,-2.950827,,16.597770,1010.181681,1.214568,9.993679,440000.000000,VFR,barnes,envelope,False
2026-04-29T21:08:51Z,35.701581,-75.468182,106.680000,337.233025,217.000000,2.535534,-2.162936,3.332751,139.534184,2.611483,-2.227724,3.432579,-3.175004,-1.013202,-2.982845,,16.598410,1010.179242,1.214562,9.993641,440000.000000,VFR,barnes,envelope,False
2026-04-29T21:09:01Z,35.703192,-75.469021,106.680000,337.233025,217.194444,2.534923,-2.174514,3.339812,139.376259,2.597788,-2.228442,3.422639,-3.178921,-1.024115,-3.014913,,16.599050,1010.176802,1.214557,9.993602,440000.000000,VFR,barnes,envelope,False
2026-04-29T21:09:11Z,35.704803,-75.469861,106.680000,337.233025,217.388889,2.534302,-2.186108,3.346903,139.218697,2.595580,-2.238967,3.427828,-3.182835,-1.035046,-3.047032,,16.599691,1010.174363,1.214551,9.993564,440000.000000,VFR,barnes,envelope,False
2026-04-29T21:09:21Z,35.706415,-75.470700,106.680000,337.233025,217.583333,2.533672,-2.197718,3.354021,139.061498,2.590643,-2.247134,3.429438,-3.186746,-1.045994,-3.079201,,16.600331,1010.171923,1.214546,9.993525,440000.000000,VFR,barnes,envelope,False
2026-04-29T21:09:31Z,35.708026,-75.471539,106.680000,337.233025,217.777778,2.533033,-2.209342,3.361168,138.904664,2.559320,-2.232270,3.396049,-3.190655,-1.056961,-3.111421,,16.600972,1010.169483,1.214540,9.993486,440000.000000,VFR,barnes,envelope,False
2026-04-29T21:09:41Z,35.709637,-75.472378,106.680000,337.233025,217.972222,2.532384,-2.220982,3.368343,138.748195,2.547485,-2.234226,3.388428,-3.194562,-1.067945,-3.143691,,16.601613,1010.167043,1.214534,9.993446,440000.000000,VFR,barnes,envelope,False
2026-04-29T21:09:51Z,35.711248,-75.473218,106.680000,337.233025,218.166667,2.531726,-2.232638,3.375546,138.592093,2.547206,-2.246289,3.396184,-3.198466,-1.078947,-3.176011,,16.602255,1010.164602,1.214529,9.993407,440000.000000,VFR,barnes,envelope,False
2026-04-29T21:10:01Z,35.712860,-75.474057,106.680000,337.233025,218.361111,2.530864,-2.242851,3.381664,138.452646,2.528469,-2.240728,3.378464,-3.201623,-1.088698,-3.204656,,16.801741,1010.162357,1.213690,9.993367,440000.000000,VFR,barnes,envelope,False
2026-04-29T21:10:11Z,35.714471,-75.474896,106.680000,337.233025,218.555556,2.528250,-2.239960,3.377791,138.459937,2.508767,-2.222699,3.351761,-3.198094,-1.087044,-3.199797,,16.801604,1010.161865,1.213690,9.993327,440000.000000,VFR,barnes,envelope,False
2026-04-29T21:10:21Z,35.716082,-75.475735,106.680000,337.233025,218.750000,2.525644,-2.237080,3.373931,138.467199,2.519341,-2.231497,3.365510,-3.194577,-1.085397,-3.194959,,16.801469,1010.161371,1.213690,9.993287,440000.000000,VFR,barnes,envelope,False
2026-04-29T21:10:31Z,35.717694,-75.476575,106.680000,337.233025,218.944444,2.523047,-2.234211,3.370084,138.474432,2.521485,-2.232828,3.367997,-3.191072,-1.083757,-3.190140,,16.801335,1010.160875,1.213690,9.993246,440000.000000,VFR,barnes,envelope,False
2026-04-29T21:10:41Z,35.719305,-75.477414,106.680000,337.233025,219.138889,2.520458,-2.231353,3.366251,138.481635,2.491512,-2.205728,3.327592,-3.187578,-1.082123,-3.185342,,16.801202,1010.160377,1.213690,9.993206,440000.000000,VFR,barnes,envelope,False
2026-04-29T21:10:51Z,35.720916,-75.478253,106.680000,337.233025,219.333333,2.517877,-2.228506,3.362431,138.488808,2.483191,-2.197807,3.316111,-3.184096,-1.080497,-3.180564,,16.801070,1010.159878,1.213690,9.993165,440000.000000,VFR,barnes,envelope,False
2026-04-29T21:11:01Z,35.722528,-75.479092,106.680000,337.233025,219.527778,2.515304,-2.225670,3.358625,138.495950,2.509495,-2.220529,3.350868,-3.180626,-1.078877,-3.175806,,16.800939,1010.159376,1.213690,9.993124,440000.000000,VFR,barnes,envelope,False
2026-04-29T21:11:11Z,35.724139,-75.479931,106.680000,337.233025,219.722222,2.512739,-2.222845,3.354832,138.503061,2.507395,-2.218117,3.347697,-3.177168,-1.077264,-3.171069,,16.800809,1010.158872,1.213690,9.993082,440000.000000,VFR,barnes,envelope,False
2026-04-29T21:11:21Z,35.725750,-75.480771,106.680000,337.233025,219.916667,2.510183,-2.220030,3.351053,138.510140,2.464404,-2.179543,3.289938,-3.173722,-1.075659,-3.166352,,16.800680,1010.158367,1.213690,9.993041,440000.000000,VFR,barnes,envelope,False
2026-04-29T21:11:31Z,35.727362,-75.481610,106.680000,337.233025,220.111111,2.507635,-2.217227,3.347287,138.517187,2.420157,-2.139880,3.230518,-3.170288,-1.074060,-3.161655,,16.800553,1010.157860,1.213690,9.992999,440000.000000,VFR,barnes,envelope,False
2026-04-29T21:11:41Z,35.728973,-75.482449,106.680000,337.233025,220.305556,2.505095,-2.214435,3.343535,138.524202,2.379016,-2.102985,3.175258,-3.166865,-1.072468,-3.156980,,16.800426,1010.157351,1.213690,9.992957,440000.000000,VFR,barnes,envelope,False
2026-04-29T21:11:51Z,35.730584,-75.483288,106.680000,337.233025,220.500000,2.502564,-2.211654,3.339796,138.531184,2.409026,-2.128990,3.214966,-3.163455,-1.070884,-3.152325,,16.800301,1010.156840,1.213690,9.992915,440000.000000,VFR,barnes,envelope,False
2026-04-29T21:12:01Z,35.732196,-75.484128,106.680000,337.233025,220.694444,2.500040,-2.208885,3.336072,138.538132,2.381724,-2.104348,3.178190,-3.160057,-1.069306,-3.147690,,16.800176,1010.156327,1.213690,9.992872,440000.000000,VFR,barnes,envelope,False
2026-04-29T21:12:11Z,35.733807,-75.484967,106.680000,337.233025,220.888889,2.497526,-2.206126,3.332360,138.545045,2.412127,-2.130691,3.218416,-3.156670,-1.067736,-3.143077,,16.800053,1010.155812,1.213690,9.992829,440000.000000,VFR,barnes,envelope,False
2026-04-29T21:12:21Z,35.735418,-75.485806,106.680000,337.233025,221.083333,2.495019,-2.203379,3.328663,138.551925,2.489084,-2.198138,3.320745,-3.153296,-1.066173,-3.138484,,16.799931,1010.155295,1.213689,9.992786,440000.000000,VFR,barnes,envelope,False
2026-04-29T21:12:31Z,35.737030,-75.486645,106.680000,337.233025,221.277778,2.492521,-2.200643,3.324979,138.558769,2.449070,-2.162280,3.267017,-3.149933,-1.064616,-3.133912,,16.799810,1010.154776,1.213689,9.992743,440000.000000,VFR,barnes,envelope,False
2026-04-29T21:12:41Z,35.738641,-75.487485,106.680000,337.233025,221.472222,2.490031,-2.197918,3.321310,138.565578,2.558523,-2.258374,3.412666,-3.146583,-1.063067,-3.129362,,16.799690,1010.154256,1.213689,9.992700,440000.000000,VFR,barnes,envelope,False
2026-04-29T21:12:51Z,35.740252,-75.488324,106.680000,337.233025,221.666667,2.487550,-2.195204,3.317653,138.572351,2.523033,-2.226518,3.364978,-3.143245,-1.061526,-3.124832,,16.799571,1010.153733,1.213689,9.992656,440000.000000,VFR,barnes,envelope,False
2026-04-29T21:13:01Z,35.741863,-75.489163,106.680000,337.233025,221.861111,2.485076,-2.192502,3.314011,138.579087,2.545907,-2.246171,3.395133,-3.139919,-1.059991,-3.120324,,16.799453,1010.153209,1.213689,9.992612,440000.000000,VFR,barnes,envelope,False
2026-04-29T21:13:11Z,35.743475,-75.490002,106.680000,337.233025,222.055556,2.482612,-2.189811,3.310383,138.585786,2.589676,-2.284249,3.453145,-3.136605,-1.058464,-3.115837,,16.799336,1010.152683,1.213689,9.992568,440000.000000,VFR,barnes,envelope,False
2026-04-29T21:13:21Z,35.745086,-75.490841,106.680000,337.233025,222.250000,2.480155,-2.187132,3.306768,138.592448,2.601912,-2.294504,3.469105,-3.133303,-1.056944,-3.111371,,16.799220,1010.152155,1.213689,9.992523,440000.000000,VFR,barnes,envelope,False
2026-04-29T21:13:31Z,35.746697,-75.491681,106.680000,337.233025,222.444444,2.477707,-2.184464,3.303168,138.599072,2.540593,-2.239907,3.387004,-3.130013,-1.055431,-3.106927,,16.799105,1010.151625,1.213689,9.992479,440000.000000,VFR,barnes,envelope,False
2026-04-29T21:13:41Z,35.748309,-75.492520,106.680000,337.233025,222.638889,2.475268,-2.181808,3.299581,138.605657,2.599558,-2.291363,3.465263,-3.126736,-1.053926,-3.102504,,16.798992,1010.151093,1.213688,9.992434,440000.000000,VFR,barnes,envelope,False
2026-04-29T21:13:51Z,35.749920,-75.493359,106.680000,337.233025,222.833333,2.472837,-2.179163,3.296008,138.612203,2.593998,-2.285935,3.457503,-3.123470,-1.052428,-3.098103,,16.798879,1010.150560,1.213688,9.992388,440000.000000,VFR,barnes,envelope,False
2026-04-29T21:14:01Z,35.751531,-75.494198,106.680000,337.233025,223.027778,2.470414,-2.176529,3.292450,138.618710,2.590288,-2.282143,3.452212,-3.120217,-1.050937,-3.093723,,16.798767,1010.150024,1.213688,9.992343,440000.000000,VFR,barnes,envelope,False
2026-04-29T21:14:11Z,35.753143,-75.495038,106.680000,337.233025,223.222222,2.468000,-2.173908,3.288905,138.625176,2.472218,-2.177623,3.294527,-3.116977,-1.049454,-3.089366,,16.798657,1010.149487,1.213688,9.992297,440000.000000,VFR,barnes,envelope,False
2026-04-29T21:14:21Z,35.754754,-75.495877,106.680000,337.233025,223.416667,2.465594,-2.171298,3.285374,138.631603,2.430828,-2.140681,3.239049,-3.113748,-1.047978,-3.085029,,16.798547,1010.148948,1.213688,9.992251,440000.000000,VFR,barnes,envelope,False
2026-04-29T21:14:31Z,35.756365,-75.496716,106.680000,337.233025,223.611111,2.463196,-2.168699,3.281858,138.637988,2.479455,-2.183014,3.303520,-3.110532,-1.046510,-3.080715,,16.798439,1010.148407,1.213687,9.992205,440000.000000,VFR,barnes,envelope,False
2026-04-29T21:14:41Z,35.757977,-75.497555,106.680000,337.233025,223.805556,2.460808,-2.166112,3.278356,138.644331,2.475825,-2.179331,3.298363,-3.107328,-1.045049,-3.076423,,16.798331,1010.147864,1.213687,9.992159,440000.000000,VFR,barnes,envelope,False
2026-04-29T21:14:51Z,35.759588,-75.498395,106.680000,337.233025,224.000000,2.458427,-2.163537,3.274867,138.650633,2.535593,-2.231447,3.377660,-3.104137,-1.043596,-3.072153,,16.798225,1010.147319,1.213687,9.992112,440000.000000,VFR,barnes,envelope,False
2026-04-29T21:15:01Z,35.761199,-75.499234,106.680000,337.233025,224.194444,2.455436,-2.159748,3.270119,138.665845,2.579702,-2.269050,3.435615,-3.099912,-1.041259,-3.065288,,17.095351,1010.146759,1.212444,9.992065,440000.000000,VFR,barnes,envelope,False
2026-04-29T21:15:11Z,35.762811,-75.500073,106.680000,337.233025,224.388889,2.446876,-2.144927,3.253908,138.762254,2.520003,-2.209030,3.351153,-3.086284,-1.030906,-3.034867,,17.095073,1010.146073,1.212444,9.992018,440000.000000,VFR,barnes,envelope,False
2026-04-29T21:15:21Z,35.764422,-75.500912,106.680000,337.233025,224.583333,2.438322,-2.130096,3.237703,138.859824,2.648698,-2.313880,3.517050,-3.072657,-1.020541,-3.004410,,17.094797,1010.145384,1.212445,9.991970,440000.000000,VFR,barnes,envelope,False
2026-04-29T21:15:31Z,35.766033,-75.501751,106.680000,337.233025,224.777778,2.429772,-2.115254,3.221504,138.958574,2.458751,-2.140483,3.259927,-3.059029,-1.010164,-2.973917,,17.094521,1010.144693,1.212445,9.991922,440000.000000,VFR,barnes,envelope,False
2026-04-29T21:15:41Z,35.767644,-75.502591,106.680000,337.233025,224.972222,2.421226,-2.100402,3.205312,139.058521,2.465777,-2.139050,3.264291,-3.045402,-0.999776,-2.943388,,17.094245,1010.143999,1.212445,9.991874,440000.000000,VFR,barnes,envelope,False
2026-04-29T21:15:51Z,35.769256,-75.503430,106.680000,337.233025,225.166667,2.412686,-2.085539,3.189126,139.159681,2.510673,-2.170239,3.318647,-3.031775,-0.989376,-2.912823,,17.093970,1010.143302,1.212446,9.991826,440000.000000,VFR,barnes,envelope,False
2026-04-29T21:16:01Z,35.770867,-75.504269,106.680000,337.233025,225.361111,2.404150,-2.070666,3.172947,139.262073,2.388522,-2.057205,3.152321,-3.018149,-0.978965,-2.882223,,17.093696,1010.142603,1.212446,9.991778,440000.000000,VFR,barnes,envelope,False
2026-04-29T21:16:11Z,35.772478,-75.505108,106.680000,337.233025,225.555556,2.395619,-2.055782,3.156776,139.365714,2.402172,-2.061405,3.165410,-3.004523,-0.968542,-2.851588,,17.093422,1010.141901,1.212446,9.991729,440000.000000,VFR,barnes,envelope,False
2026-04-29T21:16:21Z,35.774090,-75.505948,106.680000,337.233025,225.750000,2.387094,-2.040888,3.140611,139.470624,2.527443,-2.160882,3.325264,-2.990898,-0.958108,-2.820917,,17.093148,1010.141197,1.212446,9.991680,440000.000000,VFR,barnes,envelope,False
2026-04-29T21:16:31Z,35.775701,-75.506787,106.680000,337.233025,225.944444,2.378572,-2.025984,3.124455,139.576819,2.533284,-2.157762,3.327681,-2.977273,-0.947662,-2.790211,,17.092876,1010.140490,1.212447,9.991630,440000.000000,VFR,barnes,envelope,False
2026-04-29T21:16:41Z,35.777312,-75.507626,106.680000,337.233025,226.138889,2.370056,-2.011069,3.108306,139.684321,2.529394,-2.146272,3.317276,-2.963648,-0.937205,-2.759471,,17.092603,1010.139780,1.212447,9.991581,440000.000000,VFR,barnes,envelope,False
2026-04-29T21:16:51Z,35.778924,-75.508465,106.680000,337.233025,226.333333,2.361545,-1.996144,3.092165,139.793147,2.533228,-2.141263,3.316964,-2.950024,-0.926737,-2.728696,,17.092332,1010.139068,1.212447,9.991531,440000.000000,VFR,barnes,envelope,False
2026-04-29T21:17:01Z,35.780535,-75.509305,106.680000,337.233025,226.527778,2.353038,-1.981209,3.076033,139.903318,2.546775,-2.144332,3.329297,-2.936401,-0.916258,-2.697886,,17.092061,1010.138353,1.212448,9.991481,440000.000000,VFR,barnes,envelope,False
2026-04-29T21:17:11Z,35.782146,-75.510144,106.680000,337.233025,226.722222,2.344537,-1.966264,3.059910,140.014854,2.435091,-2.042208,3.178094,-2.922779,-0.905767,-2.667041,,17.091790,1010.137636,1.212448,9.991430,440000.000000,VFR,barnes,envelope,False
2026-04-29T21:17:21Z,35.783758,-75.510983,106.680000,337.233025,226.916667,2.336040,-1.951309,3.043796,140.127775,2.376509,-1.985113,3.096526,-2.909157,-0.895265,-2.636163,,17.091520,1010.136916,1.212448,9.991379,440000.000000,VFR,barnes,envelope,False
2026-04-29T21:17:31Z,35.785369,-75.511822,106.680000,337.233025,227.111111,2.327549,-1.936344,3.027691,140.242103,2.502478,-2.081873,3.255241,-2.895535,-0.884752,-2.605250,,17.091250,1010.136193,1.212448,9.991328,440000.000000,VFR,barnes,envelope,False
2026-04-29T21:17:41Z,35.786980,-75.512661,106.680000,337.233025,227.305556,2.319062,-1.921370,3.011596,140.357858,2.409264,-1.996103,3.128735,-2.881915,-0.874229,-2.574303,,17.090981,1010.135468,1.212449,9.991277,440000.000000,VFR,barnes,envelope,False
2026-04-29T21:17:51Z,35.788592,-75.513501,106.680000,337.233025,227.500000,2.310580,-1.906385,2.995511,140.475062,2.573142,-2.123016,3.335904,-2.868295,-0.863694,-2.543323,,17.090713,1010.134740,1.212449,9.991225,440000.000000,VFR,barnes,envelope,False
2026-04-29T21:18:01Z,35.790203,-75.514340,106.680000,337.233025,227.694444,2.302103,-1.891390,2.979436,140.593738,2.430222,-1.996652,3.145250,-2.854676,-0.853148,-2.512308,,17.090445,1010.134009,1.212449,9.991174,440000.000000,VFR,barnes,envelope,False
2026-04-29T21:18:11Z,35.791814,-75.515179,106.680000,337.233025,227.888889,2.293632,-1.876386,2.963372,140.713907,2.205458,-1.804252,2.849451,-2.841058,-0.842591,-2.481260,,17.090177,1010.133276,1.212449,9.991121,440000.000000,VFR,barnes,envelope,False
2026-04-29T21:18:21Z,35.793426,-75.516018,106.680000,337.233025,228.083333,2.285165,-1.861372,2.947319,140.835593,2.213578,-1.803061,2.854988,-2.827441,-0.832023,-2.450179,,17.089910,1010.132540,1.212450,9.991069,440000.000000,VFR,barnes,envelope,False
2026-04-29T21:18:31Z,35.795037,-75.516858,106.680000,337.233025,228.277778,2.276703,-1.846349,2.931277,140.958820,2.218362,-1.799035,2.856161,-2.813825,-0.821445,-2.419065,,17.089644,1010.131802,1.212450,9.991016,440000.000000,VFR,barnes,envelope,False
2026-04-29T21:18:41Z,35.796648,-75.517697,106.680000,337.233025,228.472222,2.268247,-1.831316,2.915246,141.083610,2.278201,-1.839352,2.928040,-2.800210,-0.810856,-2.387917,,17.089378,1010.131061,1.212450,9.990963,440000.000000,VFR,barnes,envelope,False
2026-04-29T21:18:51Z,35.798259,-75.518536,106.680000,337.233025,228.666667,2.259795,-1.816274,2.899228,141.209989,2.398628,-1.927858,3.077346,-2.786596,-0.800256,-2.356737,,17.089112,1010.130317,1.212450,9.990910,440000.000000,VFR,barnes,envelope,False
2026-04-29T21:19:01Z,35.799871,-75.519375,106.680000,337.233025,228.861111,2.251349,-1.801222,2.883222,141.337981,2.454179,-1.963499,3.142980,-2.772982,-0.789646,-2.325523,,17.088847,1010.129571,1.212450,9.990856,440000.000000,VFR,barnes,envelope,False
2026-04-29T21:19:11Z,35.801482,-75.520215,106.680000,337.233025,229.055556,2.242908,-1.786160,2.867229,141.467612,2.408900,-1.918350,3.079426,-2.759370,-0.779024,-2.294277,,17.088583,1010.128822,1.212451,9.990803,440000.000000,VFR,barnes,envelope,False
2026-04-29T21:19:21Z,35.803093,-75.521054,106.680000,337.233025,229.250000,2.234472,-1.771090,2.851249,141.598906,2.311324,-1.832005,2.949316,-2.745759,-0.768393,-2.262999,,17.088318,1010.128071,1.212451,9.990748,440000.000000,VFR,barnes,envelope,False
2026-04-29T21:19:31Z,35.804705,-75.521893,106.680000,337.233025,229.444444,2.226041,-1.756010,2.835283,141.731891,2.475950,-1.953151,3.153589,-2.732150,-0.757750,-2.231689,,17.088055,1010.127317,1.212451,9.990694,440000.000000,VFR,barnes,envelope,False
2026-04-29T21:19:41Z,35.806316,-75.522732,106.680000,337.233025,229.638889,2.217615,-1.740921,2.819330,141.866593,2.227591,-1.748753,2.832013,-2.718541,-0.747098,-2.200346,,17.087792,1010.126561,1.212451,9.990639,440000.000000,VFR,barnes,envelope,False
2026-04-29T21:19:51Z,35.807927,-75.523571,106.680000,337.233025,229.833333,2.209194,-1.725823,2.803391,142.003039,2.123802,-1.659115,2.695032,-2.704934,-0.736435,-2.168971,,17.087529,1010.125801,1.212451,9.990584,440000.000000,VFR,barnes,envelope,False
2026-04-29T21:20:01Z,35.809539,-75.524411,106.680000,337.233025,230.027778,2.201572,-1.712350,2.789097,142.124748,2.245314,-1.746372,2.844512,-2.692692,-0.726961,-2.141097,,16.601764,1010.124904,1.214483,9.990529,440000.000000,VFR,barnes,envelope,False
2026-04-29T21:20:11Z,35.811150,-75.525250,106.680000,337.233025,230.222222,2.201084,-1.713584,2.789470,142.098590,2.287622,-1.780955,2.899140,-2.692720,-0.728288,-2.145000,,16.602446,1010.122783,1.214478,9.990473,440000.000000,VFR,barnes,envelope,False
2026-04-29T21:20:21Z,35.812761,-75.526089,106.680000,337.233025,230.416667,2.200578,-1.714813,2.789826,142.072288,2.200458,-1.714720,2.789674,-2.692728,-0.729617,-2.148911,,16.603128,1010.120662,1.214472,9.990417,440000.000000,VFR,barnes,envelope,False
2026-04-29T21:20:31Z,35.814373,-75.526928,106.680000,337.233025,230.611111,2.200053,-1.716037,2.790164,142.045841,2.174073,-1.695772,2.757215,-2.692718,-0.730949,-2.152828,,16.603810,1010.118542,1.214467,9.990361,440000.000000,VFR,barnes,envelope,False
2026-04-29T21:20:41Z,35.815984,-75.527768,106.680000,337.233025,230.805556,2.199509,-1.717255,2.790485,142.019250,2.122508,-1.657137,2.692794,-2.692688,-0.732282,-2.156753,,16.604491,1010.116422,1.214461,9.990304,440000.000000,VFR,barnes,envelope,False
2026-04-29T21:20:51Z,35.817595,-75.528607,106.680000,337.233025,231.000000,2.198947,-1.718468,2.790789,141.992514,2.115228,-1.653042,2.684536,-2.692639,-0.733619,-2.160685,,16.605173,1010.114303,1.214456,9.990248,440000.000000,VFR,barnes,envelope,False
2026-04-29T21:21:01Z,35.819207,-75.529446,106.680000,337.233025,231.194444,2.198426,-1.719902,2.791261,141.962747,2.141032,-1.675000,2.718390,-2.692713,-0.735142,-2.165167,,16.605885,1010.112166,1.214450,9.990190,440000.000000,VFR,barnes,envelope,False
2026-04-29T21:21:11Z,35.820818,-75.530285,106.680000,337.233025,231.388889,2.198426,-1.723356,2.793390,141.906942,2.092523,-1.640338,2.658827,-2.694050,-0.738327,-2.174539,,16.606875,1010.109860,1.214443,9.990133,440000.000000,VFR,barnes,envelope,False
2026-04-29T21:21:21Z,35.822429,-75.531125,106.680000,337.233025,231.583333,2.198405,-1.726800,2.795501,141.851127,2.035402,-1.598765,2.588226,-2.695364,-0.741511,-2.183907,,16.607865,1010.107555,1.214437,9.990075,440000.000000,VFR,barnes,envelope,False
2026-04-29T21:21:31Z,35.824041,-75.531964,106.680000,337.233025,231.777778,2.198366,-1.730235,2.797593,141.795303,2.126153,-1.673400,2.705696,-2.696656,-0.744693,-2.193271,,16.608854,1010.105250,1.214430,9.990017,440000.000000,VFR,barnes,envelope,False
2026-04-29T21:21:41Z,35.825652,-75.532803,106.680000,337.233025,231.972222,2.198306,-1.733660,2.799665,141.739469,2.216356,-1.747895,2.822653,-2.697927,-0.747875,-2.202632,,16.609842,1010.102947,1.214423,9.989959,440000.000000,VFR,barnes,envelope,False
2026-04-29T21:21:51Z,35.827263,-75.533642,106.680000,337.233025,232.166667,2.198227,-1.737075,2.801719,141.683623,2.166329,-1.711869,2.761065,-2.699175,-0.751054,-2.211988,,16.610829,1010.100644,1.214416,9.989900,440000.000000,VFR,barnes,envelope,False
2026-04-29T21:22:01Z,35.828874,-75.534481,106.680000,337.233025,232.361111,2.198127,-1.740481,2.803754,141.627767,2.144517,-1.698032,2.735373,-2.700402,-0.754233,-2.221339,,16.611815,1010.098342,1.214409,9.989841,440000.000000,VFR,barnes,envelope,False
2026-04-29T21:22:11Z,35.830486,-75.535321,106.680000,337.233025,232.555556,2.198009,-1.743876,2.805770,141.571898,2.154294,-1.709193,2.749968,-2.701606,-0.757410,-2.230687,,16.612801,1010.096042,1.214402,9.989781,440000.000000,VFR,barnes,envelope,False
2026-04-29T21:22:21Z,35.832097,-75.536160,106.680000,337.233025,232.750000,2.197870,-1.747262,2.807767,141.516017,2.155738,-1.713768,2.753944,-2.702789,-0.760585,-2.240030,,16.613785,1010.093742,1.214395,9.989722,440000.000000,VFR,barnes,envelope,False
2026-04-29T21:22:31Z,35.833708,-75.536999,106.680000,337.233025,232.944444,2.197712,-1.750638,2.809745,141.460122,2.242081,-1.785981,2.866471,-2.703949,-0.763760,-2.249368,,16.614769,1010.091443,1.214388,9.989662,440000.000000,VFR,barnes,envelope,False
2026-04-29T21:22:41Z,35.835320,-75.537838,106.680000,337.233025,233.138889,2.197534,-1.754004,2.811705,141.404213,2.291784,-1.829231,2.932296,-2.705088,-0.766932,-2.258702,,16.615752,1010.089145,1.214381,9.989601,440000.000000,VFR,barnes,envelope,False
2026-04-29T21:22:51Z,35.836931,-75.538678,106.680000,337.233025,233.333333,2.197336,-1.757360,2.813645,141.348290,2.281639,-1.824783,2.921594,-2.706204,-0.770103,-2.268031,,16.616734,1010.086848,1.214374,9.989541,440000.000000,VFR,barnes,envelope,False
2026-04-29T21:23:01Z,35.838542,-75.539517,106.680000,337.233025,233.527778,2.197119,-1.760706,2.815567,141.292353,2.173290,-1.741610,2.785031,-2.707299,-0.773272,-2.277356,,16.617716,1010.084552,1.214368,9.989480,440000.000000,VFR,barnes,envelope,False
2026-04-29T21:23:11Z,35.840154,-75.540356,106.680000,337.233025,233.722222,2.196882,-1.764042,2.817469,141.236399,2.311373,-1.855976,2.964303,-2.708371,-0.776440,-2.286675,,16.618696,1010.082257,1.214361,9.989418,440000.000000,VFR,barnes,envelope,False
2026-04-29T21:23:21Z,35.841765,-75.541195,106.680000,337.233025,233.916667,2.196625,-1.767368,2.819353,141.180429,2.319363,-1.866121,2.976887,-2.709421,-0.779606,-2.295990,,16.619676,1010.079963,1.214354,9.989357,440000.000000,VFR,barnes,envelope,False
2026-04-29T21:23:31Z,35.843376,-75.542035,106.680000,337.233025,234.111111,2.196349,-1.770684,2.821218,141.124443,2.291242,-1.847186,2.943108,-2.710450,-0.782771,-2.305300,,16.620654,1010.077670,1.214347,9.989295,440000.000000,VFR,barnes,envelope,False
2026-04-29T21:23:41Z,35.844988,-75.542874,106.680000,337.233025,234.305556,2.196053,-1.773989,2.823063,141.068439,2.280348,-1.842084,2.931426,-2.711456,-0.785934,-2.314604,,16.621632,1010.075378,1.214340,9.989233,440000.000000,VFR,barnes,envelope,False
2026-04-29T21:23:51Z,35.846599,-75.543713,106.680000,337.233025,234.500000,2.195737,-1.777285,2.824890,141.012418,2.274079,-1.840697,2.925680,-2.712441,-0.789095,-2.323904,,16.622609,1010.073086,1.214333,9.989170,440000.000000,VFR,barnes,envelope,False
2026-04-29T21:24:01Z,35.848210,-75.544552,106.680000,337.233025,234.694444,2.195402,-1.780571,2.826698,140.956377,2.234261,-1.812087,2.876731,-2.713403,-0.792254,-2.333198,,16.623585,1010.070796,1.214326,9.989107,440000.000000,VFR,barnes,envelope,False
2026-04-29T21:24:11Z,35.849822,-75.545391,106.680000,337.233025,234.888889,2.195047,-1.783846,2.828487,140.900318,2.217379,-1.801995,2.857263,-2.714343,-0.795412,-2.342486,,16.624561,1010.068507,1.214320,9.989044,440000.000000,VFR,barnes,envelope,False
2026-04-29T21:24:21Z,35.851433,-75.546231,106.680000,337.233025,235.083333,2.194673,-1.787112,2.830257,140.844240,2.217422,-1.805636,2.859595,-2.715262,-0.798568,-2.351770,,16.625535,1010.066219,1.214313,9.988980,440000.000000,VFR,barnes,envelope,False
2026-04-29T21:24:31Z,35.853044,-75.547070,106.680000,337.233025,235.277778,2.194279,-1.790367,2.832009,140.788141,2.212039,-1.804857,2.854930,-2.716158,-0.801721,-2.361047,,16.626508,1010.063931,1.214306,9.988916,440000.000000,VFR,barnes,envelope,False
2026-04-29T21:24:41Z,35.854655,-75.547909,106.680000,337.233025,235.472222,2.193865,-1.793611,2.833741,140.732021,2.211948,-1.808395,2.857098,-2.717033,-0.804874,-2.370319,,16.627481,1010.061645,1.214299,9.988852,440000.000000,VFR,barnes,envelope,False
2026-04-29T21:24:51Z,35.856267,-75.548748,106.680000,337.233025,235.666667,2.193432,-1.796846,2.835454,140.675880,2.204909,-1.806248,2.850290,-2.717885,-0.808024,-2.379586,,16.628452,1010.059360,1.214292,9.988787,440000.000000,VFR,barnes,envelope,False
2026-04-29T21:25:01Z,35.857878,-75.549588,106.680000,337.233025,235.861111,2.194036,-1.800391,2.838169,140.628237,2.186350,-1.794084,2.828226,-2.719813,-0.811059,-2.388515,,16.629422,1010.057075,1.214286,9.988721,440000.000000,VFR,barnes,envelope,False
2026-04-29T21:25:11Z,35.859489,-75.550427,106.680000,337.233025,236.055556,2.204143,-1.806826,2.850064,140.657131,2.195453,-1.799703,2.838828,-2.731623,-0.813081,-2.394462,,16.630389,1010.054783,1.214279,9.988652,440000.000000,VFR,barnes,envelope,False
2026-04-29T21:25:21Z,35.861101,-75.551266,106.680000,337.233025,236.250000,2.214265,-1.813272,2.861979,140.685796,2.209361,-1.809256,2.855641,-2.743451,-0.815108,-2.400424,,16.631354,1010.052493,1.214272,9.988581,440000.000000,VFR,barnes,envelope,False
2026-04-29T21:25:31Z,35.862712,-75.552105,106.680000,337.233025,236.444444,2.224401,-1.819728,2.873912,140.714233,2.209939,-1.807898,2.855228,-2.755296,-0.817139,-2.406398,,16.632319,1010.050203,1.214265,9.988510,440000.000000,VFR,barnes,envelope,False
2026-04-29T21:25:41Z,35.864323,-75.552945,106.680000,337.233025,236.638889,2.234551,-1.826196,2.885864,140.742446,2.223565,-1.817217,2.871675,-2.767158,-0.819175,-2.412386,,16.633282,1010.047914,1.214258,9.988439,440000.000000,VFR,barnes,envelope,False
2026-04-29T21:25:51Z,35.865935,-75.553784,106.680000,337.233025,236.833333,2.244715,-1.832674,2.897834,140.770437,2.229686,-1.820404,2.878432,-2.779037,-0.821215,-2.418388,,16.634245,1010.045626,1.214252,9.988368,440000.000000,VFR,barnes,envelope,False
2026-04-29T21:26:01Z,35.867546,-75.554623,106.680000,337.233025,237.027778,2.254893,-1.839164,2.909823,140.798207,2.197786,-1.792585,2.836128,-2.790934,-0.823260,-2.424402,,16.635206,1010.043340,1.214245,9.988296,440000.000000,VFR,barnes,envelope,False
2026-04-29T21:26:11Z,35.869157,-75.555462,106.680000,337.233025,237.222222,2.265086,-1.845664,2.921829,140.825759,2.217378,-1.806790,2.860290,-2.802847,-0.825309,-2.430430,,16.636167,1010.041054,1.214238,9.988224,440000.000000,VFR,barnes,envelope,False
2026-04-29T21:26:21Z,35.870769,-75.556301,106.680000,337.233025,237.416667,2.275292,-1.852174,2.933855,140.853094,2.197645,-1.788967,2.833734,-2.814778,-0.827363,-2.436471,,16.637126,1010.038769,1.214231,9.988151,440000.000000,VFR,barnes,envelope,False
2026-04-29T21:26:31Z,35.872380,-75.557141,106.680000,337.233025,237.611111,2.285512,-1.858696,2.945898,140.880216,2.192440,-1.783005,2.825934,-2.826725,-0.829421,-2.442525,,16.638085,1010.036485,1.214224,9.988078,440000.000000,VFR,barnes,envelope,False
2026-04-29T21:26:41Z,35.873991,-75.557980,106.680000,337.233025,237.805556,2.295746,-1.865228,2.957959,140.907126,2.247326,-1.825888,2.895572,-2.838690,-0.831484,-2.448592,,16.639042,1010.034202,1.214218,9.988004,440000.000000,VFR,barnes,envelope,False
2026-04-29T21:26:51Z,35.875603,-75.558819,106.680000,337.233025,238.000000,2.305994,-1.871771,2.970039,140.933826,2.296745,-1.864264,2.958127,-2.850671,-0.833551,-2.454673,,16.639998,1010.031920,1.214211,9.987930,440000.000000,VFR,barnes,envelope,False
2026-04-29T21:27:01Z,35.877214,-75.559658,106.680000,337.233025,238.194444,2.316255,-1.878324,2.982137,140.960319,2.308298,-1.871871,2.971892,-2.862669,-0.835623,-2.460766,,16.640954,1010.029639,1.214204,9.987856,440000.000000,VFR,barnes,envelope,False
2026-04-29T21:27:11Z,35.878825,-75.560498,106.680000,337.233025,238.388889,2.326530,-1.884888,2.994252,140.986606,2.320093,-1.879672,2.985967,-2.874684,-0.837699,-2.466872,,16.641908,1010.027358,1.214197,9.987781,440000.000000,VFR,barnes,envelope,False
2026-04-29T21:27:21Z,35.880437,-75.561337,106.680000,337.233025,238.583333,2.336819,-1.891462,3.006386,141.012688,2.239229,-1.812471,2.880833,-2.886715,-0.839780,-2.472991,,16.642861,1010.025079,1.214191,9.987706,440000.000000,VFR,barnes,envelope,False
2026-04-29T21:27:31Z,35.882048,-75.562176,106.680000,337.233025,238.777778,2.347122,-1.898047,3.018537,141.038570,2.351005,-1.901187,3.023531,-2.898763,-0.841864,-2.479123,,16.643813,1010.022801,1.214184,9.987630,440000.000000,VFR,barnes,envelope,False
2026-04-29T21:27:41Z,35.883659,-75.563015,106.680000,337.233025,238.972222,2.357438,-1.904642,3.030706,141.064251,2.345097,-1.894672,3.014840,-2.910828,-0.843954,-2.485268,,16.644764,1010.020524,1.214177,9.987554,440000.000000,VFR,barnes,envelope,False
2026-04-29T21:27:51Z,35.885270,-75.563855,106.680000,337.233025,239.166667,2.367768,-1.911248,3.042892,141.089734,2.304605,-1.860264,2.961720,-2.922909,-0.846047,-2.491425,,16.645713,1010.018248,1.214171,9.987478,440000.000000,VFR,barnes,envelope,False
2026-04-29T21:28:01Z,35.886882,-75.564694,106.680000,337.233025,239.361111,2.378111,-1.917864,3.055096,141.115022,2.365079,-1.907354,3.038354,-2.935007,-0.848145,-2.497596,,16.646662,1010.015973,1.214164,9.987401,440000.000000,VFR,barnes,envelope,False
2026-04-29T21:28:11Z,35.888493,-75.565533,106.680000,337.233025,239.555556,2.388467,-1.924491,3.067318,141.140115,2.389566,-1.925376,3.068730,-2.947121,-0.850248,-2.503779,,16.647610,1010.013698,1.214157,9.987323,440000.000000,VFR,barnes,envelope,False
2026-04-29T21:28:21Z,35.890104,-75.566372,106.680000,337.233025,239.750000,2.398837,-1.931127,3.079557,141.165017,2.412884,-1.942436,3.097591,-2.959251,-0.852354,-2.509974,,16.648556,1010.011425,1.214150,9.987246,440000.000000,VFR,barnes,envelope,False
2026-04-29T21:28:31Z,35.891716,-75.567211,106.680000,337.233025,239.944444,2.409220,-1.937774,3.091814,141.189727,2.479027,-1.993921,3.181398,-2.971397,-0.854465,-2.516182,,16.649501,1010.009153,1.214144,9.987167,440000.000000,VFR,barnes,envelope,False
2026-04-29T21:28:41Z,35.893327,-75.568051,106.680000,337.233025,240.138889,2.419617,-1.944431,3.104088,141.214250,2.483258,-1.995574,3.185731,-2.983560,-0.856580,-2.522403,,16.650445,1010.006882,1.214137,9.987089,440000.000000,VFR,barnes,envelope,False
2026-04-29T21:28:51Z,35.894938,-75.568890,106.680000,337.233025,240.333333,2.430027,-1.951099,3.116379,141.238585,2.509186,-2.014656,3.217896,-2.995739,-0.858700,-2.528636,,16.651388,1010.004612,1.214130,9.987010,440000.000000,VFR,barnes,envelope,False
2026-04-29T21:29:01Z,35.896550,-75.569729,106.680000,337.233025,240.527778,2.440450,-1.957776,3.128687,141.262736,2.345247,-1.881403,3.006636,-3.007934,-0.860823,-2.534881,,16.652330,1010.002342,1.214124,9.986930,440000.000000,VFR,barnes,envelope,False
2026-04-29T21:29:11Z,35.898161,-75.570568,106.680000,337.233025,240.722222,2.450886,-1.964464,3.141012,141.286703,2.538282,-2.034515,3.253018,-3.020144,-0.862951,-2.541139,,16.653270,1010.000074,1.214117,9.986850,440000.000000,VFR,barnes,envelope,False
2026-04-29T21:29:21Z,35.899772,-75.571408,106.680000,337.233025,240.916667,2.461335,-1.971161,3.153354,141.310489,2.392461,-1.916004,3.065117,-3.032371,-0.865083,-2.547409,,16.654210,1009.997807,1.214110,9.986770,440000.000000,VFR,barnes,envelope,False
2026-04-29T21:29:31Z,35.901384,-75.572247,106.680000,337.233025,241.111111,2.471797,-1.977869,3.165714,141.334095,2.484187,-1.987783,3.181582,-3.044614,-0.867220,-2.553692,,16.655148,1009.995541,1.214104,9.986689,440000.000000,VFR,barnes,envelope,False
2026-04-29T21:29:41Z,35.902995,-75.573086,106.680000,337.233025,241.305556,2.482272,-1.984586,3.178090,141.357523,2.564021,-2.049945,3.282755,-3.056872,-0.869360,-2.559986,,16.656085,1009.993276,1.214097,9.986608,440000.000000,VFR,barnes,envelope,False
2026-04-29T21:29:51Z,35.904606,-75.573925,106.680000,337.233025,241.500000,2.492760,-1.991314,3.190483,141.380775,2.621223,-2.093935,3.354903,-3.069147,-0.871505,-2.566293,,16.657021,1009.991012,1.214090,9.986526,440000.000000,VFR,barnes,envelope,False
2026-04-29T21:30:01Z,35.906218,-75.574765,106.680000,337.233025,241.694444,2.502675,-1.997989,3.202396,141.398194,2.564522,-2.047363,3.281534,-3.080873,-0.873822,-2.573109,,16.657893,1009.988710,1.214084,9.986444,440000.000000,VFR,barnes,envelope,False
2026-04-29T21:30:11Z,35.907829,-75.575604,106.680000,337.233025,241.888889,2.507320,-2.004109,3.209845,141.364544,2.631796,-2.103603,3.369199,-3.087524,-0.877668,-2.584418,,16.658207,1009.986067,1.214080,9.986361,440000.000000,VFR,barnes,envelope,False
2026-04-29T21:30:21Z,35.909440,-75.576443,106.680000,337.233025,242.083333,2.511947,-2.010235,3.217285,141.330773,2.490550,-1.993111,3.189879,-3.094161,-0.881527,-2.595764,,16.658522,1009.983425,1.214075,9.986278,440000.000000,VFR,barnes,envelope,False
2026-04-29T21:30:31Z,35.911051,-75.577282,106.680000,337.233025,242.277778,2.516557,-2.016368,3.224717,141.296880,2.579975,-2.067181,3.305981,-3.100785,-0.885397,-2.607146,,16.658836,1009.980787,1.214071,9.986195,440000.000000,VFR,barnes,envelope,False
2026-04-29T21:30:41Z,35.912663,-75.578121,106.680000,337.233025,242.472222,2.521150,-2.022506,3.232140,141.262866,2.664080,-2.137167,3.415377,-3.107396,-0.889280,-2.618564,,16.659151,1009.978151,1.214066,9.986111,440000.000000,VFR,barnes,envelope,False
2026-04-29T21:30:51Z,35.914274,-75.578961,106.680000,337.233025,242.666667,2.525725,-2.028651,3.239554,141.228733,2.650892,-2.129184,3.400096,-3.113993,-0.893175,-2.630018,,16.659466,1009.975517,1.214062,9.986026,440000.000000,VFR,barnes,envelope,False
2026-04-29T21:31:01Z,35.915885,-75.579800,106.680000,337.233025,242.861111,2.530284,-2.034801,3.246960,141.194482,2.700150,-2.171405,3.464940,-3.120576,-0.897083,-2.641508,,16.659781,1009.972886,1.214057,9.985941,440000.000000,VFR,barnes,envelope,False
2026-04-29T21:31:11Z,35.917497,-75.580639,106.680000,337.233025,243.055556,2.534824,-2.040958,3.254358,141.160113,2.632784,-2.119832,3.380125,-3.127145,-0.901003,-2.653033,,16.660095,1009.970257,1.214053,9.985856,440000.000000,VFR,barnes,envelope,False
2026-04-29T21:31:21Z,35.919108,-75.581478,106.680000,337.233025,243.250000,2.539348,-2.047121,3.261746,141.125627,2.691404,-2.169703,3.457061,-3.133701,-0.904935,-2.664594,,16.660410,1009.967631,1.214048,9.985770,440000.000000,VFR,barnes,envelope,False
2026-04-29T21:31:31Z,35.920719,-75.582318,106.680000,337.233025,243.444444,2.543854,-2.053289,3.269127,141.091025,2.674470,-2.158717,3.436983,-3.140243,-0.908879,-2.676191,,16.660725,1009.965008,1.214044,9.985683,440000.000000,VFR,barnes,envelope,False
2026-04-29T21:31:41Z,35.922331,-75.583157,106.680000,337.233025,243.638889,2.548342,-2.059464,3.276498,141.056307,2.711787,-2.191552,3.486644,-3.146772,-0.912835,-2.687823,,16.661041,1009.962387,1.214039,9.985597,440000.000000,VFR,barnes,envelope,False
2026-04-29T21:31:51Z,35.923942,-75.583996,106.680000,337.233025,243.833333,2.552814,-2.065644,3.283861,141.021476,2.762420,-2.235249,3.553492,-3.153286,-0.916804,-2.699491,,16.661356,1009.959769,1.214035,9.985509,440000.000000,VFR,barnes,envelope,False
2026-04-29T21:32:01Z,35.925553,-75.584835,106.680000,337.233025,244.027778,2.557268,-2.071830,3.291215,140.986530,2.651993,-2.148574,3.413127,-3.159787,-0.920784,-2.711194,,16.661671,1009.957153,1.214030,9.985422,440000.000000,VFR,barnes,envelope,False
2026-04-29T21:32:11Z,35.927165,-75.585675,106.680000,337.233025,244.222222,2.561704,-2.078022,3.298561,140.951472,2.594850,-2.104909,3.341240,-3.166274,-0.924777,-2.722933,,16.661986,1009.954540,1.214026,9.985333,440000.000000,VFR,barnes,envelope,False
2026-04-29T21:32:21Z,35.928776,-75.586514,106.680000,337.233025,244.416667,2.566123,-2.084220,3.305898,140.916302,2.563573,-2.082149,3.302613,-3.172747,-0.928781,-2.734706,,16.662301,1009.951929,1.214021,9.985245,440000.000000,VFR,barnes,envelope,False
2026-04-29T21:32:31Z,35.930387,-75.587353,106.680000,337.233025,244.611111,2.570525,-2.090423,3.313226,140.881021,2.561454,-2.083047,3.301535,-3.179206,-0.932798,-2.746515,,16.662617,1009.949321,1.214017,9.985155,440000.000000,VFR,barnes,envelope,False
2026-04-29T21:32:41Z,35.931999,-75.588192,106.680000,337.233025,244.805556,2.574909,-2.096632,3.320545,140.845630,2.433284,-1.981313,3.137909,-3.185652,-0.936827,-2.758358,,16.662932,1009.946716,1.214012,9.985066,440000.000000,VFR,barnes,envelope,False
2026-04-29T21:32:51Z,35.933610,-75.589031,106.680000,337.233025,245.000000,2.579276,-2.102847,3.327856,140.810129,2.499276,-2.037624,3.224638,-3.192083,-0.940867,-2.770237,,16.663247,1009.944113,1.214008,9.984975,440000.000000,VFR,barnes,envelope,False
2026-04-29T21:33:01Z,35.935221,-75.589871,106.680000,337.233025,245.194444,2.583625,-2.109067,3.335158,140.774519,2.553451,-2.084435,3.296207,-3.198501,-0.944920,-2.782150,,16.663563,1009.941513,1.214004,9.984885,440000.000000,VFR,barnes,envelope,False
2026-04-29T21:33:11Z,35.936833,-75.590710,106.680000,337.233025,245.388889,2.587957,-2.115293,3.342452,140.738801,2.498736,-2.042367,3.227219,-3.204904,-0.948984,-2.794099,,16.663878,1009.938915,1.213999,9.984793,440000.000000,VFR,barnes,envelope,False
2026-04-29T21:33:21Z,35.938444,-75.591549,106.680000,337.233025,245.583333,2.592271,-2.121524,3.349736,140.702976,2.484193,-2.033073,3.210078,-3.211294,-0.953061,-2.806082,,16.664193,1009.936320,1.213995,9.984702,440000.000000,VFR,barnes,envelope,False
2026-04-29T21:33:31Z,35.940055,-75.592388,106.680000,337.233025,245.777778,2.596568,-2.127761,3.357012,140.667045,2.522793,-2.067307,3.261632,-3.217669,-0.957149,-2.818099,,16.664509,1009.933727,1.213990,9.984610,440000.000000,VFR,barnes,envelope,False
2026-04-29T21:33:41Z,35.941666,-75.593228,106.680000,337.233025,245.972222,2.600847,-2.134004,3.364279,140.631007,2.580329,-2.117168,3.337738,-3.224031,-0.961249,-2.830151,,16.664824,1009.931137,1.213986,9.984517,440000.000000,VFR,barnes,envelope,False
2026-04-29T21:33:51Z,35.943278,-75.594067,106.680000,337.233025,246.166667,2.605109,-2.140251,3.371538,140.594865,2.576986,-2.117147,3.335142,-3.230379,-0.965361,-2.842237,,16.665139,1009.928550,1.213981,9.984424,440000.000000,VFR,barnes,envelope,False
2026-04-29T21:34:01Z,35.944889,-75.594906,106.680000,337.233025,246.361111,2.609353,-2.146505,3.378788,140.558619,2.629969,-2.163464,3.405483,-3.236712,-0.969484,-2.854358,,16.665454,1009.925965,1.213977,9.984330,440000.000000,VFR,barnes,envelope,False
2026-04-29T21:34:11Z,35.946500,-75.595745,106.680000,337.233025,246.555556,2.613580,-2.152763,3.386029,140.522269,2.620808,-2.158717,3.395394,-3.243032,-0.973620,-2.866513,,16.665769,1009.923382,1.213973,9.984236,440000.000000,VFR,barnes,envelope,False
2026-04-29T21:34:21Z,35.948112,-75.596585,106.680000,337.233025,246.750000,2.617789,-2.159027,3.393261,140.485816,2.570535,-2.120055,3.332009,-3.249337,-0.977767,-2.878702,,16.666084,1009.920803,1.213968,9.984141,440000.000000,VFR,barnes,envelope,False
2026-04-29T21:34:31Z,35.949723,-75.597424,106.680000,337.233025,246.944444,2.621981,-2.165297,3.400484,140.449262,2.597448,-2.145037,3.368667,-3.255628,-0.981925,-2.890925,,16.666399,1009.918226,1.213964,9.984046,440000.000000,VFR,barnes,envelope,False
2026-04-29T21:34:41Z,35.951334,-75.598263,106.680000,337.233025,247.138889,2.626155,-2.171571,3.407698,140.412606,2.566934,-2.122601,3.330854,-3.261905,-0.986096,-2.903182,,16.666714,1009.915651,1.213959,9.983950,440000.000000,VFR,barnes,envelope,False
2026-04-29T21:34:51Z,35.952946,-75.599102,106.680000,337.233025,247.333333,2.630311,-2.177851,3.414904,140.375849,2.563327,-2.122389,3.327939,-3.268168,-0.990278,-2.915473,,16.667029,1009.913079,1.213955,9.983854,440000.000000,VFR,barnes,envelope,False
2026-04-29T21:35:01Z,35.954557,-75.599941,106.680000,337.233025,247.527778,2.633397,-2.185195,3.421967,140.314089,2.570125,-2.132691,3.339747,-3.273856,-0.995855,-2.931866,,16.667344,1009.910421,1.213950,9.983757,440000.000000,VFR,barnes,envelope,False
2026-04-29T21:35:11Z,35.956168,-75.600781,106.680000,337.233025,247.722222,2.626994,-2.202087,3.427869,140.028460,2.581327,-2.163806,3.368279,-3.274488,-1.013909,-2.984922,,16.667659,1009.906965,1.213945,9.983660,440000.000000,VFR,barnes,envelope,False
2026-04-29T21:35:21Z,35.957780,-75.601620,106.680000,337.233025,247.916667,2.620576,-2.219000,3.433858,139.743397,2.601572,-2.202908,3.408956,-3.275116,-1.031988,-3.038048,,16.667973,1009.903513,1.213939,9.983562,440000.000000,VFR,barnes,envelope,False
2026-04-29T21:35:31Z,35.959391,-75.602459,106.680000,337.233025,248.111111,2.614145,-2.235935,3.439936,139.458914,2.590655,-2.215843,3.409025,-3.275739,-1.050092,-3.091241,,16.668287,1009.900064,1.213934,9.983463,440000.000000,VFR,barnes,envelope,False
2026-04-29T21:35:41Z,35.961002,-75.603298,106.680000,337.233025,248.305556,2.607700,-2.252891,3.446102,139.175024,2.586971,-2.234982,3.418708,-3.276358,-1.068221,-3.144503,,16.668602,1009.896619,1.213929,9.983364,440000.000000,VFR,barnes,envelope,False
2026-04-29T21:35:51Z,35.962614,-75.604138,106.680000,337.233025,248.500000,2.601241,-2.269868,3.452355,138.891741,2.621275,-2.287349,3.478944,-3.276972,-1.086375,-3.197832,,16.668916,1009.893178,1.213923,9.983265,440000.000000,VFR,barnes,envelope,False
2026-04-29T21:36:01Z,35.964225,-75.604977,106.680000,337.233025,248.694444,2.594769,-2.286866,3.458697,138.609077,2.646786,-2.332711,3.528033,-3.277582,-1.104554,-3.251228,,16.669230,1009.889741,1.213918,9.983165,440000.000000,VFR,barnes,envelope,False
2026-04-29T21:36:11Z,35.965836,-75.605816,106.680000,337.233025,248.888889,2.588283,-2.303885,3.465126,138.327045,2.637695,-2.347868,3.531278,-3.278188,-1.122757,-3.304691,,16.669544,1009.886307,1.213912,9.983064,440000.000000,VFR,barnes,envelope,False
2026-04-29T21:36:21Z,35.967448,-75.606655,106.680000,337.233025,249.083333,2.581784,-2.320926,3.471643,138.045659,2.683969,-2.412787,3.609049,-3.278789,-1.140985,-3.358220,,16.669857,1009.882877,1.213907,9.982963,440000.000000,VFR,barnes,envelope,False
2026-04-29T21:36:31Z,35.969059,-75.607495,106.680000,337.233025,249.277778,2.575271,-2.337987,3.478247,137.764929,2.608643,-2.368285,3.523321,-3.279386,-1.159237,-3.411815,,16.670171,1009.879451,1.213901,9.982862,440000.000000,VFR,barnes,envelope,False
2026-04-29T21:36:41Z,35.970670,-75.608334,106.680000,337.233025,249.472222,2.568744,-2.355069,3.484939,137.484870,2.606449,-2.389637,3.536092,-3.279979,-1.177513,-3.465476,,16.670484,1009.876029,1.213896,9.982760,440000.000000,VFR,barnes,envelope,False
2026-04-29T21:36:51Z,35.972281,-75.609173,106.680000,337.233025,249.666667,2.562205,-2.372172,3.491718,137.205493,2.554745,-2.365265,3.481551,-3.280567,-1.195814,-3.519202,,16.670798,1009.872611,1.213890,9.982657,440000.000000,VFR,barnes,envelope,False
2026-04-29T21:37:01Z,35.973893,-75.610012,106.680000,337.233025,249.861111,2.555652,-2.389295,3.498584,136.926809,2.584562,-2.416323,3.538160,-3.281151,-1.214139,-3.572993,,16.671111,1009.869196,1.213885,9.982554,440000.000000,VFR,barnes,envelope,False
2026-04-29T21:37:11Z,35.975504,-75.610851,106.680000,337.233025,250.055556,2.549086,-2.406439,3.505537,136.648831,2.616241,-2.469836,3.597889,-3.281732,-1.232489,-3.626849,,16.671423,1009.865786,1.213880,9.982450,440000.000000,VFR,barnes,envelope,False
2026-04-29T21:37:21Z,35.977115,-75.611691,106.680000,337.233025,250.250000,2.542508,-2.423604,3.512577,136.371571,2.628416,-2.505495,3.631263,-3.282308,-1.250862,-3.680768,,16.671736,1009.862379,1.213874,9.982345,440000.000000,VFR,barnes,envelope,False
2026-04-29T21:37:31Z,35.978727,-75.612530,106.680000,337.233025,250.444444,2.535916,-2.440789,3.519705,136.095039,2.598951,-2.501460,3.607194,-3.282880,-1.269259,-3.734751,,16.672048,1009.858976,1.213869,9.982240,430000.000000,VFR,barnes,envelope,False
2026-04-29T21:37:41Z,35.980338,-75.613369,106.680000,337.233025,250.638889,2.529311,-2.457995,3.526918,135.819247,2.548242,-2.476392,3.553317,-3.283448,-1.287680,-3.788798,,16.672361,1009.855576,1.213863,9.982135,430000.000000,VFR,barnes,envelope,False
2026-04-29T21:37:51Z,35.981949,-75.614208,106.680000,337.233025,250.833333,2.522693,-2.475221,3.534218,135.544207,2.557111,-2.508991,3.582437,-3.284012,-1.306125,-3.842907,,16.672672,1009.852181,1.213858,9.982029,430000.000000,VFR,barnes,envelope,False
2026-04-29T21:38:01Z,35.983561,-75.615048,106.680000,337.233025,251.027778,2.516063,-2.492467,3.541605,135.269927,2.532697,-2.508945,3.565018,-3.284573,-1.324593,-3.897079,,16.672984,1009.848789,1.213853,9.981922,430000.000000,VFR,barnes,envelope,False
2026-04-29T21:38:11Z,35.985172,-75.615887,106.680000,337.233025,251.222222,2.509420,-2.509733,3.549077,134.996421,2.538212,-2.538529,3.589798,-3.285129,-1.343085,-3.951313,,16.673296,1009.845402,1.213847,9.981815,430000.000000,VFR,barnes,envelope,False
2026-04-29T21:38:21Z,35.986783,-75.616726,106.680000,337.233025,251.416667,2.502764,-2.527020,3.556636,134.723697,2.494745,-2.518923,3.545240,-3.285681,-1.361601,-4.005608,,16.673607,1009.842018,1.213842,9.981707,430000.000000,VFR,barnes,envelope,False
2026-04-29T21:38:31Z,35.988395,-75.617565,106.680000,337.233025,251.611111,2.496096,-2.544327,3.564280,134.451766,2.544787,-2.593958,3.633808,-3.286230,-1.380139,-4.059965,,16.673918,1009.838638,1.213837,9.981599,430000.000000,VFR,barnes,envelope,False
2026-04-29T21:38:41Z,35.990006,-75.618405,106.680000,337.233025,251.805556,2.489415,-2.561653,3.572010,134.180639,2.517516,-2.590569,3.612331,-3.286775,-1.398701,-4.114383,,16.674228,1009.835262,1.213831,9.981490,430000.000000,VFR,barnes,envelope,False
2026-04-29T21:38:51Z,35.991617,-75.619244,106.680000,337.233025,252.000000,2.482722,-2.579000,3.579825,133.910325,2.516429,-2.614014,3.628428,-3.287316,-1.417286,-4.168861,,16.674539,1009.831889,1.213826,9.981380,430000.000000,VFR,barnes,envelope,False
2026-04-29T21:39:01Z,35.993229,-75.620083,106.680000,337.233025,252.194444,2.476017,-2.596366,3.587726,133.640833,2.496459,-2.617802,3.617346,-3.287854,-1.435895,-4.223399,,16.674849,1009.828521,1.213820,9.981270,430000.000000,VFR,barnes,envelope,False
2026-04-29T21:39:11Z,35.994840,-75.620922,106.680000,337.233025,252.388889,2.469299,-2.613753,3.595712,133.372174,2.475180,-2.619977,3.604274,-3.288388,-1.454526,-4.277997,,16.675159,1009.825156,1.213815,9.981160,430000.000000,VFR,barnes,envelope,False
2026-04-29T21:39:21Z,35.996451,-75.621761,106.680000,337.233025,252.583333,2.462570,-2.631158,3.603782,133.104356,2.461049,-2.629534,3.601556,-3.288919,-1.473180,-4.332653,,16.675468,1009.821796,1.213810,9.981048,430000.000000,VFR,barnes,envelope,False
2026-04-29T21:39:31Z,35.998062,-75.622601,106.680000,337.233025,252.777778,2.455828,-2.648584,3.611937,132.837388,2.427932,-2.618498,3.570909,-3.289445,-1.491857,-4.387369,,16.675777,1009.818439,1.213804,9.980936,430000.000000,VFR,barnes,envelope,False
2026-04-29T21:39:41Z,35.999674,-75.623440,106.680000,337.233025,252.972222,2.449074,-2.666029,3.620176,132.571280,2.439038,-2.655104,3.605341,-3.289969,-1.510556,-4.442143,,16.676086,1009.815086,1.213799,9.980824,430000.000000,VFR,barnes,envelope,False
2026-04-29T21:39:51Z,36.001285,-75.624279,106.680000,337.233025,253.166667,2.442308,-2.683494,3.628500,132.306040,2.418133,-2.656931,3.592583,-3.290489,-1.529278,-4.496975,,16.676394,1009.811737,1.213794,9.980711,430000.000000,VFR,barnes,envelope,False
2026-04-29T21:40:01Z,36.002896,-75.625118,106.680000,337.233025,253.361111,2.436054,-2.698928,3.635735,132.069433,2.424644,-2.686286,3.618705,-3.290695,-1.545930,-4.545738,,16.676935,1009.808465,1.213788,9.980596,430000.000000,VFR,barnes,envelope,False
2026-04-29T21:40:11Z,36.004508,-75.625958,106.680000,337.233025,253.555556,2.434503,-2.695917,3.632461,132.083095,2.433320,-2.694606,3.630695,-3.288099,-1.543754,-4.539365,,16.679559,1009.805858,1.213774,9.980466,430000.000000,VFR,barnes,envelope,False
2026-04-29T21:40:21Z,36.006119,-75.626797,106.680000,337.233025,253.750000,2.432949,-2.692894,3.629176,132.096865,2.424517,-2.683561,3.616598,-3.285497,-1.541568,-4.532966,,16.682178,1009.803253,1.213759,9.980336,430000.000000,VFR,barnes,envelope,False
2026-04-29T21:40:31Z,36.007730,-75.627636,106.680000,337.233025,253.944444,2.431392,-2.689861,3.625882,132.110742,2.426432,-2.684374,3.618485,-3.282887,-1.539374,-4.526540,,16.684790,1009.800651,1.213745,9.980205,430000.000000,VFR,barnes,envelope,False
2026-04-29T21:40:41Z,36.009342,-75.628475,106.680000,337.233025,254.138889,2.429832,-2.686817,3.622578,132.124728,2.437204,-2.694968,3.633568,-3.280271,-1.537170,-4.520087,,16.687397,1009.798052,1.213731,9.980073,430000.000000,VFR,barnes,envelope,False
2026-04-29T21:40:51Z,36.010953,-75.629315,106.680000,337.233025,254.333333,2.428270,-2.683761,3.619264,132.138824,2.410342,-2.663948,3.592543,-3.277647,-1.534958,-4.513608,,16.689997,1009.795455,1.213717,9.979941,430000.000000,VFR,barnes,envelope,False
2026-04-29T21:41:01Z,36.012564,-75.630154,106.680000,337.233025,254.527778,2.426704,-2.680695,3.615940,132.153030,2.417461,-2.670484,3.602167,-3.275017,-1.532736,-4.507102,,16.692591,1009.792862,1.213703,9.979808,430000.000000,VFR,barnes,envelope,False
2026-04-29T21:41:11Z,36.014176,-75.630993,106.680000,337.233025,254.722222,2.425136,-2.677618,3.612606,132.167346,2.402914,-2.653082,3.579503,-3.272381,-1.530505,-4.500569,,16.695180,1009.790271,1.213689,9.979674,430000.000000,VFR,barnes,envelope,False
2026-04-29T21:41:21Z,36.015787,-75.631832,106.680000,337.233025,254.916667,2.423565,-2.674529,3.609262,132.181775,2.409174,-2.658647,3.587830,-3.269737,-1.528266,-4.494010,,16.697762,1009.787682,1.213675,9.979539,430000.000000,VFR,barnes,envelope,False
2026-04-29T21:41:31Z,36.017398,-75.632671,106.680000,337.233025,255.111111,2.421992,-2.671430,3.605909,132.196315,2.411500,-2.659857,3.590288,-3.267087,-1.526017,-4.487424,,16.700338,1009.785097,1.213662,9.979403,430000.000000,VFR,barnes,envelope,False
2026-04-29T21:41:41Z,36.019010,-75.633511,106.680000,337.233025,255.305556,2.420415,-2.668320,3.602546,132.210969,2.411637,-2.658642,3.589480,-3.264429,-1.523759,-4.480811,,16.702908,1009.782514,1.213648,9.979267,430000.000000,VFR,barnes,envelope,False
2026-04-29T21:41:51Z,36.020621,-75.634350,106.680000,337.233025,255.500000,2.418837,-2.665198,3.599174,132.225736,2.441904,-2.690615,3.633498,-3.261766,-1.521492,-4.474171,,16.705471,1009.779934,1.213634,9.979129,430000.000000,VFR,barnes,envelope,False
2026-04-29T21:42:01Z,36.022232,-75.635189,106.680000,337.233025,255.694444,2.417255,-2.662066,3.595792,132.240618,2.429849,-2.675936,3.614526,-3.259095,-1.519215,-4.467505,,16.708029,1009.777357,1.213620,9.978991,430000.000000,VFR,barnes,envelope,False
2026-04-29T21:42:11Z,36.023844,-75.636028,106.680000,337.233025,255.888889,2.415671,-2.658923,3.592400,132.255616,2.421975,-2.665861,3.601774,-3.256419,-1.516930,-4.460812,,16.710581,1009.774783,1.213606,9.978853,430000.000000,VFR,barnes,envelope,False
2026-04-29T21:42:21Z,36.025455,-75.636868,106.680000,337.233025,256.083333,2.414085,-2.655769,3.588999,132.270729,2.426988,-2.669963,3.608181,-3.253735,-1.514636,-4.454092,,16.713126,1009.772211,1.213593,9.978713,430000.000000,VFR,barnes,envelope,False
2026-04-29T21:42:31Z,36.027066,-75.637707,106.680000,337.233025,256.277778,2.412496,-2.652604,3.585588,132.285959,2.437779,-2.680404,3.623166,-3.251045,-1.512332,-4.447345,,16.715665,1009.769643,1.213579,9.978573,430000.000000,VFR,barnes,envelope,False
2026-04-29T21:42:41Z,36.028677,-75.638546,106.680000,337.233025,256.472222,2.410904,-2.649428,3.582168,132.301307,2.430173,-2.670603,3.610798,-3.248349,-1.510020,-4.440572,,16.718198,1009.767077,1.213565,9.978431,430000.000000,VFR,barnes,envelope,False
2026-04-29T21:42:51Z,36.030289,-75.639385,106.680000,337.233025,256.666667,2.409311,-2.646241,3.578738,132.316773,2.409804,-2.646783,3.579472,-3.245646,-1.507698,-4.433771,,16.720725,1009.764514,1.213551,9.978289,430000.000000,VFR,barnes,envelope,False
2026-04-29T21:43:01Z,36.031900,-75.640225,106.680000,337.233025,256.861111,2.407732,-2.642983,3.575267,132.333222,2.407474,-2.642699,3.574883,-3.242930,-1.505304,-4.426761,,16.723169,1009.761970,1.213538,9.978147,430000.000000,VFR,barnes,envelope,False
2026-04-29T21:43:11Z,36.033511,-75.641064,106.680000,337.233025,257.055556,2.406315,-2.639174,3.571497,132.357565,2.390512,-2.621841,3.548042,-3.240149,-1.502341,-4.418080,,16.724927,1009.759575,1.213528,9.978003,430000.000000,VFR,barnes,envelope,False
2026-04-29T21:43:21Z,36.035123,-75.641903,106.680000,337.233025,257.250000,2.404895,-2.635356,3.567719,132.382028,2.392572,-2.621852,3.549438,-3.237362,-1.499369,-4.409376,,16.726680,1009.757183,1.213518,9.977858,430000.000000,VFR,barnes,envelope,False
2026-04-29T21:43:31Z,36.036734,-75.642742,106.680000,337.233025,257.444444,2.403472,-2.631528,3.563933,132.406612,2.400478,-2.628250,3.559494,-3.234568,-1.496390,-4.400650,,16.728429,1009.754793,1.213508,9.977713,430000.000000,VFR,barnes,envelope,False
2026-04-29T21:43:41Z,36.038345,-75.643581,106.680000,337.233025,257.638889,2.402046,-2.627690,3.560138,132.431319,2.394352,-2.619273,3.548734,-3.231769,-1.493404,-4.391901,,16.730173,1009.752406,1.213497,9.977567,430000.000000,VFR,barnes,envelope,False
2026-04-29T21:43:51Z,36.039957,-75.644421,106.680000,337.233025,257.833333,2.400618,-2.623844,3.556336,132.456148,2.392693,-2.615182,3.544595,-3.228963,-1.490409,-4.383130,,16.731913,1009.750021,1.213487,9.977420,430000.000000,VFR,barnes,envelope,False
2026-04-29T21:44:01Z,36.041568,-75.645260,106.680000,337.233025,258.027778,2.399187,-2.619988,3.552525,132.481100,2.383275,-2.602611,3.528964,-3.226152,-1.487408,-4.374336,,16.733648,1009.747638,1.213477,9.977272,430000.000000,VFR,barnes,envelope,False
2026-04-29T21:44:11Z,36.043179,-75.646099,106.680000,337.233025,258.222222,2.397754,-2.616123,3.548707,132.506178,2.398201,-2.616610,3.549368,-3.223334,-1.484398,-4.365520,,16.735379,1009.745258,1.213467,9.977123,430000.000000,VFR,barnes,envelope,False
2026-04-29T21:44:21Z,36.044791,-75.646938,106.680000,337.233025,258.416667,2.396318,-2.612248,3.544881,132.531380,2.400577,-2.616891,3.551181,-3.220511,-1.481381,-4.356682,,16.737106,1009.742881,1.213457,9.976974,430000.000000,VFR,barnes,envelope,False
2026-04-29T21:44:31Z,36.046402,-75.647778,106.680000,337.233025,258.611111,2.394879,-2.608364,3.541047,132.556709,2.400950,-2.614977,3.550023,-3.217681,-1.478357,-4.347821,,16.738828,1009.740506,1.213447,9.976823,430000.000000,VFR,barnes,envelope,False
2026-04-29T21:44:41Z,36.048013,-75.648617,106.680000,337.233025,258.805556,2.393438,-2.604471,3.537205,132.582165,2.403992,-2.615955,3.552801,-3.214846,-1.475325,-4.338938,,16.740546,1009.738133,1.213437,9.976672,430000.000000,VFR,barnes,envelope,False
2026-04-29T21:44:51Z,36.049625,-75.649456,106.680000,337.233025,259.000000,2.391995,-2.600569,3.533355,132.607749,2.407416,-2.617334,3.556134,-3.212005,-1.472285,-4.330032,,16.742259,1009.735763,1.213427,9.976520,430000.000000,VFR,barnes,envelope,False
2026-04-29T21:45:01Z,36.051236,-75.650295,106.680000,337.233025,259.194444,2.391180,-2.597645,3.530652,132.630134,2.409169,-2.617188,3.557214,-3.210122,-1.469905,-4.323057,,17.867898,1009.733221,1.208730,9.976369,430000.000000,VFR,barnes,envelope,False
2026-04-29T21:45:11Z,36.052847,-75.651135,106.680000,337.233025,259.388889,2.396044,-2.603601,3.538328,132.622771,2.408929,-2.617602,3.557356,-3.216912,-1.473514,-4.333631,,17.869840,1009.729110,1.208717,9.976233,430000.000000,VFR,barnes,envelope,False
2026-04-29T21:45:21Z,36.054459,-75.651974,106.680000,337.233025,259.583333,2.400912,-2.609539,3.545994,132.615669,2.398580,-2.607005,3.542550,-3.223699,-1.477106,-4.344156,,17.871775,1009.725001,1.208704,9.976096,430000.000000,VFR,barnes,envelope,False
2026-04-29T21:45:31Z,36.056070,-75.652813,106.680000,337.233025,259.777778,2.405784,-2.615462,3.553651,132.608827,2.395834,-2.604645,3.538954,-3.230483,-1.480681,-4.354630,,17.873703,1009.720896,1.208691,9.975958,430000.000000,VFR,barnes,envelope,False
2026-04-29T21:45:41Z,36.057681,-75.653652,106.680000,337.233025,259.972222,2.410660,-2.621367,3.561298,132.602241,2.414391,-2.625424,3.566811,-3.237264,-1.484240,-4.365055,,17.875623,1009.716793,1.208679,9.975820,430000.000000,VFR,barnes,envelope,False
2026-04-29T21:45:51Z,36.059292,-75.654491,106.680000,337.233025,260.166667,2.415540,-2.627256,3.568936,132.595913,2.412930,-2.624418,3.565081,-3.244043,-1.487781,-4.375430,,17.877537,1009.712692,1.208666,9.975680,430000.000000,VFR,barnes,envelope,False
2026-04-29T21:46:01Z,36.060904,-75.655331,106.680000,337.233025,260.361111,2.420423,-2.633128,3.576564,132.589839,2.414438,-2.626616,3.567720,-3.250818,-1.491306,-4.385755,,17.879444,1009.708595,1.208653,9.975541,430000.000000,VFR,barnes,envelope,False
2026-04-29T21:46:11Z,36.062515,-75.656170,106.680000,337.233025,260.555556,2.425311,-2.638983,3.584183,132.584020,2.397540,-2.608765,3.543142,-3.257591,-1.494813,-4.396030,,17.881343,1009.704500,1.208640,9.975400,430000.000000,VFR,barnes,envelope,False
2026-04-29T21:46:21Z,36.064126,-75.657009,106.680000,337.233025,260.750000,2.430203,-2.644821,3.591791,132.578453,2.401190,-2.613247,3.548911,-3.264361,-1.498304,-4.406255,,17.883236,1009.700408,1.208627,9.975259,430000.000000,VFR,barnes,envelope,False
2026-04-29T21:46:31Z,36.065738,-75.657848,106.680000,337.233025,260.944444,2.435098,-2.650643,3.599390,132.573138,2.396999,-2.609171,3.543075,-3.271128,-1.501777,-4.416429,,17.885121,1009.696318,1.208615,9.975117,430000.000000,VFR,barnes,envelope,False
2026-04-29T21:46:41Z,36.067349,-75.658688,106.680000,337.233025,261.138889,2.439998,-2.656447,3.606980,132.568073,2.362056,-2.571592,3.491761,-3.277892,-1.505233,-4.426552,,17.886999,1009.692232,1.208602,9.974974,430000.000000,VFR,barnes,envelope,False
2026-04-29T21:46:51Z,36.068960,-75.659527,106.680000,337.233025,261.333333,2.444901,-2.662235,3.614559,132.563257,2.370156,-2.580845,3.504055,-3.284653,-1.508672,-4.436625,,17.888871,1009.688148,1.208589,9.974831,430000.000000,VFR,barnes,envelope,False
2026-04-29T21:47:01Z,36.070572,-75.660366,106.680000,337.233025,261.527778,2.449808,-2.668005,3.622128,132.558689,2.405369,-2.619608,3.556423,-3.291411,-1.512094,-4.446648,,17.890735,1009.684066,1.208577,9.974687,430000.000000,VFR,barnes,envelope,False
2026-04-29T21:47:11Z,36.072183,-75.661205,106.680000,337.233025,261.722222,2.454720,-2.673758,3.629688,132.554368,2.382038,-2.594592,3.522217,-3.298166,-1.515499,-4.456619,,17.892591,1009.679988,1.208564,9.974542,430000.000000,VFR,barnes,envelope,False
2026-04-29T21:47:21Z,36.073794,-75.662045,106.680000,337.233025,261.916667,2.459635,-2.679495,3.637237,132.550292,2.371243,-2.583201,3.506525,-3.304917,-1.518886,-4.466540,,17.894441,1009.675913,1.208551,9.974396,430000.000000,VFR,barnes,envelope,False
2026-04-29T21:47:31Z,36.075406,-75.662884,106.680000,337.233025,262.111111,2.464553,-2.685213,3.644776,132.546460,2.415381,-2.631638,3.572056,-3.311666,-1.522256,-4.476409,,17.896284,1009.671840,1.208539,9.974250,430000.000000,VFR,barnes,envelope,False
2026-04-29T21:47:41Z,36.077017,-75.663723,106.680000,337.233025,262.305556,2.469476,-2.690915,3.652306,132.542872,2.395448,-2.610249,3.542820,-3.318412,-1.525608,-4.486227,,17.898119,1009.667770,1.208526,9.974102,430000.000000,VFR,barnes,envelope,False
2026-04-29T21:47:51Z,36.078628,-75.664562,106.680000,337.233025,262.500000,2.474403,-2.696600,3.659825,132.539526,2.387671,-2.602080,3.531542,-3.325154,-1.528943,-4.495994,,17.899947,1009.663703,1.208514,9.973955,430000.000000,VFR,barnes,envelope,False
2026-04-29T21:48:01Z,36.080240,-75.665401,106.680000,337.233025,262.694444,2.479333,-2.702267,3.667334,132.536421,2.400090,-2.615898,3.550120,-3.331894,-1.532261,-4.505709,,17.901768,1009.659639,1.208502,9.973806,430000.000000,VFR,barnes,envelope,False
2026-04-29T21:48:11Z,36.081851,-75.666241,106.680000,337.233025,262.888889,2.484267,-2.707916,3.674833,132.533556,2.411790,-2.628914,3.567621,-3.338630,-1.535561,-4.515373,,17.903582,1009.655577,1.208489,9.973656,430000.000000,VFR,barnes,envelope,False
2026-04-29T21:48:21Z,36.083462,-75.667080,106.680000,337.233025,263.083333,2.489205,-2.713549,3.682321,132.530929,2.420795,-2.638973,3.581121,-3.345363,-1.538843,-4.524986,,17.905388,1009.651519,1.208477,9.973506,430000.000000,VFR,barnes,envelope,False
2026-04-29T21:48:31Z,36.085073,-75.667919,106.680000,337.233025,263.277778,2.494147,-2.719163,3.689799,132.528540,2.450511,-2.671590,3.625245,-3.352092,-1.542108,-4.534546,,17.907188,1009.647463,1.208464,9.973355,430000.000000,VFR,barnes,envelope,False
2026-04-29T21:48:41Z,36.086685,-75.668758,106.680000,337.233025,263.472222,2.499093,-2.724761,3.697267,132.526388,2.480749,-2.704761,3.670129,-3.358818,-1.545355,-4.544055,,17.908979,1009.643411,1.208452,9.973204,430000.000000,VFR,barnes,envelope,False
2026-04-29T21:48:51Z,36.088296,-75.669598,106.680000,337.233025,263.666667,2.504042,-2.730340,3.704725,132.524471,2.469909,-2.693122,3.654224,-3.365541,-1.548585,-4.553511,,17.910764,1009.639361,1.208440,9.973051,430000.000000,VFR,barnes,envelope,False
2026-04-29T21:49:01Z,36.089907,-75.670437,106.680000,337.233025,263.861111,2.508995,-2.735902,3.712172,132.522789,2.455621,-2.677701,3.633202,-3.372261,-1.551797,-4.562916,,17.912541,1009.635314,1.208428,9.972898,430000.000000,VFR,barnes,envelope,False
2026-04-29T21:49:11Z,36.091519,-75.671276,106.680000,337.233025,264.055556,2.513952,-2.741447,3.719608,132.521340,2.491154,-2.716586,3.685877,-3.378977,-1.554991,-4.572268,,17.914311,1009.631271,1.208415,9.972744,430000.000000,VFR,barnes,envelope,False
2026-04-29T21:49:21Z,36.093130,-75.672115,106.680000,337.233025,264.250000,2.518913,-2.746973,3.727034,132.520123,2.473801,-2.697778,3.660287,-3.385690,-1.558167,-4.581568,,17.916074,1009.627230,1.208403,9.972589,430000.000000,VFR,barnes,envelope,False
2026-04-29T21:49:31Z,36.094741,-75.672955,106.680000,337.233025,264.444444,2.523877,-2.752482,3.734449,132.519138,2.444790,-2.666232,3.617429,-3.392400,-1.561326,-4.590816,,17.917829,1009.623192,1.208391,9.972433,430000.000000,VFR,barnes,envelope,False
2026-04-29T21:49:41Z,36.096353,-75.673794,106.680000,337.233025,264.638889,2.528845,-2.757973,3.741854,132.518382,2.461064,-2.684051,3.641560,-3.399105,-1.564466,-4.600010,,17.919577,1009.619157,1.208379,9.972277,430000.000000,VFR,barnes,envelope,False
2026-04-29T21:49:51Z,36.097964,-75.674633,106.680000,337.233025,264.833333,2.533817,-2.763446,3.749248,132.517857,2.498039,-2.724426,3.696309,-3.405808,-1.567589,-4.609153,,17.921317,1009.615125,1.208367,9.972120,430000.000000,VFR,barnes,envelope,False
2026-04-29T21:50:01Z,36.099575,-75.675472,106.680000,337.233025,265.027778,2.538637,-2.768525,3.756249,132.519691,2.540075,-2.770093,3.758377,-3.412217,-1.570407,-4.617402,,18.380020,1009.611193,1.206461,9.971950,430000.000000,VFR,barnes,envelope,False
2026-04-29T21:50:11Z,36.101187,-75.676311,106.680000,337.233025,265.222222,2.542053,-2.770211,3.759801,132.540690,2.554789,-2.784091,3.778639,-3.416020,-1.570640,-4.618084,,18.381188,1009.608131,1.206453,9.971672,430000.000000,VFR,barnes,envelope,False
2026-04-29T21:50:21Z,36.102798,-75.677151,106.680000,337.233025,265.416667,2.545462,-2.771908,3.763356,132.561470,2.572116,-2.800934,3.802764,-3.419820,-1.570885,-4.618802,,18.382346,1009.605067,1.206444,9.971392,430000.000000,VFR,barnes,envelope,False
2026-04-29T21:50:31Z,36.104409,-75.677990,106.680000,337.233025,265.611111,2.548865,-2.773615,3.766916,132.582033,2.552002,-2.777028,3.771551,-3.423619,-1.571142,-4.619554,,18.383495,1009.602003,1.206436,9.971110,430000.000000,VFR,barnes,envelope,False
2026-04-29T21:50:41Z,36.106021,-75.678829,106.680000,337.233025,265.805556,2.552261,-2.775332,3.770478,132.602377,2.563521,-2.787576,3.787113,-3.427415,-1.571411,-4.620342,,18.384635,1009.598938,1.206427,9.970826,430000.000000,VFR,barnes,envelope,False
2026-04-29T21:50:51Z,36.107632,-75.679668,106.680000,337.233025,266.000000,2.555651,-2.777060,3.774045,132.622504,2.543353,-2.763696,3.755883,-3.431209,-1.571693,-4.621166,,18.385766,1009.595872,1.206419,9.970540,430000.000000,VFR,barnes,envelope,False
2026-04-29T21:51:01Z,36.109243,-75.680508,106.680000,337.233025,266.194444,2.559028,-2.778795,3.777609,132.642360,2.492362,-2.706405,3.679198,-3.434994,-1.571986,-4.622026,,18.386888,1009.592806,1.206411,9.970255,430000.000000,VFR,barnes,envelope,False
2026-04-29T21:51:11Z,36.110855,-75.681347,106.680000,337.233025,266.388889,2.562334,-2.780519,3.781116,132.661528,2.508440,-2.722035,3.701587,-3.438710,-1.572296,-4.622931,,18.388001,1009.589739,1.206402,9.969991,430000.000000,VFR,barnes,envelope,False
2026-04-29T21:51:21Z,36.112466,-75.682186,106.680000,337.233025,266.583333,2.565634,-2.782252,3.784627,132.680474,2.482677,-2.692292,3.662256,-3.442423,-1.572617,-4.623873,,18.389105,1009.586671,1.206394,9.969725,430000.000000,VFR,barnes,envelope,False
2026-04-29T21:51:31Z,36.114077,-75.683025,106.680000,337.233025,266.777778,2.568925,-2.783996,3.788141,132.699200,2.468803,-2.675491,3.640500,-3.446133,-1.572951,-4.624850,,18.390199,1009.583602,1.206386,9.969458,430000.000000,VFR,barnes,envelope,False
2026-04-29T21:51:41Z,36.115688,-75.683865,106.680000,337.233025,266.972222,2.572210,-2.785750,3.791657,132.717703,2.515432,-2.724258,3.707961,-3.449841,-1.573297,-4.625864,,18.391284,1009.580533,1.206378,9.969189,430000.000000,VFR,barnes,envelope,False
2026-04-29T21:51:51Z,36.117300,-75.684704,106.680000,337.233025,267.166667,2.575487,-2.787514,3.795177,132.735986,2.462725,-2.665469,3.629014,-3.453545,-1.573656,-4.626913,,18.392360,1009.577463,1.206370,9.968917,430000.000000,VFR,barnes,envelope,False
2026-04-29T21:52:01Z,36.118911,-75.685543,106.680000,337.233025,267.361111,2.578757,-2.789298,3.798707,132.753952,2.522911,-2.728892,3.716441,-3.457251,-1.574036,-4.628025,,18.393427,1009.574390,1.206362,9.968645,430000.000000,VFR,barnes,envelope,False
2026-04-29T21:52:11Z,36.120522,-75.686382,106.680000,337.233025,267.555556,2.582029,-2.791186,3.802314,132.770833,2.518810,-2.722847,3.709218,-3.460998,-1.574510,-4.629415,,18.394485,1009.571299,1.206354,9.968370,430000.000000,VFR,barnes,envelope,False
2026-04-29T21:52:21Z,36.122134,-75.687221,106.680000,337.233025,267.750000,2.585292,-2.793085,3.805924,132.787488,2.508310,-2.709915,3.692595,-3.464743,-1.574998,-4.630844,,18.395533,1009.568208,1.206346,9.968093,430000.000000,VFR,barnes,envelope,False
2026-04-29T21:52:31Z,36.123745,-75.688061,106.680000,337.233025,267.944444,2.588549,-2.794995,3.809538,132.803916,2.506311,-2.706198,3.688510,-3.468484,-1.575499,-4.632310,,18.396572,1009.565116,1.206338,9.967815,430000.000000,VFR,barnes,envelope,False
2026-04-29T21:52:41Z,36.125356,-75.688900,106.680000,337.233025,268.138889,2.591797,-2.796916,3.813155,132.820117,2.486023,-2.682771,3.657536,-3.472223,-1.576014,-4.633815,,18.397602,1009.562023,1.206330,9.967535,430000.000000,VFR,barnes,envelope,False
2026-04-29T21:52:51Z,36.126968,-75.689739,106.680000,337.233025,268.333333,2.595038,-2.798848,3.816775,132.836091,2.479829,-2.674590,3.647326,-3.475959,-1.576541,-4.635359,,18.398623,1009.558929,1.206322,9.967252,430000.000000,VFR,barnes,envelope,False
2026-04-29T21:53:01Z,36.128579,-75.690578,106.680000,337.233025,268.527778,2.598211,-2.800798,3.820362,132.851095,2.555137,-2.754366,3.757027,-3.479639,-1.577111,-4.637029,,18.399634,1009.555834,1.206314,9.966968,430000.000000,VFR,barnes,envelope,False
2026-04-29T21:53:11Z,36.130190,-75.691418,106.680000,337.233025,268.722222,2.600825,-2.802820,3.823623,132.859212,2.498555,-2.692606,3.673269,-3.482832,-1.577964,-4.639525,,18.400637,1009.552739,1.206306,9.966682,430000.000000,VFR,barnes,envelope,False
2026-04-29T21:53:21Z,36.131802,-75.692257,106.680000,337.233025,268.916667,2.603434,-2.804853,3.826887,132.867140,2.564837,-2.763270,3.770152,-3.486024,-1.578829,-4.642056,,18.401630,1009.549643,1.206298,9.966394,430000.000000,VFR,barnes,envelope,False
2026-04-29T21:53:31Z,36.133413,-75.693096,106.680000,337.233025,269.111111,2.606037,-2.806896,3.830156,132.874879,2.559671,-2.756957,3.762011,-3.489215,-1.579706,-4.644624,,18.402613,1009.546546,1.206290,9.966104,430000.000000,VFR,barnes,envelope,False
2026-04-29T21:53:41Z,36.135024,-75.693935,106.680000,337.233025,269.305556,2.608634,-2.808951,3.833429,132.882429,2.579894,-2.778005,3.791196,-3.492405,-1.580596,-4.647228,,18.403588,1009.543449,1.206283,9.965813,430000.000000,VFR,barnes,envelope,False
2026-04-29T21:53:51Z,36.136636,-75.694775,106.680000,337.233025,269.500000,2.611225,-2.811017,3.836705,132.889791,2.521633,-2.714570,3.705067,-3.495593,-1.581498,-4.649869,,18.404553,1009.540350,1.206275,9.965519,430000.000000,VFR,barnes,envelope,False
2026-04-29T21:54:01Z,36.138247,-75.695614,106.680000,337.233025,269.694444,2.614711,-2.814144,3.841370,132.896148,2.539108,-2.732774,3.730297,-3.500019,-1.583032,-4.654360,,18.405509,1009.537379,1.206267,9.965223,430000.000000,VFR,barnes,envelope,False
2026-04-29T21:54:11Z,36.139858,-75.696453,106.680000,337.233025,269.888889,2.626330,-2.826735,3.858503,132.895273,2.541394,-2.735318,3.733718,-3.515605,-1.590146,-4.675184,,18.406455,1009.535558,1.206261,9.964926,430000.000000,VFR,barnes,envelope,False
2026-04-29T21:54:21Z,36.141470,-75.697292,106.680000,337.233025,270.083333,2.637979,-2.839328,3.875657,132.894722,2.537877,-2.731585,3.728589,-3.531219,-1.597249,-4.695976,,18.407392,1009.533737,1.206255,9.964626,430000.000000,VFR,barnes,envelope,False
2026-04-29T21:54:31Z,36.143081,-75.698131,106.680000,337.233025,270.277778,2.649658,-2.851921,3.892832,132.894494,2.553694,-2.748631,3.751843,-3.546862,-1.604342,-4.716734,,18.408320,1009.531916,1.206249,9.964324,430000.000000,VFR,barnes,envelope,False
2026-04-29T21:54:41Z,36.144692,-75.698971,106.680000,337.233025,270.472222,2.661368,-2.864516,3.910029,132.894585,2.579215,-2.776092,3.789332,-3.562533,-1.611424,-4.737460,,18.409239,1009.530094,1.206243,9.964021,430000.000000,VFR,barnes,envelope,False
2026-04-29T21:54:51Z,36.146303,-75.699810,106.680000,337.233025,270.666667,2.673107,-2.877110,3.927247,132.894992,2.587916,-2.785418,3.802086,-3.578232,-1.618494,-4.758151,,18.410148,1009.528271,1.206237,9.963715,430000.000000,VFR,barnes,envelope,False
2026-04-29T21:55:01Z,36.147915,-75.700649,106.680000,337.233025,270.861111,2.683955,-2.888147,3.942716,132.901311,2.610826,-2.809454,3.835289,-3.592506,-1.624473,-4.775647,,17.011636,1009.526422,1.212049,9.963387,430000.000000,VFR,barnes,envelope,False
2026-04-29T21:55:11Z,36.149526,-75.701488,106.680000,337.233025,271.055556,2.686508,-2.885160,3.942268,132.958043,2.628520,-2.822884,3.857174,-3.593704,-1.620731,-4.764696,,17.013468,1009.524344,1.212039,9.962871,430000.000000,VFR,barnes,envelope,False
2026-04-29T21:55:21Z,36.151137,-75.702328,106.680000,337.233025,271.250000,2.689048,-2.882180,3.941820,133.014582,2.642886,-2.832703,3.874152,-3.594893,-1.617000,-4.753779,,17.015292,1009.522265,1.212029,9.962351,430000.000000,VFR,barnes,envelope,False
2026-04-29T21:55:31Z,36.152749,-75.703167,106.680000,337.233025,271.444444,2.691576,-2.879208,3.941373,133.070927,2.616121,-2.798493,3.830881,-3.596073,-1.613281,-4.742895,,17.017109,1009.520185,1.212019,9.961827,430000.000000,VFR,barnes,envelope,False
2026-04-29T21:55:41Z,36.154360,-75.704006,106.680000,337.233025,271.638889,2.694091,-2.876243,3.940926,133.127078,2.626334,-2.803904,3.841811,-3.597245,-1.609574,-4.732046,,17.018919,1009.518104,1.212009,9.961299,430000.000000,VFR,barnes,envelope,False
2026-04-29T21:55:51Z,36.155971,-75.704845,106.680000,337.233025,271.833333,2.696594,-2.873285,3.940481,133.183034,2.653850,-2.827741,3.878020,-3.598408,-1.605878,-4.721230,,17.020721,1009.516021,1.211998,9.960767,430000.000000,VFR,barnes,envelope,False
2026-04-29T21:56:01Z,36.157583,-75.705685,106.680000,337.233025,272.027778,2.699155,-2.870856,3.940463,133.234359,2.696995,-2.868559,3.937310,-3.599830,-1.602647,-4.711774,,17.022507,1009.513939,1.211989,9.960231,430000.000000,VFR,barnes,envelope,False
2026-04-29T21:56:11Z,36.159194,-75.706524,106.680000,337.233025,272.222222,2.702343,-2.873118,3.944295,133.245589,2.709332,-2.880549,3.954496,-3.603645,-1.603499,-4.714268,,17.024197,1009.511875,1.211979,9.959691,430000.000000,VFR,barnes,envelope,False
2026-04-29T21:56:21Z,36.160805,-75.707363,106.680000,337.233025,272.416667,2.705517,-2.875378,3.948116,133.256675,2.657326,-2.824161,3.877792,-3.607446,-1.604355,-4.716771,,17.025881,1009.509808,1.211969,9.959147,430000.000000,VFR,barnes,envelope,False
2026-04-29T21:56:31Z,36.162417,-75.708202,106.680000,337.233025,272.611111,2.708677,-2.877635,3.951925,133.267616,2.650182,-2.815492,3.866583,-3.611233,-1.605213,-4.719284,,17.027558,1009.507741,1.211960,9.958598,430000.000000,VFR,barnes,envelope,False
2026-04-29T21:56:41Z,36.164028,-75.709041,106.680000,337.233025,272.805556,2.711823,-2.879890,3.955723,133.278413,2.650095,-2.814336,3.865681,-3.615007,-1.606075,-4.721805,,17.029227,1009.505672,1.211951,9.958046,430000.000000,VFR,barnes,envelope,False
2026-04-29T21:56:51Z,36.165639,-75.709881,106.680000,337.233025,273.000000,2.714955,-2.882142,3.959510,133.289066,2.656889,-2.820500,3.874827,-3.618766,-1.606939,-4.724335,,17.030890,1009.503603,1.211941,9.957489,430000.000000,VFR,barnes,envelope,False
2026-04-29T21:57:01Z,36.167251,-75.710720,106.680000,337.233025,273.194444,2.718073,-2.884391,3.963286,133.299576,2.654473,-2.816900,3.870549,-3.622511,-1.607807,-4.726875,,17.032546,1009.501532,1.211932,9.956928,430000.000000,VFR,barnes,envelope,False
2026-04-29T21:57:11Z,36.168862,-75.711559,106.680000,337.233025,273.388889,2.721176,-2.886638,3.967050,133.309942,2.684594,-2.847832,3.913719,-3.626243,-1.608678,-4.729424,,17.034194,1009.499460,1.211922,9.956363,430000.000000,VFR,barnes,envelope,False
2026-04-29T21:57:21Z,36.170473,-75.712398,106.680000,337.233025,273.583333,2.724266,-2.888883,3.970802,133.320166,2.667957,-2.829171,3.888728,-3.629960,-1.609552,-4.731982,,17.035836,1009.497386,1.211913,9.955794,430000.000000,VFR,barnes,envelope,False
2026-04-29T21:57:31Z,36.172084,-75.713238,106.680000,337.233025,273.777778,2.727341,-2.891125,3.974543,133.330248,2.694060,-2.855845,3.926042,-3.633664,-1.610429,-4.734549,,17.037471,1009.495311,1.211904,9.955221,430000.000000,VFR,barnes,envelope,False
2026-04-29T21:57:41Z,36.173696,-75.714077,106.680000,337.233025,273.972222,2.730403,-2.893364,3.978273,133.340187,2.706916,-2.868475,3.944052,-3.637353,-1.611309,-4.737125,,17.039099,1009.493236,1.211894,9.954643,430000.000000,VFR,barnes,envelope,False
2026-04-29T21:57:51Z,36.175307,-75.714916,106.680000,337.233025,274.166667,2.733450,-2.895601,3.981991,133.349985,2.734838,-2.897072,3.984013,-3.641029,-1.612193,-4.739710,,17.040719,1009.491158,1.211885,9.954061,430000.000000,VFR,barnes,envelope,False
2026-04-29T21:58:01Z,36.176918,-75.715755,106.680000,337.233025,274.361111,2.736483,-2.897835,3.985698,133.359641,2.771637,-2.935063,4.036901,-3.644690,-1.613079,-4.742304,,17.042333,1009.489080,1.211876,9.953475,430000.000000,VFR,barnes,envelope,False
2026-04-29T21:58:11Z,36.178530,-75.716595,106.680000,337.233025,274.555556,2.739501,-2.900067,3.989393,133.369156,2.768765,-2.931046,4.032009,-3.648337,-1.613969,-4.744908,,17.043940,1009.487000,1.211867,9.952884,430000.000000,VFR,barnes,envelope,False
2026-04-29T21:58:21Z,36.180141,-75.717434,106.680000,337.233025,274.750000,2.742506,-2.902296,3.993076,133.378530,2.702529,-2.859990,3.934870,-3.651970,-1.614861,-4.747520,,17.045539,1009.484919,1.211857,9.952289,430000.000000,VFR,barnes,envelope,False
2026-04-29T21:58:31Z,36.181752,-75.718273,106.680000,337.233025,274.944444,2.745496,-2.904523,3.996748,133.387764,2.715878,-2.873189,3.953633,-3.655588,-1.615757,-4.750142,,17.047132,1009.482837,1.211848,9.951689,430000.000000,VFR,barnes,envelope,False
2026-04-29T21:58:41Z,36.183364,-75.719112,106.680000,337.233025,275.138889,2.748471,-2.906746,4.000409,133.396857,2.699451,-2.854903,3.929060,-3.659193,-1.616656,-4.752773,,17.048718,1009.480754,1.211839,9.951086,430000.000000,VFR,barnes,envelope,False
2026-04-29T21:58:51Z,36.184975,-75.719951,106.680000,337.233025,275.333333,2.751433,-2.908968,4.004057,133.405810,2.736162,-2.892823,3.981834,-3.662783,-1.617558,-4.755413,,17.050296,1009.478669,1.211830,9.950477,430000.000000,VFR,barnes,envelope,False
2026-04-29T21:59:01Z,36.186586,-75.720791,106.680000,337.233025,275.527778,2.754380,-2.911186,4.007694,133.414624,2.737123,-2.892946,3.982584,-3.666359,-1.618464,-4.758062,,17.051868,1009.476583,1.211821,9.949864,430000.000000,VFR,barnes,envelope,False
2026-04-29T21:59:11Z,36.188198,-75.721630,106.680000,337.233025,275.722222,2.757312,-2.913402,4.011319,133.423298,2.794680,-2.952885,4.065682,-3.669921,-1.619372,-4.760720,,17.053433,1009.474496,1.211812,9.949247,430000.000000,VFR,barnes,envelope,False
2026-04-29T21:59:21Z,36.189809,-75.722469,106.680000,337.233025,275.916667,2.760230,-2.915615,4.014933,133.431833,2.789651,-2.946692,4.057727,-3.673468,-1.620284,-4.763388,,17.054990,1009.472408,1.211803,9.948625,430000.000000,VFR,barnes,envelope,False
2026-04-29T21:59:31Z,36.191420,-75.723308,106.680000,337.233025,276.111111,2.763134,-2.917826,4.018534,133.440230,2.818096,-2.975864,4.098467,-3.677001,-1.621198,-4.766065,,17.056541,1009.470318,1.211794,9.947999,430000.000000,VFR,barnes,envelope,False
2026-04-29T21:59:41Z,36.193032,-75.724148,106.680000,337.233025,276.305556,2.766023,-2.920034,4.022124,133.448488,2.767504,-2.921597,4.024277,-3.680519,-1.622116,-4.768750,,17.058084,1009.468227,1.211785,9.947368,430000.000000,VFR,barnes,envelope,False
2026-04-29T21:59:51Z,36.194643,-75.724987,106.680000,337.233025,276.500000,2.768898,-2.922239,4.025702,133.456607,2.817541,-2.973575,4.096424,-3.684024,-1.623037,-4.771445,,17.059620,1009.466134,1.211776,9.946733,430000.000000,VFR,barnes,envelope,False
2026-04-29T22:00:01Z,36.196254,-75.725826,106.680000,337.233025,276.694444,2.771753,-2.923782,4.028786,133.470991,2.836515,-2.992095,4.122918,-3.687253,-1.623355,-4.772374,,16.891014,1009.464078,1.212478,9.946108,430000.000000,VFR,barnes,envelope,False
2026-04-29T22:00:11Z,36.197866,-75.726665,106.680000,337.233025,276.888889,2.774553,-2.919389,4.027527,133.542892,2.837655,-2.985785,4.119126,-3.688135,-1.618221,-4.757351,,16.891744,1009.462362,1.212473,9.945623,430000.000000,VFR,barnes,envelope,False
2026-04-29T22:00:21Z,36.199477,-75.727505,106.680000,337.233025,277.083333,2.777355,-2.915010,4.026286,133.614723,2.816743,-2.956350,4.083386,-3.689024,-1.613098,-4.742361,,16.892470,1009.460647,1.212468,9.945134,430000.000000,VFR,barnes,envelope,False
2026-04-29T22:00:31Z,36.201088,-75.728344,106.680000,337.233025,277.277778,2.780159,-2.910644,4.025063,133.686483,2.823476,-2.955995,4.087778,-3.689919,-1.607988,-4.727405,,16.893193,1009.458933,1.212463,9.944642,430000.000000,VFR,barnes,envelope,False
2026-04-29T22:00:41Z,36.202699,-75.729183,106.680000,337.233025,277.472222,2.782964,-2.906292,4.023857,133.758171,2.843558,-2.969571,4.111468,-3.690822,-1.602889,-4.712483,,16.893912,1009.457219,1.212458,9.944148,430000.000000,VFR,barnes,envelope,False
2026-04-29T22:00:51Z,36.204311,-75.730022,106.680000,337.233025,277.666667,2.785771,-2.901954,4.022668,133.829786,2.796424,-2.913051,4.038050,-3.691732,-1.597803,-4.697595,,16.894628,1009.455507,1.212453,9.943649,430000.000000,VFR,barnes,envelope,False
2026-04-29T22:01:01Z,36.205922,-75.730861,106.680000,337.233025,277.861111,2.788580,-2.897629,4.021496,133.901326,2.790796,-2.899932,4.024692,-3.692648,-1.592728,-4.682742,,16.895340,1009.453796,1.212448,9.943148,430000.000000,VFR,barnes,envelope,False
2026-04-29T22:01:11Z,36.207533,-75.731701,106.680000,337.233025,278.055556,2.791391,-2.893318,4.020342,133.972792,2.785468,-2.887179,4.011812,-3.693572,-1.587665,-4.667922,,16.896048,1009.452086,1.212443,9.942644,430000.000000,VFR,barnes,envelope,False
2026-04-29T22:01:21Z,36.209145,-75.732540,106.680000,337.233025,278.250000,2.794203,-2.889021,4.019205,134.044182,2.826897,-2.922824,4.066232,-3.694502,-1.582614,-4.653137,,16.896752,1009.450377,1.212438,9.942136,430000.000000,VFR,barnes,envelope,False
2026-04-29T22:01:31Z,36.210756,-75.733379,106.680000,337.233025,278.444444,2.797018,-2.884737,4.018086,134.115495,2.827816,-2.916501,4.062329,-3.695439,-1.577575,-4.638386,,16.897453,1009.448669,1.212433,9.941625,430000.000000,VFR,barnes,envelope,False
2026-04-29T22:01:41Z,36.212367,-75.734218,106.680000,337.233025,278.638889,2.799834,-2.880467,4.016984,134.186730,2.808534,-2.889418,4.029466,-3.696384,-1.572548,-4.623670,,16.898151,1009.446962,1.212428,9.941110,430000.000000,VFR,barnes,envelope,False
2026-04-29T22:01:51Z,36.213979,-75.735058,106.680000,337.233025,278.833333,2.802652,-2.876211,4.015899,134.257886,2.781393,-2.854394,3.985437,-3.697335,-1.567533,-4.608988,,16.898844,1009.445255,1.212423,9.940593,430000.000000,VFR,barnes,envelope,False
2026-04-29T22:02:01Z,36.215590,-75.735897,106.680000,337.233025,279.027778,2.805472,-2.871968,4.014832,134.328963,2.798132,-2.864454,4.004327,-3.698294,-1.562530,-4.594340,,16.899534,1009.443550,1.212418,9.940072,430000.000000,VFR,barnes,envelope,False
2026-04-29T22:02:11Z,36.217201,-75.736736,106.680000,337.233025,279.222222,2.808294,-2.867740,4.013782,134.399959,2.837240,-2.897299,4.055154,-3.699260,-1.557538,-4.579727,,16.900221,1009.441846,1.212413,9.939547,430000.000000,VFR,barnes,envelope,False
2026-04-29T22:02:21Z,36.218813,-75.737575,106.680000,337.233025,279.416667,2.811118,-2.863525,4.012750,134.470873,2.875629,-2.929239,4.104836,-3.700232,-1.552559,-4.565148,,16.900903,1009.440143,1.212408,9.939020,430000.000000,VFR,barnes,envelope,False
2026-04-29T22:02:31Z,36.220424,-75.738415,106.680000,337.233025,279.611111,2.813944,-2.859324,4.011735,134.541704,2.884670,-2.931190,4.112566,-3.701212,-1.547592,-4.550604,,16.901582,1009.438441,1.212403,9.938489,700000.000000,VFR,barnes,envelope,False
2026-04-29T22:02:41Z,36.222035,-75.739254,106.680000,337.233025,279.805556,2.816772,-2.855137,4.010737,134.612452,2.885061,-2.924356,4.107972,-3.702200,-1.542637,-4.536095,,16.902257,1009.436740,1.212398,9.937954,700000.000000,VFR,barnes,envelope,False
2026-04-29T22:02:51Z,36.223647,-75.740093,106.680000,337.233025,280.000000,2.819601,-2.850964,4.009756,134.683116,2.874977,-2.906956,4.088506,-3.703194,-1.537694,-4.521620,,16.902929,1009.435040,1.212393,9.937417,700000.000000,VFR,barnes,envelope,False
2026-04-29T22:03:01Z,36.225258,-75.740932,106.680000,337.233025,280.194444,2.822433,-2.846805,4.008793,134.753694,2.868326,-2.893094,4.073977,-3.704195,-1.532763,-4.507180,,16.903597,1009.433341,1.212389,9.936875,700000.000000,VFR,barnes,envelope,False
2026-04-29T22:03:11Z,36.226869,-75.741771,106.680000,337.233025,280.388889,2.825267,-2.842659,4.007848,134.824185,2.888462,-2.906243,4.097495,-3.705204,-1.527844,-4.492775,,16.904261,1009.431644,1.212384,9.936331,700000.000000,VFR,barnes,envelope,False
2026-04-29T22:03:21Z,36.228481,-75.742611,106.680000,337.233025,280.583333,2.828103,-2.838528,4.006920,134.894590,2.858130,-2.868666,4.049464,-3.706220,-1.522937,-4.478404,,16.904921,1009.429947,1.212379,9.935783,700000.000000,VFR,barnes,envelope,False
2026-04-29T22:03:31Z,36.230092,-75.743450,106.680000,337.233025,280.777778,2.830940,-2.834410,4.006009,134.964906,2.848479,-2.851971,4.030827,-3.707243,-1.518042,-4.464069,,16.905578,1009.428251,1.212374,9.935231,700000.000000,VFR,barnes,envelope,False
2026-04-29T22:03:41Z,36.231703,-75.744289,106.680000,337.233025,280.972222,2.833780,-2.830307,4.005115,135.035132,2.870214,-2.866696,4.056609,-3.708274,-1.513159,-4.449768,,16.906231,1009.426556,1.212369,9.934676,700000.000000,VFR,barnes,envelope,False
2026-04-29T22:03:51Z,36.233314,-75.745128,106.680000,337.233025,281.166667,2.836622,-2.826218,4.004239,135.105269,2.855567,-2.845093,4.030982,-3.709312,-1.508289,-4.435503,,16.906880,1009.424862,1.212365,9.934118,700000.000000,VFR,barnes,envelope,False
2026-04-29T22:04:01Z,36.234926,-75.745968,106.680000,337.233025,281.361111,2.839466,-2.822142,4.003380,135.175315,2.816365,-2.799183,3.970811,-3.710357,-1.503431,-4.421272,,16.907526,1009.423169,1.212360,9.933556,700000.000000,VFR,barnes,envelope,False
2026-04-29T22:04:11Z,36.236537,-75.746807,106.680000,337.233025,281.555556,2.842312,-2.818081,4.002539,135.245268,2.819911,-2.795871,3.970994,-3.711410,-1.498584,-4.407077,,16.908168,1009.421478,1.212355,9.932990,700000.000000,VFR,barnes,envelope,False
2026-04-29T22:04:21Z,36.238148,-75.747646,106.680000,337.233025,281.750000,2.845160,-2.814034,4.001715,135.315128,2.855475,-2.824236,4.016222,-3.712470,-1.493750,-4.392917,,16.908806,1009.419787,1.212351,9.932421,700000.000000,VFR,barnes,envelope,False
2026-04-29T22:04:31Z,36.239760,-75.748485,106.680000,337.233025,281.944444,2.848010,-2.810001,4.000908,135.384895,2.837967,-2.800092,3.986799,-3.713537,-1.488929,-4.378792,,16.909440,1009.418097,1.212346,9.931848,700000.000000,VFR,barnes,envelope,False
2026-04-29T22:04:41Z,36.241371,-75.749324,106.680000,337.233025,282.138889,2.850862,-2.805982,4.000119,135.454567,2.842646,-2.797895,3.988590,-3.714612,-1.484119,-4.364702,,16.910071,1009.416409,1.212341,9.931272,700000.000000,VFR,barnes,envelope,False
2026-04-29T22:04:51Z,36.242982,-75.750164,106.680000,337.233025,282.333333,2.853717,-2.801977,3.999347,135.524143,2.801141,-2.750354,3.925664,-3.715694,-1.479322,-4.350647,,16.910698,1009.414721,1.212337,9.930692,700000.000000,VFR,barnes,envelope,False
2026-04-29T22:05:01Z,36.244594,-75.751003,106.680000,337.233025,282.527778,2.856107,-2.797978,3.998253,135.589028,2.827154,-2.769615,3.957722,-3.716350,-1.474709,-4.337134,,16.911321,1009.413004,1.212332,9.930131,700000.000000,VFR,barnes,envelope,False
2026-04-29T22:05:11Z,36.246205,-75.751842,106.680000,337.233025,282.722222,2.854301,-2.793914,3.994119,135.612546,2.804603,-2.745268,3.924576,-3.713112,-1.471660,-4.328202,,16.911941,1009.411015,1.212327,9.929775,700000.000000,VFR,barnes,envelope,False
2026-04-29T22:05:21Z,36.247816,-75.752681,106.680000,337.233025,282.916667,2.852500,-2.789856,3.989994,135.636093,2.811134,-2.749399,3.932133,-3.709881,-1.468616,-4.319282,,16.912556,1009.409026,1.212322,9.929416,700000.000000,VFR,barnes,envelope,False
2026-04-29T22:05:31Z,36.249428,-75.753521,106.680000,337.233025,283.111111,2.850703,-2.785805,3.985878,135.659667,2.791630,-2.728077,3.903281,-3.706657,-1.465576,-4.310375,,16.913168,1009.407037,1.212317,9.929057,700000.000000,VFR,barnes,envelope,False
2026-04-29T22:05:41Z,36.251039,-75.754360,106.680000,337.233025,283.305556,2.848912,-2.781761,3.981771,135.683271,2.784404,-2.718773,3.891610,-3.703441,-1.462540,-4.301481,,16.913776,1009.405047,1.212312,9.928695,700000.000000,VFR,barnes,envelope,False
2026-04-29T22:05:51Z,36.252650,-75.755199,106.680000,337.233025,283.500000,2.847126,-2.777724,3.977673,135.706903,2.799404,-2.731165,3.911001,-3.700232,-1.459509,-4.292599,,16.914380,1009.403056,1.212307,9.928332,700000.000000,VFR,barnes,envelope,False
2026-04-29T22:06:01Z,36.254262,-75.756038,106.680000,337.233025,283.694444,2.845345,-2.773694,3.973584,135.730564,2.787330,-2.717140,3.892565,-3.697030,-1.456482,-4.283729,,16.914981,1009.401065,1.212302,9.927968,700000.000000,VFR,barnes,envelope,False
2026-04-29T22:06:11Z,36.255873,-75.756878,106.680000,337.233025,283.888889,2.843569,-2.769671,3.969504,135.754254,2.819697,-2.746419,3.936180,-3.693835,-1.453460,-4.274872,,16.915578,1009.399074,1.212297,9.927602,700000.000000,VFR,barnes,envelope,False
2026-04-29T22:06:21Z,36.257484,-75.757717,106.680000,337.233025,284.083333,2.841798,-2.765654,3.965433,135.777972,2.843079,-2.766901,3.967221,-3.690648,-1.450441,-4.266028,,16.916170,1009.397083,1.212292,9.927235,700000.000000,VFR,barnes,envelope,False
2026-04-29T22:06:31Z,36.259095,-75.758556,106.680000,337.233025,284.277778,2.840032,-2.761645,3.961371,135.801720,2.844705,-2.766188,3.967889,-3.687468,-1.447427,-4.257196,,16.916760,1009.395091,1.212288,9.926866,700000.000000,VFR,barnes,envelope,False
2026-04-29T22:06:41Z,36.260707,-75.759395,106.680000,337.233025,284.472222,2.838271,-2.757642,3.957319,135.825497,2.818098,-2.738042,3.929192,-3.684295,-1.444418,-4.248377,,16.917345,1009.393098,1.212283,9.926495,700000.000000,VFR,barnes,envelope,False
2026-04-29T22:06:51Z,36.262416,-75.759847,106.680000,348.360491,284.666667,2.836400,-2.753925,3.953387,135.845228,2.861401,-2.778199,3.988233,-3.333686,-2.125041,-6.236979,,16.917498,1009.391267,1.212280,9.926132,700000.000000,VFR,barnes,envelope,False
2026-04-29T22:07:01Z,36.264129,-75.760287,106.680000,348.360491,284.861111,2.834534,-2.750222,3.949468,135.864918,2.856135,-2.771180,3.979566,-3.331112,-2.121790,-6.227513,,16.917633,1009.389441,1.212277,9.925768,700000.000000,VFR,barnes,envelope,False
2026-04-29T22:07:11Z,36.265841,-75.760727,106.680000,348.360491,285.055556,2.832677,-2.746522,3.945560,135.884700,2.871353,-2.784022,3.999430,-3.328547,-2.118542,-6.218053,,16.917765,1009.387614,1.212274,9.925402,700000.000000,VFR,barnes,envelope,False
2026-04-29T22:07:21Z,36.267554,-75.761167,106.680000,348.360491,285.250000,2.830831,-2.742828,3.941663,135.904574,2.826106,-2.738250,3.935085,-3.325993,-2.115295,-6.208599,,16.917894,1009.385786,1.212272,9.925035,700000.000000,VFR,barnes,envelope,False
2026-04-29T22:07:31Z,36.269266,-75.761606,106.680000,348.360491,285.444444,2.828994,-2.739137,3.937776,135.924539,2.854093,-2.763440,3.972713,-3.323449,-2.112051,-6.199152,,16.918019,1009.383958,1.212269,9.924666,700000.000000,VFR,barnes,envelope,False
2026-04-29T22:07:41Z,36.270979,-75.762046,106.680000,348.360491,285.638889,2.827166,-2.735451,3.933899,135.944596,2.863378,-2.770488,3.984286,-3.320916,-2.108810,-6.189711,,16.918140,1009.382130,1.212266,9.924297,700000.000000,VFR,barnes,envelope,False
2026-04-29T22:07:51Z,36.272691,-75.762486,106.680000,348.360491,285.833333,2.825348,-2.731769,3.930033,135.964744,2.897222,-2.801262,4.030008,-3.318393,-2.105570,-6.180277,,16.918258,1009.380301,1.212264,9.923925,700000.000000,VFR,barnes,envelope,False
2026-04-29T22:08:01Z,36.274404,-75.762926,106.680000,348.360491,286.027778,2.823540,-2.728092,3.926177,135.984983,2.878603,-2.781293,4.002742,-3.315880,-2.102333,-6.170849,,16.918373,1009.378471,1.212261,9.923552,700000.000000,VFR,barnes,envelope,False
2026-04-29T22:08:11Z,36.276117,-75.763365,106.680000,348.360491,286.222222,2.821740,-2.724419,3.922331,136.005298,2.859241,-2.760627,3.974459,-3.313376,-2.099099,-6.161429,,16.918483,1009.376641,1.212258,9.923178,700000.000000,VFR,barnes,envelope,False
2026-04-29T22:08:21Z,36.277829,-75.763805,106.680000,348.360491,286.416667,2.819950,-2.720750,3.918495,136.025704,2.831888,-2.732268,3.935083,-3.310882,-2.095867,-6.152015,,16.918591,1009.374811,1.212256,9.922803,700000.000000,VFR,barnes,envelope,False
2026-04-29T22:08:31Z,36.279542,-75.764245,106.680000,348.360491,286.611111,2.818170,-2.717086,3.914670,136.046203,2.810850,-2.710029,3.904502,-3.308399,-2.092638,-6.142609,,16.918694,1009.372980,1.212253,9.922425,700000.000000,VFR,barnes,envelope,False
2026-04-29T22:08:41Z,36.281254,-75.764685,106.680000,348.360491,286.805556,2.816399,-2.713427,3.910855,136.066793,2.803609,-2.701105,3.893095,-3.305926,-2.089411,-6.133208,,16.918795,1009.371148,1.212250,9.922047,700000.000000,VFR,barnes,envelope,False
2026-04-29T22:08:51Z,36.282967,-75.765124,106.680000,348.360491,287.000000,2.814637,-2.709771,3.907051,136.087475,2.814244,-2.709393,3.906505,-3.303464,-2.086186,-6.123814,,16.918891,1009.369316,1.212248,9.921667,700000.000000,VFR,barnes,envelope,False
2026-04-29T22:09:01Z,36.284679,-75.765564,106.680000,348.360491,287.194444,2.812886,-2.706120,3.903257,136.108249,2.823298,-2.716138,3.917706,-3.301011,-2.082964,-6.114426,,16.918984,1009.367484,1.212245,9.921286,700000.000000,VFR,barnes,envelope,False
2026-04-29T22:09:11Z,36.286392,-75.766004,106.680000,348.360491,287.388889,2.811143,-2.702474,3.899473,136.129114,2.823912,-2.714749,3.917185,-3.298569,-2.079743,-6.105045,,16.919074,1009.365650,1.212243,9.920903,700000.000000,VFR,barnes,envelope,False
2026-04-29T22:09:21Z,36.288104,-75.766443,106.680000,348.360491,287.583333,2.809411,-2.698831,3.895700,136.150071,2.808170,-2.697640,3.893980,-3.296137,-2.076526,-6.095671,,16.919159,1009.363817,1.212240,9.920519,700000.000000,VFR,barnes,envelope,False
2026-04-29T22:09:31Z,36.289817,-75.766883,106.680000,348.360491,287.777778,2.807688,-2.695194,3.891938,136.171119,2.780681,-2.669269,3.854501,-3.293716,-2.073310,-6.086303,,16.919242,1009.361983,1.212237,9.920133,700000.000000,VFR,barnes,envelope,False
2026-04-29T22:09:41Z,36.291529,-75.767323,106.680000,348.360491,287.972222,2.805974,-2.691560,3.888185,136.192259,2.831990,-2.716515,3.924235,-3.291304,-2.070097,-6.076941,,16.919320,1009.360148,1.212235,9.919746,700000.000000,VFR,barnes,envelope,False
2026-04-29T22:09:51Z,36.293242,-75.767763,106.680000,348.360491,288.166667,2.804270,-2.687931,3.884444,136.213491,2.873270,-2.754068,3.980021,-3.288903,-2.066886,-6.067586,,16.919395,1009.358312,1.212232,9.919357,700000.000000,VFR,barnes,envelope,False
2026-04-29T22:10:01Z,36.294954,-75.768202,106.680000,348.360491,288.361111,2.802642,-2.684128,3.880637,136.237389,2.942528,-2.818099,4.074328,-3.286541,-2.063490,-6.057691,,16.919511,1009.356530,1.212230,9.918986,700000.000000,VFR,barnes,envelope,False
2026-04-29T22:10:11Z,36.296667,-75.768642,106.680000,348.360491,288.555556,2.801601,-2.678723,3.876148,136.284443,2.897008,-2.769947,4.008149,-3.284431,-2.058407,-6.042878,,16.920015,1009.355235,1.212226,9.918788,700000.000000,VFR,barnes,envelope,False
2026-04-29T22:10:21Z,36.298380,-75.769082,106.680000,348.360491,288.750000,2.800536,-2.673315,3.871642,136.331410,2.863587,-2.733502,3.958808,-3.282297,-2.053324,-6.028066,,16.920515,1009.353941,1.212223,9.918590,700000.000000,VFR,barnes,envelope,False
2026-04-29T22:10:31Z,36.300092,-75.769522,106.680000,348.360491,288.944444,2.799448,-2.667902,3.867119,136.378288,2.866051,-2.731375,3.959123,-3.280139,-2.048242,-6.013256,,16.921010,1009.352650,1.212219,9.918393,700000.000000,VFR,barnes,envelope,False
2026-04-29T22:10:41Z,36.301805,-75.769961,106.680000,348.360491,289.138889,2.798336,-2.662484,3.862578,136.425078,2.886745,-2.746602,3.984610,-3.277957,-2.043160,-5.998447,,16.921500,1009.351361,1.212215,9.918195,700000.000000,VFR,barnes,envelope,False
2026-04-29T22:10:51Z,36.303517,-75.770401,106.680000,348.360491,289.333333,2.797200,-2.657063,3.858019,136.471781,2.894791,-2.749765,3.992621,-3.275751,-2.038080,-5.983639,,16.921985,1009.350074,1.212212,9.917998,700000.000000,VFR,barnes,envelope,False
2026-04-29T22:11:01Z,36.305230,-75.770841,106.680000,348.360491,289.527778,2.796041,-2.651638,3.853444,136.518397,2.891805,-2.742456,3.985424,-3.273521,-2.033000,-5.968833,,16.922465,1009.348789,1.212208,9.917801,700000.000000,VFR,barnes,envelope,False
2026-04-29T22:11:11Z,36.306942,-75.771281,106.680000,348.360491,289.722222,2.794858,-2.646208,3.848850,136.564926,2.885729,-2.732246,3.973990,-3.271267,-2.027921,-5.954027,,16.922940,1009.347507,1.212205,9.917604,700000.000000,VFR,barnes,envelope,False
2026-04-29T22:11:21Z,36.308655,-75.771720,106.680000,348.360491,289.916667,2.793651,-2.640775,3.844239,136.611368,2.883799,-2.725989,3.968288,-3.268989,-2.022842,-5.939223,,16.923410,1009.346226,1.212201,9.917407,700000.000000,VFR,barnes,envelope,False
2026-04-29T22:11:31Z,36.310367,-75.772160,106.680000,348.360491,290.111111,2.792421,-2.635337,3.839611,136.657725,2.884469,-2.722207,3.966179,-3.266686,-2.017764,-5.924421,,16.923876,1009.344948,1.212198,9.917210,700000.000000,VFR,barnes,envelope,False
2026-04-29T22:11:41Z,36.312080,-75.772600,106.680000,348.360491,290.305556,2.791166,-2.629895,3.834965,136.703996,2.877145,-2.710905,3.953096,-3.264360,-2.012687,-5.909619,,16.924336,1009.343672,1.212194,9.917014,700000.000000,VFR,barnes,envelope,False
2026-04-29T22:11:51Z,36.313792,-75.773040,106.680000,348.360491,290.500000,2.789888,-2.624448,3.830301,136.750181,2.841656,-2.673146,3.901375,-3.262009,-2.007611,-5.894818,,16.924792,1009.342398,1.212191,9.916818,700000.000000,VFR,barnes,envelope,False
2026-04-29T22:12:01Z,36.315505,-75.773479,106.680000,348.360491,290.694444,2.788586,-2.618997,3.825619,136.796281,2.835206,-2.662782,3.889576,-3.259634,-2.002535,-5.880019,,16.925242,1009.341126,1.212187,9.916622,700000.000000,VFR,barnes,envelope,False
2026-04-29T22:12:11Z,36.317217,-75.773919,106.680000,348.360491,290.888889,2.787261,-2.613542,3.820920,136.842297,2.816373,-2.640840,3.860828,-3.257235,-1.997459,-5.865220,,16.925687,1009.339857,1.212184,9.916427,700000.000000,VFR,barnes,envelope,False
2026-04-29T22:12:21Z,36.318930,-75.774359,106.680000,348.360491,291.083333,2.785911,-2.608083,3.816202,136.888229,2.820702,-2.640654,3.863860,-3.254812,-1.992385,-5.850422,,16.926128,1009.338590,1.212181,9.916231,700000.000000,VFR,barnes,envelope,False
2026-04-29T22:12:31Z,36.320643,-75.774798,106.680000,348.360491,291.277778,2.784538,-2.602620,3.811467,136.934076,2.772546,-2.591412,3.795053,-3.252365,-1.987310,-5.835626,,16.926563,1009.337325,1.212177,9.916036,700000.000000,VFR,barnes,envelope,False
2026-04-29T22:12:41Z,36.322355,-75.775238,106.680000,348.360491,291.472222,2.783140,-2.597152,3.806713,136.979840,2.784417,-2.598343,3.808460,-3.249893,-1.982237,-5.820830,,16.926993,1009.336063,1.212174,9.915841,700000.000000,VFR,barnes,envelope,False
2026-04-29T22:12:51Z,36.324068,-75.775678,106.680000,348.360491,291.666667,2.781719,-2.591679,3.801942,137.025521,2.758543,-2.570087,3.770266,-3.247397,-1.977164,-5.806035,,16.927419,1009.334802,1.212171,9.915647,700000.000000,VFR,barnes,envelope,False
2026-04-29T22:13:01Z,36.325780,-75.776118,106.680000,348.360491,291.861111,2.780274,-2.586203,3.797152,137.071119,2.786263,-2.591774,3.805332,-3.244876,-1.972091,-5.791241,,16.927839,1009.333544,1.212167,9.915452,700000.000000,VFR,barnes,envelope,False
2026-04-29T22:13:11Z,36.327493,-75.776557,106.680000,348.360491,292.055556,2.778804,-2.580722,3.792345,137.116634,2.777916,-2.579897,3.791132,-3.242331,-1.967019,-5.776447,,16.928254,1009.332288,1.212164,9.915258,700000.000000,VFR,barnes,envelope,False
2026-04-29T22:13:21Z,36.329205,-75.776997,106.680000,348.360491,292.250000,2.777311,-2.575236,3.787519,137.162067,2.812807,-2.608149,3.835926,-3.239762,-1.961948,-5.761654,,16.928664,1009.331035,1.212161,9.915064,700000.000000,VFR,barnes,envelope,False
2026-04-29T22:13:31Z,36.330918,-75.777437,106.680000,348.360491,292.444444,2.775794,-2.569746,3.782675,137.207419,2.832571,-2.622309,3.860047,-3.237169,-1.956877,-5.746862,,16.929069,1009.329784,1.212158,9.914871,700000.000000,VFR,barnes,envelope,False
2026-04-29T22:13:41Z,36.332630,-75.777877,106.680000,348.360491,292.638889,2.774253,-2.564251,3.777812,137.252689,2.804731,-2.592423,3.819316,-3.234550,-1.951806,-5.732070,,16.929469,1009.328535,1.212155,9.914678,700000.000000,VFR,barnes,envelope,False
2026-04-29T22:13:51Z,36.334343,-75.778316,106.680000,348.360491,292.833333,2.772688,-2.558753,3.772931,137.297878,2.777463,-2.563159,3.779429,-3.231908,-1.946736,-5.717279,,16.929863,1009.327288,1.212151,9.914485,700000.000000,VFR,barnes,envelope,False
2026-04-29T22:14:01Z,36.336055,-75.778756,106.680000,348.360491,293.027778,2.771098,-2.553249,3.768032,137.342987,2.773755,-2.555697,3.771645,-3.229241,-1.941667,-5.702489,,16.930253,1009.326044,1.212148,9.914292,700000.000000,VFR,barnes,envelope,False
2026-04-29T22:14:11Z,36.337768,-75.779196,106.680000,348.360491,293.222222,2.769485,-2.547741,3.763114,137.388015,2.769958,-2.548177,3.763758,-3.226549,-1.936597,-5.687699,,16.930637,1009.324802,1.212145,9.914100,700000.000000,VFR,barnes,envelope,False
2026-04-29T22:14:21Z,36.339480,-75.779636,106.680000,348.360491,293.416667,2.767847,-2.542229,3.758178,137.432963,2.806092,-2.577356,3.810107,-3.223833,-1.931529,-5.672909,,16.931016,1009.323562,1.212142,9.913908,700000.000000,VFR,barnes,envelope,False
2026-04-29T22:14:31Z,36.341193,-75.780075,106.680000,348.360491,293.611111,2.766185,-2.536711,3.753224,137.477833,2.785684,-2.554592,3.779680,-3.221093,-1.926460,-5.658120,,16.931390,1009.322325,1.212139,9.913716,700000.000000,VFR,barnes,envelope,False
2026-04-29T22:14:41Z,36.342906,-75.780515,106.680000,348.360491,293.805556,2.764500,-2.531190,3.748250,137.522623,2.804512,-2.567826,3.802501,-3.218327,-1.921392,-5.643331,,16.931759,1009.321090,1.212136,9.913525,700000.000000,VFR,barnes,envelope,False
2026-04-29T22:14:51Z,36.344618,-75.780955,106.680000,348.360491,294.000000,2.762789,-2.525663,3.743258,137.567334,2.762040,-2.524978,3.742243,-3.215538,-1.916325,-5.628543,,16.932123,1009.319858,1.212133,9.913334,700000.000000,VFR,barnes,envelope,False
2026-04-29T22:15:01Z,36.346331,-75.781394,106.680000,348.360491,294.194444,2.760928,-2.521614,3.739152,137.593890,2.814404,-2.570454,3.811575,-3.212897,-1.912734,-5.618063,,16.932481,1009.318362,1.212130,9.913095,700000.000000,VFR,barnes,envelope,False
2026-04-29T22:15:11Z,36.348043,-75.781834,106.680000,348.360491,294.388889,2.757912,-2.530885,3.743188,137.457974,2.733346,-2.508341,3.709845,-3.211814,-1.922422,-5.646338,,16.932835,1009.314473,1.212124,9.912421,700000.000000,VFR,barnes,envelope,False
2026-04-29T22:15:21Z,36.349756,-75.782274,106.680000,348.360491,294.583333,2.754900,-2.540145,3.747240,137.322514,2.723599,-2.511284,3.704665,-3.210732,-1.932100,-5.674576,,16.933183,1009.310587,1.212118,9.911743,700000.000000,VFR,barnes,envelope,False
2026-04-29T22:15:31Z,36.351468,-75.782714,106.680000,348.360491,294.777778,2.751891,-2.549394,3.751308,137.187512,2.681076,-2.483789,3.654775,-3.209651,-1.941765,-5.702777,,16.933525,1009.306704,1.212111,9.911060,700000.000000,VFR,barnes,envelope,False
2026-04-29T22:15:41Z,36.353181,-75.783153,106.680000,348.360491,294.972222,2.748886,-2.558631,3.755392,137.052967,2.688563,-2.502483,3.672982,-3.208572,-1.951419,-5.730941,,16.933863,1009.302822,1.212105,9.910374,700000.000000,VFR,barnes,envelope,False
2026-04-29T22:15:51Z,36.354893,-75.783593,106.680000,348.360491,295.166667,2.745885,-2.567858,3.759492,136.918880,2.665337,-2.492532,3.649210,-3.207494,-1.961061,-5.759068,,16.934195,1009.298943,1.212099,9.909683,700000.000000,VFR,barnes,envelope,False
2026-04-29T22:16:01Z,36.356606,-75.784033,106.680000,348.360491,295.361111,2.742888,-2.577073,3.763607,136.785251,2.674703,-2.513009,3.670048,-3.206418,-1.970692,-5.787158,,16.934522,1009.295067,1.212093,9.908988,700000.000000,VFR,barnes,envelope,False
2026-04-29T22:16:11Z,36.358318,-75.784473,106.680000,348.360491,295.555556,2.739895,-2.586276,3.767738,136.652081,2.667009,-2.517477,3.667510,-3.205343,-1.980310,-5.815210,,16.934844,1009.291192,1.212087,9.908290,700000.000000,VFR,barnes,envelope,False
2026-04-29T22:16:21Z,36.360031,-75.784912,106.680000,348.360491,295.750000,2.736905,-2.595468,3.771884,136.519370,2.722441,-2.581751,3.751949,-3.204269,-1.989916,-5.843225,,16.935160,1009.287321,1.212081,9.907587,700000.000000,VFR,barnes,envelope,False
2026-04-29T22:16:31Z,36.361743,-75.785352,106.680000,348.360491,295.944444,2.733920,-2.604649,3.776045,136.387117,2.713086,-2.584801,3.747270,-3.203197,-1.999511,-5.871201,,16.935471,1009.283451,1.212075,9.906880,700000.000000,VFR,barnes,envelope,False
2026-04-29T22:16:41Z,36.363456,-75.785792,106.680000,348.360491,296.138889,2.730938,-2.613818,3.780221,136.255324,2.724265,-2.607431,3.770984,-3.202127,-2.009093,-5.899140,,16.935777,1009.279584,1.212069,9.906168,700000.000000,VFR,barnes,envelope,False
2026-04-29T22:16:51Z,36.365169,-75.786232,106.680000,348.360491,296.333333,2.727960,-2.622976,3.784411,136.123990,2.715478,-2.610974,3.767095,-3.201058,-2.018663,-5.927040,,16.936077,1009.275720,1.212064,9.905453,700000.000000,VFR,barnes,envelope,False
2026-04-29T22:17:01Z,36.366881,-75.786671,106.680000,348.360491,296.527778,2.724986,-2.632122,3.788617,135.993115,2.739917,-2.646544,3.809375,-3.199990,-2.028221,-5.954901,,16.936372,1009.271858,1.212058,9.904733,700000.000000,VFR,barnes,envelope,False
2026-04-29T22:17:11Z,36.368594,-75.787111,106.680000,348.360491,296.722222,2.722017,-2.641256,3.792836,135.862700,2.715320,-2.634758,3.783505,-3.198924,-2.037766,-5.982724,,16.936662,1009.267999,1.212052,9.904009,700000.000000,VFR,barnes,envelope,False
2026-04-29T22:17:21Z,36.370306,-75.787551,106.680000,348.360491,296.916667,2.719051,-2.650378,3.797070,135.732745,2.731358,-2.662375,3.814257,-3.197860,-2.047299,-6.010509,,16.936946,1009.264142,1.212046,9.903281,700000.000000,VFR,barnes,envelope,False
2026-04-29T22:17:31Z,36.372019,-75.787991,106.680000,348.360491,297.111111,2.716089,-2.659489,3.801318,135.603250,2.720537,-2.663844,3.807543,-3.196797,-2.056820,-6.038254,,16.937225,1009.260288,1.212040,9.902549,470000.000000,VFR,barnes,envelope,False
2026-04-29T22:17:41Z,36.373731,-75.788430,106.680000,348.360491,297.305556,2.713131,-2.668587,3.805580,135.474214,2.679275,-2.635288,3.758092,-3.195735,-2.066328,-6.065960,,16.937499,1009.256437,1.212034,9.901812,470000.000000,VFR,barnes,envelope,False
2026-04-29T22:17:51Z,36.375444,-75.788870,106.680000,348.360491,297.500000,2.710177,-2.677674,3.809855,135.345639,2.715439,-2.682873,3.817253,-3.194676,-2.075824,-6.093627,,16.937767,1009.252588,1.212029,9.901071,470000.000000,VFR,barnes,envelope,False
2026-04-29T22:18:01Z,36.377156,-75.789310,106.680000,348.360491,297.694444,2.707227,-2.686749,3.814144,135.217523,2.717097,-2.696544,3.828050,-3.193617,-2.085307,-6.121254,,16.938030,1009.248742,1.212023,9.900326,470000.000000,VFR,barnes,envelope,False
2026-04-29T22:18:11Z,36.378869,-75.789749,106.680000,348.360491,297.888889,2.704281,-2.695811,3.818447,135.089867,2.704830,-2.696358,3.819221,-3.192560,-2.094778,-6.148842,,16.938287,1009.244898,1.212017,9.899576,470000.000000,VFR,barnes,envelope,False
2026-04-29T22:18:21Z,36.380581,-75.790189,106.680000,348.360491,298.083333,2.701340,-2.704862,3.822763,134.962672,2.681859,-2.685356,3.795195,-3.191505,-2.104236,-6.176389,,16.938539,1009.241057,1.212012,9.898822,470000.000000,VFR,barnes,envelope,False
2026-04-29T22:18:31Z,36.382294,-75.790629,106.680000,348.360491,298.277778,2.698402,-2.713900,3.827091,134.835936,2.652252,-2.667485,3.761637,-3.190452,-2.113681,-6.203897,,16.938785,1009.237219,1.212006,9.898064,470000.000000,VFR,barnes,envelope,False
2026-04-29T22:18:41Z,36.384006,-75.791069,106.680000,348.360491,298.472222,2.695469,-2.722926,3.831433,134.709660,2.665734,-2.692888,3.789166,-3.189400,-2.123113,-6.231364,,16.939026,1009.233384,1.212000,9.897301,470000.000000,VFR,barnes,envelope,False
2026-04-29T22:18:51Z,36.385719,-75.791508,106.680000,348.360491,298.666667,2.692540,-2.731940,3.835787,134.583843,2.659490,-2.698407,3.788705,-3.188349,-2.132532,-6.258792,,16.939262,1009.229551,1.211995,9.896534,470000.000000,VFR,barnes,envelope,False
2026-04-29T22:19:01Z,36.387432,-75.791948,106.680000,348.360491,298.861111,2.689615,-2.740941,3.840154,134.458486,2.651563,-2.702164,3.785825,-3.187300,-2.141939,-6.286178,,16.939492,1009.225722,1.211989,9.895762,470000.000000,VFR,barnes,envelope,False
2026-04-29T22:19:11Z,36.389144,-75.792388,106.680000,348.360491,299.055556,2.686694,-2.749930,3.844534,134.333589,2.654853,-2.717340,3.798972,-3.186253,-2.151332,-6.313524,,16.939716,1009.221895,1.211984,9.894986,470000.000000,VFR,barnes,envelope,False
2026-04-29T22:19:21Z,36.390857,-75.792828,106.680000,348.360491,299.250000,2.683777,-2.758907,3.848926,134.209150,2.666827,-2.741482,3.824616,-3.185208,-2.160713,-6.340829,,16.939935,1009.218070,1.211978,9.894205,470000.000000,VFR,barnes,envelope,False
2026-04-29T22:19:31Z,36.392569,-75.793267,106.680000,348.360491,299.444444,2.680865,-2.767871,3.853329,134.085171,2.654142,-2.740280,3.814919,-3.184164,-2.170080,-6.368093,,16.940148,1009.214249,1.211973,9.893420,470000.000000,VFR,barnes,envelope,False
2026-04-29T22:19:41Z,36.394282,-75.793707,106.680000,348.360491,299.638889,2.677957,-2.776823,3.857745,133.961651,2.658725,-2.756881,3.830041,-3.183122,-2.179434,-6.395316,,16.940356,1009.210431,1.211967,9.892630,470000.000000,VFR,barnes,envelope,False
2026-04-29T22:19:51Z,36.395994,-75.794147,106.680000,348.360491,299.833333,2.675053,-2.785761,3.862172,133.838589,2.639735,-2.748981,3.811181,-3.182081,-2.188775,-6.422497,,16.940559,1009.206615,1.211962,9.891836,470000.000000,VFR,barnes,envelope,False
2026-04-29T22:20:01Z,36.397707,-75.794587,106.680000,348.360491,300.027778,2.672679,-2.793780,3.866319,133.730899,2.637405,-2.756908,3.815291,-3.181373,-2.197108,-6.446744,,16.933769,1009.202943,1.211986,9.890996,470000.000000,VFR,barnes,envelope,False
2026-04-29T22:20:11Z,36.399419,-75.795026,106.680000,348.360491,300.222222,2.675027,-2.793627,3.867832,133.757601,2.613241,-2.729102,3.778495,-3.183642,-2.196485,-6.444929,,16.932939,1009.200536,1.211986,9.889777,470000.000000,VFR,barnes,envelope,False
2026-04-29T22:20:21Z,36.401132,-75.795466,106.680000,348.360491,300.416667,2.677369,-2.793471,3.869339,133.784250,2.625407,-2.739256,3.794243,-3.185905,-2.195859,-6.443109,,16.932107,1009.198127,1.211987,9.888551,470000.000000,VFR,barnes,envelope,False
2026-04-29T22:20:31Z,36.402844,-75.795906,106.680000,348.360491,300.611111,2.679705,-2.793312,3.870842,133.810846,2.628112,-2.739532,3.796315,-3.188161,-2.195232,-6.441285,,16.931273,1009.195716,1.211988,9.887315,470000.000000,VFR,barnes,envelope,False
2026-04-29T22:20:41Z,36.404557,-75.796346,106.680000,348.360491,300.805556,2.682036,-2.793150,3.872339,133.837388,2.612599,-2.720837,3.772085,-3.190411,-2.194603,-6.439455,,16.930435,1009.193303,1.211988,9.886072,470000.000000,VFR,barnes,envelope,False
2026-04-29T22:20:51Z,36.406269,-75.796785,106.680000,348.360491,301.000000,2.684360,-2.792986,3.873830,133.863875,2.647869,-2.755017,3.821168,-3.192654,-2.193973,-6.437621,,16.929596,1009.190888,1.211989,9.884820,470000.000000,VFR,barnes,envelope,False
2026-04-29T22:21:01Z,36.407982,-75.797225,106.680000,348.360491,301.194444,2.686679,-2.792818,3.875316,133.890307,2.661707,-2.766860,3.839296,-3.194891,-2.193341,-6.435782,,16.928754,1009.188472,1.211989,9.883559,470000.000000,VFR,barnes,envelope,False
2026-04-29T22:21:11Z,36.409695,-75.797665,106.680000,348.360491,301.388889,2.688991,-2.792647,3.876796,133.916683,2.685229,-2.788740,3.871372,-3.197122,-2.192707,-6.433938,,16.927909,1009.186053,1.211990,9.882290,470000.000000,VFR,barnes,envelope,False
2026-04-29T22:21:21Z,36.411407,-75.798104,106.680000,348.360491,301.583333,2.691297,-2.792474,3.878272,133.943004,2.680081,-2.780836,3.862109,-3.199345,-2.192072,-6.432090,,16.927062,1009.183633,1.211991,9.881013,470000.000000,VFR,barnes,envelope,False
2026-04-29T22:21:31Z,36.413120,-75.798544,106.680000,348.360491,301.777778,2.693597,-2.792297,3.879741,133.969269,2.657264,-2.754633,3.827408,-3.201563,-2.191435,-6.430237,,16.926212,1009.181210,1.211991,9.879727,470000.000000,VFR,barnes,envelope,False
2026-04-29T22:21:41Z,36.414832,-75.798984,106.680000,348.360491,301.972222,2.695891,-2.792118,3.881205,133.995476,2.677972,-2.773559,3.855407,-3.203773,-2.190797,-6.428380,,16.925360,1009.178786,1.211992,9.878432,470000.000000,VFR,barnes,envelope,False
2026-04-29T22:21:51Z,36.416545,-75.799424,106.680000,348.360491,302.166667,2.698179,-2.791936,3.882664,134.021627,2.655960,-2.748250,3.821911,-3.205977,-2.190157,-6.426519,,16.924506,1009.176360,1.211993,9.877128,470000.000000,VFR,barnes,envelope,False
2026-04-29T22:22:01Z,36.418257,-75.799863,106.680000,348.360491,302.361111,2.700485,-2.791726,3.884115,134.048244,2.660659,-2.750554,3.826834,-3.208193,-2.189486,-6.424565,,16.923651,1009.173931,1.211993,9.875901,470000.000000,VFR,barnes,envelope,False
2026-04-29T22:22:11Z,36.419970,-75.800303,106.680000,348.360491,302.555556,2.703002,-2.791275,3.885542,134.079545,2.646598,-2.733029,3.804461,-3.210567,-2.188536,-6.421802,,16.922817,1009.171501,1.211994,9.875431,470000.000000,VFR,barnes,envelope,False
2026-04-29T22:22:21Z,36.421682,-75.800743,106.680000,348.360491,302.750000,2.705515,-2.790819,3.886963,134.110829,2.674448,-2.758773,3.842330,-3.212937,-2.187583,-6.419028,,16.921980,1009.169069,1.211994,9.874961,470000.000000,VFR,barnes,envelope,False
2026-04-29T22:22:31Z,36.423395,-75.801183,106.680000,348.360491,302.944444,2.708024,-2.790359,3.888379,134.142095,2.687851,-2.769572,3.859413,-3.215301,-2.186626,-6.416243,,16.921141,1009.166635,1.211995,9.874488,470000.000000,VFR,barnes,envelope,False
2026-04-29T22:22:41Z,36.425107,-75.801622,106.680000,348.360491,303.138889,2.710528,-2.789893,3.889790,134.173344,2.687434,-2.766123,3.856648,-3.217660,-2.185664,-6.413445,,16.920299,1009.164199,1.211996,9.874015,470000.000000,VFR,barnes,envelope,False
2026-04-29T22:22:51Z,36.426820,-75.802062,106.680000,348.360491,303.333333,2.713028,-2.789422,3.891195,134.204576,2.683009,-2.758558,3.848140,-3.220013,-2.184699,-6.410636,,16.919455,1009.161761,1.211996,9.873540,470000.000000,VFR,barnes,envelope,False
2026-04-29T22:23:01Z,36.428532,-75.802502,106.680000,348.360491,303.527778,2.715523,-2.788946,3.892594,134.235789,2.680804,-2.753288,3.842825,-3.222362,-2.183729,-6.407815,,16.918609,1009.159321,1.211997,9.873064,470000.000000,VFR,barnes,envelope,False
2026-04-29T22:23:11Z,36.430245,-75.802942,106.680000,348.360491,303.722222,2.718015,-2.788466,3.893988,134.266985,2.698843,-2.768797,3.866522,-3.224705,-2.182756,-6.404982,,16.917760,1009.156879,1.211997,9.872587,470000.000000,VFR,barnes,envelope,False
2026-04-29T22:23:21Z,36.431958,-75.803381,106.680000,348.360491,303.916667,2.720501,-2.787980,3.895377,134.298162,2.689274,-2.755978,3.850663,-3.227042,-2.181779,-6.402138,,16.916909,1009.154436,1.211998,9.872108,470000.000000,VFR,barnes,envelope,False
2026-04-29T22:23:31Z,36.433670,-75.803821,106.680000,348.360491,304.111111,2.722983,-2.787489,3.896760,134.329321,2.688719,-2.752413,3.847725,-3.229374,-2.180797,-6.399283,,16.916055,1009.151990,1.211999,9.871628,470000.000000,VFR,barnes,envelope,False
2026-04-29T22:23:41Z,36.435383,-75.804261,106.680000,348.360491,304.305556,2.725461,-2.786994,3.898137,134.360462,2.735033,-2.796782,3.911827,-3.231701,-2.179812,-6.396416,,16.915199,1009.149542,1.211999,9.871147,470000.000000,VFR,barnes,envelope,False
2026-04-29T22:23:51Z,36.437095,-75.804700,106.680000,348.360491,304.500000,2.727934,-2.786493,3.899509,134.391583,2.756527,-2.815700,3.940381,-3.234022,-2.178823,-6.393537,,16.914340,1009.147093,1.212000,9.870665,470000.000000,VFR,barnes,envelope,False
2026-04-29T22:24:01Z,36.438808,-75.805140,106.680000,348.360491,304.694444,2.730403,-2.785988,3.900875,134.422686,2.740922,-2.796721,3.915904,-3.236338,-2.177830,-6.390647,,16.913479,1009.144641,1.212001,9.870181,470000.000000,VFR,barnes,envelope,False
2026-04-29T22:24:11Z,36.440520,-75.805580,106.680000,348.360491,304.888889,2.732867,-2.785477,3.902236,134.453769,2.715018,-2.767285,3.876750,-3.238648,-2.176833,-6.387746,,16.912616,1009.142188,1.212001,9.869695,470000.000000,VFR,barnes,envelope,False
2026-04-29T22:24:21Z,36.442233,-75.806020,106.680000,348.360491,305.083333,2.735326,-2.784962,3.903591,134.484832,2.724866,-2.774313,3.888664,-3.240953,-2.175832,-6.384833,,16.911750,1009.139732,1.212002,9.869209,470000.000000,VFR,barnes,envelope,False
2026-04-29T22:24:31Z,36.443945,-75.806459,106.680000,348.360491,305.277778,2.737781,-2.784442,3.904940,134.515877,2.689375,-2.735211,3.835898,-3.243252,-2.174827,-6.381909,,16.910881,1009.137275,1.212003,9.868721,470000.000000,VFR,barnes,envelope,False
2026-04-29T22:24:41Z,36.445658,-75.806899,106.680000,348.360491,305.472222,2.740231,-2.783917,3.906284,134.546901,2.667409,-2.709935,3.802475,-3.245546,-2.173819,-6.378974,,16.910010,1009.134815,1.212003,9.868232,470000.000000,VFR,barnes,envelope,False
2026-04-29T22:24:51Z,36.447370,-75.807339,106.680000,348.360491,305.666667,2.742676,-2.783387,3.907623,134.577905,2.673392,-2.713074,3.808910,-3.247834,-2.172806,-6.376027,,16.909137,1009.132354,1.212004,9.867742,470000.000000,VFR,barnes,envelope,False
2026-04-29T22:25:01Z,36.449083,-75.807779,106.680000,348.360491,305.861111,2.745220,-2.782800,3.908991,134.610501,2.636389,-2.672479,3.754024,-3.250207,-2.171718,-6.372861,,16.916118,1009.129986,1.211972,9.867234,470000.000000,VFR,barnes,envelope,False
2026-04-29T22:25:11Z,36.450796,-75.808218,106.680000,348.360491,306.055556,2.748691,-2.781746,3.910680,134.657548,2.677088,-2.709282,3.808807,-3.253395,-2.169986,-6.367819,,16.915274,1009.128483,1.211974,9.866575,470000.000000,VFR,barnes,envelope,False
2026-04-29T22:25:21Z,36.452508,-75.808658,106.680000,348.360491,306.250000,2.752167,-2.780701,3.912380,134.704521,2.723420,-2.751655,3.871514,-3.256588,-2.168260,-6.362797,,16.914427,1009.126981,1.211975,9.865914,470000.000000,VFR,barnes,envelope,False
2026-04-29T22:25:31Z,36.454221,-75.809098,106.680000,348.360491,306.444444,2.755648,-2.779663,3.914092,134.751418,2.698681,-2.722200,3.833178,-3.259788,-2.166542,-6.357795,,16.913578,1009.125481,1.211977,9.865250,470000.000000,VFR,barnes,envelope,False
2026-04-29T22:25:41Z,36.455933,-75.809538,106.680000,348.360491,306.638889,2.759133,-2.778633,3.915816,134.798239,2.749157,-2.768588,3.901659,-3.262994,-2.164830,-6.352814,,16.912726,1009.123981,1.211979,9.864584,470000.000000,VFR,barnes,envelope,False
2026-04-29T22:25:51Z,36.457646,-75.809977,106.680000,348.360491,306.833333,2.762623,-2.777612,3.917552,134.844983,2.755175,-2.770124,3.906991,-3.266206,-2.163126,-6.347853,,16.911872,1009.122483,1.211981,9.863914,470000.000000,VFR,barnes,envelope,False
2026-04-29T22:26:01Z,36.459358,-75.810417,106.680000,348.360491,307.027778,2.766117,-2.776599,3.919299,134.891649,2.738533,-2.748910,3.880216,-3.269424,-2.161428,-6.342912,,16.911016,1009.120986,1.211982,9.863242,470000.000000,VFR,barnes,envelope,False
2026-04-29T22:26:11Z,36.461071,-75.810857,106.680000,348.360491,307.222222,2.769616,-2.775594,3.921058,134.938236,2.766822,-2.772794,3.917102,-3.272648,-2.159738,-6.337992,,16.910157,1009.119490,1.211984,9.862567,470000.000000,VFR,barnes,envelope,False
2026-04-29T22:26:21Z,36.462783,-75.811297,106.680000,348.360491,307.416667,2.773120,-2.774597,3.922828,134.984745,2.742043,-2.743503,3.878867,-3.275879,-2.158055,-6.333093,,16.909296,1009.117996,1.211986,9.861889,470000.000000,VFR,barnes,envelope,False
2026-04-29T22:26:31Z,36.464496,-75.811736,106.680000,348.360491,307.611111,2.776628,-2.773609,3.924611,135.031173,2.752048,-2.749055,3.889867,-3.279116,-2.156379,-6.328214,,16.908432,1009.116503,1.211988,9.861208,470000.000000,VFR,barnes,envelope,False
2026-04-29T22:26:41Z,36.466208,-75.812176,106.680000,348.360491,307.805556,2.780141,-2.772628,3.926405,135.077520,2.757392,-2.749941,3.894276,-3.282358,-2.154710,-6.323357,,16.907566,1009.115011,1.211990,9.860524,470000.000000,VFR,barnes,envelope,False
2026-04-29T22:26:51Z,36.467921,-75.812616,106.680000,348.360491,308.000000,2.783659,-2.771656,3.928210,135.123786,2.784851,-2.772844,3.929893,-3.285607,-2.153049,-6.318520,,16.906697,1009.113521,1.211992,9.859837,470000.000000,VFR,barnes,envelope,False
2026-04-29T22:27:01Z,36.469633,-75.813055,106.680000,348.360491,308.194444,2.787181,-2.770693,3.930027,135.169970,2.790420,-2.773913,3.934594,-3.288863,-2.151394,-6.313704,,16.905826,1009.112031,1.211993,9.859148,470000.000000,VFR,barnes,envelope,False
2026-04-29T22:27:11Z,36.471346,-75.813495,106.680000,348.360491,308.388889,2.790707,-2.769738,3.931856,135.216071,2.777662,-2.756790,3.913476,-3.292124,-2.149747,-6.308910,,16.904952,1009.110543,1.211995,9.858455,470000.000000,VFR,barnes,envelope,False
2026-04-29T22:27:21Z,36.473059,-75.813935,106.680000,348.360491,308.583333,2.794238,-2.768791,3.933697,135.262089,2.782639,-2.757297,3.917367,-3.295392,-2.148108,-6.304137,,16.904076,1009.109057,1.211997,9.857760,470000.000000,VFR,barnes,envelope,False
2026-04-29T22:27:31Z,36.474771,-75.814375,106.680000,348.360491,308.777778,2.797774,-2.767853,3.935549,135.308022,2.801989,-2.772023,3.941478,-3.298665,-2.146475,-6.299385,,16.903197,1009.107571,1.211999,9.857062,,VFR,barnes,envelope,False
2026-04-29T22:27:41Z,36.476484,-75.814814,106.680000,348.360491,308.972222,2.801314,-2.766923,3.937413,135.353870,2.770350,-2.736339,3.893891,-3.301945,-2.144851,-6.294655,,16.902316,1009.106087,1.212001,9.856361,,VFR,barnes,envelope,False
2026-04-29T22:27:51Z,36.478196,-75.815254,106.680000,348.360491,309.166667,2.804859,-2.766002,3.939289,135.399633,2.776394,-2.737931,3.899312,-3.305231,-2.143233,-6.289946,,16.901432,1009.104605,1.212003,9.855656,,VFR,barnes,envelope,False
2026-04-29T22:28:01Z,36.479909,-75.815694,106.680000,348.360491,309.361111,2.808408,-2.765089,3.941176,135.445309,2.757790,-2.715252,3.870143,-3.308523,-2.141623,-6.285259,,16.900546,1009.103123,1.212005,9.854949,,VFR,barnes,envelope,False
2026-04-29T22:28:11Z,36.481621,-75.816134,106.680000,348.360491,309.555556,2.811961,-2.764185,3.943076,135.490898,2.746052,-2.699395,3.850654,-3.311821,-2.140021,-6.280593,,16.899657,1009.101643,1.212007,9.854239,,VFR,barnes,envelope,False
2026-04-29T22:28:21Z,36.483334,-75.816573,106.680000,348.360491,309.750000,2.815519,-2.763289,3.944986,135.536399,2.745301,-2.694374,3.846600,-3.315125,-2.138426,-6.275950,,16.898765,1009.100165,1.212009,9.853526,,VFR,barnes,envelope,False
2026-04-29T22:28:31Z,36.485046,-75.817013,106.680000,348.360491,309.944444,2.819082,-2.762402,3.946909,135.581811,2.756200,-2.700785,3.858870,-3.318435,-2.136838,-6.271328,,16.897871,1009.098687,1.212011,9.852810,,VFR,barnes,envelope,False
2026-04-29T22:28:41Z,36.486759,-75.817453,106.680000,348.360491,310.138889,2.822649,-2.761524,3.948843,135.627134,2.729392,-2.670287,3.818379,-3.321751,-2.135258,-6.266728,,16.896974,1009.097211,1.212013,9.852092,,VFR,barnes,envelope,False
2026-04-29T22:28:51Z,36.488471,-75.817893,106.680000,348.360491,310.333333,2.826220,-2.760655,3.950789,135.672368,2.798838,-2.733908,3.912511,-3.325074,-2.133686,-6.262151,,16.896075,1009.095737,1.212015,9.851370,,VFR,barnes,envelope,False
2026-04-29T22:29:01Z,36.490184,-75.818332,106.680000,348.360491,310.527778,2.829796,-2.759794,3.952747,135.717511,2.867642,-2.796704,4.005611,-3.328402,-2.132122,-6.257596,,16.895173,1009.094263,1.212017,9.850645,,VFR,barnes,envelope,False
2026-04-29T22:29:11Z,36.491896,-75.818772,106.680000,348.360491,310.722222,2.833376,-2.758942,3.954716,135.762562,2.889930,-2.814010,4.033652,-3.331737,-2.130565,-6.253063,,16.894268,1009.092791,1.212019,9.849917,,VFR,barnes,envelope,False
2026-04-29T22:29:21Z,36.493609,-75.819212,106.680000,348.360491,310.916667,2.836960,-2.758099,3.956697,135.807521,2.906359,-2.825569,4.053488,-3.335078,-2.129016,-6.248552,,16.893361,1009.091321,1.212021,9.849186,,VFR,barnes,envelope,False
2026-04-29T22:29:31Z,36.495322,-75.819652,106.680000,348.360491,311.111111,2.840549,-2.757264,3.958690,135.852388,2.905945,-2.820743,4.049828,-3.338424,-2.127475,-6.244064,,16.892452,1009.089852,1.212023,9.848452,,VFR,barnes,envelope,False
2026-04-29T22:29:41Z,36.497034,-75.820091,106.680000,348.360491,311.305556,2.844142,-2.756439,3.960694,135.897162,2.879855,-2.791050,4.010427,-3.341777,-2.125941,-6.239599,,16.891539,1009.088384,1.212025,9.847715,,VFR,barnes,envelope,False
2026-04-29T22:29:51Z,36.498747,-75.820531,106.680000,348.360491,311.500000,2.847740,-2.755622,3.962710,135.941841,2.872843,-2.779913,3.997642,-3.345136,-2.124415,-6.235156,,16.890624,1009.086918,1.212027,9.846975,,VFR,barnes,envelope,False
2026-04-29T22:30:01Z,36.500459,-75.820971,106.680000,348.360491,311.694444,2.851311,-2.754601,3.964568,135.988333,2.882785,-2.785008,4.008331,-3.348428,-2.122695,-6.230147,,16.880759,1009.085468,1.212066,9.846218,,VFR,barnes,envelope,False
2026-04-29T22:30:11Z,36.502172,-75.821410,106.680000,348.360491,311.888889,2.854607,-2.751667,3.964903,136.051922,2.881941,-2.778016,4.002868,-3.351064,-2.119156,-6.219842,,16.879723,1009.084162,1.212069,9.845337,,VFR,barnes,envelope,False
2026-04-29T22:30:21Z,36.503884,-75.821850,106.680000,348.360491,312.083333,2.857894,-2.748728,3.965232,136.115461,2.852452,-2.743494,3.957681,-3.353691,-2.115615,-6.209528,,16.878683,1009.082860,1.212072,9.844452,,VFR,barnes,envelope,False
2026-04-29T22:30:31Z,36.505597,-75.822290,106.680000,348.360491,312.277778,2.861173,-2.745784,3.965557,136.178950,2.852287,-2.737257,3.953241,-3.356308,-2.112070,-6.199206,,16.877641,1009.081563,1.212075,9.843563,,VFR,barnes,envelope,False
2026-04-29T22:30:41Z,36.507309,-75.822730,106.680000,348.360491,312.472222,2.864442,-2.742836,3.965877,136.242390,2.854020,-2.732856,3.951447,-3.358915,-2.108522,-6.188874,,16.876595,1009.080270,1.212077,9.842669,,VFR,barnes,envelope,False
2026-04-29T22:30:51Z,36.509022,-75.823169,106.680000,348.360491,312.666667,2.867703,-2.739883,3.966192,136.305781,2.869816,-2.741902,3.969114,-3.361513,-2.104972,-6.178534,,16.875546,1009.078983,1.212080,9.841771,,VFR,barnes,envelope,False
2026-04-29T22:31:01Z,36.510734,-75.823609,106.680000,348.360491,312.861111,2.870955,-2.736925,3.966502,136.369123,2.879069,-2.744660,3.977713,-3.364101,-2.101419,-6.168186,,16.874494,1009.077699,1.212083,9.840869,,VFR,barnes,envelope,False
2026-04-29T22:31:11Z,36.512447,-75.824049,106.680000,348.360491,313.055556,2.874198,-2.733962,3.966807,136.432416,2.925766,-2.783015,4.037979,-3.366680,-2.097863,-6.157828,,16.873439,1009.076421,1.212086,9.839963,,VFR,barnes,envelope,False
2026-04-29T22:31:21Z,36.514159,-75.824489,106.680000,348.360491,313.250000,2.877432,-2.730995,3.967108,136.495660,2.966030,-2.815085,4.089259,-3.369248,-2.094304,-6.147462,,16.872381,1009.075147,1.212089,9.839052,,VFR,barnes,envelope,False
2026-04-29T22:31:31Z,36.515872,-75.824928,106.680000,348.360491,313.444444,2.880657,-2.728023,3.967403,136.558856,2.974177,-2.816588,4.096205,-3.371808,-2.090742,-6.137087,,16.871319,1009.073878,1.212092,9.838137,,VFR,barnes,envelope,False
2026-04-29T22:31:41Z,36.517585,-75.825368,106.680000,348.360491,313.638889,2.883873,-2.725046,3.967694,136.622002,2.957214,-2.794348,4.068599,-3.374357,-2.087178,-6.126703,,16.870255,1009.072613,1.212095,9.837217,,VFR,barnes,envelope,False
2026-04-29T22:31:51Z,36.519297,-75.825808,106.680000,348.360491,313.833333,2.887080,-2.722064,3.967980,136.685100,2.974043,-2.804057,4.087501,-3.376896,-2.083611,-6.116311,,16.869187,1009.071353,1.212098,9.836293,,VFR,barnes,envelope,False
2026-04-29T22:32:01Z,36.521010,-75.826248,106.680000,348.360491,314.027778,2.890278,-2.719078,3.968260,136.748150,2.958103,-2.782885,4.061382,-3.379426,-2.080040,-6.105910,,16.868116,1009.070098,1.212101,9.835388,,VFR,barnes,envelope,False
2026-04-29T22:32:11Z,36.522722,-75.826687,106.680000,348.360491,314.222222,2.893467,-2.716087,3.968536,136.811151,2.964480,-2.782746,4.065934,-3.381946,-2.076467,-6.095501,,16.867042,1009.068848,1.212104,9.834692,,VFR,barnes,envelope,False
2026-04-29T22:32:21Z,36.524435,-75.827127,106.680000,348.360491,314.416667,2.896647,-2.713091,3.968807,136.874104,2.979318,-2.790523,4.082077,-3.384456,-2.072892,-6.085083,,16.865965,1009.067602,1.212107,9.833993,,VFR,barnes,envelope,False
2026-04-29T22:32:31Z,36.526147,-75.827567,106.680000,348.360491,314.611111,2.899818,-2.710090,3.969072,136.937009,2.989366,-2.793780,4.091639,-3.386957,-2.069313,-6.074656,,16.864885,1009.066361,1.212110,9.833292,,VFR,barnes,envelope,False
2026-04-29T22:32:41Z,36.527860,-75.828007,106.680000,348.360491,314.805556,2.902980,-2.707085,3.969333,136.999866,2.984241,-2.782862,4.080443,-3.389447,-2.065732,-6.064221,,16.863802,1009.065125,1.212113,9.832588,,VFR,barnes,envelope,False
2026-04-29T22:32:51Z,36.529572,-75.828446,106.680000,348.360491,315.000000,2.906132,-2.704075,3.969588,137.062675,2.944681,-2.739944,4.022243,-3.391928,-2.062147,-6.053778,,16.862715,1009.063893,1.212116,9.831882,,VFR,barnes,envelope,False
2026-04-29T22:33:01Z,36.531285,-75.828886,106.680000,348.360491,315.194444,2.909276,-2.701060,3.969838,137.125436,2.939021,-2.728676,4.010426,-3.394399,-2.058560,-6.043326,,16.861625,1009.062666,1.212119,9.831174,,VFR,barnes,envelope,False
2026-04-29T22:33:11Z,36.532997,-75.829326,106.680000,348.360491,315.388889,2.912411,-2.698041,3.970083,137.188150,2.971996,-2.753240,4.051307,-3.396860,-2.054971,-6.032865,,16.860532,1009.061444,1.212122,9.830463,,VFR,barnes,envelope,False
2026-04-29T22:33:21Z,36.534710,-75.829765,106.680000,348.360491,315.583333,2.915536,-2.695017,3.970323,137.250816,2.965572,-2.741268,4.038461,-3.399311,-2.051378,-6.022396,,16.859436,1009.060227,1.212125,9.829749,,VFR,barnes,envelope,False
2026-04-29T22:33:31Z,36.536422,-75.830205,106.680000,348.360491,315.777778,2.918652,-2.691988,3.970558,137.313434,2.946560,-2.717729,4.008524,-3.401752,-2.047783,-6.011918,,16.858337,1009.059014,1.212128,9.829034,,VFR,barnes,envelope,False
2026-04-29T22:33:41Z,36.538135,-75.830645,106.680000,348.360491,315.972222,2.921759,-2.688954,3.970787,137.376006,2.936660,-2.702668,3.991039,-3.404183,-2.044185,-6.001432,,16.857234,1009.057806,1.212131,9.828315,,VFR,barnes,envelope,False
2026-04-29T22:33:51Z,36.539848,-75.831085,106.680000,348.360491,316.166667,2.924857,-2.685916,3.971012,137.438530,2.947818,-2.707001,4.002185,-3.406604,-2.040584,-5.990938,,16.856128,1009.056603,1.212134,9.827594,,VFR,barnes,envelope,False
2026-04-29T22:34:01Z,36.541560,-75.831524,106.680000,348.360491,316.361111,2.927945,-2.682873,3.971231,137.501006,2.952938,-2.705774,4.005129,-3.409015,-2.036981,-5.980435,,16.855019,1009.055404,1.212138,9.826871,,VFR,barnes,envelope,False
2026-04-29T22:34:11Z,36.543273,-75.831964,106.680000,348.360491,316.555556,2.931025,-2.679825,3.971444,137.563436,2.965979,-2.711784,4.018806,-3.411416,-2.033374,-5.969924,,16.853907,1009.054210,1.212141,9.826145,,VFR,barnes,envelope,False
2026-04-29T22:34:21Z,36.544985,-75.832404,106.680000,348.360491,316.750000,2.934095,-2.676773,3.971653,137.625819,2.960437,-2.700805,4.007310,-3.413807,-2.029765,-5.959404,,16.852791,1009.053021,1.212144,9.825417,,VFR,barnes,envelope,False
2026-04-29T22:34:31Z,36.546698,-75.832844,106.680000,348.360491,316.944444,2.937155,-2.673716,3.971856,137.688156,2.932319,-2.669314,3.965316,-3.416188,-2.026154,-5.948876,,16.851673,1009.051837,1.212147,9.824686,,VFR,barnes,envelope,False
2026-04-29T22:34:41Z,36.548410,-75.833283,106.680000,348.360491,317.138889,2.940207,-2.670654,3.972053,137.750445,2.977206,-2.704261,4.022038,-3.418559,-2.022539,-5.938340,,16.850551,1009.050657,1.212151,9.823953,,VFR,barnes,envelope,False
2026-04-29T22:34:51Z,36.550123,-75.833723,106.680000,348.360491,317.333333,2.943249,-2.667588,3.972246,137.812689,2.983183,-2.703782,4.026142,-3.420920,-2.018922,-5.927795,,16.849425,1009.049482,1.212154,9.823217,,VFR,barnes,envelope,False
2026-04-29T22:35:01Z,36.551835,-75.834163,106.680000,348.360491,317.527778,2.946129,-2.664174,3.972090,137.877075,3.013301,-2.724917,4.062654,-3.423052,-2.014997,-5.916354,,16.858441,1009.048280,1.212115,9.822479,,VFR,barnes,envelope,False
2026-04-29T22:35:11Z,36.553548,-75.834603,106.680000,348.360491,317.722222,2.947635,-2.657683,3.968857,137.961154,2.974282,-2.681709,4.004737,-3.423217,-2.008336,-5.896934,,16.857351,1009.046783,1.212118,9.821739,,VFR,barnes,envelope,False
2026-04-29T22:35:21Z,36.555260,-75.835042,106.680000,348.360491,317.916667,2.949139,-2.651202,3.965638,138.045251,2.955411,-2.656841,3.974073,-3.423382,-2.001685,-5.877541,,16.856259,1009.045284,1.212120,9.820995,,VFR,barnes,envelope,False
2026-04-29T22:35:31Z,36.556973,-75.835482,106.680000,348.360491,318.111111,2.950641,-2.644730,3.962433,138.129365,2.958142,-2.651453,3.972506,-3.423548,-1.995043,-5.858175,,16.855163,1009.043784,1.212123,9.820250,,VFR,barnes,envelope,False
2026-04-29T22:35:41Z,36.558685,-75.835922,106.680000,348.360491,318.305556,2.952142,-2.638268,3.959242,138.213495,2.950953,-2.637206,3.957649,-3.423714,-1.988411,-5.838837,,16.854064,1009.042282,1.212126,9.819501,,VFR,barnes,envelope,False
2026-04-29T22:35:51Z,36.560398,-75.836361,106.680000,348.360491,318.500000,2.953641,-2.631817,3.956065,138.297637,2.994967,-2.668639,4.011416,-3.423881,-1.981790,-5.819526,,16.852962,1009.040778,1.212129,9.818750,,VFR,barnes,envelope,False
2026-04-29T22:36:01Z,36.562111,-75.836801,106.680000,348.360491,318.694444,2.955138,-2.625381,3.952906,138.381712,2.985790,-2.652613,3.993908,-3.424049,-1.975185,-5.800264,,16.851860,1009.039270,1.212131,9.817997,,VFR,barnes,envelope,False
2026-04-29T22:36:11Z,36.563823,-75.837241,106.680000,348.360491,318.888889,2.956625,-2.619016,3.949795,138.465066,2.975924,-2.636112,3.975576,-3.424222,-1.968651,-5.781206,,16.850779,1009.037736,1.212134,9.817241,,VFR,barnes,envelope,False
2026-04-29T22:36:21Z,36.565536,-75.837681,106.680000,348.360491,319.083333,2.958111,-2.612662,3.946698,138.548421,2.955417,-2.610283,3.943104,-3.424395,-1.962128,-5.762178,,16.849694,1009.036200,1.212137,9.816483,,VFR,barnes,envelope,False
2026-04-29T22:36:31Z,36.567248,-75.838120,106.680000,348.360491,319.277778,2.959595,-2.606319,3.943615,138.631774,2.959290,-2.606050,3.943209,-3.424569,-1.955615,-5.743181,,16.848607,1009.034662,1.212140,9.815722,,VFR,barnes,envelope,False
2026-04-29T22:36:41Z,36.568961,-75.838560,106.680000,348.360491,319.472222,2.961078,-2.599986,3.940547,138.715124,2.945003,-2.585872,3.919155,-3.424743,-1.949113,-5.724214,,16.847516,1009.033122,1.212142,9.814958,,VFR,barnes,envelope,False
2026-04-29T22:36:51Z,36.570673,-75.839000,106.680000,348.360491,319.666667,2.962559,-2.593664,3.937493,138.798470,2.850044,-2.495159,3.787951,-3.424919,-1.942623,-5.705279,,16.846423,1009.031581,1.212145,9.814192,,VFR,barnes,envelope,False
2026-04-29T22:37:01Z,36.572386,-75.839440,106.680000,348.360491,319.861111,2.964039,-2.587354,3.934454,138.881810,2.934402,-2.561483,3.895114,-3.425095,-1.936143,-5.686374,,16.845327,1009.030037,1.212148,9.813423,,VFR,barnes,envelope,False
2026-04-29T22:37:11Z,36.574098,-75.839879,106.680000,348.360491,320.055556,2.965517,-2.581054,3.931429,138.965141,2.948322,-2.566088,3.908633,-3.425272,-1.929675,-5.667501,,16.844228,1009.028492,1.212150,9.812652,,VFR,barnes,envelope,False
2026-04-29T22:37:21Z,36.575811,-75.840319,106.680000,348.360491,320.250000,2.966994,-2.574765,3.928418,139.048463,2.981126,-2.587030,3.947130,-3.425449,-1.923218,-5.648659,,16.843125,1009.026944,1.212153,9.811878,,VFR,barnes,envelope,False
2026-04-29T22:37:31Z,36.577523,-75.840759,106.680000,348.360491,320.444444,2.968469,-2.568488,3.925422,139.131774,3.033611,-2.624853,4.011564,-3.425627,-1.916772,-5.629849,,16.842020,1009.025395,1.212156,9.811102,600000.000000,VFR,barnes,envelope,False
2026-04-29T22:37:41Z,36.579236,-75.841199,106.680000,348.360491,320.638889,2.969942,-2.562222,3.922441,139.215072,3.117456,-2.689485,4.117263,-3.425806,-1.910338,-5.611071,,16.840912,1009.023844,1.212159,9.810323,600000.000000,VFR,barnes,envelope,False
2026-04-29T22:37:51Z,36.580948,-75.841638,106.680000,348.360491,320.833333,2.971414,-2.555968,3.919474,139.298356,3.031862,-2.607964,3.999208,-3.425986,-1.903915,-5.592326,,16.839801,1009.022291,1.212161,9.809541,600000.000000,VFR,barnes,envelope,False
2026-04-29T22:38:01Z,36.582661,-75.842078,106.680000,348.360491,321.027778,2.972885,-2.549725,3.916522,139.381623,2.963455,-2.541638,3.904099,-3.426167,-1.897504,-5.573613,,16.838687,1009.020737,1.212164,9.808757,600000.000000,VFR,barnes,envelope,False
2026-04-29T22:38:11Z,36.584374,-75.842518,106.680000,348.360491,321.222222,2.974354,-2.543494,3.913584,139.464873,2.876670,-2.459960,3.785053,-3.426349,-1.891104,-5.554933,,16.837570,1009.019180,1.212167,9.807970,600000.000000,VFR,barnes,envelope,False
2026-04-29T22:38:21Z,36.586086,-75.842958,106.680000,348.360491,321.416667,2.975822,-2.537274,3.910662,139.548103,2.843384,-2.424354,3.736619,-3.426532,-1.884717,-5.536287,,16.836449,1009.017622,1.212170,9.807181,600000.000000,VFR,barnes,envelope,False
2026-04-29T22:38:31Z,36.587799,-75.843397,106.680000,348.360491,321.611111,2.977288,-2.531066,3.907754,139.631311,2.831582,-2.407198,3.716512,-3.426715,-1.878341,-5.517673,,16.835326,1009.016061,1.212173,9.806389,600000.000000,VFR,barnes,envelope,False
2026-04-29T22:38:41Z,36.589511,-75.843837,106.680000,348.360491,321.805556,2.978752,-2.524870,3.904861,139.714497,2.889669,-2.449360,3.788080,-3.426900,-1.871977,-5.499093,,16.834200,1009.014499,1.212176,9.805594,600000.000000,VFR,barnes,envelope,False
2026-04-29T22:38:51Z,36.591224,-75.844277,106.680000,348.360491,322.000000,2.980216,-2.518686,3.901982,139.797658,3.035100,-2.565071,3.973843,-3.427085,-1.865624,-5.480547,,16.833071,1009.012935,1.212178,9.804797,600000.000000,VFR,barnes,envelope,False
2026-04-29T22:39:01Z,36.592936,-75.844716,106.680000,348.360491,322.194444,2.981677,-2.512514,3.899119,139.880792,3.042564,-2.563821,3.978741,-3.427271,-1.859284,-5.462036,,16.831939,1009.011369,1.212181,9.803997,600000.000000,VFR,barnes,envelope,False
2026-04-29T22:39:11Z,36.594649,-75.845156,106.680000,348.360491,322.388889,2.983138,-2.506355,3.896270,139.963899,2.933241,-2.464432,3.831100,-3.427459,-1.852957,-5.443558,,16.830804,1009.009802,1.212184,9.803194,600000.000000,VFR,barnes,envelope,False
2026-04-29T22:39:21Z,36.596361,-75.845596,106.680000,348.360491,322.583333,2.984597,-2.500207,3.893437,140.046975,3.045643,-2.551346,3.973073,-3.427648,-1.846641,-5.425116,,16.829665,1009.008232,1.212187,9.802389,600000.000000,VFR,barnes,envelope,False
2026-04-29T22:39:31Z,36.598074,-75.846036,106.680000,348.360491,322.777778,2.986054,-2.494071,3.890618,140.130020,2.932409,-2.449265,3.820722,-3.427837,-1.840338,-5.406708,,16.828524,1009.006661,1.212190,9.801581,600000.000000,VFR,barnes,envelope,False
2026-04-29T22:39:41Z,36.599786,-75.846475,106.680000,348.360491,322.972222,2.987510,-2.487948,3.887815,140.213031,2.963102,-2.467622,3.856052,-3.428028,-1.834047,-5.388335,,16.827380,1009.005087,1.212193,9.800771,600000.000000,VFR,barnes,envelope,False
2026-04-29T22:39:51Z,36.601499,-75.846915,106.680000,348.360491,323.166667,2.988964,-2.481838,3.885026,140.296008,2.858236,-2.373289,3.715106,-3.428220,-1.827769,-5.369997,,16.826233,1009.003512,1.212196,9.799958,600000.000000,VFR,barnes,envelope,False
2026-04-29T22:40:01Z,36.603211,-75.847355,106.680000,348.360491,323.361111,2.990439,-2.476376,3.882674,140.371922,2.834569,-2.347300,3.680299,-3.428562,-1.822121,-5.353501,,16.825131,1009.001909,1.212198,9.799176,600000.000000,VFR,barnes,envelope,False
2026-04-29T22:40:11Z,36.604924,-75.847795,106.680000,348.360491,323.555556,2.992097,-2.476630,3.884114,140.384635,3.074522,-2.544855,3.991111,-3.430237,-1.822036,-5.353252,,16.824459,1009.000067,1.212199,9.798705,600000.000000,VFR,barnes,envelope,False
2026-04-29T22:40:21Z,36.606637,-75.848234,106.680000,348.360491,323.750000,2.993745,-2.476868,3.885535,140.397426,2.837034,-2.347214,3.682143,-3.431899,-1.821936,-5.352961,,16.823782,1008.998225,1.212200,9.798233,600000.000000,VFR,barnes,envelope,False
2026-04-29T22:40:31Z,36.608349,-75.848674,106.680000,348.360491,323.944444,2.995382,-2.477089,3.886937,140.410294,2.927862,-2.421252,3.799320,-3.433547,-1.821823,-5.352629,,16.823099,1008.996383,1.212200,9.797761,600000.000000,VFR,barnes,envelope,False
2026-04-29T22:40:41Z,36.610062,-75.849114,106.680000,348.360491,324.138889,2.997008,-2.477293,3.888321,140.423241,2.833918,-2.342485,3.676728,-3.435181,-1.821695,-5.352256,,16.822412,1008.994541,1.212201,9.797289,600000.000000,VFR,barnes,envelope,False
2026-04-29T22:40:51Z,36.611774,-75.849554,106.680000,348.360491,324.333333,2.998623,-2.477481,3.889686,140.436265,2.835274,-2.342522,3.677796,-3.436801,-1.821553,-5.351842,,16.821719,1008.992699,1.212202,9.796817,600000.000000,VFR,barnes,envelope,False
2026-04-29T22:41:01Z,36.613487,-75.849993,106.680000,348.360491,324.527778,3.000227,-2.477653,3.891032,140.449368,2.899263,-2.394274,3.760089,-3.438407,-1.821397,-5.351387,,16.821021,1008.990857,1.212202,9.796344,600000.000000,VFR,barnes,envelope,False
2026-04-29T22:41:11Z,36.615199,-75.850433,106.680000,348.360491,324.722222,3.001821,-2.477808,3.892359,140.462549,2.762537,-2.280294,3.582088,-3.439999,-1.821227,-5.350891,,16.820317,1008.989014,1.212203,9.795871,600000.000000,VFR,barnes,envelope,False
2026-04-29T22:41:21Z,36.616912,-75.850873,106.680000,348.360491,324.916667,3.003404,-2.477946,3.893668,140.475808,2.735437,-2.256861,3.546271,-3.441577,-1.821043,-5.350353,,16.819609,1008.987172,1.212204,9.795398,600000.000000,VFR,barnes,envelope,False
2026-04-29T22:41:31Z,36.618624,-75.851313,106.680000,348.360491,325.111111,3.004976,-2.478067,3.894958,140.489145,2.828626,-2.332639,3.666379,-3.443141,-1.820845,-5.349774,,16.818895,1008.985330,1.212204,9.794925,600000.000000,VFR,barnes,envelope,False
2026-04-29T22:41:41Z,36.620337,-75.851752,106.680000,348.360491,325.305556,3.006537,-2.478172,3.896229,140.502561,2.728963,-2.249379,3.536516,-3.444691,-1.820633,-5.349154,,16.818176,1008.983488,1.212205,9.794452,600000.000000,VFR,barnes,envelope,False
2026-04-29T22:41:51Z,36.622049,-75.852192,106.680000,348.360491,325.500000,3.008087,-2.478260,3.897481,140.516055,2.587095,-2.131419,3.352015,-3.446227,-1.820406,-5.348492,,16.817452,1008.981646,1.212206,9.793979,600000.000000,VFR,barnes,envelope,False
2026-04-29T22:42:01Z,36.623762,-75.852632,106.680000,348.360491,325.694444,3.009626,-2.478331,3.898714,140.529628,2.644880,-2.177974,3.426217,-3.447749,-1.820166,-5.347790,,16.816722,1008.979804,1.212207,9.793505,600000.000000,VFR,barnes,envelope,False
2026-04-29T22:42:11Z,36.625475,-75.853071,106.680000,348.360491,325.888889,3.011154,-2.478386,3.899929,140.543279,2.722670,-2.240944,3.526296,-3.449257,-1.819911,-5.347046,,16.815987,1008.977961,1.212208,9.793031,600000.000000,VFR,barnes,envelope,False
2026-04-29T22:42:21Z,36.627187,-75.853511,106.680000,348.360491,326.083333,3.012671,-2.478424,3.901125,140.557009,2.671017,-2.197357,3.458715,-3.450750,-1.819642,-5.346260,,16.815247,1008.976119,1.212209,9.792557,600000.000000,VFR,barnes,envelope,False
2026-04-29T22:42:31Z,36.628900,-75.853951,106.680000,348.360491,326.277778,3.014178,-2.478446,3.902302,140.570818,2.673129,-2.198014,3.460764,-3.452230,-1.819359,-5.345434,,16.814502,1008.974277,1.212210,9.792083,600000.000000,VFR,barnes,envelope,False
2026-04-29T22:42:41Z,36.630612,-75.854391,106.680000,348.360491,326.472222,3.015673,-2.478450,3.903460,140.584705,2.741824,-2.253385,3.548992,-3.453695,-1.819062,-5.344566,,16.813751,1008.972434,1.212210,9.791609,600000.000000,VFR,barnes,envelope,False
2026-04-29T22:42:51Z,36.632325,-75.854830,106.680000,348.360491,326.666667,3.017157,-2.478438,3.904599,140.598672,2.771352,-2.276522,3.586495,-3.455147,-1.818751,-5.343656,,16.812995,1008.970592,1.212211,9.791135,600000.000000,VFR,barnes,envelope,False
2026-04-29T22:43:01Z,36.634037,-75.855270,106.680000,348.360491,326.861111,3.018631,-2.478409,3.905719,140.612718,2.892372,-2.374746,3.742357,-3.456584,-1.818425,-5.342706,,16.812234,1008.968749,1.212212,9.790660,600000.000000,VFR,barnes,envelope,False
2026-04-29T22:43:11Z,36.635750,-75.855710,106.680000,348.360491,327.055556,3.020093,-2.478364,3.906821,140.626842,2.912137,-2.389772,3.767167,-3.458007,-1.818086,-5.341714,,16.811467,1008.966906,1.212213,9.790186,600000.000000,VFR,barnes,envelope,False
2026-04-29T22:43:21Z,36.637462,-75.856150,106.680000,348.360491,327.250000,3.021544,-2.478301,3.907903,140.641047,2.879455,-2.361758,3.724133,-3.459416,-1.817732,-5.340680,,16.810695,1008.965064,1.212214,9.789711,600000.000000,VFR,barnes,envelope,False
2026-04-29T22:43:31Z,36.639175,-75.856589,106.680000,348.360491,327.444444,3.022985,-2.478222,3.908967,140.655330,2.876606,-2.358222,3.719687,-3.460811,-1.817364,-5.339605,,16.809918,1008.963221,1.212215,9.789236,600000.000000,VFR,barnes,envelope,False
2026-04-29T22:43:41Z,36.640887,-75.857029,106.680000,348.360491,327.638889,3.024414,-2.478127,3.910011,140.669693,2.931757,-2.402206,3.790224,-3.462191,-1.816982,-5.338489,,16.809136,1008.961378,1.212217,9.788761,600000.000000,VFR,barnes,envelope,False
2026-04-29T22:43:51Z,36.642600,-75.857469,106.680000,348.360491,327.833333,3.025832,-2.478014,3.911037,140.684135,2.931140,-2.400466,3.788643,-3.463557,-1.816585,-5.337331,,16.808348,1008.959535,1.212218,9.788286,600000.000000,VFR,barnes,envelope,False
2026-04-29T22:44:01Z,36.644312,-75.857909,106.680000,348.360491,328.027778,3.027239,-2.477885,3.912044,140.698657,2.980299,-2.439463,3.851384,-3.464909,-1.816175,-5.336132,,16.807555,1008.957692,1.212219,9.787811,600000.000000,VFR,barnes,envelope,False
2026-04-29T22:44:11Z,36.646025,-75.858348,106.680000,348.360491,328.222222,3.028635,-2.477739,3.913032,140.713259,2.989632,-2.445831,3.862640,-3.466247,-1.815750,-5.334891,,16.806756,1008.955849,1.212220,9.787335,600000.000000,VFR,barnes,envelope,False
2026-04-29T22:44:21Z,36.647738,-75.858788,106.680000,348.360491,328.416667,3.030020,-2.477576,3.914001,140.727940,2.999939,-2.452979,3.875144,-3.467571,-1.815311,-5.333609,,16.805952,1008.954005,1.212221,9.786860,600000.000000,VFR,barnes,envelope,False
2026-04-29T22:44:31Z,36.649450,-75.859228,106.680000,348.360491,328.611111,3.031393,-2.477396,3.914950,140.742702,2.991346,-2.444667,3.863230,-3.468880,-1.814858,-5.332285,,16.805143,1008.952162,1.212222,9.786384,600000.000000,VFR,barnes,envelope,False
2026-04-29T22:44:41Z,36.651093,-75.859957,106.680000,338.202051,328.805556,3.032770,-2.477110,3.915836,140.758695,3.020368,-2.466980,3.899822,-3.735761,-1.173822,-3.454638,,16.804645,1008.950170,1.212222,9.785887,600000.000000,VFR,barnes,envelope,False
2026-04-29T22:44:51Z,36.652716,-75.860768,106.680000,338.202051,329.000000,3.034142,-2.476784,3.916692,140.775082,2.999293,-2.448337,3.871706,-3.736914,-1.173010,-3.452254,,16.804231,1008.948137,1.212221,9.785383,600000.000000,VFR,barnes,envelope,False
2026-04-29T22:45:01Z,36.654340,-75.861579,106.680000,338.202051,329.194444,3.034995,-2.476990,3.917483,140.780630,3.010073,-2.456650,3.885314,-3.737782,-1.172885,-3.451887,,16.803812,1008.946128,1.212220,9.784879,600000.000000,VFR,barnes,envelope,False
2026-04-29T22:45:11Z,36.655963,-75.862390,106.680000,338.202051,329.388889,3.031258,-2.482105,3.917827,140.688128,3.029892,-2.480986,3.916061,-3.736211,-1.179021,-3.469903,,16.803387,1008.944352,1.212220,9.784374,600000.000000,VFR,barnes,envelope,False
2026-04-29T22:45:21Z,36.657587,-75.863200,106.680000,338.202051,329.583333,3.027534,-2.487219,3.918191,140.595761,3.033168,-2.491848,3.925482,-3.734653,-1.185153,-3.487904,,16.802957,1008.942572,1.212220,9.783870,600000.000000,VFR,barnes,envelope,False
2026-04-29T22:45:31Z,36.659210,-75.864011,106.680000,338.202051,329.777778,3.023823,-2.492334,3.918576,140.503531,3.004652,-2.476533,3.893731,-3.733107,-1.191280,-3.505892,,16.802521,1008.940790,1.212219,9.783365,600000.000000,VFR,barnes,envelope,False
2026-04-29T22:45:41Z,36.660834,-75.864822,106.680000,338.202051,329.972222,3.020126,-2.497450,3.918981,140.411440,3.019859,-2.497230,3.918636,-3.731574,-1.197403,-3.523865,,16.802079,1008.939004,1.212219,9.782861,600000.000000,VFR,barnes,envelope,False
2026-04-29T22:45:51Z,36.662457,-75.865633,106.680000,338.202051,330.166667,3.016442,-2.502566,3.919408,140.319489,3.047075,-2.527980,3.959210,-3.730053,-1.203521,-3.541824,,16.801633,1008.937216,1.212219,9.782356,600000.000000,VFR,barnes,envelope,False
2026-04-29T22:46:01Z,36.664080,-75.866444,106.680000,338.202051,330.361111,3.012771,-2.507682,3.919854,140.227679,3.056755,-2.544292,3.977081,-3.728544,-1.209634,-3.559768,,16.801180,1008.935425,1.212219,9.781852,600000.000000,VFR,barnes,envelope,False
2026-04-29T22:46:11Z,36.665704,-75.867255,106.680000,338.202051,330.555556,3.009114,-2.512798,3.920322,140.136013,3.042781,-2.540912,3.964183,-3.727049,-1.215743,-3.577699,,16.800722,1008.933630,1.212218,9.781347,600000.000000,VFR,barnes,envelope,False
2026-04-29T22:46:21Z,36.667327,-75.868065,106.680000,338.202051,330.750000,3.005470,-2.517915,3.920809,140.044491,3.025428,-2.534635,3.946846,-3.725565,-1.221846,-3.595614,,16.800259,1008.931833,1.212218,9.780842,600000.000000,VFR,barnes,envelope,False
2026-04-29T22:46:31Z,36.668951,-75.868876,106.680000,338.202051,330.944444,3.001840,-2.523032,3.921318,139.953115,3.017210,-2.535950,3.941395,-3.724095,-1.227946,-3.613515,,16.799790,1008.930032,1.212218,9.780337,600000.000000,VFR,barnes,envelope,False
2026-04-29T22:46:41Z,36.670574,-75.869687,106.680000,338.202051,331.138889,2.998223,-2.528149,3.921846,139.861886,3.003593,-2.532677,3.928871,-3.722637,-1.234040,-3.631402,,16.799316,1008.928229,1.212218,9.779832,600000.000000,VFR,barnes,envelope,False
2026-04-29T22:46:51Z,36.672197,-75.870498,106.680000,338.202051,331.333333,2.994620,-2.533266,3.922395,139.770806,3.012583,-2.548462,3.945924,-3.721191,-1.240130,-3.649273,,16.798836,1008.926422,1.212218,9.779327,600000.000000,VFR,barnes,envelope,False
2026-04-29T22:47:01Z,36.673821,-75.871309,106.680000,338.202051,331.527778,2.991030,-2.538384,3.922965,139.679877,2.956330,-2.508936,3.877453,-3.719758,-1.246215,-3.667131,,16.798351,1008.924613,1.212217,9.778822,600000.000000,VFR,barnes,envelope,False
2026-04-29T22:47:11Z,36.675444,-75.872120,106.680000,338.202051,331.722222,2.987453,-2.543502,3.923555,139.589100,2.924749,-2.490116,3.841203,-3.718338,-1.252295,-3.684973,,16.797860,1008.922800,1.212217,9.778316,600000.000000,VFR,barnes,envelope,False
2026-04-29T22:47:21Z,36.677068,-75.872930,106.680000,338.202051,331.916667,2.983891,-2.548621,3.924165,139.498475,2.967686,-2.534780,3.902854,-3.716931,-1.258370,-3.702801,,16.797363,1008.920985,1.212217,9.777811,600000.000000,VFR,barnes,envelope,False
2026-04-29T22:47:31Z,36.678691,-75.873741,106.680000,338.202051,332.111111,2.980341,-2.553739,3.924795,139.408005,2.975674,-2.549740,3.918649,-3.715536,-1.264441,-3.720613,,16.796861,1008.919166,1.212217,9.777306,550000.000000,VFR,barnes,envelope,False
2026-04-29T22:47:41Z,36.680314,-75.874552,106.680000,338.202051,332.305556,2.976806,-2.558858,3.925446,139.317691,2.959637,-2.544099,3.902805,-3.714154,-1.270506,-3.738411,,16.796354,1008.917344,1.212217,9.776801,550000.000000,VFR,barnes,envelope,False
2026-04-29T22:47:51Z,36.681938,-75.875363,106.680000,338.202051,332.500000,2.973283,-2.563977,3.926117,139.227535,2.964023,-2.555992,3.913889,-3.712784,-1.276567,-3.756194,,16.795841,1008.915520,1.212217,9.776295,550000.000000,VFR,barnes,envelope,False
2026-04-29T22:48:01Z,36.683561,-75.876174,106.680000,338.202051,332.694444,2.969775,-2.569096,3.926808,139.137537,2.940132,-2.543452,3.887612,-3.711428,-1.282623,-3.773962,,16.795323,1008.913692,1.212217,9.775790,550000.000000,VFR,barnes,envelope,False
2026-04-29T22:48:11Z,36.685185,-75.876985,106.680000,338.202051,332.888889,2.966280,-2.574216,3.927519,139.047699,2.952407,-2.562176,3.909150,-3.710084,-1.288674,-3.791715,,16.794799,1008.911861,1.212217,9.775285,550000.000000,VFR,barnes,envelope,False
2026-04-29T22:48:21Z,36.686808,-75.877795,106.680000,338.202051,333.083333,2.962799,-2.579335,3.928250,138.958023,2.913735,-2.536622,3.863199,-3.708753,-1.294721,-3.809453,,16.794269,1008.910027,1.212217,9.774779,550000.000000,VFR,barnes,envelope,False
2026-04-29T22:48:31Z,36.688432,-75.878606,106.680000,338.202051,333.277778,2.959331,-2.584455,3.929001,138.868509,2.851833,-2.490574,3.786280,-3.707434,-1.300762,-3.827175,,16.793734,1008.908191,1.212217,9.774274,550000.000000,VFR,barnes,envelope,False
2026-04-29T22:48:41Z,36.690055,-75.879417,106.680000,338.202051,333.472222,2.955877,-2.589575,3.929772,138.779160,2.883328,-2.526016,3.833319,-3.706128,-1.306798,-3.844883,,16.793193,1008.906351,1.212217,9.773769,550000.000000,VFR,barnes,envelope,False
2026-04-29T22:48:51Z,36.691678,-75.880228,106.680000,338.202051,333.666667,2.952437,-2.594695,3.930563,138.689975,2.847894,-2.502819,3.791386,-3.704835,-1.312830,-3.862575,,16.792647,1008.904508,1.212217,9.773264,550000.000000,VFR,barnes,envelope,False
2026-04-29T22:49:01Z,36.693302,-75.881039,106.680000,338.202051,333.861111,2.949011,-2.599815,3.931374,138.600958,2.746023,-2.420863,3.660768,-3.703555,-1.318856,-3.880252,,16.792096,1008.902662,1.212217,9.772758,550000.000000,VFR,barnes,envelope,False
2026-04-29T22:49:11Z,36.694925,-75.881850,106.680000,338.202051,334.055556,2.945598,-2.604936,3.932205,138.512109,2.737007,-2.420468,3.653748,-3.702288,-1.324878,-3.897913,,16.791539,1008.900813,1.212217,9.772253,550000.000000,VFR,barnes,envelope,False
2026-04-29T22:49:21Z,36.696549,-75.882661,106.680000,338.202051,334.250000,2.942199,-2.610056,3.933056,138.423429,2.800855,-2.484668,3.744111,-3.701033,-1.330894,-3.915560,,16.790976,1008.898960,1.212217,9.771748,550000.000000,VFR,barnes,envelope,False
2026-04-29T22:49:31Z,36.698172,-75.883471,106.680000,338.202051,334.444444,2.938814,-2.615177,3.933926,138.334920,2.844388,-2.531150,3.807527,-3.699792,-1.336906,-3.933190,,16.790408,1008.897105,1.212218,9.771243,550000.000000,VFR,barnes,envelope,False
2026-04-29T22:49:41Z,36.699795,-75.884282,106.680000,338.202051,334.638889,2.935443,-2.620297,3.934817,138.246582,2.847659,-2.541938,3.817147,-3.698563,-1.342912,-3.950806,,16.789834,1008.895247,1.212218,9.770738,550000.000000,VFR,barnes,envelope,False
2026-04-29T22:49:51Z,36.701419,-75.885093,106.680000,338.202051,334.833333,2.932085,-2.625418,3.935727,138.158418,2.788496,-2.496847,3.742988,-3.697347,-1.348914,-3.968406,,16.789254,1008.893385,1.212218,9.770233,550000.000000,VFR,barnes,envelope,False
2026-04-29T22:50:01Z,36.703042,-75.885904,106.680000,338.202051,335.027778,2.929187,-2.629678,3.936413,138.084090,2.814922,-2.527096,3.782856,-3.696238,-1.353945,-3.983160,,17.469090,1008.891583,1.209380,9.769693,550000.000000,VFR,barnes,envelope,False
2026-04-29T22:50:11Z,36.704666,-75.886715,106.680000,338.202051,335.222222,2.930308,-2.626183,3.934913,138.132860,2.765406,-2.478396,3.713478,-3.695981,-1.350284,-3.972423,,17.466798,1008.890332,1.209388,9.768834,550000.000000,VFR,barnes,envelope,False
2026-04-29T22:50:21Z,36.706289,-75.887526,106.680000,338.202051,335.416667,2.931429,-2.622682,3.933412,138.181735,2.933969,-2.624955,3.936821,-3.695721,-1.346617,-3.961670,,17.464501,1008.889080,1.209396,9.767974,550000.000000,VFR,barnes,envelope,False
2026-04-29T22:50:31Z,36.707912,-75.888336,106.680000,338.202051,335.611111,2.932550,-2.619174,3.931911,138.230715,3.017471,-2.695021,4.045772,-3.695460,-1.342944,-3.950899,,17.462198,1008.887828,1.209404,9.767110,550000.000000,VFR,barnes,envelope,False
2026-04-29T22:50:41Z,36.709536,-75.889147,106.680000,338.202051,335.805556,2.933670,-2.615661,3.930408,138.279802,3.078808,-2.745065,4.124856,-3.695196,-1.339265,-3.940110,,17.459889,1008.886574,1.209412,9.766244,550000.000000,VFR,barnes,envelope,False
2026-04-29T22:50:51Z,36.711159,-75.889958,106.680000,338.202051,336.000000,2.934791,-2.612141,3.928903,138.328995,3.036319,-2.702507,4.064822,-3.694930,-1.335581,-3.929305,,17.457575,1008.885318,1.209420,9.765375,550000.000000,VFR,barnes,envelope,False
2026-04-29T22:51:01Z,36.712783,-75.890769,106.680000,338.202051,336.194444,2.935922,-2.608626,3.927412,138.378265,2.995969,-2.661978,4.007737,-3.694674,-1.331897,-3.918501,,17.455254,1008.884057,1.209429,9.764531,550000.000000,VFR,barnes,envelope,False
2026-04-29T22:51:11Z,36.714406,-75.891580,106.680000,338.202051,336.388889,2.937134,-2.605201,3.926045,138.427369,3.028797,-2.686505,4.048570,-3.694527,-1.328268,-3.907856,,17.452928,1008.882753,1.209437,9.763932,550000.000000,VFR,barnes,envelope,False
2026-04-29T22:51:21Z,36.716029,-75.892391,106.680000,338.202051,336.583333,2.938346,-2.601772,3.924678,138.476574,2.968596,-2.628557,3.965082,-3.694380,-1.324633,-3.897196,,17.450596,1008.881447,1.209445,9.763332,550000.000000,VFR,barnes,envelope,False
2026-04-29T22:51:31Z,36.717653,-75.893201,106.680000,338.202051,336.777778,2.939560,-2.598337,3.923311,138.525880,2.927587,-2.587754,3.907331,-3.694231,-1.320993,-3.886520,,17.448258,1008.880140,1.209453,9.762731,550000.000000,VFR,barnes,envelope,False
2026-04-29T22:51:41Z,36.719276,-75.894012,106.680000,338.202051,336.972222,2.940775,-2.594897,3.921944,138.575287,2.870607,-2.532982,3.828365,-3.694082,-1.317348,-3.875828,,17.445915,1008.878831,1.209461,9.762130,550000.000000,VFR,barnes,envelope,False
2026-04-29T22:51:51Z,36.720900,-75.894823,106.680000,338.202051,337.166667,2.941990,-2.591451,3.920577,138.624796,2.841998,-2.503374,3.787326,-3.693931,-1.313697,-3.865120,,17.443565,1008.877521,1.209469,9.761528,550000.000000,VFR,barnes,envelope,False
2026-04-29T22:52:01Z,36.722523,-75.895634,106.680000,338.202051,337.361111,2.943174,-2.588017,3.919197,138.673916,2.859916,-2.514805,3.808328,-3.693755,-1.310069,-3.854476,,17.441201,1008.876220,1.209478,9.760926,550000.000000,VFR,barnes,envelope,False
2026-04-29T22:52:11Z,36.724147,-75.896445,106.680000,338.202051,337.555556,2.944070,-2.584726,3.917698,138.718708,2.892376,-2.539342,3.848909,-3.693364,-1.306681,-3.844537,,17.438753,1008.875014,1.209486,9.760324,550000.000000,VFR,barnes,envelope,False
2026-04-29T22:52:21Z,36.725770,-75.897256,106.680000,338.202051,337.750000,2.944965,-2.581430,3.916197,138.763578,2.962393,-2.596708,3.939374,-3.692972,-1.303289,-3.834587,,17.436298,1008.873806,1.209495,9.759720,550000.000000,VFR,barnes,envelope,False
2026-04-29T22:52:31Z,36.727393,-75.898066,106.680000,338.202051,337.944444,2.945859,-2.578130,3.914696,138.808527,2.910327,-2.547034,3.867478,-3.692577,-1.299892,-3.824624,,17.433837,1008.872598,1.209504,9.759117,550000.000000,VFR,barnes,envelope,False
2026-04-29T22:52:41Z,36.729017,-75.898877,106.680000,338.202051,338.138889,2.946753,-2.574826,3.913193,138.853555,2.972325,-2.597170,3.947152,-3.692179,-1.296492,-3.814650,,17.431369,1008.871388,1.209513,9.758512,550000.000000,VFR,barnes,envelope,False
2026-04-29T22:52:51Z,36.730640,-75.899688,106.680000,338.202051,338.333333,2.947646,-2.571517,3.911689,138.898661,2.945325,-2.569492,3.908610,-3.691780,-1.293088,-3.804663,,17.428896,1008.870178,1.209522,9.757908,550000.000000,VFR,barnes,envelope,False
2026-04-29T22:53:01Z,36.732264,-75.900499,106.680000,338.202051,338.527778,2.948069,-2.567821,3.909580,138.943559,2.917383,-2.541092,3.868885,-3.690801,-1.289499,-3.794134,,17.426416,1008.869185,1.209531,9.757302,550000.000000,VFR,barnes,envelope,False
2026-04-29T22:53:11Z,36.733887,-75.901310,106.680000,338.202051,338.722222,2.944264,-2.560672,3.902017,138.986016,2.967069,-2.580506,3.932240,-3.684613,-1.284274,-3.778806,,17.423930,1008.870157,1.209542,9.756697,550000.000000,VFR,barnes,envelope,False
2026-04-29T22:53:21Z,36.735510,-75.902121,106.680000,338.202051,338.916667,2.940446,-2.553507,3.894435,139.028684,2.959454,-2.570014,3.919610,-3.678407,-1.279040,-3.763448,,17.421438,1008.871135,1.209554,9.756090,550000.000000,VFR,barnes,envelope,False
2026-04-29T22:53:31Z,36.737134,-75.902931,106.680000,338.202051,339.111111,2.936614,-2.546327,3.886834,139.071566,2.939547,-2.548870,3.890717,-3.672182,-1.273796,-3.748062,,17.418940,1008.872118,1.209565,9.755484,550000.000000,VFR,barnes,envelope,False
2026-04-29T22:53:41Z,36.738757,-75.903742,106.680000,338.202051,339.305556,2.932768,-2.539130,3.879215,139.114664,2.942317,-2.547397,3.891845,-3.665939,-1.268542,-3.732646,,17.416436,1008.873107,1.209577,9.754876,550000.000000,VFR,barnes,envelope,False
2026-04-29T22:53:51Z,36.740381,-75.904553,106.680000,338.202051,339.500000,2.928909,-2.531918,3.871578,139.157979,2.920024,-2.524236,3.859833,-3.659678,-1.263278,-3.717201,,17.413925,1008.874102,1.209589,9.754269,550000.000000,VFR,barnes,envelope,False
2026-04-29T22:54:01Z,36.742004,-75.905364,106.680000,338.202051,339.694444,2.925708,-2.521775,3.862528,139.240745,2.921051,-2.517761,3.856379,-3.652940,-1.255049,-3.693056,,17.411408,1008.875026,1.209600,9.753801,550000.000000,VFR,barnes,envelope,False
2026-04-29T22:54:11Z,36.743627,-75.906175,106.680000,338.202051,339.888889,2.928526,-2.485427,3.841043,139.678879,2.918860,-2.477224,3.828365,-3.642059,-1.220254,-3.590940,,17.408886,1008.875274,1.209611,9.754600,550000.000000,VFR,barnes,envelope,False
2026-04-29T22:54:21Z,36.745251,-75.906986,106.680000,338.202051,340.083333,2.931305,-2.449128,3.819788,140.120984,2.923755,-2.442820,3.809950,-3.631161,-1.185518,-3.488977,,17.406356,1008.875525,1.209622,9.755410,550000.000000,VFR,barnes,envelope,False
2026-04-29T22:54:31Z,36.746874,-75.907797,106.680000,338.202051,340.277778,2.934047,-2.412879,3.798766,140.567071,2.937359,-2.415602,3.803053,-3.620246,-1.150843,-3.387168,,17.403821,1008.875779,1.209633,9.756230,550000.000000,VFR,barnes,envelope,False
2026-04-29T22:54:41Z,36.748498,-75.908607,106.680000,338.202051,340.472222,2.936752,-2.376680,3.777978,141.017148,2.939676,-2.379047,3.781740,-3.609315,-1.116227,-3.285515,,17.401280,1008.876035,1.209644,9.757061,550000.000000,VFR,barnes,envelope,False
2026-04-29T22:54:51Z,36.750121,-75.909418,106.680000,338.202051,340.666667,2.939418,-2.340530,3.757428,141.471223,2.966367,-2.361988,3.791875,-3.598367,-1.081673,-3.184018,,17.398732,1008.876295,1.209655,9.757902,550000.000000,VFR,barnes,envelope,False
2026-04-29T22:55:01Z,36.751745,-75.910229,106.680000,338.202051,340.861111,2.941733,-2.308918,3.739638,141.872213,2.975295,-2.335260,3.782303,-3.588777,-1.051461,-3.095262,,16.843275,1008.876494,1.211972,9.758559,1100000.000000,VFR,barnes,envelope,False
2026-04-29T22:55:11Z,36.753368,-75.911040,106.680000,338.202051,341.055556,2.941197,-2.317701,3.744647,141.761440,2.965973,-2.337225,3.776191,-3.591542,-1.059815,-3.119806,,16.842010,1008.876119,1.211977,9.757461,1100000.000000,VFR,barnes,envelope,False
2026-04-29T22:55:21Z,36.754991,-75.911851,106.680000,338.202051,341.250000,2.940659,-2.326474,3.749661,141.651061,2.962249,-2.343554,3.777190,-3.594300,-1.068160,-3.144324,,16.840741,1008.875743,1.211982,9.756359,1100000.000000,VFR,barnes,envelope,False
2026-04-29T22:55:31Z,36.756615,-75.912662,106.680000,338.202051,341.444444,2.940118,-2.335236,3.754680,141.541075,2.952778,-2.345291,3.770847,-3.597051,-1.076497,-3.168815,,16.839468,1008.875367,1.211986,9.755254,1100000.000000,VFR,barnes,envelope,False
2026-04-29T22:55:41Z,36.758238,-75.913472,106.680000,338.202051,341.638889,2.939574,-2.343988,3.759704,141.431481,2.934327,-2.339804,3.752993,-3.599795,-1.084825,-3.193278,,16.838190,1008.874990,1.211991,9.754144,1100000.000000,VFR,barnes,envelope,False
2026-04-29T22:55:51Z,36.759862,-75.914283,106.680000,338.202051,341.833333,2.939026,-2.352729,3.764732,141.322278,2.949057,-2.360758,3.777581,-3.602533,-1.093144,-3.217715,,16.836907,1008.874613,1.211996,9.753031,1100000.000000,VFR,barnes,envelope,False
2026-04-29T22:56:01Z,36.761485,-75.915094,106.680000,338.202051,342.027778,2.938444,-2.361491,3.769761,141.212784,2.943875,-2.365855,3.776727,-3.605246,-1.101496,-3.242247,,16.835616,1008.874236,1.212001,9.751914,1100000.000000,VFR,barnes,envelope,False
2026-04-29T22:56:11Z,36.763108,-75.915905,106.680000,338.202051,342.222222,2.937576,-2.370529,3.774753,141.097583,2.948557,-2.379391,3.788863,-3.607796,-1.110211,-3.267844,,16.834281,1008.873867,1.212006,9.750793,1100000.000000,VFR,barnes,envelope,False
2026-04-29T22:56:21Z,36.764732,-75.916716,106.680000,338.202051,342.416667,2.936705,-2.379556,3.779752,140.982812,2.939660,-2.381950,3.783554,-3.610339,-1.118915,-3.293409,,16.832941,1008.873497,1.212011,9.749668,1100000.000000,VFR,barnes,envelope,False
2026-04-29T22:56:31Z,36.766355,-75.917527,106.680000,338.202051,342.611111,2.935833,-2.388570,3.784756,140.868470,2.949622,-2.399789,3.802533,-3.612877,-1.127609,-3.318941,,16.831598,1008.873126,1.212017,9.748539,1100000.000000,VFR,barnes,envelope,False
2026-04-29T22:56:41Z,36.767979,-75.918337,106.680000,338.202051,342.805556,2.934958,-2.397572,3.789767,140.754555,2.950403,-2.410189,3.809710,-3.615408,-1.136292,-3.344441,,16.830250,1008.872755,1.212022,9.747406,1100000.000000,VFR,barnes,envelope,False
2026-04-29T22:56:51Z,36.769602,-75.919148,106.680000,338.202051,343.000000,2.934082,-2.406562,3.794783,140.641066,2.945903,-2.416258,3.810071,-3.617933,-1.144965,-3.369908,,16.828897,1008.872383,1.212027,9.746269,1100000.000000,VFR,barnes,envelope,False
2026-04-29T22:57:01Z,36.771225,-75.919959,106.680000,338.202051,343.194444,2.933204,-2.415540,3.799805,140.528001,2.944053,-2.424474,3.813859,-3.620451,-1.153627,-3.395343,,16.827541,1008.872010,1.212032,9.745129,1100000.000000,VFR,barnes,envelope,False
2026-04-29T22:57:11Z,36.772849,-75.920770,106.680000,338.202051,343.388889,2.932324,-2.424506,3.804833,140.415360,2.933973,-2.425869,3.806972,-3.622963,-1.162278,-3.420745,,16.826180,1008.871637,1.212037,9.743984,1100000.000000,VFR,barnes,envelope,False
2026-04-29T22:57:21Z,36.774472,-75.921581,106.680000,338.202051,343.583333,2.931442,-2.433459,3.809866,140.303141,2.923827,-2.427137,3.799968,-3.625469,-1.170919,-3.446114,,16.824815,1008.871263,1.212043,9.742835,1100000.000000,VFR,barnes,envelope,False
2026-04-29T22:57:31Z,36.776096,-75.922392,106.680000,338.202051,343.777778,2.930559,-2.442400,3.814904,140.191342,2.927237,-2.439631,3.810579,-3.627969,-1.179548,-3.471450,,16.823445,1008.870888,1.212048,9.741683,1100000.000000,VFR,barnes,envelope,False
2026-04-29T22:57:41Z,36.777719,-75.923202,106.680000,338.202051,343.972222,2.929673,-2.451328,3.819947,140.079962,2.917556,-2.441190,3.804148,-3.630462,-1.188167,-3.496753,,16.822071,1008.870513,1.212053,9.740526,1100000.000000,VFR,barnes,envelope,False
2026-04-29T22:57:51Z,36.779343,-75.924013,106.680000,338.202051,344.166667,2.928786,-2.460245,3.824995,139.968999,2.919975,-2.452843,3.813488,-3.632949,-1.196775,-3.522024,,16.820693,1008.870137,1.212059,9.739366,1100000.000000,VFR,barnes,envelope,False
2026-04-29T22:58:01Z,36.780966,-75.924824,106.680000,338.202051,344.361111,2.927896,-2.469148,3.830048,139.858453,2.927051,-2.468436,3.828943,-3.635429,-1.205373,-3.547261,,16.819310,1008.869760,1.212064,9.738202,1100000.000000,VFR,barnes,envelope,False
2026-04-29T22:58:11Z,36.782589,-75.925635,106.680000,338.202051,344.555556,2.927005,-2.478040,3.835106,139.748322,2.939301,-2.488450,3.851217,-3.637903,-1.213959,-3.572465,,16.817923,1008.869383,1.212069,9.737033,1100000.000000,VFR,barnes,envelope,False
2026-04-29T22:58:21Z,36.784213,-75.926446,106.680000,338.202051,344.750000,2.926111,-2.486918,3.840168,139.638604,2.924774,-2.485782,3.838413,-3.640371,-1.222535,-3.597635,,16.816532,1008.869005,1.212075,9.735861,1100000.000000,VFR,barnes,envelope,False
2026-04-29T22:58:31Z,36.785836,-75.927257,106.680000,338.202051,344.944444,2.925216,-2.495785,3.845235,139.529299,2.922028,-2.493064,3.841044,-3.642832,-1.231100,-3.622773,,16.815136,1008.868626,1.212080,9.734684,1100000.000000,VFR,barnes,envelope,False
2026-04-29T22:58:41Z,36.787460,-75.928068,106.680000,338.202051,345.138889,2.924319,-2.504638,3.850305,139.420404,2.917945,-2.499179,3.841914,-3.645286,-1.239654,-3.647876,,16.813736,1008.868246,1.212085,9.733504,1100000.000000,VFR,barnes,envelope,False
2026-04-29T22:58:51Z,36.789083,-75.928878,106.680000,338.202051,345.333333,2.923419,-2.513479,3.855380,139.311918,2.920817,-2.511242,3.851948,-3.647734,-1.248197,-3.672947,,16.812331,1008.867866,1.212091,9.732320,1100000.000000,VFR,barnes,envelope,False
2026-04-29T22:59:01Z,36.790721,-75.929611,106.680000,355.047294,345.527778,2.922529,-2.522204,3.860400,139.205117,2.921005,-2.520889,3.858387,-3.129368,-2.260475,-6.631041,,16.810864,1008.867528,1.212097,9.731168,1100000.000000,VFR,barnes,envelope,False
2026-04-29T22:59:11Z,36.792464,-75.929800,106.680000,355.047294,345.722222,2.921742,-2.529939,3.864863,139.110678,2.907612,-2.517704,3.846173,-3.129251,-2.268249,-6.653642,,16.809059,1008.867478,1.212104,9.730330,1100000.000000,VFR,barnes,envelope,False
2026-04-29T22:59:21Z,36.794206,-75.929988,106.680000,355.047294,345.916667,2.920955,-2.537649,3.869321,139.016743,2.897549,-2.517315,3.838315,-3.129133,-2.275998,-6.676169,,16.807253,1008.867428,1.212112,9.729490,1100000.000000,VFR,barnes,envelope,False
2026-04-29T22:59:31Z,36.795948,-75.930177,106.680000,355.047294,346.111111,2.920169,-2.545334,3.873772,138.923310,2.906209,-2.533166,3.855254,-3.129013,-2.283722,-6.698620,,16.805445,1008.867378,1.212119,9.728649,1100000.000000,VFR,barnes,envelope,False
2026-04-29T22:59:41Z,36.797690,-75.930366,106.680000,355.047294,346.305556,2.919383,-2.552994,3.878218,138.830377,2.898144,-2.534421,3.850004,-3.128891,-2.291421,-6.720996,,16.803636,1008.867327,1.212127,9.727807,1100000.000000,VFR,barnes,envelope,False
2026-04-29T22:59:51Z,36.799432,-75.930555,106.680000,355.047294,346.500000,2.918597,-2.560628,3.882657,138.737942,2.900723,-2.544946,3.858878,-3.128768,-2.299095,-6.743296,,16.801825,1008.867277,1.212134,9.726962,1100000.000000,VFR,barnes,envelope,False
2026-04-29T23:00:01Z,36.801174,-75.930744,106.680000,355.047294,346.694444,2.917773,-2.567555,3.886610,138.653160,2.901165,-2.552941,3.864488,-3.128545,-2.306068,-6.763559,,16.723179,1008.867100,1.212463,9.726180,1100000.000000,VFR,barnes,envelope,False
2026-04-29T23:00:11Z,36.802916,-75.930933,106.680000,355.047294,346.888889,2.916602,-2.568333,3.886245,138.633146,2.923296,-2.574228,3.895164,-3.127445,-2.306943,-6.766104,,16.721727,1008.865784,1.212467,9.725971,1100000.000000,VFR,barnes,envelope,False
2026-04-29T23:00:21Z,36.804658,-75.931122,106.680000,355.047294,347.083333,2.915442,-2.569101,3.885882,138.613356,2.922721,-2.575515,3.895584,-3.126356,-2.307808,-6.768616,,16.720272,1008.864468,1.212472,9.725766,1100000.000000,VFR,barnes,envelope,False
2026-04-29T23:00:31Z,36.806401,-75.931311,106.680000,355.047294,347.277778,2.914295,-2.569858,3.885522,138.593791,2.919267,-2.574242,3.892152,-3.125278,-2.308662,-6.771097,,16.718815,1008.863151,1.212476,9.725564,1100000.000000,VFR,barnes,envelope,False
2026-04-29T23:00:41Z,36.808143,-75.931500,106.680000,355.047294,347.472222,2.913160,-2.570605,3.885165,138.574449,2.927392,-2.583164,3.904147,-3.124212,-2.309505,-6.773545,,16.717355,1008.861835,1.212481,9.725366,1100000.000000,VFR,barnes,envelope,False
2026-04-29T23:00:51Z,36.809885,-75.931688,106.680000,355.047294,347.666667,2.912036,-2.571343,3.884811,138.555331,2.937847,-2.594134,3.919244,-3.123156,-2.310336,-6.775962,,16.715893,1008.860518,1.212485,9.725171,1100000.000000,VFR,barnes,envelope,False
2026-04-29T23:01:01Z,36.811627,-75.931877,106.680000,355.047294,347.861111,2.911022,-2.572186,3.884609,138.536106,2.956971,-2.612787,3.945926,-3.122218,-2.311264,-6.778657,,16.714406,1008.859217,1.212490,9.724955,1100000.000000,VFR,barnes,envelope,False
2026-04-29T23:01:11Z,36.813369,-75.932066,106.680000,355.047294,348.055556,2.910895,-2.574063,3.885757,138.514130,2.952948,-2.611250,3.941894,-3.122254,-2.313144,-6.784121,,16.712720,1008.858065,1.212496,9.724521,1100000.000000,VFR,barnes,envelope,False
2026-04-29T23:01:21Z,36.815111,-75.932255,106.680000,355.047294,348.250000,2.910786,-2.575936,3.886916,138.492375,2.935426,-2.597742,3.919820,-3.122307,-2.315020,-6.789572,,16.711030,1008.856914,1.212501,9.724090,1100000.000000,VFR,barnes,envelope,False
2026-04-29T23:01:31Z,36.816853,-75.932444,106.680000,355.047294,348.444444,2.910694,-2.577807,3.888088,138.470839,2.920900,-2.586845,3.901720,-3.122377,-2.316892,-6.795009,,16.709336,1008.855763,1.212507,9.723661,1100000.000000,VFR,barnes,envelope,False
2026-04-29T23:01:41Z,36.818596,-75.932633,106.680000,355.047294,348.638889,2.910620,-2.579674,3.889271,138.449523,2.920349,-2.588297,3.902271,-3.122465,-2.318759,-6.800433,,16.707639,1008.854613,1.212513,9.723235,1100000.000000,VFR,barnes,envelope,False
2026-04-29T23:01:51Z,36.820338,-75.932822,106.680000,355.047294,348.833333,2.910564,-2.581539,3.890466,138.428425,2.912659,-2.583397,3.893266,-3.122570,-2.320621,-6.805844,,16.705937,1008.853464,1.212518,9.722810,1100000.000000,VFR,barnes,envelope,False
2026-04-29T23:02:01Z,36.822080,-75.933011,106.680000,355.047294,349.027778,2.910526,-2.583401,3.891673,138.407545,2.898228,-2.572484,3.875229,-3.122693,-2.322479,-6.811243,,16.704231,1008.852315,1.212524,9.722387,1100000.000000,VFR,barnes,envelope,False
2026-04-29T23:02:11Z,36.823822,-75.933200,106.680000,355.047294,349.222222,2.910506,-2.585260,3.892892,138.386883,2.906845,-2.582008,3.887997,-3.122833,-2.324333,-6.816628,,16.702521,1008.851167,1.212530,9.721967,1100000.000000,VFR,barnes,envelope,False
2026-04-29T23:02:21Z,36.825564,-75.933389,106.680000,355.047294,349.416667,2.910503,-2.587116,3.894123,138.366438,2.909611,-2.586323,3.892930,-3.122991,-2.326183,-6.822001,,16.700808,1008.850020,1.212536,9.721549,1100000.000000,VFR,barnes,envelope,False
2026-04-29T23:02:31Z,36.827306,-75.933577,106.680000,355.047294,349.611111,2.910518,-2.588969,3.895366,138.346211,2.899987,-2.579601,3.881271,-3.123166,-2.328028,-6.827362,,16.699090,1008.848873,1.212542,9.721133,1100000.000000,VFR,barnes,envelope,False
2026-04-29T23:02:41Z,36.829048,-75.933766,106.680000,355.047294,349.805556,2.910551,-2.590820,3.896622,138.326200,2.906053,-2.586816,3.890599,-3.123359,-2.329869,-6.832710,,16.697368,1008.847727,1.212547,9.720719,1100000.000000,VFR,barnes,envelope,False
2026-04-29T23:02:51Z,36.830791,-75.933955,106.680000,355.047294,350.000000,2.910603,-2.592669,3.897889,138.306405,2.891903,-2.576012,3.872846,-3.123569,-2.331706,-6.838047,,16.695642,1008.846582,1.212553,9.720308,1100000.000000,VFR,barnes,envelope,False
2026-04-29T23:03:01Z,36.832533,-75.934144,106.680000,355.047294,350.194444,2.910671,-2.594514,3.899168,138.286826,2.926531,-2.608652,3.920414,-3.123797,-2.333539,-6.843371,,16.693912,1008.845437,1.212559,9.719898,1100000.000000,VFR,barnes,envelope,False
2026-04-29T23:03:11Z,36.834275,-75.934333,106.680000,355.047294,350.388889,2.910758,-2.596358,3.900460,138.267463,2.939313,-2.621828,3.938724,-3.124043,-2.335368,-6.848683,,16.692178,1008.844293,1.212565,9.719492,1100000.000000,VFR,barnes,envelope,False
2026-04-29T23:03:21Z,36.836017,-75.934522,106.680000,355.047294,350.583333,2.910863,-2.598198,3.901764,138.248315,2.916734,-2.603439,3.909633,-3.124306,-2.337193,-6.853984,,16.690440,1008.843149,1.212571,9.719087,1100000.000000,VFR,barnes,envelope,False
2026-04-29T23:03:31Z,36.837759,-75.934711,106.680000,355.047294,350.777778,2.910986,-2.600037,3.903080,138.229381,2.916622,-2.605071,3.910637,-3.124587,-2.339014,-6.859273,,16.688698,1008.842006,1.212577,9.718685,1100000.000000,VFR,barnes,envelope,False
2026-04-29T23:03:41Z,36.839501,-75.934900,106.680000,355.047294,350.972222,2.911127,-2.601873,3.904408,138.210661,2.915392,-2.605685,3.910128,-3.124886,-2.340831,-6.864551,,16.686952,1008.840864,1.212583,9.718285,1100000.000000,VFR,barnes,envelope,False
2026-04-29T23:03:51Z,36.841243,-75.935089,106.680000,355.047294,351.166667,2.911285,-2.603707,3.905748,138.192155,2.921551,-2.612888,3.919521,-3.125202,-2.342644,-6.869818,,16.685202,1008.839722,1.212589,9.717888,1100000.000000,VFR,barnes,envelope,False
2026-04-29T23:04:01Z,36.842986,-75.935277,106.680000,355.047294,351.361111,2.911462,-2.605538,3.907101,138.173863,2.924280,-2.617009,3.924303,-3.125537,-2.344454,-6.875074,,16.683448,1008.838581,1.212595,9.717493,1100000.000000,VFR,barnes,envelope,False
2026-04-29T23:04:11Z,36.844728,-75.935466,106.680000,355.047294,351.555556,2.911657,-2.607368,3.908467,138.155783,2.904251,-2.600736,3.898526,-3.125889,-2.346259,-6.880318,,16.681690,1008.837441,1.212601,9.717100,1100000.000000,VFR,barnes,envelope,False
2026-04-29T23:04:21Z,36.846470,-75.935655,106.680000,355.047294,351.750000,2.911870,-2.609195,3.909845,138.137916,2.891474,-2.590919,3.882458,-3.126258,-2.348061,-6.885552,,16.679927,1008.836301,1.212607,9.716710,1100000.000000,VFR,barnes,envelope,False
2026-04-29T23:04:31Z,36.848212,-75.935844,106.680000,355.047294,351.944444,2.912101,-2.611020,3.911235,138.120261,2.886859,-2.588388,3.877333,-3.126646,-2.349860,-6.890775,,16.678161,1008.835162,1.212613,9.716323,1100000.000000,VFR,barnes,envelope,False
2026-04-29T23:04:41Z,36.849954,-75.936033,106.680000,355.047294,352.138889,2.912350,-2.612844,3.912637,138.102817,2.907580,-2.608564,3.906229,-3.127052,-2.351655,-6.895988,,16.676390,1008.834024,1.212619,9.715937,1100000.000000,VFR,barnes,envelope,False
2026-04-29T23:04:51Z,36.851696,-75.936222,106.680000,355.047294,352.333333,2.912617,-2.614665,3.914053,138.085584,2.914723,-2.616556,3.916884,-3.127475,-2.353446,-6.901190,,16.674616,1008.832886,1.212625,9.715555,1100000.000000,VFR,barnes,envelope,False
2026-04-29T23:05:01Z,36.853438,-75.936411,106.680000,355.047294,352.527778,2.912804,-2.616334,3.915307,138.069237,2.907841,-2.611876,3.908637,-3.127806,-2.355093,-6.905973,,16.672837,1008.831790,1.212631,9.715336,1100000.000000,VFR,barnes,envelope,False
2026-04-29T23:05:11Z,36.855181,-75.936600,106.680000,355.047294,352.722222,2.912105,-2.616659,3.915004,138.058859,2.912438,-2.616959,3.915453,-3.127137,-2.355477,-6.907088,,16.671054,1008.831061,1.212637,9.716575,1100000.000000,VFR,barnes,envelope,False
2026-04-29T23:05:21Z,36.856923,-75.936789,106.680000,355.047294,352.916667,2.911384,-2.616997,3.914694,138.048129,2.894795,-2.602085,3.892388,-3.126448,-2.355876,-6.908246,,16.669267,1008.830334,1.212644,9.717828,1100000.000000,VFR,barnes,envelope,False
2026-04-29T23:05:31Z,36.858665,-75.936978,106.680000,355.047294,353.111111,2.910641,-2.617347,3.914376,138.037046,2.874539,-2.584883,3.865823,-3.125738,-2.356289,-6.909447,,16.667476,1008.829608,1.212651,9.719093,1100000.000000,VFR,barnes,envelope,False
2026-04-29T23:05:41Z,36.860407,-75.937166,106.680000,355.047294,353.305556,2.909877,-2.617711,3.914051,138.025611,2.901014,-2.609738,3.902129,-3.125008,-2.356717,-6.910690,,16.665681,1008.828885,1.212657,9.720372,1100000.000000,VFR,barnes,envelope,False
2026-04-29T23:05:51Z,36.862149,-75.937355,106.680000,355.047294,353.500000,2.909092,-2.618087,3.913719,138.013821,2.900088,-2.609985,3.901606,-3.124258,-2.357160,-6.911977,,16.663881,1008.828163,1.212664,9.721664,1100000.000000,VFR,barnes,envelope,False
2026-04-29T23:06:01Z,36.863891,-75.937544,106.680000,355.047294,353.694444,2.908285,-2.618477,3.913380,138.001677,2.901802,-2.612640,3.904656,-3.123488,-2.357618,-6.913306,,16.662078,1008.827443,1.212671,9.722970,1100000.000000,VFR,barnes,envelope,False
2026-04-29T23:06:11Z,36.865633,-75.937733,106.680000,355.047294,353.888889,2.907456,-2.618880,3.913034,137.989177,2.912728,-2.623628,3.920129,-3.122697,-2.358091,-6.914679,,16.660270,1008.826724,1.212677,9.724289,1100000.000000,VFR,barnes,envelope,False
2026-04-29T23:06:21Z,36.867375,-75.937922,106.680000,355.047294,354.083333,2.906606,-2.619296,3.912680,137.976321,2.893639,-2.607611,3.895225,-3.121886,-2.358579,-6.916096,,16.658459,1008.826008,1.212684,9.725621,1100000.000000,VFR,barnes,envelope,False
2026-04-29T23:06:31Z,36.869118,-75.938111,106.680000,355.047294,354.277778,2.905734,-2.619725,3.912320,137.963108,2.889172,-2.604793,3.890020,-3.121055,-2.359082,-6.917555,,16.656643,1008.825293,1.212691,9.726967,1100000.000000,VFR,barnes,envelope,False
2026-04-29T23:06:41Z,36.870860,-75.938300,106.680000,355.047294,354.472222,2.904841,-2.620167,3.911953,137.949537,2.903647,-2.619090,3.910345,-3.120204,-2.359599,-6.919059,,16.654823,1008.824580,1.212698,9.728327,1100000.000000,VFR,barnes,envelope,False
2026-04-29T23:06:51Z,36.872602,-75.938489,106.680000,355.047294,354.666667,2.903927,-2.620623,3.911580,137.935608,2.896778,-2.614171,3.901950,-3.119332,-2.360132,-6.920607,,16.652999,1008.823868,1.212704,9.729700,1100000.000000,VFR,barnes,envelope,False
2026-04-29T23:07:01Z,36.874344,-75.938678,106.680000,355.047294,354.861111,2.902991,-2.621092,3.911199,137.921320,2.913632,-2.630699,3.925535,-3.118440,-2.360680,-6.922198,,16.651170,1008.823159,1.212711,9.731087,1100000.000000,VFR,barnes,envelope,False
2026-04-29T23:07:11Z,36.876086,-75.938866,106.680000,355.047294,355.055556,2.902033,-2.621574,3.910812,137.906672,2.912331,-2.630877,3.924689,-3.117527,-2.361244,-6.923834,,16.649338,1008.822451,1.212718,9.732488,1100000.000000,VFR,barnes,envelope,False
2026-04-29T23:07:21Z,36.877828,-75.939055,106.680000,355.047294,355.250000,2.901054,-2.622070,3.910418,137.891664,2.922355,-2.641323,3.939130,-3.116595,-2.361822,-6.925514,,16.647501,1008.821744,1.212725,9.733902,1100000.000000,VFR,barnes,envelope,False
2026-04-29T23:07:31Z,36.879570,-75.939244,106.680000,355.047294,355.444444,2.900054,-2.622580,3.910017,137.876295,2.909249,-2.630896,3.922415,-3.115642,-2.362416,-6.927239,,16.645661,1008.821040,1.212732,9.735331,1100000.000000,VFR,barnes,envelope,False
2026-04-29T23:07:41Z,36.881313,-75.939433,106.680000,355.047294,355.638889,2.899031,-2.623103,3.909610,137.860563,2.894701,-2.619185,3.903770,-3.114669,-2.363026,-6.929008,,16.643816,1008.820337,1.212738,9.736773,1100000.000000,VFR,barnes,envelope,False
2026-04-29T23:07:51Z,36.883055,-75.939622,106.680000,355.047294,355.833333,2.897988,-2.623639,3.909196,137.844469,2.892597,-2.618759,3.901925,-3.113675,-2.363650,-6.930822,,16.641966,1008.819636,1.212745,9.738229,1100000.000000,VFR,barnes,envelope,False
2026-04-29T23:08:01Z,36.884797,-75.939811,106.680000,355.047294,356.027778,2.896923,-2.624190,3.908776,137.828013,2.887387,-2.615552,3.895910,-3.112662,-2.364290,-6.932681,,16.640113,1008.818937,1.212752,9.739700,1100000.000000,VFR,barnes,envelope,False
2026-04-29T23:08:11Z,36.886539,-75.940000,106.680000,355.047294,356.222222,2.895836,-2.624753,3.908350,137.811198,2.896669,-2.625507,3.909473,-3.111628,-2.364946,-6.934583,,16.638256,1008.818240,1.212759,9.741184,1100000.000000,VFR,barnes,envelope,False
2026-04-29T23:08:21Z,36.888281,-75.940189,106.680000,355.047294,356.416667,2.894729,-2.625330,3.907917,137.794018,2.873239,-2.605841,3.878905,-3.110574,-2.365616,-6.936531,,16.636394,1008.817544,1.212766,9.742683,1100000.000000,VFR,barnes,envelope,False
2026-04-29T23:08:31Z,36.890023,-75.940378,106.680000,355.047294,356.611111,2.893599,-2.625921,3.907478,137.776473,2.852019,-2.588188,3.851328,-3.109500,-2.366303,-6.938524,,16.634528,1008.816850,1.212773,9.744196,1100000.000000,VFR,barnes,envelope,False
2026-04-29T23:08:41Z,36.891765,-75.940567,106.680000,355.047294,356.805556,2.892448,-2.626526,3.907032,137.758562,2.868973,-2.605209,3.875322,-3.108406,-2.367005,-6.940563,,16.632658,1008.816158,1.212780,9.745723,1100000.000000,VFR,barnes,envelope,False
2026-04-29T23:08:51Z,36.893508,-75.940755,106.680000,355.047294,357.000000,2.891276,-2.627145,3.906580,137.740284,2.869731,-2.607569,3.877470,-3.107291,-2.367723,-6.942647,,16.630784,1008.815468,1.212787,9.747265,1100000.000000,VFR,barnes,envelope,False
2026-04-29T23:09:01Z,36.895250,-75.940944,106.680000,355.047294,357.194444,2.890082,-2.627778,3.906123,137.721638,2.854682,-2.595590,3.858276,-3.106157,-2.368456,-6.944777,,16.628906,1008.814779,1.212794,9.748821,1100000.000000,VFR,barnes,envelope,False
2026-04-29T23:09:11Z,36.896992,-75.941133,106.680000,355.047294,357.388889,2.888867,-2.628425,3.905659,137.702625,2.869043,-2.610388,3.878858,-3.105002,-2.369205,-6.946952,,16.627023,1008.814092,1.212801,9.750392,1100000.000000,VFR,barnes,envelope,False
2026-04-29T23:09:21Z,36.898734,-75.941322,106.680000,355.047294,357.583333,2.887630,-2.629086,3.905189,137.683242,2.883934,-2.625720,3.900190,-3.103827,-2.369971,-6.949174,,16.625136,1008.813407,1.212808,9.751977,1100000.000000,VFR,barnes,envelope,False
2026-04-29T23:09:31Z,36.900476,-75.941511,106.680000,355.047294,357.777778,2.886372,-2.629761,3.904713,137.663490,2.867583,-2.612642,3.879295,-3.102632,-2.370752,-6.951442,,16.623245,1008.812723,1.212815,9.753577,1100000.000000,VFR,barnes,envelope,False
2026-04-29T23:09:41Z,36.902218,-75.941700,106.680000,355.047294,357.972222,2.885093,-2.630450,3.904232,137.643368,2.867046,-2.613996,3.879811,-3.101416,-2.371549,-6.953756,,16.621350,1008.812042,1.212823,9.755191,1100000.000000,VFR,barnes,envelope,False
2026-04-29T23:09:51Z,36.903960,-75.941889,106.680000,355.047294,358.166667,2.883792,-2.631153,3.903744,137.622874,2.870868,-2.619361,3.886249,-3.100181,-2.372362,-6.956116,,16.619451,1008.811361,1.212830,9.756821,1100000.000000,VFR,barnes,envelope,False
2026-04-29T23:10:01Z,36.905703,-75.942078,106.680000,355.047294,358.361111,2.882559,-2.631076,3.902782,137.611505,2.851248,-2.602498,3.860390,-3.098946,-2.372392,-6.956203,,16.617495,1008.810671,1.212837,9.758277,1100000.000000,VFR,barnes,envelope,False
2026-04-29T23:10:11Z,36.907445,-75.942267,106.680000,355.047294,358.555556,2.882120,-2.623863,3.897598,137.685480,2.858831,-2.602660,3.866103,-3.097886,-2.365243,-6.935447,,16.615065,1008.809870,1.212846,9.758053,1100000.000000,VFR,barnes,envelope,False
2026-04-29T23:10:21Z,36.909187,-75.942456,106.680000,355.047294,358.750000,2.881679,-2.616657,3.892425,137.759541,2.899855,-2.633162,3.916976,-3.096825,-2.358102,-6.914712,,16.612633,1008.809073,1.212855,9.757829,1100000.000000,VFR,barnes,envelope,False
2026-04-29T23:10:31Z,36.910929,-75.942644,106.680000,355.047294,358.944444,2.881236,-2.609460,3.887261,137.833688,2.916185,-2.641113,3.934414,-3.095762,-2.350970,-6.893999,,16.610198,1008.808280,1.212865,9.757608,1100000.000000,VFR,barnes,envelope,False
2026-04-29T23:10:41Z,36.912671,-75.942833,106.680000,355.047294,359.138889,2.880790,-2.602270,3.882108,137.907921,2.916975,-2.634957,3.930871,-3.094697,-2.343846,-6.873308,,16.607761,1008.807492,1.212874,9.757388,1100000.000000,VFR,barnes,envelope,False
2026-04-29T23:10:51Z,36.914413,-75.943022,106.680000,355.047294,359.333333,2.880342,-2.595089,3.876964,137.982239,2.882126,-2.596696,3.879366,-3.093630,-2.336730,-6.852639,,16.605322,1008.806708,1.212883,9.757169,1100000.000000,VFR,barnes,envelope,False
2026-04-29T23:11:01Z,36.916155,-75.943211,106.680000,355.047294,359.527778,2.879891,-2.587915,3.871831,138.056643,2.864673,-2.574240,3.851371,-3.092562,-2.329622,-6.831991,,16.602880,1008.805927,1.212893,9.756952,1100000.000000,VFR,barnes,envelope,False
2026-04-29T23:11:11Z,36.917898,-75.943400,106.680000,355.047294,359.722222,2.879438,-2.580749,3.866708,138.131132,2.870594,-2.572823,3.854831,-3.091492,-2.322522,-6.811366,,16.600435,1008.805151,1.212902,9.756736,1100000.000000,VFR,barnes,envelope,False
2026-04-29T23:11:21Z,36.919640,-75.943589,106.680000,355.047294,359.916667,2.878983,-2.573592,3.861595,138.205706,2.882640,-2.576861,3.866501,-3.090421,-2.315431,-6.790763,,16.597989,1008.804379,1.212911,9.756522,1100000.000000,VFR,barnes,envelope,False
2026-04-29T23:11:31Z,36.921382,-75.943778,106.680000,355.047294,360.111111,2.878525,-2.566443,3.856493,138.280365,2.926010,-2.608779,3.920110,-3.089348,-2.308347,-6.770183,,16.595539,1008.803611,1.212920,9.756309,1100000.000000,VFR,barnes,envelope,False
2026-04-29T23:11:41Z,36.923124,-75.943967,106.680000,355.047294,360.305556,2.878065,-2.559301,3.851400,138.355108,2.903264,-2.581709,3.885121,-3.088273,-2.301273,-6.749625,,16.593087,1008.802847,1.212930,9.756098,1100000.000000,VFR,barnes,envelope,False
2026-04-29T23:11:51Z,36.924866,-75.944156,106.680000,355.047294,360.500000,2.877603,-2.552168,3.846318,138.429935,2.871245,-2.546529,3.837819,-3.087196,-2.294206,-6.729089,,16.590633,1008.802088,1.212939,9.755888,1100000.000000,VFR,barnes,envelope,False
2026-04-29T23:12:01Z,36.926608,-75.944344,106.680000,355.047294,360.694444,2.877139,-2.545043,3.841246,138.504846,2.886225,-2.553081,3.853377,-3.086119,-2.287148,-6.708576,,16.588176,1008.801332,1.212949,9.755680,1100000.000000,VFR,barnes,envelope,False
2026-04-29T23:12:11Z,36.928350,-75.944533,106.680000,355.047294,360.888889,2.876672,-2.537927,3.836185,138.579841,2.887171,-2.547189,3.850185,-3.085039,-2.280098,-6.688085,,16.585717,1008.800580,1.212958,9.755473,1100000.000000,VFR,barnes,envelope,False
2026-04-29T23:12:21Z,36.930092,-75.944722,106.680000,355.047294,361.083333,2.876203,-2.530818,3.831134,138.654919,2.912030,-2.562343,3.878855,-3.083958,-2.273057,-6.667617,,16.583255,1008.799833,1.212967,9.755268,1100000.000000,VFR,barnes,envelope,False
2026-04-29T23:12:31Z,36.931835,-75.944911,106.680000,355.047294,361.277778,2.875732,-2.523718,3.826093,138.730081,2.876643,-2.524518,3.827305,-3.082876,-2.266024,-6.647172,,16.580791,1008.799090,1.212977,9.755064,1100000.000000,VFR,barnes,envelope,False
2026-04-29T23:12:41Z,36.933577,-75.945100,106.680000,355.047294,361.472222,2.875258,-2.516626,3.821063,138.805325,2.875707,-2.517019,3.821659,-3.081792,-2.258999,-6.626750,,16.578324,1008.798350,1.212986,9.754862,1100000.000000,VFR,barnes,envelope,False
2026-04-29T23:12:51Z,36.935319,-75.945289,106.680000,355.047294,361.666667,2.874783,-2.509543,3.816043,138.880652,2.892840,-2.525306,3.840012,-3.080707,-2.251983,-6.606351,,16.575855,1008.797615,1.212996,9.754662,1100000.000000,VFR,barnes,envelope,False
2026-04-29T23:13:01Z,36.937061,-75.945478,106.680000,355.047294,361.861111,2.874305,-2.502468,3.811033,138.956061,2.864078,-2.493564,3.797473,-3.079620,-2.244976,-6.585975,,16.573383,1008.796884,1.213005,9.754463,1100000.000000,VFR,barnes,envelope,False
2026-04-29T23:13:11Z,36.938803,-75.945667,106.680000,355.047294,362.055556,2.873825,-2.495401,3.806034,139.031553,2.812101,-2.441805,3.724288,-3.078532,-2.237977,-6.565622,,16.570909,1008.796157,1.213015,9.754266,1100000.000000,VFR,barnes,envelope,False
2026-04-29T23:13:21Z,36.940545,-75.945856,106.680000,355.047294,362.250000,2.873343,-2.488343,3.801046,139.107126,2.829468,-2.450346,3.743005,-3.077442,-2.230986,-6.545292,,16.568432,1008.795434,1.213024,9.754070,1100000.000000,VFR,barnes,envelope,False
2026-04-29T23:13:31Z,36.942287,-75.946045,106.680000,355.047294,362.444444,2.872859,-2.481293,3.796068,139.182781,2.811438,-2.428243,3.714909,-3.076351,-2.224004,-6.524985,,16.565953,1008.794715,1.213034,9.753876,1100000.000000,VFR,barnes,envelope,False
2026-04-29T23:13:41Z,36.944030,-75.946233,106.680000,355.047294,362.638889,2.872373,-2.474251,3.791101,139.258517,2.831073,-2.438675,3.736590,-3.075259,-2.217031,-6.504702,,16.563471,1008.794000,1.213043,9.753683,1100000.000000,VFR,barnes,envelope,False
2026-04-29T23:13:51Z,36.944058,-75.948307,106.680000,267.638943,362.833333,2.872125,-2.466095,3.785595,139.349597,2.844764,-2.442601,3.749531,-2.345680,2.971282,8.688090,,16.564119,1008.792266,1.213038,9.753747,1100000.000000,VFR,barnes,envelope,False
2026-04-29T23:14:01Z,36.943984,-75.950493,106.680000,267.638943,363.027778,2.871870,-2.457876,3.780052,139.441600,2.856890,-2.445055,3.760334,-2.337478,2.970688,8.686381,,16.564956,1008.790462,1.213033,9.753828,1100000.000000,VFR,barnes,envelope,False
2026-04-29T23:14:11Z,36.943910,-75.952679,106.680000,267.638943,363.222222,2.871422,-2.449660,3.774374,139.531926,2.851990,-2.433083,3.748832,-2.329288,2.969902,8.684116,,16.565841,1008.788535,1.213027,9.753910,1100000.000000,VFR,barnes,envelope,False
2026-04-29T23:14:21Z,36.943836,-75.954865,106.680000,267.638943,363.416667,2.870974,-2.441448,3.768708,139.622493,2.849739,-2.423390,3.740833,-2.321101,2.969116,8.681854,,16.566724,1008.786613,1.213021,9.753994,1100000.000000,VFR,barnes,envelope,False
2026-04-29T23:14:31Z,36.943762,-75.957051,106.680000,267.638943,363.611111,2.870527,-2.433238,3.763054,139.713299,2.887994,-2.448045,3.785953,-2.312917,2.968331,8.679593,,16.567605,1008.784696,1.213015,9.754079,1100000.000000,VFR,barnes,envelope,False
2026-04-29T23:14:41Z,36.943688,-75.959237,106.680000,267.638943,363.805556,2.870080,-2.425033,3.757412,139.804344,2.932726,-2.477965,3.839426,-2.304737,2.967546,8.677334,,16.568485,1008.782784,1.213009,9.754166,1100000.000000,VFR,barnes,envelope,False
2026-04-29T23:14:51Z,36.943614,-75.961423,106.680000,267.638943,364.000000,2.869634,-2.416830,3.751782,139.895629,2.942862,-2.478504,3.847521,-2.296560,2.966763,8.675078,,16.569362,1008.780878,1.213003,9.754254,1100000.000000,VFR,barnes,envelope,False
2026-04-29T23:15:01Z,36.943540,-75.963609,106.680000,267.638943,364.194444,2.869427,-2.409448,3.746872,139.979928,2.942674,-2.470954,3.842518,-2.289192,2.966252,8.673605,,16.570238,1008.778986,1.212997,9.754201,1100000.000000,VFR,barnes,envelope,False
2026-04-29T23:15:11Z,36.943466,-75.965795,106.680000,267.638943,364.388889,2.871350,-2.409413,3.748323,139.999239,2.887827,-2.423240,3.769832,-2.289078,2.968172,8.679134,,16.571111,1008.777181,1.212991,9.752868,1100000.000000,VFR,barnes,envelope,False
2026-04-29T23:15:21Z,36.943393,-75.967981,106.680000,267.638943,364.583333,2.873253,-2.409369,3.749752,140.018451,2.892634,-2.425621,3.775045,-2.288955,2.970071,8.684604,,16.571983,1008.775382,1.212985,9.751537,1100000.000000,VFR,barnes,envelope,False
2026-04-29T23:15:31Z,36.943319,-75.970167,106.680000,267.638943,364.777778,2.875136,-2.409315,3.751160,140.037563,2.864780,-2.400637,3.737649,-2.288824,2.971950,8.690015,,16.572854,1008.773589,1.212979,9.750208,1100000.000000,VFR,barnes,envelope,False
2026-04-29T23:15:41Z,36.943245,-75.972352,106.680000,267.638943,364.972222,2.876999,-2.409251,3.752548,140.056578,2.866731,-2.400653,3.739155,-2.288684,2.973809,8.695367,,16.573722,1008.771802,1.212974,9.748881,1100000.000000,VFR,barnes,envelope,False
2026-04-29T23:15:51Z,36.943171,-75.974538,106.680000,267.638943,365.166667,2.878842,-2.409178,3.753914,140.075495,2.876839,-2.407502,3.751302,-2.288535,2.975648,8.700661,,16.574588,1008.770021,1.212968,9.747557,1100000.000000,VFR,barnes,envelope,False
2026-04-29T23:16:01Z,36.943097,-75.976724,106.680000,267.638943,365.361111,2.880665,-2.409095,3.755259,140.094315,2.836373,-2.372054,3.697519,-2.288377,2.977466,8.705895,,16.575453,1008.768246,1.212962,9.746236,1100000.000000,VFR,barnes,envelope,False
2026-04-29T23:16:11Z,36.943023,-75.978910,106.680000,267.638943,365.555556,2.882468,-2.409003,3.756583,140.113038,2.825612,-2.361486,3.682486,-2.288210,2.979264,8.711072,,16.576315,1008.766478,1.212956,9.744916,1100000.000000,VFR,barnes,envelope,False
2026-04-29T23:16:21Z,36.942949,-75.981096,106.680000,267.638943,365.750000,2.884251,-2.408901,3.757886,140.131665,2.876685,-2.402582,3.748028,-2.288035,2.981041,8.716189,,16.577176,1008.764715,1.212951,9.743599,1100000.000000,VFR,barnes,envelope,False
2026-04-29T23:16:31Z,36.942875,-75.983282,106.680000,267.638943,365.944444,2.886015,-2.408790,3.759169,140.150197,2.875696,-2.400178,3.745728,-2.287851,2.982798,8.721248,,16.578035,1008.762959,1.212945,9.742284,1100000.000000,VFR,barnes,envelope,False
2026-04-29T23:16:41Z,36.942801,-75.985468,106.680000,267.638943,366.138889,2.887758,-2.408669,3.760430,140.168634,2.900005,-2.418884,3.776377,-2.287658,2.984536,8.726249,,16.578892,1008.761208,1.212939,9.740972,1100000.000000,VFR,barnes,envelope,False
2026-04-29T23:16:51Z,36.942728,-75.987654,106.680000,267.638943,366.333333,2.889482,-2.408539,3.761670,140.186977,2.923764,-2.437114,3.806300,-2.287457,2.986253,8.731192,,16.579747,1008.759464,1.212933,9.739662,1100000.000000,VFR,barnes,envelope,False
2026-04-29T23:17:01Z,36.942654,-75.989840,106.680000,267.638943,366.527778,2.891186,-2.408399,3.762890,140.205226,2.913407,-2.426909,3.791810,-2.287247,2.987949,8.736077,,16.580600,1008.757725,1.212928,9.738355,1100000.000000,VFR,barnes,envelope,False
2026-04-29T23:17:11Z,36.942580,-75.992026,106.680000,267.638943,366.722222,2.892871,-2.408249,3.764089,140.223381,2.897083,-2.411756,3.769570,-2.287029,2.989626,8.740904,,16.581451,1008.755993,1.212922,9.737050,1100000.000000,VFR,barnes,envelope,False
2026-04-29T23:17:21Z,36.942506,-75.994212,106.680000,267.638943,366.916667,2.894535,-2.408091,3.765267,140.241444,2.912075,-2.422683,3.788083,-2.286802,2.991283,8.745673,,16.582300,1008.754267,1.212917,9.735747,1100000.000000,VFR,barnes,envelope,False
2026-04-29T23:17:31Z,36.942432,-75.996398,106.680000,267.638943,367.111111,2.896180,-2.407923,3.766424,140.259415,2.926725,-2.433318,3.806147,-2.286566,2.992920,8.750384,,16.583147,1008.752546,1.212911,9.734447,1100000.000000,VFR,barnes,envelope,False
2026-04-29T23:17:41Z,36.942358,-75.998584,106.680000,267.638943,367.305556,2.897806,-2.407745,3.767561,140.277294,2.920899,-2.426933,3.797586,-2.286321,2.994536,8.755038,,16.583992,1008.750832,1.212905,9.733149,1100000.000000,VFR,barnes,envelope,False
2026-04-29T23:17:51Z,36.942284,-76.000770,106.680000,267.638943,367.500000,2.899411,-2.407558,3.768677,140.295083,2.919224,-2.424010,3.794429,-2.286069,2.996133,8.759634,,16.584835,1008.749124,1.212900,9.731853,1100000.000000,VFR,barnes,envelope,False
2026-04-29T23:18:01Z,36.942210,-76.002955,106.680000,267.638943,367.694444,2.900998,-2.407362,3.769772,140.312780,2.927566,-2.429409,3.804297,-2.285807,2.997710,8.764172,,16.585677,1008.747421,1.212894,9.730560,1100000.000000,VFR,barnes,envelope,False
2026-04-29T23:18:11Z,36.942136,-76.005141,106.680000,267.638943,367.888889,2.902565,-2.407156,3.770846,140.330388,2.905253,-2.409386,3.774339,-2.285537,2.999267,8.768654,,16.586516,1008.745725,1.212889,9.729270,1100000.000000,VFR,barnes,envelope,False
2026-04-29T23:18:21Z,36.942063,-76.007327,106.680000,267.638943,368.083333,2.904112,-2.406941,3.771900,140.347905,2.913501,-2.414723,3.784096,-2.285258,3.000804,8.773078,,16.587353,1008.744034,1.212883,9.727982,1100000.000000,VFR,barnes,envelope,False
2026-04-29T23:18:31Z,36.941989,-76.009513,106.680000,267.638943,368.277778,2.905640,-2.406717,3.772934,140.365334,2.902857,-2.404412,3.769321,-2.284971,3.002321,8.777445,,16.588189,1008.742350,1.212878,9.726696,1100000.000000,VFR,barnes,envelope,False
2026-04-29T23:18:41Z,36.941915,-76.011699,106.680000,267.638943,368.472222,2.907148,-2.406483,3.773946,140.382675,2.899523,-2.400171,3.764048,-2.284676,3.003819,8.781754,,16.589022,1008.740671,1.212872,9.725413,1100000.000000,VFR,barnes,envelope,False
2026-04-29T23:18:51Z,36.941841,-76.013885,106.680000,267.638943,368.666667,2.908637,-2.406240,3.774939,140.399927,2.912545,-2.409473,3.780011,-2.284372,3.005297,8.786007,,16.589853,1008.738998,1.212867,9.724132,1100000.000000,VFR,barnes,envelope,False
2026-04-29T23:19:01Z,36.941767,-76.016071,106.680000,267.638943,368.861111,2.910107,-2.405988,3.775911,140.417092,2.914580,-2.409686,3.781714,-2.284059,3.006755,8.790204,,16.590682,1008.737331,1.212861,9.722854,1100000.000000,VFR,barnes,envelope,False
2026-04-29T23:19:11Z,36.941693,-76.018257,106.680000,267.638943,369.055556,2.911557,-2.405726,3.776862,140.434170,2.922876,-2.415078,3.791544,-2.283738,3.008193,8.794343,,16.591510,1008.735670,1.212856,9.721578,1100000.000000,VFR,barnes,envelope,False
2026-04-29T23:19:21Z,36.941619,-76.020443,106.680000,267.638943,369.250000,2.912989,-2.405456,3.777793,140.451161,2.923691,-2.414294,3.791673,-2.283409,3.009612,8.798426,,16.592335,1008.734015,1.212850,9.720304,1100000.000000,VFR,barnes,envelope,False
2026-04-29T23:19:31Z,36.941545,-76.022629,106.680000,267.638943,369.444444,2.914401,-2.405176,3.778704,140.468067,2.900140,-2.393407,3.760214,-2.283071,3.011011,8.802453,,16.593158,1008.732365,1.212845,9.719034,1100000.000000,VFR,barnes,envelope,False
2026-04-29T23:19:41Z,36.941471,-76.024815,106.680000,267.638943,369.638889,2.915793,-2.404887,3.779594,140.484887,2.909970,-2.400084,3.772045,-2.282724,3.012391,8.806423,,16.593979,1008.730722,1.212839,9.717765,1100000.000000,VFR,barnes,envelope,False
2026-04-29T23:19:51Z,36.941398,-76.027001,106.680000,267.638943,369.833333,2.917167,-2.404588,3.780464,140.501621,2.918602,-2.405771,3.782324,-2.282370,3.013751,8.810337,,16.594798,1008.729084,1.212834,9.716499,1100000.000000,VFR,barnes,envelope,False
2026-04-29T23:20:01Z,36.941324,-76.029187,106.680000,267.638943,370.027778,2.917900,-2.404741,3.781126,140.506902,2.928688,-2.413632,3.795106,-2.282492,3.014490,8.812462,,16.595669,1008.727399,1.212828,9.715206,1100000.000000,VFR,barnes,envelope,False
2026-04-29T23:20:11Z,36.941250,-76.031373,106.680000,267.638943,370.222222,2.913033,-2.409031,3.780105,140.409811,2.945773,-2.436106,3.822589,-2.286979,3.009804,8.798978,,16.597025,1008.725243,1.212820,9.713645,1100000.000000,VFR,barnes,envelope,False
2026-04-29T23:20:21Z,36.941176,-76.033558,106.680000,267.638943,370.416667,2.908173,-2.413323,3.779100,140.312706,2.899717,-2.406305,3.768111,-2.291467,3.005125,8.785513,,16.598376,1008.723091,1.212812,9.712083,1100000.000000,VFR,barnes,envelope,False
2026-04-29T23:20:31Z,36.941102,-76.035744,106.680000,267.638943,370.611111,2.903320,-2.417617,3.778113,140.215590,2.881426,-2.399386,3.749622,-2.295957,3.000452,8.772065,,16.599722,1008.720945,1.212804,9.710520,1100000.000000,VFR,barnes,envelope,False
2026-04-29T23:20:41Z,36.941028,-76.037930,106.680000,267.638943,370.805556,2.898472,-2.421913,3.777142,140.118463,2.850354,-2.381705,3.714436,-2.300449,2.995786,8.758635,,16.601063,1008.718803,1.212795,9.708955,1100000.000000,VFR,barnes,envelope,False
2026-04-29T23:20:51Z,36.940954,-76.040116,106.680000,267.638943,371.000000,2.893632,-2.426210,3.776189,140.021326,2.869090,-2.405633,3.744162,-2.304943,2.991127,8.745223,,16.602400,1008.716666,1.212787,9.707388,1100000.000000,VFR,barnes,envelope,False
2026-04-29T23:21:01Z,36.940880,-76.042302,106.680000,267.638943,371.194444,2.888797,-2.430510,3.775252,139.924181,2.925722,-2.461577,3.823507,-2.309438,2.986473,8.731828,,16.603732,1008.714534,1.212779,9.705821,1100000.000000,VFR,barnes,envelope,False
2026-04-29T23:21:11Z,36.940806,-76.044488,106.680000,267.638943,371.388889,2.883969,-2.434812,3.774333,139.827030,2.934864,-2.477780,3.840940,-2.313935,2.981827,8.718451,,16.605059,1008.712406,1.212771,9.704252,1100000.000000,VFR,barnes,envelope,False
2026-04-29T23:21:21Z,36.940733,-76.046674,106.680000,267.638943,371.583333,2.879148,-2.439115,3.773430,139.729873,2.929100,-2.481433,3.838898,-2.318434,2.977187,8.705092,,16.606381,1008.710284,1.212763,9.702682,1100000.000000,VFR,barnes,envelope,False
2026-04-29T23:21:31Z,36.940659,-76.048860,106.680000,267.638943,371.777778,2.874333,-2.443421,3.772545,139.632711,2.913122,-2.476394,3.823455,-2.322934,2.972553,8.691751,,16.607699,1008.708166,1.212755,9.701110,1100000.000000,VFR,barnes,envelope,False
2026-04-29T23:21:41Z,36.940585,-76.051046,106.680000,267.638943,371.972222,2.869524,-2.447728,3.771676,139.535547,2.906915,-2.479623,3.820822,-2.327435,2.967926,8.678427,,16.609012,1008.706053,1.212747,9.699537,1100000.000000,VFR,barnes,envelope,False
2026-04-29T23:21:51Z,36.940511,-76.053232,106.680000,267.638943,372.166667,2.864722,-2.452037,3.770824,139.438381,2.858501,-2.446712,3.762636,-2.331938,2.963305,8.665121,,16.610320,1008.703945,1.212739,9.697963,1100000.000000,VFR,barnes,envelope,False
2026-04-29T23:22:01Z,36.940437,-76.055418,106.680000,267.638943,372.361111,2.859926,-2.456347,3.769989,139.341214,2.876207,-2.470331,3.791451,-2.336443,2.958691,8.651833,,16.611623,1008.701842,1.212731,9.696387,1100000.000000,VFR,barnes,envelope,False
2026-04-29T23:22:11Z,36.940363,-76.057604,106.680000,267.638943,372.555556,2.855136,-2.460660,3.769171,139.244048,2.854325,-2.459960,3.768100,-2.340949,2.954083,8.638562,,16.612922,1008.699743,1.212723,9.694810,1100000.000000,VFR,barnes,envelope,False
2026-04-29T23:22:21Z,36.940289,-76.059790,106.680000,267.638943,372.750000,2.850353,-2.464974,3.768370,139.146884,2.823603,-2.441840,3.733004,-2.345457,2.949482,8.625309,,16.614216,1008.697650,1.212715,9.693232,1100000.000000,VFR,barnes,envelope,False
2026-04-29T23:22:31Z,36.940215,-76.061976,106.680000,267.638943,372.944444,2.845577,-2.469290,3.767585,139.049724,2.803261,-2.432570,3.711559,-2.349966,2.944887,8.612074,,16.615505,1008.695561,1.212707,9.691653,1100000.000000,VFR,barnes,envelope,False
2026-04-29T23:22:41Z,36.940141,-76.064161,106.680000,267.638943,373.138889,2.840807,-2.473607,3.766818,138.952567,2.809348,-2.446215,3.725104,-2.354476,2.940299,8.598857,,16.616789,1008.693477,1.212699,9.690072,1100000.000000,VFR,barnes,envelope,False
2026-04-29T23:22:51Z,36.940068,-76.066347,106.680000,267.638943,373.333333,2.836043,-2.477927,3.766067,138.855417,2.766786,-2.417415,3.674098,-2.358988,2.935717,8.585658,,16.618069,1008.691398,1.212691,9.688490,1100000.000000,VFR,barnes,envelope,False
2026-04-29T23:23:01Z,36.939994,-76.068533,106.680000,267.638943,373.527778,2.831285,-2.482247,3.765333,138.758274,2.780082,-2.437357,3.697238,-2.363501,2.931142,8.572476,,16.619344,1008.689323,1.212683,9.686907,1100000.000000,VFR,barnes,envelope,False
2026-04-29T23:23:11Z,36.939920,-76.070719,106.680000,267.638943,373.722222,2.826534,-2.486570,3.764615,138.661139,2.808725,-2.470902,3.740894,-2.368016,2.926573,8.559312,,16.620614,1008.687254,1.212676,9.685322,1100000.000000,VFR,barnes,envelope,False
2026-04-29T23:23:21Z,36.939846,-76.072905,106.680000,267.638943,373.916667,2.821790,-2.490894,3.763914,138.564013,2.778117,-2.452343,3.705661,-2.372531,2.922011,8.546165,,16.621879,1008.685189,1.212668,9.683736,1100000.000000,VFR,barnes,envelope,False
2026-04-29T23:23:31Z,36.939772,-76.075091,106.680000,267.638943,374.111111,2.817052,-2.495220,3.763230,138.466898,2.766420,-2.450373,3.695593,-2.377049,2.917455,8.533036,,16.623140,1008.683129,1.212660,9.682149,1100000.000000,VFR,barnes,envelope,False
2026-04-29T23:23:41Z,36.939698,-76.077277,106.680000,267.638943,374.305556,2.812320,-2.499547,3.762563,138.369795,2.790922,-2.480529,3.733935,-2.381567,2.912905,8.519925,,16.624396,1008.681074,1.212652,9.680561,1100000.000000,VFR,barnes,envelope,False
2026-04-29T23:23:51Z,36.939624,-76.079463,106.680000,267.638943,374.500000,2.807595,-2.503876,3.761912,138.272705,2.775857,-2.475572,3.719387,-2.386087,2.908362,8.506832,,16.625647,1008.679024,1.212645,9.678971,1100000.000000,VFR,barnes,envelope,False
2026-04-29T23:24:01Z,36.939550,-76.081649,106.680000,267.638943,374.694444,2.802876,-2.508206,3.761278,138.175630,2.757847,-2.467911,3.700852,-2.390608,2.903826,8.493756,,16.626893,1008.676979,1.212637,9.677381,1100000.000000,VFR,barnes,envelope,False
2026-04-29T23:24:11Z,36.939476,-76.083835,106.680000,267.638943,374.888889,2.798163,-2.512538,3.760660,138.078571,2.774937,-2.491682,3.729444,-2.395130,2.899295,8.480699,,16.628135,1008.674938,1.212629,9.675789,1100000.000000,VFR,barnes,envelope,False
2026-04-29T23:24:21Z,36.939403,-76.086021,106.680000,267.638943,375.083333,2.793457,-2.516871,3.760059,137.981528,2.776813,-2.501875,3.737656,-2.399654,2.894772,8.467658,,16.629372,1008.672902,1.212622,9.674195,1100000.000000,VFR,barnes,envelope,False
2026-04-29T23:24:31Z,36.939329,-76.088207,106.680000,267.638943,375.277778,2.788757,-2.521206,3.759474,137.884503,2.796214,-2.527947,3.769527,-2.404178,2.890254,8.454636,,16.630604,1008.670871,1.212614,9.672601,1100000.000000,VFR,barnes,envelope,False
2026-04-29T23:24:41Z,36.939255,-76.090393,106.680000,267.638943,375.472222,2.784064,-2.525542,3.758906,137.787498,2.776453,-2.518638,3.748631,-2.408704,2.885744,8.441631,,16.631831,1008.668845,1.212607,9.671005,1100000.000000,VFR,barnes,envelope,False
2026-04-29T23:24:51Z,36.939181,-76.092578,106.680000,267.638943,375.666667,2.779377,-2.529879,3.758354,137.690514,2.805520,-2.553676,3.793706,-2.413231,2.881239,8.428644,,16.633054,1008.666824,1.212599,9.669409,1100000.000000,VFR,barnes,envelope,False
2026-04-29T23:25:01Z,36.939107,-76.094764,106.680000,267.638943,375.861111,2.774803,-2.533494,3.757409,137.602813,2.800684,-2.557123,3.792454,-2.417030,2.876819,8.415897,,16.634272,1008.664944,1.212592,9.668038,370000.000000,VFR,barnes,envelope,False
2026-04-29T23:25:11Z,36.939033,-76.096950,106.680000,267.638943,376.055556,2.771194,-2.530589,3.752785,137.598414,2.809570,-2.565633,3.804754,-2.414277,2.873093,8.405154,,16.635485,1008.664295,1.212586,9.668716,370000.000000,VFR,barnes,envelope,False
2026-04-29T23:25:21Z,36.938959,-76.099136,106.680000,267.638943,376.250000,2.767580,-2.527689,3.748161,137.593889,2.788521,-2.546815,3.776521,-2.411529,2.869363,8.394396,,16.636693,1008.663647,1.212580,9.669395,370000.000000,VFR,barnes,envelope,False
2026-04-29T23:25:31Z,36.938885,-76.101322,106.680000,267.638943,376.444444,2.763961,-2.524795,3.743537,137.589239,2.798163,-2.556038,3.789861,-2.408786,2.865627,8.383624,,16.637897,1008.662999,1.212574,9.670074,370000.000000,VFR,barnes,envelope,False
2026-04-29T23:25:41Z,36.938811,-76.103508,106.680000,267.638943,376.638889,2.760337,-2.521907,3.738914,137.584462,2.771146,-2.531783,3.753555,-2.406050,2.861887,8.372838,,16.639095,1008.662351,1.212568,9.670754,370000.000000,VFR,barnes,envelope,False
2026-04-29T23:25:51Z,36.938737,-76.105694,106.680000,267.638943,376.833333,2.756708,-2.519024,3.734290,137.579559,2.764492,-2.526137,3.744834,-2.403319,2.858143,8.362037,,16.640289,1008.661704,1.212563,9.671433,370000.000000,VFR,barnes,envelope,False
2026-04-29T23:26:01Z,36.938664,-76.107880,106.680000,267.638943,377.027778,2.753086,-2.516147,3.729675,137.574653,2.787627,-2.547715,3.776468,-2.400593,2.854405,8.351256,,16.641479,1008.661065,1.212557,9.672114,370000.000000,VFR,barnes,envelope,False
2026-04-29T23:26:11Z,36.938590,-76.110066,106.680000,267.638943,377.222222,2.749566,-2.513275,3.725140,137.570737,2.755951,-2.519111,3.733790,-2.397869,2.850770,8.340771,,16.642663,1008.660498,1.212551,9.672795,370000.000000,VFR,barnes,envelope,False
2026-04-29T23:26:21Z,36.938516,-76.112252,106.680000,267.638943,377.416667,2.746041,-2.510409,3.720604,137.566693,2.727124,-2.493115,3.694974,-2.395150,2.847130,8.330271,,16.643843,1008.659930,1.212546,9.673476,370000.000000,VFR,barnes,envelope,False
2026-04-29T23:26:31Z,36.938442,-76.114438,106.680000,267.638943,377.611111,2.742511,-2.507548,3.716069,137.562521,2.784806,-2.546220,3.773378,-2.392438,2.843485,8.319756,,16.645018,1008.659363,1.212540,9.674158,370000.000000,VFR,barnes,envelope,False
2026-04-29T23:26:41Z,36.938368,-76.116624,106.680000,267.638943,377.805556,2.738975,-2.504693,3.711533,137.558221,2.736335,-2.502278,3.707954,-2.389731,2.839835,8.309225,,16.646188,1008.658796,1.212534,9.674840,370000.000000,VFR,barnes,envelope,False
2026-04-29T23:26:51Z,36.938294,-76.118810,106.680000,267.638943,378.000000,2.735435,-2.501844,3.706997,137.553792,2.787998,-2.549919,3.778230,-2.387029,2.836180,8.298679,,16.647354,1008.658230,1.212529,9.675522,370000.000000,VFR,barnes,envelope,False
2026-04-29T23:27:01Z,36.938220,-76.120996,106.680000,267.638943,378.194444,2.731896,-2.498999,3.702466,137.549317,2.789141,-2.551364,3.780048,-2.384333,2.832527,8.288141,,16.648499,1008.657653,1.212523,9.676205,370000.000000,VFR,barnes,envelope,False
2026-04-29T23:27:11Z,36.938146,-76.123181,106.680000,267.638943,378.388889,2.728424,-2.496161,3.697988,137.545457,2.800843,-2.562415,3.796141,-2.381640,2.828941,8.277792,,16.649502,1008.656982,1.212518,9.676889,370000.000000,VFR,barnes,envelope,False
2026-04-29T23:27:21Z,36.938072,-76.125367,106.680000,267.638943,378.583333,2.724946,-2.493327,3.693510,137.541467,2.789292,-2.552204,3.780727,-2.378952,2.825349,8.267428,,16.650500,1008.656313,1.212513,9.677573,370000.000000,VFR,barnes,envelope,False
2026-04-29T23:27:31Z,36.937999,-76.127553,106.680000,267.638943,378.777778,2.721463,-2.490500,3.689031,137.537348,2.730220,-2.498513,3.700901,-2.376270,2.821752,8.257048,,16.651494,1008.655643,1.212508,9.678257,370000.000000,VFR,barnes,envelope,False
2026-04-29T23:27:41Z,36.937925,-76.129739,106.680000,267.638943,378.972222,2.717974,-2.487677,3.684552,137.533098,2.702375,-2.473400,3.663406,-2.373594,2.818150,8.246652,,16.652484,1008.654975,1.212503,9.678942,370000.000000,VFR,barnes,envelope,False
2026-04-29T23:27:51Z,36.937851,-76.131925,106.680000,267.638943,379.166667,2.714479,-2.484860,3.680072,137.528717,2.707623,-2.478584,3.670776,-2.370924,2.814543,8.236240,,16.653469,1008.654306,1.212499,9.679627,370000.000000,VFR,barnes,envelope,False
2026-04-29T23:28:01Z,36.937777,-76.134111,106.680000,267.638943,379.361111,2.710980,-2.482049,3.675592,137.524206,2.691756,-2.464449,3.649529,-2.368259,2.810930,8.225813,,16.654450,1008.653639,1.212494,9.680313,370000.000000,VFR,barnes,envelope,False
2026-04-29T23:28:11Z,36.937703,-76.136297,106.680000,267.638943,379.555556,2.707474,-2.479243,3.671112,137.519564,2.648789,-2.425505,3.591540,-2.365600,2.807312,8.215371,,16.655427,1008.652972,1.212489,9.680999,370000.000000,VFR,barnes,envelope,False
2026-04-29T23:28:21Z,36.937629,-76.138483,106.680000,267.638943,379.750000,2.703964,-2.476442,3.666631,137.514791,2.675555,-2.450424,3.628109,-2.362946,2.803689,8.204912,,16.656399,1008.652305,1.212484,9.681686,370000.000000,VFR,barnes,envelope,False
2026-04-29T23:28:31Z,36.937555,-76.140669,106.680000,267.638943,379.944444,2.700447,-2.473647,3.662150,137.509885,2.695849,-2.469435,3.655915,-2.360298,2.800061,8.194438,,16.657367,1008.651639,1.212479,9.682373,370000.000000,VFR,barnes,envelope,False
2026-04-29T23:28:41Z,36.937481,-76.142855,106.680000,267.638943,380.138889,2.696926,-2.470857,3.657669,137.504848,2.719410,-2.491457,3.688163,-2.357656,2.796427,8.183948,,16.658331,1008.650973,1.212474,9.683060,370000.000000,VFR,barnes,envelope,False
2026-04-29T23:28:51Z,36.937407,-76.145041,106.680000,267.638943,380.333333,2.693399,-2.468073,3.653188,137.499679,2.711147,-2.484336,3.677260,-2.355019,2.792788,8.173443,,16.659290,1008.650308,1.212469,9.683748,370000.000000,VFR,barnes,envelope,False
2026-04-29T23:29:01Z,36.937334,-76.147227,106.680000,267.638943,380.527778,2.689866,-2.465294,3.648706,137.494377,2.661230,-2.439049,3.609862,-2.352388,2.789144,8.162923,,16.660246,1008.649644,1.212465,9.684437,370000.000000,VFR,barnes,envelope,False
2026-04-29T23:29:11Z,36.938195,-76.147780,106.680000,21.151856,380.722222,2.686434,-2.463386,3.644887,137.480024,2.676778,-2.454533,3.631786,-1.616551,-3.266797,-9.537009,,16.659156,1008.649656,1.212469,9.684972,370000.000000,VFR,barnes,envelope,False
2026-04-29T23:29:21Z,36.939825,-76.146989,106.680000,21.151856,380.916667,2.683093,-2.462195,3.641620,137.458324,2.677898,-2.457427,3.634568,-1.613865,-3.264480,-9.530370,,16.656383,1008.650228,1.212481,9.685384,370000.000000,VFR,barnes,envelope,False
2026-04-29T23:29:31Z,36.941456,-76.146199,106.680000,21.151856,381.111111,2.679761,-2.461005,3.638360,137.436652,2.670376,-2.452386,3.625617,-1.611187,-3.262168,-9.523744,,16.653606,1008.650805,1.212494,9.685803,370000.000000,VFR,barnes,envelope,False
2026-04-29T23:29:41Z,36.943087,-76.145408,106.680000,21.151856,381.305556,2.676438,-2.459817,3.635109,137.415010,2.698407,-2.480008,3.664948,-1.608516,-3.259861,-9.517132,,16.650825,1008.651388,1.212506,9.686227,370000.000000,VFR,barnes,envelope,False
2026-04-29T23:29:51Z,36.944718,-76.144618,106.680000,21.151856,381.500000,2.673123,-2.458631,3.631866,137.393397,2.688991,-2.473226,3.653426,-1.605852,-3.257559,-9.510533,,16.648040,1008.651976,1.212518,9.686657,370000.000000,VFR,barnes,envelope,False
2026-04-29T23:30:01Z,36.946348,-76.143827,106.680000,21.151856,381.694444,2.669992,-2.457617,3.628876,137.371716,2.621605,-2.413079,3.563112,-1.603298,-3.255484,-9.504585,,16.645233,1008.652522,1.212531,9.687203,370000.000000,VFR,barnes,envelope,False
2026-04-29T23:30:11Z,36.947979,-76.143037,106.680000,21.151856,381.888889,2.668441,-2.458135,3.628085,137.349111,2.645901,-2.437372,3.597440,-1.601665,-3.255407,-9.504364,,16.642260,1008.652650,1.212543,9.688744,370000.000000,VFR,barnes,envelope,False
2026-04-29T23:30:21Z,36.949610,-76.142247,106.680000,21.151856,382.083333,2.666879,-2.458653,3.627288,137.326375,2.627017,-2.421904,3.573071,-1.600022,-3.255327,-9.504135,,16.639285,1008.652777,1.212556,9.690296,370000.000000,VFR,barnes,envelope,False
2026-04-29T23:30:31Z,36.951240,-76.141456,106.680000,21.151856,382.277778,2.665308,-2.459173,3.626485,137.303509,2.610146,-2.408277,3.551430,-1.598368,-3.255244,-9.503898,,16.636305,1008.652905,1.212569,9.691860,370000.000000,VFR,barnes,envelope,False
2026-04-29T23:30:41Z,36.952871,-76.140666,106.680000,21.151856,382.472222,2.663726,-2.459693,3.625676,137.280513,2.626138,-2.424985,3.574514,-1.596705,-3.255159,-9.503653,,16.633322,1008.653032,1.212581,9.693435,370000.000000,VFR,barnes,envelope,False
2026-04-29T23:30:51Z,36.954502,-76.139875,106.680000,21.151856,382.666667,2.662133,-2.460214,3.624860,137.257386,2.595305,-2.398455,3.533864,-1.595032,-3.255070,-9.503400,,16.630335,1008.653158,1.212594,9.695023,370000.000000,VFR,barnes,envelope,False
2026-04-29T23:31:01Z,36.956132,-76.139085,106.680000,21.151856,382.861111,2.660531,-2.460737,3.624038,137.234129,2.546315,-2.355098,3.468459,-1.593349,-3.254979,-9.503138,,16.627344,1008.653284,1.212607,9.696622,370000.000000,VFR,barnes,envelope,False
2026-04-29T23:31:11Z,36.957763,-76.138294,106.680000,21.151856,383.055556,2.658918,-2.461260,3.623209,137.210741,2.567503,-2.376640,3.498641,-1.591656,-3.254885,-9.502868,,16.624349,1008.653410,1.212619,9.698233,370000.000000,VFR,barnes,envelope,False
2026-04-29T23:31:21Z,36.959394,-76.137504,106.680000,21.151856,383.250000,2.657295,-2.461783,3.622374,137.187223,2.558743,-2.370482,3.488030,-1.589954,-3.254788,-9.502590,,16.621351,1008.653535,1.212632,9.699856,370000.000000,VFR,barnes,envelope,False
2026-04-29T23:31:31Z,36.961025,-76.136713,106.680000,21.151856,383.444444,2.655662,-2.462308,3.621534,137.163575,2.544401,-2.359148,3.469806,-1.588242,-3.254688,-9.502304,,16.618349,1008.653660,1.212645,9.701491,370000.000000,VFR,barnes,envelope,False
2026-04-29T23:31:41Z,36.962655,-76.135923,106.680000,21.151856,383.638889,2.654019,-2.462834,3.620686,137.139797,2.519909,-2.338384,3.437729,-1.586519,-3.254585,-9.502010,,16.615343,1008.653785,1.212657,9.703138,370000.000000,VFR,barnes,envelope,False
2026-04-29T23:31:51Z,36.964286,-76.135132,106.680000,21.151856,383.833333,2.652366,-2.463360,3.619833,137.115888,2.494294,-2.316552,3.404102,-1.584788,-3.254480,-9.501708,,16.612333,1008.653909,1.212670,9.704797,370000.000000,VFR,barnes,envelope,False
2026-04-29T23:32:01Z,36.965917,-76.134342,106.680000,21.151856,384.027778,2.650703,-2.463888,3.618973,137.091849,2.545128,-2.365754,3.474833,-1.583046,-3.254371,-9.501397,,16.609320,1008.654033,1.212683,9.706469,370000.000000,VFR,barnes,envelope,False
2026-04-29T23:32:11Z,36.967547,-76.133551,106.680000,21.151856,384.222222,2.649029,-2.464416,3.618108,137.067680,2.540315,-2.363278,3.469623,-1.581295,-3.254260,-9.501078,,16.606302,1008.654156,1.212696,9.708152,370000.000000,VFR,barnes,envelope,False
2026-04-29T23:32:21Z,36.969178,-76.132761,106.680000,21.151856,384.416667,2.647346,-2.464945,3.617236,137.043381,2.563219,-2.386615,3.502288,-1.579534,-3.254146,-9.500751,,16.603281,1008.654278,1.212708,9.709847,370000.000000,VFR,barnes,envelope,False
2026-04-29T23:32:31Z,36.970809,-76.131970,106.680000,21.151856,384.611111,2.645652,-2.465475,3.616358,137.018952,2.576737,-2.401253,3.522157,-1.577763,-3.254029,-9.500416,,16.600256,1008.654401,1.212721,9.711554,370000.000000,VFR,barnes,envelope,False
2026-04-29T23:32:41Z,36.972440,-76.131180,106.680000,21.151856,384.805556,2.643949,-2.466006,3.615473,136.994392,2.599884,-2.424907,3.555217,-1.575983,-3.253909,-9.500073,,16.597228,1008.654522,1.212734,9.713274,370000.000000,VFR,barnes,envelope,False
2026-04-29T23:32:51Z,36.974070,-76.130389,106.680000,21.151856,385.000000,2.642235,-2.466537,3.614583,136.969703,2.585220,-2.413314,3.536587,-1.574193,-3.253787,-9.499721,,16.594195,1008.654644,1.212747,9.715006,370000.000000,VFR,barnes,envelope,False
2026-04-29T23:33:01Z,36.975701,-76.129599,106.680000,21.151856,385.194444,2.640524,-2.467051,3.613683,136.945240,2.531799,-2.365468,3.464887,-1.572412,-3.253648,-9.499324,,16.591159,1008.654781,1.212760,9.716734,370000.000000,VFR,barnes,envelope,False
2026-04-29T23:33:11Z,36.977332,-76.128808,106.680000,21.151856,385.388889,2.638916,-2.467393,3.612742,136.923871,2.550307,-2.384543,3.491434,-1.570789,-3.253387,-9.498576,,16.588119,1008.655068,1.212773,9.718326,370000.000000,VFR,barnes,envelope,False
2026-04-29T23:33:21Z,36.978962,-76.128018,106.680000,21.151856,385.583333,2.637299,-2.467735,3.611795,136.902384,2.553886,-2.389685,3.497560,-1.569157,-3.253123,-9.497819,,16.585075,1008.655355,1.212786,9.719931,370000.000000,VFR,barnes,envelope,False
2026-04-29T23:33:31Z,36.980593,-76.127227,106.680000,21.151856,385.777778,2.635673,-2.468078,3.610842,136.880778,2.563289,-2.400296,3.511676,-1.567517,-3.252856,-9.497053,,16.582027,1008.655641,1.212799,9.721547,370000.000000,VFR,barnes,envelope,False
2026-04-29T23:33:41Z,36.982224,-76.126437,106.680000,21.151856,385.972222,2.634037,-2.468421,3.609883,136.859055,2.544800,-2.384796,3.487586,-1.565867,-3.252586,-9.496278,,16.578975,1008.655928,1.212812,9.723175,370000.000000,VFR,barnes,envelope,False
2026-04-29T23:33:51Z,36.983854,-76.125646,106.680000,21.151856,386.166667,2.632391,-2.468764,3.608917,136.837214,2.544966,-2.386774,3.489060,-1.564208,-3.252312,-9.495493,,16.575920,1008.656214,1.212825,9.724815,370000.000000,VFR,barnes,envelope,False
2026-04-29T23:34:01Z,36.985485,-76.124856,106.680000,21.151856,386.361111,2.630736,-2.469108,3.607945,136.815255,2.526682,-2.371447,3.465240,-1.562541,-3.252035,-9.494699,,16.572860,1008.656501,1.212839,9.726468,370000.000000,VFR,barnes,envelope,False
2026-04-29T23:34:11Z,36.987116,-76.124065,106.680000,21.151856,386.555556,2.629071,-2.469451,3.606966,136.793177,2.485236,-2.334349,3.409631,-1.560864,-3.251755,-9.493896,,16.569797,1008.656787,1.212852,9.728132,370000.000000,VFR,barnes,envelope,False
2026-04-29T23:34:21Z,36.988747,-76.123275,106.680000,21.151856,386.750000,2.627397,-2.469795,3.605982,136.770982,2.486445,-2.337299,3.412532,-1.559179,-3.251471,-9.493084,,16.566730,1008.657073,1.212865,9.729808,370000.000000,VFR,barnes,envelope,False
2026-04-29T23:34:31Z,36.990377,-76.122484,106.680000,21.151856,386.944444,2.625713,-2.470139,3.604991,136.748670,2.539865,-2.389377,3.487124,-1.557484,-3.251185,-9.492262,,16.563659,1008.657359,1.212878,9.731496,370000.000000,VFR,barnes,envelope,False
2026-04-29T23:34:41Z,36.992008,-76.121694,106.680000,21.151856,387.138889,2.624020,-2.470484,3.603994,136.726239,2.613107,-2.460209,3.589005,-1.555781,-3.250895,-9.491431,,16.560585,1008.657645,1.212891,9.733197,370000.000000,VFR,barnes,envelope,False
2026-04-29T23:34:51Z,36.993639,-76.120903,106.680000,21.151856,387.333333,2.622317,-2.470828,3.602990,136.703690,2.634489,-2.482297,3.619714,-1.554069,-3.250602,-9.490591,,16.557506,1008.657931,1.212905,9.734909,370000.000000,VFR,barnes,envelope,False
2026-04-29T23:35:01Z,36.995269,-76.120113,106.680000,21.151856,387.527778,2.620914,-2.471125,3.602173,136.684937,2.703205,-2.548713,3.715273,-1.552652,-3.250372,-9.489933,,16.554424,1008.658239,1.212918,9.736339,370000.000000,VFR,barnes,envelope,False
2026-04-29T23:35:11Z,36.996900,-76.119322,106.680000,21.151856,387.722222,2.622287,-2.470989,3.603079,136.701497,2.679335,-2.524746,3.681464,-1.553983,-3.250741,-9.490991,,16.551338,1008.658742,1.212931,9.735114,370000.000000,VFR,barnes,envelope,False
2026-04-29T23:35:21Z,36.998531,-76.118532,106.680000,21.151856,387.916667,2.623676,-2.470843,3.603989,136.718325,2.627289,-2.474246,3.608953,-1.555330,-3.251106,-9.492036,,16.548248,1008.659246,1.212945,9.733884,370000.000000,VFR,barnes,envelope,False
2026-04-29T23:35:31Z,37.000162,-76.117741,106.680000,21.151856,388.111111,2.625078,-2.470686,3.604903,136.735423,2.564717,-2.413875,3.522012,-1.556695,-3.251466,-9.493068,,16.545154,1008.659752,1.212958,9.732650,370000.000000,VFR,barnes,envelope,False
2026-04-29T23:35:41Z,37.001792,-76.116951,106.680000,21.151856,388.305556,2.626495,-2.470519,3.605821,136.752788,2.524641,-2.374713,3.465988,-1.558077,-3.251821,-9.494087,,16.542056,1008.660258,1.212972,9.731412,370000.000000,VFR,barnes,envelope,False
2026-04-29T23:35:51Z,37.003423,-76.116160,106.680000,21.151856,388.500000,2.627927,-2.470342,3.606742,136.770422,2.576271,-2.421784,3.535846,-1.559476,-3.252172,-9.495093,,16.538955,1008.660766,1.212986,9.730169,370000.000000,VFR,barnes,envelope,False
2026-04-29T23:36:01Z,37.005054,-76.115370,106.680000,21.151856,388.694444,2.629373,-2.470154,3.607667,136.788323,2.619676,-2.461045,3.594363,-1.560892,-3.252519,-9.496087,,16.535849,1008.661274,1.212999,9.728921,370000.000000,VFR,barnes,envelope,False
2026-04-29T23:36:11Z,37.006684,-76.114580,106.680000,21.151856,388.888889,2.630833,-2.469956,3.608596,136.806491,2.542405,-2.386935,3.487303,-1.562326,-3.252861,-9.497068,,16.532740,1008.661784,1.213013,9.727670,370000.000000,VFR,barnes,envelope,False
2026-04-29T23:36:21Z,37.008315,-76.113789,106.680000,21.151856,389.083333,2.632308,-2.469748,3.609529,136.824925,2.547999,-2.390645,3.493921,-1.563776,-3.253199,-9.498036,,16.529627,1008.662294,1.213026,9.726413,370000.000000,VFR,barnes,envelope,False
2026-04-29T23:36:31Z,37.009946,-76.112999,106.680000,21.151856,389.277778,2.633797,-2.469529,3.610466,136.843627,2.569509,-2.409250,3.522338,-1.565244,-3.253533,-9.498992,,16.526509,1008.662806,1.213040,9.725152,370000.000000,VFR,barnes,envelope,False
2026-04-29T23:36:41Z,37.011576,-76.112208,106.680000,21.151856,389.472222,2.635301,-2.469300,3.611406,136.862594,2.623335,-2.458088,3.595009,-1.566729,-3.253862,-9.499936,,16.523388,1008.663318,1.213054,9.723887,370000.000000,VFR,barnes,envelope,False
2026-04-29T23:36:51Z,37.013207,-76.111418,106.680000,21.151856,389.666667,2.636819,-2.469061,3.612351,136.881827,2.610334,-2.444260,3.576066,-1.568231,-3.254187,-9.500867,,16.520264,1008.663832,1.213068,9.722617,370000.000000,VFR,barnes,envelope,False
2026-04-29T23:37:01Z,37.014838,-76.110627,106.680000,21.151856,389.861111,2.638352,-2.468812,3.613300,136.901325,2.691873,-2.518894,3.686598,-1.569751,-3.254507,-9.501786,,16.517135,1008.664346,1.213081,9.721343,370000.000000,VFR,barnes,envelope,False
2026-04-29T23:37:11Z,37.016469,-76.109837,106.680000,21.151856,390.055556,2.639899,-2.468552,3.614252,136.921088,2.649333,-2.477374,3.627168,-1.571287,-3.254823,-9.502693,,16.514002,1008.664861,1.213095,9.720064,370000.000000,VFR,barnes,envelope,False
2026-04-29T23:37:21Z,37.018099,-76.109046,106.680000,21.151856,390.250000,2.641461,-2.468283,3.615209,136.941116,2.607794,-2.436823,3.569131,-1.572841,-3.255135,-9.503587,,16.510866,1008.665378,1.213109,9.718780,370000.000000,VFR,barnes,envelope,False
2026-04-29T23:37:31Z,37.019730,-76.108256,106.680000,21.151856,390.444444,2.643037,-2.468003,3.616170,136.961407,2.617445,-2.444105,3.581155,-1.574412,-3.255443,-9.504469,,16.507726,1008.665895,1.213123,9.717492,370000.000000,VFR,barnes,envelope,False
2026-04-29T23:37:41Z,37.021361,-76.107465,106.680000,21.151856,390.638889,2.644628,-2.467713,3.617135,136.981963,2.625854,-2.450195,3.591457,-1.576001,-3.255747,-9.505339,,16.504581,1008.666413,1.213136,9.716200,370000.000000,VFR,barnes,envelope,False
2026-04-29T23:37:51Z,37.022991,-76.106675,106.680000,21.151856,390.833333,2.646234,-2.467413,3.618104,137.002782,2.659297,-2.479593,3.635965,-1.577606,-3.256046,-9.506197,,16.501433,1008.666932,1.213150,9.714903,370000.000000,VFR,barnes,envelope,False
2026-04-29T23:38:01Z,37.024622,-76.105884,106.680000,21.151856,391.027778,2.647853,-2.467102,3.619077,137.023864,2.619891,-2.441048,3.580858,-1.579229,-3.256341,-9.507043,,16.498281,1008.667452,1.213164,9.713601,370000.000000,VFR,barnes,envelope,False
2026-04-29T23:38:11Z,37.026253,-76.105094,106.680000,21.151856,391.222222,2.649488,-2.466782,3.620055,137.045208,2.627004,-2.445848,3.589334,-1.580869,-3.256632,-9.507877,,16.495126,1008.667973,1.213178,9.712295,370000.000000,VFR,barnes,envelope,False
2026-04-29T23:38:21Z,37.027884,-76.104303,106.680000,21.151856,391.416667,2.651137,-2.466451,3.621037,137.066815,2.683097,-2.496185,3.664690,-1.582526,-3.256919,-9.508699,,16.491966,1008.668495,1.213192,9.710984,370000.000000,VFR,barnes,envelope,False
2026-04-29T23:38:31Z,37.029514,-76.103513,106.680000,21.151856,391.611111,2.652800,-2.466111,3.622023,137.088684,2.709432,-2.518757,3.699346,-1.584200,-3.257202,-9.509509,,16.488802,1008.669018,1.213206,9.709669,370000.000000,VFR,barnes,envelope,False
2026-04-29T23:38:41Z,37.031145,-76.102722,106.680000,21.151856,391.805556,2.654479,-2.465760,3.623014,137.110814,2.720344,-2.526943,3.712912,-1.585892,-3.257480,-9.510308,,16.485635,1008.669542,1.213219,9.708349,370000.000000,VFR,barnes,envelope,False
2026-04-29T23:38:51Z,37.032776,-76.101932,106.680000,21.151856,392.000000,2.656171,-2.465400,3.624009,137.133205,2.675665,-2.483493,3.650606,-1.587601,-3.257755,-9.511094,,16.482463,1008.670066,1.213233,9.707024,370000.000000,VFR,barnes,envelope,False
2026-04-29T23:39:01Z,37.034406,-76.101141,106.680000,21.151856,392.194444,2.657879,-2.465029,3.625009,137.155857,2.633108,-2.442056,3.591225,-1.589327,-3.258025,-9.511869,,16.479288,1008.670592,1.213247,9.705695,370000.000000,VFR,barnes,envelope,False
2026-04-29T23:39:11Z,37.036037,-76.100351,106.680000,21.151856,392.388889,2.659601,-2.464648,3.626013,137.178769,2.708322,-2.509798,3.692438,-1.591070,-3.258291,-9.512633,,16.476109,1008.671118,1.213261,9.704361,370000.000000,VFR,barnes,envelope,False
2026-04-29T23:39:21Z,37.037668,-76.099560,106.680000,21.151856,392.583333,2.661337,-2.464258,3.627021,137.201940,2.724172,-2.522440,3.712657,-1.592830,-3.258554,-9.513385,,16.472926,1008.671645,1.213275,9.703023,370000.000000,VFR,barnes,envelope,False
2026-04-29T23:39:31Z,37.038652,-76.097814,106.680000,59.366369,392.777778,2.663427,-2.463622,3.628123,137.231730,2.717415,-2.513560,3.701666,0.762666,-3.547057,-10.338225,,16.469632,1008.672618,1.213290,9.702183,370000.000000,VFR,barnes,envelope,False
2026-04-29T23:39:41Z,37.039543,-76.095927,106.680000,59.366369,392.972222,2.665582,-2.462944,3.629245,137.262695,2.706150,-2.500428,3.684479,0.760985,-3.548566,-10.342529,,16.466320,1008.673658,1.213305,9.701415,370000.000000,VFR,barnes,envelope,False
2026-04-29T23:39:51Z,37.040433,-76.094041,106.680000,59.366369,393.166667,2.667754,-2.462258,3.630375,137.293907,2.685739,-2.478858,3.654850,0.759288,-3.550086,-10.346862,,16.463006,1008.674698,1.213320,9.700646,370000.000000,VFR,barnes,envelope,False
2026-04-29T23:40:01Z,37.041323,-76.092155,106.680000,59.366369,393.361111,2.669486,-2.461695,3.631267,137.318967,2.654702,-2.448062,3.611157,0.757921,-3.551290,-10.350295,,16.459689,1008.675754,1.213336,9.700067,370000.000000,VFR,barnes,envelope,False
2026-04-29T23:40:11Z,37.042213,-76.090269,106.680000,59.366369,393.555556,2.667118,-2.462315,3.629947,137.286444,2.722687,-2.513616,3.705575,0.759661,-3.549568,-10.345385,,16.456371,1008.676936,1.213351,9.701194,370000.000000,VFR,barnes,envelope,False
2026-04-29T23:40:21Z,37.043103,-76.088383,106.680000,59.366369,393.750000,2.664750,-2.462949,3.628638,137.253717,2.741279,-2.533682,3.732848,0.761413,-3.547853,-10.340495,,16.453051,1008.678119,1.213366,9.702322,370000.000000,VFR,barnes,envelope,False
2026-04-29T23:40:31Z,37.043994,-76.086497,106.680000,59.366369,393.944444,2.662381,-2.463598,3.627339,137.220783,2.727884,-2.524210,3.716583,0.763179,-3.546145,-10.335625,,16.449729,1008.679303,1.213382,9.703451,370000.000000,VFR,barnes,envelope,False
2026-04-29T23:40:41Z,37.044884,-76.084611,106.680000,59.366369,394.138889,2.660011,-2.464263,3.626052,137.187643,2.724297,-2.523818,3.713685,0.764959,-3.544445,-10.330776,,16.446405,1008.680489,1.213397,9.704581,370000.000000,VFR,barnes,envelope,False
2026-04-29T23:40:51Z,37.045774,-76.082725,106.680000,59.366369,394.333333,2.657641,-2.464943,3.624775,137.154297,2.617800,-2.427991,3.570437,0.766751,-3.542752,-10.325947,,16.443078,1008.681675,1.213412,9.705713,370000.000000,VFR,barnes,envelope,False
2026-04-29T23:41:01Z,37.046664,-76.080838,106.680000,59.366369,394.527778,2.655270,-2.465638,3.623510,137.120744,2.611399,-2.424901,3.563643,0.768558,-3.541066,-10.321138,,16.439750,1008.682862,1.213428,9.706845,370000.000000,VFR,barnes,envelope,False
2026-04-29T23:41:11Z,37.047555,-76.078952,106.680000,59.366369,394.722222,2.652898,-2.466348,3.622256,137.086982,2.651075,-2.464654,3.619767,0.770377,-3.539387,-10.316350,,16.436420,1008.684050,1.213443,9.707979,370000.000000,VFR,barnes,envelope,False
2026-04-29T23:41:21Z,37.048445,-76.077066,106.680000,59.366369,394.916667,2.650525,-2.467074,3.621013,137.053013,2.683899,-2.498138,3.666607,0.772210,-3.537715,-10.311582,,16.433087,1008.685238,1.213458,9.709114,370000.000000,VFR,barnes,envelope,False
2026-04-29T23:41:31Z,37.049335,-76.075180,106.680000,59.366369,395.111111,2.648152,-2.467814,3.619781,137.018836,2.718516,-2.533387,3.715963,0.774057,-3.536050,-10.306834,,16.429753,1008.686428,1.213474,9.710250,370000.000000,VFR,barnes,envelope,False
2026-04-29T23:41:41Z,37.050225,-76.073294,106.680000,59.366369,395.305556,2.645778,-2.468571,3.618561,136.984449,2.675237,-2.496056,3.658851,0.775918,-3.534393,-10.302106,,16.426416,1008.687619,1.213489,9.711387,370000.000000,VFR,barnes,envelope,False
2026-04-29T23:41:51Z,37.051116,-76.071408,106.680000,59.366369,395.500000,2.643403,-2.469342,3.617351,136.949854,2.683757,-2.507039,3.672574,0.777791,-3.532743,-10.297399,,16.423078,1008.688810,1.213505,9.712525,370000.000000,VFR,barnes,envelope,False
2026-04-29T23:42:01Z,37.052006,-76.069522,106.680000,59.366369,395.694444,2.641027,-2.470129,3.616153,136.915048,2.644743,-2.473604,3.621241,0.779679,-3.531099,-10.292712,,16.419737,1008.690003,1.213520,9.713664,370000.000000,VFR,barnes,envelope,False
2026-04-29T23:42:11Z,37.052896,-76.067635,106.680000,59.366369,395.888889,2.638651,-2.470931,3.614966,136.880032,2.594336,-2.429433,3.554255,0.781580,-3.529463,-10.288045,,16.416395,1008.691196,1.213536,9.714804,370000.000000,VFR,barnes,envelope,False
2026-04-29T23:42:21Z,37.053786,-76.065749,106.680000,59.366369,396.083333,2.636274,-2.471749,3.613790,136.844806,2.561375,-2.401525,3.511120,0.783495,-3.527835,-10.283398,,16.413050,1008.692390,1.213551,9.715945,370000.000000,VFR,barnes,envelope,False
2026-04-29T23:42:31Z,37.054677,-76.063863,106.680000,59.366369,396.277778,2.633895,-2.472582,3.612626,136.809368,2.594350,-2.435459,3.558386,0.785424,-3.526213,-10.278772,,16.409704,1008.693585,1.213567,9.717087,370000.000000,VFR,barnes,envelope,False
2026-04-29T23:42:41Z,37.055567,-76.061977,106.680000,59.366369,396.472222,2.631516,-2.473431,3.611473,136.773719,2.610719,-2.453883,3.582931,0.787366,-3.524598,-10.274166,,16.406355,1008.694781,1.213582,9.718231,370000.000000,VFR,barnes,envelope,False
2026-04-29T23:42:51Z,37.056457,-76.060091,106.680000,59.366369,396.666667,2.629137,-2.474295,3.610332,136.737858,2.647837,-2.491894,3.636012,0.789323,-3.522991,-10.269580,,16.403004,1008.695977,1.213597,9.719375,370000.000000,VFR,barnes,envelope,False
2026-04-29T23:43:01Z,37.057347,-76.058205,106.680000,59.366369,396.861111,2.626756,-2.475175,3.609202,136.701785,2.637874,-2.485652,3.624479,0.791293,-3.521391,-10.265015,,16.399652,1008.697175,1.213613,9.720520,370000.000000,VFR,barnes,envelope,False
2026-04-29T23:43:11Z,37.058237,-76.056319,106.680000,59.366369,397.055556,2.624374,-2.476070,3.608083,136.665498,2.636827,-2.487819,3.625203,0.793277,-3.519798,-10.260469,,16.396297,1008.698373,1.213628,9.721666,370000.000000,VFR,barnes,envelope,False
2026-04-29T23:43:21Z,37.059128,-76.054432,106.680000,59.366369,397.250000,2.621991,-2.476981,3.606976,136.628999,2.738519,-2.587065,3.767279,0.795275,-3.518212,-10.255944,,16.392940,1008.699572,1.213644,9.722814,370000.000000,VFR,barnes,envelope,False
2026-04-29T23:43:31Z,37.060018,-76.052546,106.680000,59.366369,397.444444,2.619608,-2.477908,3.605880,136.592286,2.690061,-2.544550,3.702859,0.797287,-3.516633,-10.251439,,16.389581,1008.700772,1.213660,9.723962,370000.000000,VFR,barnes,envelope,False
2026-04-29T23:43:41Z,37.060908,-76.050660,106.680000,59.366369,397.638889,2.617223,-2.478850,3.604796,136.555360,2.605675,-2.467912,3.588890,0.799313,-3.515061,-10.246955,,16.386220,1008.701972,1.213675,9.725111,370000.000000,VFR,barnes,envelope,False
2026-04-29T23:43:51Z,37.061798,-76.048774,106.680000,59.366369,397.833333,2.614837,-2.479808,3.603724,136.518218,2.540401,-2.409216,3.501137,0.801353,-3.513496,-10.242490,,16.382857,1008.703174,1.213691,9.726261,370000.000000,VFR,barnes,envelope,False
2026-04-29T23:44:01Z,37.062689,-76.046888,106.680000,59.366369,398.027778,2.612363,-2.481019,3.602762,136.477161,2.542574,-2.414740,3.506516,0.803656,-3.511984,-10.238175,,16.379534,1008.704358,1.213706,9.727412,370000.000000,VFR,barnes,envelope,False
2026-04-29T23:44:11Z,37.063579,-76.045002,106.680000,59.366369,398.222222,2.609096,-2.484380,3.602712,136.402631,2.553453,-2.431397,3.525877,0.808212,-3.510886,-10.235043,,16.376586,1008.705378,1.213720,9.728564,370000.000000,VFR,barnes,envelope,False
2026-04-29T23:44:21Z,37.064469,-76.043116,106.680000,59.366369,398.416667,2.605831,-2.487752,3.602675,136.327987,2.525150,-2.410727,3.491130,0.812777,-3.509795,-10.231927,,16.373635,1008.706400,1.213733,9.729717,370000.000000,VFR,barnes,envelope,False
2026-04-29T23:44:31Z,37.065359,-76.041230,106.680000,59.366369,398.611111,2.602566,-2.491134,3.602652,136.253229,2.506540,-2.399219,3.469726,0.817350,-3.508709,-10.228829,,16.370680,1008.707423,1.213747,9.730871,370000.000000,VFR,barnes,envelope,False
2026-04-29T23:44:41Z,37.066250,-76.039343,106.680000,59.366369,398.805556,2.599303,-2.494527,3.602643,136.178358,2.594473,-2.489892,3.595950,0.821933,-3.507630,-10.225749,,16.367723,1008.708447,1.213760,9.732026,370000.000000,VFR,barnes,envelope,False
2026-04-29T23:44:51Z,37.067140,-76.037457,106.680000,59.366369,399.000000,2.596040,-2.497931,3.602649,136.103373,2.569251,-2.472154,3.565473,0.826524,-3.506556,-10.222686,,16.364763,1008.709473,1.213774,9.733182,370000.000000,VFR,barnes,envelope,False
2026-04-29T23:45:01Z,37.068030,-76.035571,106.680000,59.366369,399.194444,2.592917,-2.501373,3.602789,136.029488,2.652486,-2.558839,3.685558,0.831077,-3.505624,-10.220024,,16.361820,1008.710438,1.213788,9.734467,370000.000000,VFR,barnes,envelope,False
2026-04-29T23:45:11Z,37.068920,-76.033685,106.680000,59.366369,399.388889,2.591045,-2.505074,3.604013,135.966476,2.647011,-2.559183,3.681859,0.835216,-3.505898,-10.220807,,16.359057,1008.710853,1.213800,9.736908,370000.000000,VFR,barnes,envelope,False
2026-04-29T23:45:21Z,37.069811,-76.031799,106.680000,59.366369,399.583333,2.589159,-2.508764,3.605225,135.903485,2.642242,-2.560199,3.679139,0.839352,-3.506156,-10.221544,,16.356292,1008.711268,1.213812,9.739351,370000.000000,VFR,barnes,envelope,False
2026-04-29T23:45:31Z,37.070701,-76.029913,106.680000,59.366369,399.777778,2.587261,-2.512444,3.606424,135.840516,2.673069,-2.595771,3.726033,0.843485,-3.506398,-10.222234,,16.353525,1008.711683,1.213824,9.741796,370000.000000,VFR,barnes,envelope,False
2026-04-29T23:45:41Z,37.071591,-76.028027,106.680000,59.366369,399.972222,2.585350,-2.516114,3.607612,135.777566,2.653785,-2.582716,3.703106,0.847616,-3.506624,-10.222878,,16.350757,1008.712096,1.213836,9.744243,370000.000000,VFR,barnes,envelope,False
2026-04-29T23:45:51Z,37.072481,-76.026140,106.680000,59.366369,400.166667,2.583427,-2.519773,3.608788,135.714635,2.654524,-2.589118,3.708103,0.851745,-3.506833,-10.223476,,16.347986,1008.712509,1.213848,9.746691,370000.000000,VFR,barnes,envelope,False
2026-04-29T23:46:01Z,37.073372,-76.024254,106.680000,59.366369,400.361111,2.581490,-2.523421,3.609951,135.651721,2.679460,-2.619187,3.746951,0.855871,-3.507026,-10.224026,,16.345214,1008.712922,1.213860,9.749142,370000.000000,VFR,barnes,envelope,False
2026-04-29T23:46:11Z,37.074262,-76.022368,106.680000,59.366369,400.555556,2.579541,-2.527059,3.611102,135.588823,2.686794,-2.632130,3.761246,0.859994,-3.507203,-10.224530,,16.342440,1008.713334,1.213872,9.751595,370000.000000,VFR,barnes,envelope,False
2026-04-29T23:46:21Z,37.075152,-76.020482,106.680000,59.366369,400.750000,2.577579,-2.530687,3.612241,135.525941,2.644108,-2.596005,3.705476,0.864115,-3.507363,-10.224986,,16.339664,1008.713745,1.213884,9.754050,370000.000000,VFR,barnes,envelope,False
2026-04-29T23:46:31Z,37.076042,-76.018596,106.680000,59.366369,400.944444,2.575604,-2.534304,3.613368,135.463072,2.626404,-2.584289,3.684637,0.868234,-3.507506,-10.225396,,16.336885,1008.714156,1.213897,9.756506,370000.000000,VFR,barnes,envelope,False
2026-04-29T23:46:41Z,37.076932,-76.016710,106.680000,59.366369,401.138889,2.573615,-2.537910,3.614482,135.400217,2.593237,-2.557260,3.642040,0.872350,-3.507633,-10.225758,,16.334105,1008.714566,1.213909,9.758965,370000.000000,VFR,barnes,envelope,False
2026-04-29T23:46:51Z,37.077823,-76.014824,106.680000,59.366369,401.333333,2.571614,-2.541506,3.615584,135.337373,2.563080,-2.533072,3.603586,0.876464,-3.507743,-10.226072,,16.331323,1008.714975,1.213921,9.761425,370000.000000,VFR,barnes,envelope,False
2026-04-29T23:47:01Z,37.078713,-76.012937,106.680000,59.366369,401.527778,2.569551,-2.545089,3.616638,135.274024,2.507251,-2.483383,3.528952,0.880599,-3.507793,-10.226216,,16.328514,1008.715353,1.213933,9.763887,370000.000000,VFR,barnes,envelope,False
2026-04-29T23:47:11Z,37.079603,-76.011051,106.680000,59.366369,401.722222,2.567037,-2.548640,3.617353,135.206045,2.524562,-2.506469,3.557499,0.884935,-3.507439,-10.225206,,16.325469,1008.715451,1.213946,9.766351,370000.000000,VFR,barnes,envelope,False
2026-04-29T23:47:21Z,37.080493,-76.009165,106.680000,59.366369,401.916667,2.564510,-2.552180,3.618057,135.138072,2.442129,-2.430388,3.445400,0.889268,-3.507069,-10.224149,,16.322423,1008.715549,1.213959,9.768817,370000.000000,VFR,barnes,envelope,False
2026-04-29T23:47:31Z,37.081384,-76.007279,106.680000,59.366369,402.111111,2.561971,-2.555709,3.618749,135.070104,2.531635,-2.525448,3.575900,0.893599,-3.506683,-10.223047,,16.319375,1008.715646,1.213972,9.771284,370000.000000,VFR,barnes,envelope,False
2026-04-29T23:47:41Z,37.082274,-76.005393,106.680000,59.366369,402.305556,2.559419,-2.559228,3.619431,135.002140,2.524201,-2.524013,3.569626,0.897927,-3.506281,-10.221899,,16.316326,1008.715744,1.213985,9.773754,370000.000000,VFR,barnes,envelope,False
2026-04-29T23:47:51Z,37.083164,-76.003507,106.680000,59.366369,402.500000,2.556855,-2.562737,3.620101,134.934179,2.566899,-2.572803,3.634321,0.902252,-3.505862,-10.220704,,16.313275,1008.715841,1.213998,9.776225,370000.000000,VFR,barnes,envelope,False
2026-04-29T23:48:01Z,37.084054,-76.001621,106.680000,59.366369,402.694444,2.554279,-2.566234,3.620759,134.866220,2.606507,-2.618707,3.694794,0.906575,-3.505427,-10.219463,,16.310223,1008.715938,1.214010,9.778698,370000.000000,VFR,barnes,envelope,False
2026-04-29T23:48:11Z,37.084945,-75.999735,106.680000,59.366369,402.888889,2.551689,-2.569722,3.621407,134.798261,2.609224,-2.627663,3.703062,0.910895,-3.504976,-10.218175,,16.307170,1008.716036,1.214023,9.781172,370000.000000,VFR,barnes,envelope,False
2026-04-29T23:48:21Z,37.086152,-75.998790,106.680000,346.380288,403.083333,2.548860,-2.573233,3.621908,134.727363,2.655923,-2.681320,3.774043,-3.083122,-1.900677,-5.582876,,16.304538,1008.715672,1.214034,9.783384,370000.000000,VFR,barnes,envelope,False
2026-04-29T23:48:31Z,37.087851,-75.999307,106.680000,346.380288,403.277778,2.545668,-2.576791,3.622192,134.651884,2.540304,-2.571361,3.614560,-3.080857,-1.904887,-5.595162,,16.302558,1008.714591,1.214041,9.785194,370000.000000,VFR,barnes,envelope,False
2026-04-29T23:48:41Z,37.089551,-75.999825,106.680000,346.380288,403.472222,2.542466,-2.580343,3.622472,134.576381,2.536067,-2.573848,3.613354,-3.078582,-1.909093,-5.607437,,16.300574,1008.713506,1.214048,9.787019,370000.000000,VFR,barnes,envelope,False
2026-04-29T23:48:51Z,37.091250,-76.000342,106.680000,346.380288,403.666667,2.539256,-2.583888,3.622747,134.500854,2.521851,-2.566178,3.597916,-3.076297,-1.913294,-5.619700,,16.298585,1008.712418,1.214055,9.788857,370000.000000,VFR,barnes,envelope,False
2026-04-29T23:49:01Z,37.092949,-76.000860,106.680000,346.380288,403.861111,2.536036,-2.587427,3.623018,134.425303,2.501817,-2.552516,3.574133,-3.074001,-1.917492,-5.631951,,16.296590,1008.711326,1.214062,9.790710,370000.000000,VFR,barnes,envelope,False
2026-04-29T23:49:11Z,37.094649,-76.001377,106.680000,346.380288,404.055556,2.532806,-2.590960,3.623284,134.349728,2.554174,-2.612819,3.653851,-3.071694,-1.921686,-5.644189,,16.294591,1008.710230,1.214069,9.792576,370000.000000,VFR,barnes,envelope,False
2026-04-29T23:49:21Z,37.096348,-76.001894,106.680000,346.380288,404.250000,2.529568,-2.594487,3.623545,134.274129,2.528181,-2.593065,3.621559,-3.069377,-1.925876,-5.656416,,16.292587,1008.709131,1.214076,9.794457,370000.000000,VFR,barnes,envelope,False
2026-04-29T23:49:31Z,37.098048,-76.002412,106.680000,346.380288,404.444444,2.526320,-2.598007,3.623801,134.198507,2.558956,-2.631570,3.670615,-3.067050,-1.930063,-5.668631,,16.290578,1008.708029,1.214083,9.796351,370000.000000,VFR,barnes,envelope,False
2026-04-29T23:49:41Z,37.099747,-76.002929,106.680000,346.380288,404.638889,2.523063,-2.601521,3.624053,134.122860,2.616632,-2.698000,3.758453,-3.064712,-1.934245,-5.680834,,16.288564,1008.706923,1.214090,9.798260,370000.000000,VFR,barnes,envelope,False
2026-04-29T23:49:51Z,37.101446,-76.003447,106.680000,346.380288,404.833333,2.519797,-2.605029,3.624300,134.047189,2.581744,-2.669071,3.713400,-3.062364,-1.938423,-5.693025,,16.286546,1008.705814,1.214098,9.800183,370000.000000,VFR,barnes,envelope,False
2026-04-29T23:50:01Z,37.103146,-76.003964,106.680000,346.380288,405.027778,2.516486,-2.608452,3.624462,133.971953,2.571172,-2.665136,3.703225,-3.059952,-1.942529,-5.705005,,16.463434,1008.704799,1.213355,9.801920,370000.000000,VFR,barnes,envelope,False
2026-04-29T23:50:11Z,37.104845,-76.004481,106.680000,346.380288,405.222222,2.512860,-2.611166,3.623900,133.900890,2.573972,-2.674670,3.712033,-3.057067,-1.946021,-5.715193,,16.459620,1008.704666,1.213371,9.801860,370000.000000,VFR,barnes,envelope,False
2026-04-29T23:50:21Z,37.106545,-76.004999,106.680000,346.380288,405.416667,2.509245,-2.613881,3.623353,133.829933,2.597657,-2.705980,3.751020,-3.054193,-1.949511,-5.725374,,16.455801,1008.704530,1.213387,9.801801,370000.000000,VFR,barnes,envelope,False
2026-04-29T23:50:31Z,37.108244,-76.005516,106.680000,346.380288,405.611111,2.505642,-2.616597,3.622819,133.759085,2.629795,-2.746248,3.802328,-3.051330,-1.952998,-5.735548,,16.451978,1008.704393,1.213402,9.801745,370000.000000,VFR,barnes,envelope,False
2026-04-29T23:50:41Z,37.109943,-76.006034,106.680000,346.380288,405.805556,2.502050,-2.619312,3.622299,133.688345,2.606249,-2.728394,3.773151,-3.048479,-1.956484,-5.745715,,16.448150,1008.704253,1.213418,9.801690,370000.000000,VFR,barnes,envelope,False
2026-04-29T23:50:51Z,37.111643,-76.006551,106.680000,346.380288,406.000000,2.498470,-2.622029,3.621794,133.617714,2.595216,-2.723558,3.762036,-3.045640,-1.959966,-5.755874,,16.444319,1008.704110,1.213434,9.801637,370000.000000,VFR,barnes,envelope,False
2026-04-29T23:51:01Z,37.113342,-76.007068,106.680000,346.380288,406.194444,2.494981,-2.624691,3.621316,133.548691,2.564836,-2.698178,3.722707,-3.042875,-1.963375,-5.765817,,16.440482,1008.703966,1.213450,9.801585,370000.000000,VFR,barnes,envelope,False
2026-04-29T23:51:11Z,37.115041,-76.007586,106.680000,346.380288,406.388889,2.492215,-2.626860,3.620984,133.493319,2.601168,-2.741700,3.779285,-3.040698,-1.966135,-5.773867,,16.436641,1008.703819,1.213466,9.801535,370000.000000,VFR,barnes,envelope,False
2026-04-29T23:51:21Z,37.116741,-76.008103,106.680000,346.380288,406.583333,2.489466,-2.629026,3.620665,133.438168,2.506735,-2.647263,3.645781,-3.038536,-1.968887,-5.781894,,16.432796,1008.703670,1.213482,9.801487,370000.000000,VFR,barnes,envelope,False
2026-04-29T23:51:31Z,37.118440,-76.008621,106.680000,346.380288,406.777778,2.486733,-2.631188,3.620358,133.383240,2.469807,-2.613278,3.595715,-3.036389,-1.971632,-5.789901,,16.428947,1008.703519,1.213498,9.801441,370000.000000,VFR,barnes,envelope,False
2026-04-29T23:51:41Z,37.120140,-76.009138,106.680000,346.380288,406.972222,2.484018,-2.633347,3.620064,133.328535,2.473929,-2.622652,3.605361,-3.034259,-1.974369,-5.797885,,16.425093,1008.703366,1.213514,9.801396,370000.000000,VFR,barnes,envelope,False
2026-04-29T23:51:51Z,37.121839,-76.009655,106.680000,346.380288,407.166667,2.481319,-2.635502,3.619782,133.274055,2.480279,-2.634398,3.618264,-3.032144,-1.977100,-5.805848,,16.421234,1008.703210,1.213530,9.801354,370000.000000,VFR,barnes,envelope,False
2026-04-29T23:52:01Z,37.123538,-76.010173,106.680000,346.380288,407.361111,2.478749,-2.637610,3.619556,133.221560,2.494980,-2.654881,3.643257,-3.030142,-1.979753,-5.813587,,16.417388,1008.703044,1.213546,9.801313,370000.000000,VFR,barnes,envelope,False
2026-04-29T23:52:11Z,37.125238,-76.010690,106.680000,346.380288,407.555556,2.477200,-2.639318,3.619740,133.185178,2.416565,-2.574715,3.531140,-3.029038,-1.981778,-5.819492,,16.413687,1008.702799,1.213561,9.801273,370000.000000,VFR,barnes,envelope,False
2026-04-29T23:52:21Z,37.126937,-76.011208,106.680000,346.380288,407.750000,2.475671,-2.641020,3.619936,133.149090,2.399018,-2.559248,3.507854,-3.027953,-1.983793,-5.825367,,16.409983,1008.702552,1.213576,9.801236,370000.000000,VFR,barnes,envelope,False
2026-04-29T23:52:31Z,37.128637,-76.011725,106.680000,346.380288,407.944444,2.474162,-2.642718,3.620143,133.113295,2.454389,-2.621597,3.591211,-3.026887,-1.985798,-5.831215,,16.406274,1008.702303,1.213591,9.801200,370000.000000,VFR,barnes,envelope,False
2026-04-29T23:52:41Z,37.130336,-76.012242,106.680000,346.380288,408.138889,2.472674,-2.644411,3.620362,133.077794,2.396229,-2.562656,3.508435,-3.025839,-1.987793,-5.837034,,16.402562,1008.702050,1.213607,9.801166,370000.000000,VFR,barnes,envelope,False
2026-04-29T23:52:51Z,37.132035,-76.012760,106.680000,346.380288,408.333333,2.471206,-2.646098,3.620593,133.042588,2.344913,-2.510867,3.435560,-3.024810,-1.989779,-5.842824,,16.398846,1008.701796,1.213622,9.801134,370000.000000,VFR,barnes,envelope,False
2026-04-29T23:53:01Z,37.133735,-76.013277,106.680000,346.380288,408.527778,2.469919,-2.647536,3.620766,133.012180,2.367906,-2.538186,3.471220,-3.023898,-1.991479,-5.847782,,16.395126,1008.701537,1.213637,9.801104,370000.000000,VFR,barnes,envelope,False
2026-04-29T23:53:11Z,37.135434,-76.013795,106.680000,346.380288,408.722222,2.470106,-2.646765,3.620330,133.022655,2.387025,-2.557743,3.498563,-3.023898,-1.990687,-5.845471,,16.391403,1008.701264,1.213652,9.801075,370000.000000,VFR,barnes,envelope,False
2026-04-29T23:53:21Z,37.137134,-76.014312,106.680000,346.380288,408.916667,2.470317,-2.645985,3.619904,133.033518,2.400482,-2.571185,3.517571,-3.023919,-1.989879,-5.843116,,16.387675,1008.700988,1.213668,9.801049,370000.000000,VFR,barnes,envelope,False
2026-04-29T23:53:31Z,37.138833,-76.014829,106.680000,346.380288,409.111111,2.470552,-2.645196,3.619487,133.044768,2.471914,-2.646654,3.621483,-3.023961,-1.989056,-5.840716,,16.383944,1008.700709,1.213683,9.801024,370000.000000,VFR,barnes,envelope,False
2026-04-29T23:53:41Z,37.140532,-76.015347,106.680000,346.380288,409.305556,2.470811,-2.644396,3.619079,133.056405,2.503503,-2.679385,3.666965,-3.024025,-1.988218,-5.838272,,16.380209,1008.700428,1.213698,9.801001,370000.000000,VFR,barnes,envelope,False
2026-04-29T23:53:51Z,37.142232,-76.015864,106.680000,346.380288,409.500000,2.471094,-2.643587,3.618681,133.068430,2.486440,-2.660003,3.641154,-3.024109,-1.987365,-5.835783,,16.376470,1008.700145,1.213714,9.800980,370000.000000,VFR,barnes,envelope,False
2026-04-29T23:54:01Z,37.143931,-76.016382,106.680000,346.380288,409.694444,2.470825,-2.642430,3.617653,133.077832,2.605178,-2.786114,3.814366,-3.023576,-1.986304,-5.832690,,16.372890,1008.699844,1.213728,9.800960,370000.000000,VFR,barnes,envelope,False
2026-04-29T23:54:11Z,37.145630,-76.016899,106.680000,346.380288,409.888889,2.465391,-2.638256,3.610893,133.060076,2.640191,-2.825313,3.866911,-3.017311,-1.983527,-5.824592,,16.370771,1008.699399,1.213737,9.800943,370000.000000,VFR,barnes,envelope,False
2026-04-29T23:54:21Z,37.147330,-76.017416,106.680000,346.380288,410.083333,2.459963,-2.634124,3.604168,133.041880,2.518676,-2.696995,3.690191,-3.011063,-1.980789,-5.816608,,16.368657,1008.698950,1.213745,9.800927,370000.000000,VFR,barnes,envelope,False
2026-04-29T23:54:31Z,37.149029,-76.017934,106.680000,346.380288,410.277778,2.454541,-2.630033,3.597478,133.023243,2.515288,-2.695124,3.686512,-3.004831,-1.978090,-5.808737,,16.366547,1008.698499,1.213753,9.800913,370000.000000,VFR,barnes,envelope,False
2026-04-29T23:54:41Z,37.150729,-76.018451,106.680000,346.380288,410.472222,2.449127,-2.625984,3.590824,133.004160,2.525579,-2.707957,3.702915,-2.998615,-1.975430,-5.800978,,16.364441,1008.698044,1.213762,9.800902,370000.000000,VFR,barnes,envelope,False
2026-04-29T23:54:51Z,37.152428,-76.018969,106.680000,346.380288,410.666667,2.443718,-2.621977,3.584204,132.984630,2.516389,-2.699949,3.690791,-2.992415,-1.972809,-5.793333,,16.362339,1008.697587,1.213770,9.800891,370000.000000,VFR,barnes,envelope,False
2026-04-29T23:55:01Z,37.154127,-76.019486,106.680000,346.380288,410.861111,2.439014,-2.617941,3.578045,132.973590,2.630694,-2.823683,3.859241,-2.986893,-1.969994,-5.785123,,16.261876,1008.697439,1.214191,9.800757,370000.000000,VFR,barnes,envelope,False
2026-04-29T23:55:11Z,37.155827,-76.020003,106.680000,346.380288,411.055556,2.440603,-2.613299,3.575735,133.042915,2.650370,-2.837910,3.883065,-2.987344,-1.965109,-5.770875,,16.259747,1008.700102,1.214203,9.799478,370000.000000,VFR,barnes,envelope,False
2026-04-29T23:55:21Z,37.157526,-76.020521,106.680000,346.380288,411.250000,2.442207,-2.608665,3.573445,133.112426,2.585707,-2.761946,3.783414,-2.987812,-1.960227,-5.756635,,16.257611,1008.702765,1.214215,9.798194,370000.000000,VFR,barnes,envelope,False
2026-04-29T23:55:31Z,37.159226,-76.021038,106.680000,346.380288,411.444444,2.443826,-2.604038,3.571176,133.182122,2.505975,-2.670262,3.661995,-2.988295,-1.955349,-5.742405,,16.255469,1008.705426,1.214228,9.796905,370000.000000,VFR,barnes,envelope,False
2026-04-29T23:55:41Z,37.160925,-76.021556,106.680000,346.380288,411.638889,2.445460,-2.599418,3.568928,133.252002,2.531223,-2.690581,3.694093,-2.988795,-1.950474,-5.728185,,16.253320,1008.708086,1.214240,9.795610,370000.000000,VFR,barnes,envelope,False
2026-04-29T23:55:51Z,37.162624,-76.022073,106.680000,346.380288,411.833333,2.447108,-2.594805,3.566701,133.322066,2.510729,-2.662266,3.659429,-2.989311,-1.945603,-5.713974,,16.251164,1008.710745,1.214252,9.794310,370000.000000,VFR,barnes,envelope,False
2026-04-29T23:56:01Z,37.164324,-76.022590,106.680000,346.380288,412.027778,2.448762,-2.590201,3.564488,133.392176,2.479327,-2.622532,3.608980,-2.989834,-1.940739,-5.699783,,16.249002,1008.713402,1.214264,9.793005,370000.000000,VFR,barnes,envelope,False
2026-04-29T23:56:11Z,37.166023,-76.023108,106.680000,346.380288,412.222222,2.450337,-2.585616,3.562242,133.461253,2.439247,-2.573914,3.546119,-2.990286,-1.935912,-5.685699,,16.246846,1008.716062,1.214277,9.791694,370000.000000,VFR,barnes,envelope,False
2026-04-29T23:56:21Z,37.167723,-76.023625,106.680000,346.380288,412.416667,2.451929,-2.581039,3.560016,133.530521,2.493006,-2.624279,3.619658,-2.990754,-1.931088,-5.671625,,16.244682,1008.718720,1.214289,9.790378,370000.000000,VFR,barnes,envelope,False
2026-04-29T23:56:31Z,37.169422,-76.024143,106.680000,346.380288,412.611111,2.453535,-2.576468,3.557811,133.599978,2.423079,-2.544486,3.513648,-2.991240,-1.926268,-5.657559,,16.242512,1008.721377,1.214301,9.789056,370000.000000,VFR,barnes,envelope,False
2026-04-29T23:56:41Z,37.171121,-76.024660,106.680000,346.380288,412.805556,2.455158,-2.571904,3.555628,133.669624,2.387557,-2.501089,3.457727,-2.991742,-1.921450,-5.643501,,16.240335,1008.724032,1.214313,9.787729,370000.000000,VFR,barnes,envelope,False
2026-04-29T23:56:51Z,37.172821,-76.025177,106.680000,346.380288,413.000000,2.456796,-2.567348,3.553466,133.739457,2.506472,-2.619260,3.625317,-2.992261,-1.916636,-5.629453,,16.238150,1008.726686,1.214326,9.786396,370000.000000,VFR,barnes,envelope,False
2026-04-29T23:57:01Z,37.174520,-76.025695,106.680000,346.380288,413.194444,2.458449,-2.562798,3.551324,133.809477,2.523680,-2.630798,3.645553,-2.992796,-1.911825,-5.615413,,16.235959,1008.729338,1.214338,9.785058,370000.000000,VFR,barnes,envelope,False
2026-04-29T23:57:11Z,37.176219,-76.026212,106.680000,346.380288,413.388889,2.460118,-2.558256,3.549204,133.879682,2.477158,-2.575976,3.573789,-2.993348,-1.907018,-5.601381,,16.233761,1008.731989,1.214351,9.783715,370000.000000,VFR,barnes,envelope,False
2026-04-29T23:57:21Z,37.177919,-76.026730,106.680000,346.380288,413.583333,2.461802,-2.553720,3.547105,133.950072,2.516407,-2.610364,3.625783,-2.993917,-1.902213,-5.587359,,16.231556,1008.734638,1.214363,9.782366,370000.000000,VFR,barnes,envelope,False
2026-04-29T23:57:31Z,37.179618,-76.027247,106.680000,346.380288,413.777778,2.463502,-2.549192,3.545028,134.020645,2.530905,-2.618940,3.642023,-2.994503,-1.897412,-5.573345,,16.229344,1008.737285,1.214375,9.781011,370000.000000,VFR,barnes,envelope,False
2026-04-29T23:57:41Z,37.181318,-76.027764,106.680000,346.380288,413.972222,2.465217,-2.544671,3.542971,134.091401,2.522763,-2.604072,3.625675,-2.995105,-1.892614,-5.559340,,16.227124,1008.739931,1.214388,9.779651,370000.000000,VFR,barnes,envelope,False
2026-04-29T23:57:51Z,37.183017,-76.028282,106.680000,346.380288,414.166667,2.466948,-2.540156,3.540936,134.162339,2.534407,-2.609618,3.637764,-2.995724,-1.887819,-5.545344,,16.224898,1008.742576,1.214401,9.778285,370000.000000,VFR,barnes,envelope,False
2026-04-29T23:58:01Z,37.184716,-76.028799,106.680000,346.380288,414.361111,2.468694,-2.535649,3.538921,134.233457,2.502460,-2.570331,3.587326,-2.996360,-1.883028,-5.531356,,16.222665,1008.745218,1.214413,9.776914,370000.000000,VFR,barnes,envelope,False
2026-04-29T23:58:11Z,37.186416,-76.029317,106.680000,346.380288,414.555556,2.470455,-2.531149,3.536928,134.304755,2.487635,-2.548751,3.561525,-2.997012,-1.878239,-5.517377,,16.220425,1008.747860,1.214426,9.775538,370000.000000,VFR,barnes,envelope,False
2026-04-29T23:58:21Z,37.188115,-76.029834,106.680000,346.380288,414.750000,2.472232,-2.526656,3.534957,134.376232,2.507406,-2.562605,3.585252,-2.997681,-1.873454,-5.503407,,16.218178,1008.750499,1.214438,9.774155,370000.000000,VFR,barnes,envelope,False
2026-04-29T23:58:31Z,37.189815,-76.030351,106.680000,346.380288,414.944444,2.474024,-2.522170,3.533006,134.447886,2.609859,-2.660648,3.726984,-2.998366,-1.868672,-5.489445,,16.215924,1008.753137,1.214451,9.772767,370000.000000,VFR,barnes,envelope,False
2026-04-29T23:58:41Z,37.191514,-76.030869,106.680000,346.380288,415.138889,2.475831,-2.517690,3.531077,134.519717,2.567487,-2.610896,3.661798,-2.999068,-1.863893,-5.475492,,16.213663,1008.755773,1.214464,9.771374,370000.000000,VFR,barnes,envelope,False
2026-04-29T23:58:51Z,37.193213,-76.031386,106.680000,346.380288,415.333333,2.477654,-2.513218,3.529169,134.591724,2.445809,-2.480916,3.483809,-2.999786,-1.859117,-5.461548,,16.211395,1008.758407,1.214476,9.769975,370000.000000,VFR,barnes,envelope,False
2026-04-29T23:59:01Z,37.194913,-76.031903,106.680000,346.380288,415.527778,2.479303,-2.508937,3.527281,134.659614,2.461670,-2.491094,3.502195,-3.000381,-1.854569,-5.448266,,16.209102,1008.760825,1.214489,9.768570,370000.000000,VFR,barnes,envelope,False
2026-04-29T23:59:11Z,37.196612,-76.032421,106.680000,346.380288,415.722222,2.479264,-2.506321,3.525393,134.689056,2.476691,-2.503720,3.521734,-2.999727,-1.852035,-5.440867,,16.206644,1008.761311,1.214500,9.767159,370000.000000,VFR,barnes,envelope,False
2026-04-29T23:59:21Z,37.198312,-76.032938,106.680000,346.380288,415.916667,2.479242,-2.503711,3.523522,134.718650,2.603024,-2.628715,3.699443,-2.999091,-1.849503,-5.433474,,16.204179,1008.761797,1.214511,9.765743,370000.000000,VFR,barnes,envelope,False
2026-04-29T23:59:31Z,37.200011,-76.033456,106.680000,346.380288,416.111111,2.479236,-2.501106,3.521668,134.748397,2.525469,-2.547747,3.587340,-2.998472,-1.846974,-5.426086,,16.201707,1008.762282,1.214522,9.764322,370000.000000,VFR,barnes,envelope,False
2026-04-29T23:59:41Z,37.201710,-76.033973,106.680000,346.380288,416.305556,2.479247,-2.498508,3.519830,134.778297,2.521312,-2.540900,3.579551,-2.997870,-1.844446,-5.418704,,16.199228,1008.762766,1.214533,9.762894,370000.000000,VFR,barnes,envelope,False
2026-04-29T23:59:51Z,37.203410,-76.034490,106.680000,346.380288,416.500000,2.479274,-2.495915,3.518009,134.808351,2.551599,-2.568726,3.620637,-2.997286,-1.841919,-5.411327,,16.196742,1008.763250,1.214544,9.761461,370000.000000,VFR,barnes,envelope,False
2026-04-30T00:00:01Z,37.205109,-76.035008,106.680000,346.380288,416.694444,2.479991,-2.493632,3.516896,134.842847,2.672001,-2.686699,3.789187,-2.997445,-1.839532,-5.404354,,16.169614,1008.763738,1.214658,9.760113,370000.000000,VFR,barnes,envelope,False
2026-04-30T00:00:11Z,37.206809,-76.035525,106.680000,346.380288,416.888889,2.486780,-2.494089,3.522010,134.915932,2.595736,-2.603365,3.676323,-3.004152,-1.838377,-5.400980,,16.168002,1008.764261,1.214665,9.759575,370000.000000,VFR,barnes,envelope,False
2026-04-30T00:00:21Z,37.208508,-76.036043,106.680000,346.380288,417.083333,2.493572,-2.494543,3.527130,134.988849,2.545601,-2.546592,3.600724,-3.010859,-1.837219,-5.397598,,16.166384,1008.764783,1.214673,9.759036,370000.000000,VFR,barnes,envelope,False
2026-04-30T00:00:31Z,37.210207,-76.036560,106.680000,346.380288,417.277778,2.500365,-2.494994,3.532254,135.061600,2.496905,-2.491542,3.527367,-3.017567,-1.836058,-5.394207,,16.164762,1008.765302,1.214680,9.758497,370000.000000,VFR,barnes,envelope,False
2026-04-30T00:00:41Z,37.211907,-76.037077,106.680000,346.380288,417.472222,2.507159,-2.495443,3.537383,135.134184,2.536373,-2.524521,3.578602,-3.024276,-1.834894,-5.390809,,16.163135,1008.765819,1.214688,9.757958,370000.000000,VFR,barnes,envelope,False
2026-04-30T00:00:51Z,37.213606,-76.037595,106.680000,346.380288,417.666667,2.513954,-2.495889,3.542518,135.206603,2.558991,-2.540602,3.605980,-3.030985,-1.833728,-5.387403,,16.161503,1008.766335,1.214695,9.757418,370000.000000,VFR,barnes,envelope,False
2026-04-30T00:01:01Z,37.215305,-76.038112,106.680000,346.380288,417.861111,2.520751,-2.496333,3.547657,135.278855,2.526737,-2.502261,3.556081,-3.037696,-1.832559,-5.383988,,16.159865,1008.766848,1.214703,9.756878,370000.000000,VFR,barnes,envelope,False
2026-04-30T00:01:11Z,37.217005,-76.038630,106.680000,346.380288,418.055556,2.527550,-2.496775,3.552801,135.350942,2.572073,-2.540756,3.615383,-3.044407,-1.831387,-5.380566,,16.158223,1008.767359,1.214710,9.756337,370000.000000,VFR,barnes,envelope,False
2026-04-30T00:01:21Z,37.218704,-76.039147,106.680000,346.380288,418.250000,2.534350,-2.497214,3.557950,135.422864,2.544793,-2.507505,3.572612,-3.051119,-1.830213,-5.377136,,16.156575,1008.767869,1.214718,9.755796,370000.000000,VFR,barnes,envelope,False
2026-04-30T00:01:31Z,37.220404,-76.039664,106.680000,346.380288,418.444444,2.541151,-2.497651,3.563104,135.494622,2.506982,-2.464067,3.515194,-3.057832,-1.829036,-5.373699,,16.154923,1008.768376,1.214725,9.755254,370000.000000,VFR,barnes,envelope,False
2026-04-30T00:01:41Z,37.222103,-76.040182,106.680000,346.380288,418.638889,2.547954,-2.498085,3.568263,135.566215,2.494815,-2.445987,3.493845,-3.064546,-1.827856,-5.370253,,16.153265,1008.768882,1.214733,9.754712,370000.000000,VFR,barnes,envelope,False
2026-04-30T00:01:51Z,37.223802,-76.040699,106.680000,346.380288,418.833333,2.554758,-2.498518,3.573427,135.637644,2.496036,-2.441089,3.491290,-3.071260,-1.826674,-5.366800,,16.151603,1008.769385,1.214740,9.754170,370000.000000,VFR,barnes,envelope,False
2026-04-30T00:02:01Z,37.225502,-76.041217,106.680000,346.380288,419.027778,2.561563,-2.498947,3.578595,135.708909,2.551302,-2.488937,3.564260,-3.077975,-1.825489,-5.363339,,16.149935,1008.769886,1.214748,9.753627,370000.000000,VFR,barnes,envelope,False
2026-04-30T00:02:11Z,37.227201,-76.041734,106.680000,346.380288,419.222222,2.568370,-2.499375,3.583769,135.780011,2.518809,-2.451145,3.514614,-3.084692,-1.824302,-5.359871,,16.148262,1008.770386,1.214756,9.753083,370000.000000,VFR,barnes,envelope,False
2026-04-30T00:02:21Z,37.228901,-76.042251,106.680000,346.380288,419.416667,2.575178,-2.499800,3.588947,135.850950,2.572757,-2.497449,3.585573,-3.091409,-1.823112,-5.356394,,16.146585,1008.770883,1.214763,9.752539,370000.000000,VFR,barnes,envelope,False
2026-04-30T00:02:31Z,37.230600,-76.042769,106.680000,346.380288,419.611111,2.581988,-2.500223,3.594131,135.921726,2.541936,-2.461439,3.538378,-3.098126,-1.821919,-5.352911,,16.144902,1008.771379,1.214771,9.751995,370000.000000,VFR,barnes,envelope,False
2026-04-30T00:02:41Z,37.232299,-76.043286,106.680000,346.380288,419.805556,2.588799,-2.500643,3.599319,135.992340,2.548012,-2.461245,3.542610,-3.104845,-1.820724,-5.349420,,16.143215,1008.771873,1.214779,9.751450,370000.000000,VFR,barnes,envelope,False
2026-04-30T00:02:51Z,37.233999,-76.043804,106.680000,346.380288,420.000000,2.595612,-2.501061,3.604512,136.062792,2.485489,-2.394950,3.451585,-3.111564,-1.819526,-5.345921,,16.141522,1008.772364,1.214786,9.750905,370000.000000,VFR,barnes,envelope,False
2026-04-30T00:03:01Z,37.235698,-76.044321,106.680000,346.380288,420.194444,2.602425,-2.501477,3.609710,136.133082,2.513005,-2.415526,3.485679,-3.118285,-1.818326,-5.342416,,16.139824,1008.772854,1.214794,9.750359,370000.000000,VFR,barnes,envelope,False
2026-04-30T00:03:11Z,37.237398,-76.044838,106.680000,346.380288,420.388889,2.609241,-2.501891,3.614913,136.203211,2.574902,-2.468965,3.567339,-3.125006,-1.817123,-5.338902,,16.138122,1008.773342,1.214802,9.749813,370000.000000,VFR,barnes,envelope,False
2026-04-30T00:03:21Z,37.239097,-76.045356,106.680000,346.380288,420.583333,2.616057,-2.502303,3.620121,136.273179,2.637444,-2.522759,3.649716,-3.131727,-1.815918,-5.335382,,16.136414,1008.773827,1.214810,9.749267,370000.000000,VFR,barnes,envelope,False
2026-04-30T00:03:31Z,37.240796,-76.045873,106.680000,346.380288,420.777778,2.622875,-2.502712,3.625334,136.342986,2.628398,-2.507982,3.632967,-3.138450,-1.814710,-5.331854,,16.134702,1008.774311,1.214817,9.748720,370000.000000,VFR,barnes,envelope,False
2026-04-30T00:03:41Z,37.242496,-76.046391,106.680000,346.380288,420.972222,2.629695,-2.503119,3.630551,136.412633,2.560731,-2.437475,3.535340,-3.145174,-1.813500,-5.328319,,16.132984,1008.774793,1.214825,9.748173,370000.000000,VFR,barnes,envelope,False
2026-04-30T00:03:51Z,37.244195,-76.046908,106.680000,346.380288,421.166667,2.636516,-2.503524,3.635773,136.482119,2.573134,-2.443340,3.548370,-3.151898,-1.812288,-5.324777,,16.131262,1008.775273,1.214833,9.747625,370000.000000,VFR,barnes,envelope,False
2026-04-30T00:04:01Z,37.245894,-76.047425,106.680000,346.380288,421.361111,2.643338,-2.503927,3.641001,136.551446,2.646192,-2.506631,3.644932,-3.158623,-1.811073,-5.321227,,16.129534,1008.775750,1.214841,9.747077,370000.000000,VFR,barnes,envelope,False
2026-04-30T00:04:11Z,37.247594,-76.047943,106.680000,346.380288,421.555556,2.650161,-2.504328,3.646233,136.620613,2.577909,-2.436052,3.546825,-3.165349,-1.809855,-5.317671,,16.127802,1008.776226,1.214849,9.746528,370000.000000,VFR,barnes,envelope,False
2026-04-30T00:04:21Z,37.249293,-76.048460,106.680000,346.380288,421.750000,2.656986,-2.504726,3.651470,136.689621,2.582385,-2.434400,3.548946,-3.172076,-1.808636,-5.314108,,16.126065,1008.776700,1.214857,9.745979,370000.000000,VFR,barnes,envelope,False
2026-04-30T00:04:31Z,37.250993,-76.048978,106.680000,346.380288,421.944444,2.663813,-2.505123,3.656711,136.758470,2.615367,-2.459563,3.590209,-3.178804,-1.807413,-5.310537,,16.124323,1008.777172,1.214864,9.745429,340000.000000,VFR,barnes,envelope,False
2026-04-30T00:04:41Z,37.252692,-76.049495,106.680000,346.380288,422.138889,2.670640,-2.505517,3.661958,136.827161,2.656293,-2.492057,3.642285,-3.185532,-1.806189,-5.306960,,16.122576,1008.777642,1.214872,9.744880,340000.000000,VFR,barnes,envelope,False
2026-04-30T00:04:51Z,37.254391,-76.050012,106.680000,346.380288,422.333333,2.677469,-2.505909,3.667209,136.895693,2.650128,-2.480320,3.629761,-3.192262,-1.804962,-5.303375,,16.120824,1008.778110,1.214880,9.744329,340000.000000,VFR,barnes,envelope,False
2026-04-30T00:05:01Z,37.256091,-76.050530,106.680000,346.380288,422.527778,2.683113,-2.505530,3.671073,136.960194,2.615743,-2.442620,3.578897,-3.197657,-1.803265,-5.298417,,16.119067,1008.778644,1.214888,9.743831,340000.000000,VFR,barnes,envelope,False
2026-04-30T00:05:11Z,37.257790,-76.051047,106.680000,346.380288,422.722222,2.678058,-2.498231,3.662397,136.989686,2.628506,-2.452006,3.594632,-3.191026,-1.797361,-5.281169,,16.117305,1008.779776,1.214897,9.743806,340000.000000,VFR,barnes,envelope,False
2026-04-30T00:05:21Z,37.259490,-76.051565,106.680000,346.380288,422.916667,2.672982,-2.490937,3.653710,137.019031,2.624222,-2.445497,3.587060,-3.184375,-1.791467,-5.263949,,16.115539,1008.780901,1.214906,9.743783,340000.000000,VFR,barnes,envelope,False
2026-04-30T00:05:31Z,37.261189,-76.052082,106.680000,346.380288,423.111111,2.667885,-2.483648,3.645012,137.048231,2.685152,-2.499722,3.668604,-3.177705,-1.785583,-5.246756,,16.113767,1008.782018,1.214915,9.743763,340000.000000,VFR,barnes,envelope,False
2026-04-30T00:05:41Z,37.262888,-76.052599,106.680000,346.380288,423.305556,2.662766,-2.476363,3.636303,137.077283,2.685479,-2.497486,3.667320,-3.171015,-1.779709,-5.229592,,16.111991,1008.783126,1.214923,9.743745,340000.000000,VFR,barnes,envelope,False
2026-04-30T00:05:51Z,37.264593,-76.052859,106.680000,10.734266,423.500000,2.657689,-2.469101,3.627640,137.106663,2.667899,-2.478587,3.641576,-2.151303,-2.920902,-8.542970,,16.110014,1008.784355,1.214933,9.743780,340000.000000,VFR,barnes,envelope,False
2026-04-30T00:06:01Z,37.266311,-76.052448,106.680000,10.734266,423.694444,2.652752,-2.461888,3.619114,137.137124,2.617948,-2.429588,3.571631,-2.147796,-2.912895,-8.519896,,16.107524,1008.785910,1.214945,9.743948,340000.000000,VFR,barnes,envelope,False
2026-04-30T00:06:11Z,37.268029,-76.052037,106.680000,10.734266,423.888889,2.647790,-2.454678,3.610573,137.167431,2.549130,-2.363213,3.476038,-2.144264,-2.904887,-8.496816,,16.105030,1008.787458,1.214958,9.744117,340000.000000,VFR,barnes,envelope,False
2026-04-30T00:06:21Z,37.269747,-76.051625,106.680000,10.734266,424.083333,2.642804,-2.447471,3.602017,137.197583,2.577726,-2.387203,3.513319,-2.140708,-2.896877,-8.473728,,16.102532,1008.788998,1.214970,9.744288,340000.000000,VFR,barnes,envelope,False
2026-04-30T00:06:31Z,37.271465,-76.051214,106.680000,10.734266,424.277778,2.637794,-2.440267,3.593447,137.227581,2.593486,-2.399277,3.533086,-2.137127,-2.888866,-8.450634,,16.100029,1008.790531,1.214983,9.744460,340000.000000,VFR,barnes,envelope,False
2026-04-30T00:06:41Z,37.273183,-76.050803,106.680000,10.734266,424.472222,2.632760,-2.433066,3.584862,137.257422,2.582146,-2.386291,3.515945,-2.133522,-2.880854,-8.427533,,16.097522,1008.792057,1.214995,9.744635,340000.000000,VFR,barnes,envelope,False
2026-04-30T00:06:51Z,37.274900,-76.050391,106.680000,10.734266,424.666667,2.627702,-2.425869,3.576263,137.287107,2.611478,-2.410891,3.554183,-2.129893,-2.872840,-8.404426,,16.095010,1008.793575,1.215007,9.744811,340000.000000,VFR,barnes,envelope,False
2026-04-30T00:07:01Z,37.276618,-76.049980,106.680000,10.734266,424.861111,2.622620,-2.418674,3.567649,137.316635,2.569025,-2.369247,3.494742,-2.126240,-2.864826,-8.381312,,16.092494,1008.795085,1.215020,9.744989,340000.000000,VFR,barnes,envelope,False
2026-04-30T00:07:11Z,37.278336,-76.049569,106.680000,10.734266,425.055556,2.617513,-2.411483,3.559021,137.346005,2.476283,-2.281370,3.366991,-2.122562,-2.856809,-8.358191,,16.089974,1008.796589,1.215032,9.745169,340000.000000,VFR,barnes,envelope,False
2026-04-30T00:07:21Z,37.280054,-76.049158,106.680000,10.734266,425.250000,2.612383,-2.404296,3.550378,137.375218,2.537475,-2.335355,3.448574,-2.118860,-2.848792,-8.335064,,16.087450,1008.798085,1.215044,9.745350,340000.000000,VFR,barnes,envelope,False
2026-04-30T00:07:31Z,37.281772,-76.048746,106.680000,10.734266,425.444444,2.607229,-2.397111,3.541720,137.404271,2.579410,-2.371535,3.503931,-2.115134,-2.840773,-8.311930,,16.084921,1008.799573,1.215057,9.745533,340000.000000,VFR,barnes,envelope,False
2026-04-30T00:07:41Z,37.283490,-76.048335,106.680000,10.734266,425.638889,2.602050,-2.389930,3.533048,137.433165,2.644883,-2.429271,3.591207,-2.111384,-2.832752,-8.288790,,16.082388,1008.801054,1.215069,9.745718,340000.000000,VFR,barnes,envelope,False
2026-04-30T00:07:51Z,37.285208,-76.047924,106.680000,10.734266,425.833333,2.596848,-2.382751,3.524361,137.461899,2.721363,-2.497001,3.693349,-2.107609,-2.824731,-8.265643,,16.079851,1008.802528,1.215082,9.745905,340000.000000,VFR,barnes,envelope,False
2026-04-30T00:08:01Z,37.286926,-76.047513,106.680000,10.734266,426.027778,2.591621,-2.375576,3.515660,137.490471,2.796063,-2.562975,3.792994,-2.103811,-2.816708,-8.242490,,16.077309,1008.803994,1.215094,9.746093,340000.000000,VFR,barnes,envelope,False
2026-04-30T00:08:11Z,37.288644,-76.047101,106.680000,10.734266,426.222222,2.586371,-2.368405,3.506944,137.518878,2.796915,-2.561206,3.792428,-2.099988,-2.808684,-8.219331,,16.074763,1008.805452,1.215107,9.746283,340000.000000,VFR,barnes,envelope,False
2026-04-30T00:08:21Z,37.290362,-76.046690,106.680000,10.734266,426.416667,2.581096,-2.361237,3.498213,137.547123,2.750165,-2.515904,3.727356,-2.096141,-2.800659,-8.196165,,16.072213,1008.806904,1.215119,9.746475,340000.000000,VFR,barnes,envelope,False
2026-04-30T00:08:31Z,37.292080,-76.046279,106.680000,10.734266,426.611111,2.575798,-2.354072,3.489468,137.575205,2.648101,-2.420150,3.587418,-2.092270,-2.792632,-8.172993,,16.069659,1008.808348,1.215132,9.746669,340000.000000,VFR,barnes,envelope,False
2026-04-30T00:08:41Z,37.293798,-76.045867,106.680000,10.734266,426.805556,2.570476,-2.346910,3.480708,137.603124,2.655508,-2.424546,3.595851,-2.088375,-2.784605,-8.149815,,16.067100,1008.809784,1.215144,9.746864,340000.000000,VFR,barnes,envelope,False
2026-04-30T00:08:51Z,37.295516,-76.045456,106.680000,10.734266,427.000000,2.565130,-2.339751,3.471934,137.630879,2.735671,-2.495309,3.702764,-2.084455,-2.776576,-8.126631,,16.064537,1008.811213,1.215157,9.747062,340000.000000,VFR,barnes,envelope,False
2026-04-30T00:09:01Z,37.297234,-76.045045,106.680000,10.734266,427.194444,2.559760,-2.332596,3.463145,137.658470,2.737689,-2.494736,3.703869,-2.080512,-2.768545,-8.103440,,16.061970,1008.812635,1.215169,9.747260,340000.000000,VFR,barnes,envelope,False
2026-04-30T00:09:11Z,37.298951,-76.044634,106.680000,10.734266,427.388889,2.554366,-2.325444,3.454341,137.685895,2.665689,-2.426790,3.604887,-2.076545,-2.760514,-8.080243,,16.059399,1008.814049,1.215182,9.747461,340000.000000,VFR,barnes,envelope,False
2026-04-30T00:09:21Z,37.300669,-76.044222,106.680000,10.734266,427.583333,2.548948,-2.318295,3.445523,137.713154,2.753860,-2.504664,3.722511,-2.072553,-2.752481,-8.057039,,16.056824,1008.815456,1.215194,9.747663,340000.000000,VFR,barnes,envelope,False
2026-04-30T00:09:31Z,37.302387,-76.043811,106.680000,10.734266,427.777778,2.543507,-2.311149,3.436690,137.740247,2.653379,-2.410984,3.585145,-2.068538,-2.744447,-8.033829,,16.054244,1008.816855,1.215207,9.747867,340000.000000,VFR,barnes,envelope,False
2026-04-30T00:09:41Z,37.304105,-76.043400,106.680000,10.734266,427.972222,2.538042,-2.304007,3.427842,137.767172,2.691095,-2.442947,3.634553,-2.064499,-2.736411,-8.010613,,16.051661,1008.818247,1.215219,9.748073,340000.000000,VFR,barnes,envelope,False
2026-04-30T00:09:51Z,37.305823,-76.042988,106.680000,10.734266,428.166667,2.532553,-2.296868,3.418980,137.793929,2.584367,-2.343860,3.488931,-2.060436,-2.728375,-7.987391,,16.049073,1008.819631,1.215232,9.748280,340000.000000,VFR,barnes,envelope,False
2026-04-30T00:10:01Z,37.307541,-76.042577,106.680000,10.734266,428.361111,2.527805,-2.290539,3.411212,137.819091,2.517779,-2.281454,3.397682,-2.056950,-2.721273,-7.966866,,16.046505,1008.820859,1.215244,9.748395,340000.000000,VFR,barnes,envelope,False
2026-04-30T00:10:11Z,37.309259,-76.042166,106.680000,10.734266,428.555556,2.529934,-2.291487,3.413426,137.831297,2.413820,-2.186317,3.256764,-2.058865,-2.722601,-7.970704,,16.044151,1008.820738,1.215254,9.747663,340000.000000,VFR,barnes,envelope,False
2026-04-30T00:10:21Z,37.310977,-76.041755,106.680000,10.734266,428.750000,2.532078,-2.292453,3.415664,137.843426,2.566849,-2.323934,3.462568,-2.060791,-2.723949,-7.974602,,16.041794,1008.820616,1.215263,9.746928,340000.000000,VFR,barnes,envelope,False
2026-04-30T00:10:31Z,37.312695,-76.041343,106.680000,10.734266,428.944444,2.534237,-2.293438,3.417925,137.855478,2.627263,-2.377626,3.543390,-2.062729,-2.725319,-7.978559,,16.039432,1008.820493,1.215273,9.746190,340000.000000,VFR,barnes,envelope,False
2026-04-30T00:10:41Z,37.314413,-76.040932,106.680000,10.734266,429.138889,2.536410,-2.294441,3.420210,137.867451,2.518315,-2.278072,3.395810,-2.064677,-2.726709,-7.982577,,16.037066,1008.820369,1.215283,9.745450,340000.000000,VFR,barnes,envelope,False
2026-04-30T00:10:51Z,37.316131,-76.040521,106.680000,10.734266,429.333333,2.538598,-2.295462,3.422518,137.879346,2.465729,-2.229572,3.324275,-2.066637,-2.728120,-7.986654,,16.034696,1008.820245,1.215293,9.744707,340000.000000,VFR,barnes,envelope,False
2026-04-30T00:11:01Z,37.317849,-76.040110,106.680000,10.734266,429.527778,2.540801,-2.296502,3.424849,137.891162,2.324244,-2.100767,3.132943,-2.068608,-2.729551,-7.990791,,16.032323,1008.820120,1.215303,9.743962,340000.000000,VFR,barnes,envelope,False
2026-04-30T00:11:11Z,37.319567,-76.039698,106.680000,10.734266,429.722222,2.543018,-2.297560,3.427203,137.902898,2.358163,-2.130547,3.178075,-2.070589,-2.731004,-7.994988,,16.029945,1008.819995,1.215312,9.743214,340000.000000,VFR,barnes,envelope,False
2026-04-30T00:11:21Z,37.321285,-76.039287,106.680000,10.734266,429.916667,2.545250,-2.298636,3.429581,137.914555,2.344898,-2.117696,3.159617,-2.072582,-2.732477,-7.999244,,16.027563,1008.819868,1.215322,9.742464,340000.000000,VFR,barnes,envelope,False
2026-04-30T00:11:31Z,37.323002,-76.038876,106.680000,10.734266,430.111111,2.547497,-2.299730,3.431982,137.926132,2.369583,-2.139120,3.192297,-2.074585,-2.733971,-8.003561,,16.025177,1008.819741,1.215332,9.741710,340000.000000,VFR,barnes,envelope,False
2026-04-30T00:11:41Z,37.324720,-76.038464,106.680000,10.734266,430.305556,2.549758,-2.300843,3.434406,137.937629,2.364071,-2.133284,3.184295,-2.076599,-2.735485,-8.007937,,16.022788,1008.819613,1.215342,9.740955,340000.000000,VFR,barnes,envelope,False
2026-04-30T00:11:51Z,37.326438,-76.038053,106.680000,10.734266,430.500000,2.552034,-2.301974,3.436853,137.949045,2.418076,-2.181143,3.256451,-2.078625,-2.737020,-8.012373,,16.020394,1008.819484,1.215352,9.740196,340000.000000,VFR,barnes,envelope,False
2026-04-30T00:12:01Z,37.328156,-76.037642,106.680000,10.734266,430.694444,2.554324,-2.303124,3.439324,137.960379,2.457510,-2.215831,3.308967,-2.080661,-2.738576,-8.016868,,16.017996,1008.819355,1.215362,9.739435,340000.000000,VFR,barnes,envelope,False
2026-04-30T00:12:11Z,37.329874,-76.037231,106.680000,10.734266,430.888889,2.556628,-2.304292,3.441818,137.971632,2.556129,-2.303842,3.441146,-2.082707,-2.740153,-8.021424,,16.015595,1008.819225,1.215372,9.738671,340000.000000,VFR,barnes,envelope,False
2026-04-30T00:12:21Z,37.331592,-76.036819,106.680000,10.734266,431.083333,2.558947,-2.305478,3.444334,137.982803,2.584733,-2.328709,3.479041,-2.084765,-2.741750,-8.026039,,16.013189,1008.819094,1.215382,9.737904,340000.000000,VFR,barnes,envelope,False
2026-04-30T00:12:31Z,37.333310,-76.036408,106.680000,10.734266,431.277778,2.561281,-2.306682,3.446874,137.993891,2.520868,-2.270286,3.392488,-2.086833,-2.743368,-8.030713,,16.010780,1008.818962,1.215392,9.737135,340000.000000,VFR,barnes,envelope,False
2026-04-30T00:12:41Z,37.335028,-76.035997,106.680000,10.734266,431.472222,2.563629,-2.307905,3.449437,138.004897,2.404100,-2.164289,3.234787,-2.088912,-2.745007,-8.035448,,16.008367,1008.818830,1.215402,9.736363,340000.000000,VFR,barnes,envelope,False
2026-04-30T00:12:51Z,37.336746,-76.035585,106.680000,10.734266,431.666667,2.565991,-2.309146,3.452023,138.015820,2.390467,-2.151191,3.215891,-2.091002,-2.746666,-8.040242,,16.005950,1008.818697,1.215412,9.735589,340000.000000,VFR,barnes,envelope,False
2026-04-30T00:13:01Z,37.338464,-76.035174,106.680000,10.734266,431.861111,2.568367,-2.310405,3.454632,138.026659,2.472156,-2.223857,3.325221,-2.093102,-2.748346,-8.045095,,16.003529,1008.818563,1.215422,9.734811,340000.000000,VFR,barnes,envelope,False
2026-04-30T00:13:11Z,37.340182,-76.034763,106.680000,10.734266,432.055556,2.570758,-2.311683,3.457264,138.037415,2.509674,-2.256755,3.375115,-2.095213,-2.750047,-8.050008,,16.001104,1008.818428,1.215432,9.734031,340000.000000,VFR,barnes,envelope,False
2026-04-30T00:13:21Z,37.341900,-76.034352,106.680000,10.734266,432.250000,2.573163,-2.312979,3.459919,138.048086,2.535721,-2.279323,3.409574,-2.097335,-2.751768,-8.054981,,15.998675,1008.818293,1.215442,9.733248,340000.000000,VFR,barnes,envelope,False
2026-04-30T00:13:31Z,37.343618,-76.033940,106.680000,10.734266,432.444444,2.575583,-2.314294,3.462597,138.058673,2.472873,-2.222004,3.324515,-2.099467,-2.753510,-8.060013,,15.996243,1008.818157,1.215452,9.732463,340000.000000,VFR,barnes,envelope,False
2026-04-30T00:13:41Z,37.345336,-76.033529,106.680000,10.734266,432.638889,2.578016,-2.315626,3.465298,138.069175,2.451345,-2.201848,3.295031,-2.101610,-2.755273,-8.065104,,15.993807,1008.818020,1.215462,9.731675,340000.000000,VFR,barnes,envelope,False
2026-04-30T00:13:51Z,37.347053,-76.033118,106.680000,10.734266,432.833333,2.580464,-2.316977,3.468022,138.079592,2.450819,-2.200570,3.293785,-2.103763,-2.757056,-8.070256,,15.991367,1008.817882,1.215472,9.730884,340000.000000,VFR,barnes,envelope,False
2026-04-30T00:14:01Z,37.348771,-76.032707,106.680000,10.734266,433.027778,2.582865,-2.318607,3.470897,138.086055,2.512555,-2.255491,3.376414,-2.105818,-2.759104,-8.076172,,15.988623,1008.817608,1.215483,9.730090,340000.000000,VFR,barnes,envelope,False
2026-04-30T00:14:11Z,37.350489,-76.032295,106.680000,10.734266,433.222222,2.584733,-2.322595,3.474952,138.057702,2.605565,-2.341314,3.502959,-2.106911,-2.763371,-8.088494,,15.983182,1008.816119,1.215504,9.729293,340000.000000,VFR,barnes,envelope,False
2026-04-30T00:14:21Z,37.352207,-76.031884,106.680000,10.734266,433.416667,2.586617,-2.326596,3.479028,138.029426,2.647888,-2.381708,3.561439,-2.108017,-2.767652,-8.100861,,15.977743,1008.814632,1.215525,9.728494,340000.000000,VFR,barnes,envelope,False
2026-04-30T00:14:31Z,37.353925,-76.031473,106.680000,10.734266,433.611111,2.588516,-2.330610,3.483124,138.001227,2.632142,-2.369889,3.541828,-2.109135,-2.771950,-8.113271,,15.972306,1008.813146,1.215547,9.727691,340000.000000,VFR,barnes,envelope,False
2026-04-30T00:14:41Z,37.355643,-76.031061,106.680000,10.734266,433.805556,2.590430,-2.334636,3.487241,137.973104,2.713131,-2.445221,3.652422,-2.110265,-2.776262,-8.125726,,15.966872,1008.811663,1.215568,9.726886,340000.000000,VFR,barnes,envelope,False
2026-04-30T00:14:51Z,37.357361,-76.030650,106.680000,10.734266,434.000000,2.592359,-2.338676,3.491379,137.945059,2.725761,-2.459023,3.671045,-2.111409,-2.780590,-8.138224,,15.961440,1008.810182,1.215589,9.726078,340000.000000,VFR,barnes,envelope,False
2026-04-30T00:15:01Z,37.359079,-76.030239,106.680000,10.734266,434.194444,2.594840,-2.342873,3.496034,137.921219,2.753808,-2.486405,3.710211,-2.113065,-2.785177,-8.151467,,15.956011,1008.808556,1.215609,9.725224,340000.000000,VFR,barnes,envelope,False
2026-04-30T00:15:11Z,37.360797,-76.029828,106.680000,10.734266,434.388889,2.602174,-2.348381,3.505168,137.934729,2.827094,-2.551364,3.808139,-2.119244,-2.791954,-8.171036,,15.950585,1008.805613,1.215629,9.723978,340000.000000,VFR,barnes,envelope,False
2026-04-30T00:15:21Z,37.362515,-76.029416,106.680000,10.734266,434.583333,2.609536,-2.353883,3.514320,137.948544,2.730561,-2.463052,3.677307,-2.125452,-2.798731,-8.190601,,15.945161,1008.802674,1.215648,9.722725,340000.000000,VFR,barnes,envelope,False
2026-04-30T00:15:31Z,37.364233,-76.029005,106.680000,10.734266,434.777778,2.616925,-2.359380,3.523488,137.962662,2.734923,-2.465765,3.682364,-2.131688,-2.805508,-8.210162,,15.939741,1008.799739,1.215667,9.721467,340000.000000,VFR,barnes,envelope,False
2026-04-30T00:15:41Z,37.365951,-76.028594,106.680000,10.734266,434.972222,2.624342,-2.364870,3.532673,137.977080,2.754647,-2.482292,3.708079,-2.137953,-2.812283,-8.229719,,15.934322,1008.796809,1.215687,9.720202,340000.000000,VFR,barnes,envelope,False
2026-04-30T00:15:51Z,37.367669,-76.028182,106.680000,10.734266,435.166667,2.631787,-2.370354,3.541875,137.991794,2.825959,-2.545238,3.803193,-2.144246,-2.819058,-8.249272,,15.928907,1008.793883,1.215706,9.718932,340000.000000,VFR,barnes,envelope,False
2026-04-30T00:16:01Z,37.369387,-76.027771,106.680000,10.734266,435.361111,2.639259,-2.375832,3.551094,138.006803,2.805414,-2.525403,3.774653,-2.150568,-2.825832,-8.268821,,15.923494,1008.790961,1.215725,9.717656,340000.000000,VFR,barnes,envelope,False
2026-04-30T00:16:11Z,37.371104,-76.027360,106.680000,10.734266,435.555556,2.646759,-2.381305,3.560330,138.022104,2.786629,-2.507146,3.748477,-2.156917,-2.832606,-8.288367,,15.918084,1008.788044,1.215744,9.716374,340000.000000,VFR,barnes,envelope,False
2026-04-30T00:16:21Z,37.372822,-76.026949,106.680000,10.734266,435.750000,2.654287,-2.386771,3.569582,138.037693,2.753185,-2.475701,3.702583,-2.163295,-2.839378,-8.307908,,15.912677,1008.785131,1.215764,9.715087,340000.000000,VFR,barnes,envelope,False
2026-04-30T00:16:31Z,37.374540,-76.026537,106.680000,10.734266,435.944444,2.661843,-2.392231,3.578851,138.053568,2.744536,-2.466549,3.690033,-2.169701,-2.846150,-8.327445,,15.907273,1008.782223,1.215783,9.713793,340000.000000,VFR,barnes,envelope,False
2026-04-30T00:16:41Z,37.376258,-76.026126,106.680000,10.734266,436.138889,2.669425,-2.397686,3.588137,138.069727,2.622053,-2.355135,3.524461,-2.176136,-2.852922,-8.346978,,15.901871,1008.779319,1.215802,9.712493,340000.000000,VFR,barnes,envelope,False
2026-04-30T00:16:51Z,37.377976,-76.025715,106.680000,10.734266,436.333333,2.677036,-2.403134,3.597440,138.086166,2.742658,-2.462042,3.685624,-2.182598,-2.859692,-8.366506,,15.896473,1008.776419,1.215821,9.711188,340000.000000,VFR,barnes,envelope,False
2026-04-30T00:17:01Z,37.379694,-76.025304,106.680000,10.734266,436.527778,2.684674,-2.408576,3.606759,138.102884,2.697036,-2.419667,3.623367,-2.189089,-2.866462,-8.386031,,15.891078,1008.773524,1.215840,9.709876,340000.000000,VFR,barnes,envelope,False
2026-04-30T00:17:11Z,37.381412,-76.024892,106.680000,10.734266,436.722222,2.692339,-2.414012,3.616095,138.119877,2.741668,-2.458242,3.682349,-2.195608,-2.873231,-8.405551,,15.885685,1008.770633,1.215860,9.708559,340000.000000,VFR,barnes,envelope,False
2026-04-30T00:17:21Z,37.383130,-76.024481,106.680000,10.734266,436.916667,2.700032,-2.419443,3.625448,138.137143,2.744804,-2.459562,3.685565,-2.202154,-2.879999,-8.425067,,15.880296,1008.767747,1.215879,9.707235,340000.000000,VFR,barnes,envelope,False
2026-04-30T00:17:31Z,37.384848,-76.024070,106.680000,10.734266,437.111111,2.707752,-2.424867,3.634818,138.154679,2.816500,-2.522253,3.780798,-2.208729,-2.886766,-8.444578,,15.874910,1008.764865,1.215898,9.705905,340000.000000,VFR,barnes,envelope,False
2026-04-30T00:17:41Z,37.386566,-76.023658,106.680000,10.734266,437.305556,2.715500,-2.430285,3.644204,138.172483,2.718669,-2.433121,3.648457,-2.215332,-2.893532,-8.464085,,15.869526,1008.761987,1.215917,9.704570,340000.000000,VFR,barnes,envelope,False
2026-04-30T00:17:51Z,37.388284,-76.023247,106.680000,10.734266,437.500000,2.723275,-2.435697,3.653607,138.190552,2.680455,-2.397399,3.596159,-2.221963,-2.900298,-8.483587,,15.864146,1008.759114,1.215936,9.703228,340000.000000,VFR,barnes,envelope,False
2026-04-30T00:18:01Z,37.390002,-76.022836,106.680000,10.734266,437.694444,2.731077,-2.441103,3.663027,138.208884,2.674364,-2.390412,3.586961,-2.228622,-2.907062,-8.503085,,15.858769,1008.756245,1.215955,9.701880,340000.000000,VFR,barnes,envelope,False
2026-04-30T00:18:11Z,37.391720,-76.022425,106.680000,10.734266,437.888889,2.738907,-2.446503,3.672463,138.227475,2.627273,-2.346787,3.522779,-2.235309,-2.913826,-8.522579,,15.853396,1008.753380,1.215975,9.700526,340000.000000,VFR,barnes,envelope,False
2026-04-30T00:18:21Z,37.393438,-76.022013,106.680000,10.734266,438.083333,2.746763,-2.451897,3.681916,138.246325,2.762878,-2.466282,3.703517,-2.242023,-2.920589,-8.542068,,15.848025,1008.750520,1.215994,9.699166,340000.000000,VFR,barnes,envelope,False
2026-04-30T00:18:31Z,37.395155,-76.021602,106.680000,10.734266,438.277778,2.754647,-2.457284,3.691386,138.265429,2.823791,-2.518964,3.784042,-2.248766,-2.927350,-8.561552,,15.842658,1008.747664,1.216013,9.697799,340000.000000,VFR,barnes,envelope,False
2026-04-30T00:18:41Z,37.396873,-76.021191,106.680000,10.734266,438.472222,2.762558,-2.462666,3.700872,138.284785,2.809130,-2.504182,3.763262,-2.255536,-2.934111,-8.581031,,15.837294,1008.744812,1.216032,9.696427,340000.000000,VFR,barnes,envelope,False
2026-04-30T00:18:51Z,37.398591,-76.020779,106.680000,10.734266,438.666667,2.770497,-2.468041,3.710375,138.304392,2.751017,-2.450688,3.684286,-2.262334,-2.940871,-8.600506,,15.831933,1008.741965,1.216051,9.695048,340000.000000,VFR,barnes,envelope,False
2026-04-30T00:19:01Z,37.400309,-76.020368,106.680000,10.734266,438.861111,2.778462,-2.473411,3.719894,138.324246,2.792956,-2.486314,3.739299,-2.269160,-2.947630,-8.619976,,15.826576,1008.739122,1.216070,9.693663,320000.000000,VFR,barnes,envelope,False
2026-04-30T00:19:11Z,37.402027,-76.019957,106.680000,10.734266,439.055556,2.786454,-2.478774,3.729430,138.344346,2.751775,-2.447925,3.683015,-2.276014,-2.954388,-8.639441,,15.821222,1008.736284,1.216089,9.692271,320000.000000,VFR,barnes,envelope,False
2026-04-30T00:19:21Z,37.403745,-76.019546,106.680000,10.734266,439.250000,2.794474,-2.484131,3.738983,138.364688,2.715046,-2.413525,3.632709,-2.282895,-2.961146,-8.658902,,15.815872,1008.733450,1.216108,9.690874,320000.000000,VFR,barnes,envelope,False
2026-04-30T00:19:31Z,37.405463,-76.019134,106.680000,10.734266,439.444444,2.802520,-2.489482,3.748552,138.385270,2.780466,-2.469892,3.719053,-2.289804,-2.967902,-8.678357,,15.810524,1008.730620,1.216128,9.689470,320000.000000,VFR,barnes,envelope,False
2026-04-30T00:19:41Z,37.407181,-76.018723,106.680000,10.734266,439.638889,2.810593,-2.494827,3.758138,138.406090,2.856970,-2.535994,3.820149,-2.296740,-2.974657,-8.697808,,15.805181,1008.727795,1.216147,9.688060,320000.000000,VFR,barnes,envelope,False
2026-04-30T00:19:51Z,37.408899,-76.018312,106.680000,10.734266,439.833333,2.818693,-2.500166,3.767740,138.427146,2.882463,-2.556730,3.852981,-2.303704,-2.981411,-8.717253,,15.799841,1008.724974,1.216166,9.686643,320000.000000,VFR,barnes,envelope,False
2026-04-30T00:20:01Z,37.410617,-76.017901,106.680000,10.734266,440.027778,2.825404,-2.505450,3.776267,138.434728,2.905500,-2.576476,3.883318,-2.309313,-2.987853,-8.735798,,15.794472,1008.722366,1.216185,9.685363,320000.000000,VFR,barnes,envelope,False
2026-04-30T00:20:11Z,37.412335,-76.017489,106.680000,10.734266,440.222222,2.819365,-2.510294,3.774969,138.318909,2.889086,-2.572372,3.868322,-2.302477,-2.991486,-8.746258,,15.788816,1008.721641,1.216208,9.685370,320000.000000,VFR,barnes,envelope,False
2026-04-30T00:20:21Z,37.414053,-76.017078,106.680000,10.734266,440.416667,2.813296,-2.515128,3.773659,138.202822,2.818306,-2.519607,3.780379,-2.295615,-2.995105,-8.756674,,15.783165,1008.720919,1.216231,9.685380,320000.000000,VFR,barnes,envelope,False
2026-04-30T00:20:31Z,37.415771,-76.016667,106.680000,10.734266,440.611111,2.807198,-2.519952,3.772336,138.086467,2.765556,-2.482571,3.716378,-2.288725,-2.998709,-8.767048,,15.777519,1008.720198,1.216254,9.685393,320000.000000,VFR,barnes,envelope,False
2026-04-30T00:20:41Z,37.417489,-76.016255,106.680000,10.734266,440.805556,2.801071,-2.524767,3.771001,137.969842,2.797909,-2.521916,3.766743,-2.281809,-3.002299,-8.777380,,15.771878,1008.719479,1.216277,9.685409,320000.000000,VFR,barnes,envelope,False
2026-04-30T00:20:51Z,37.419206,-76.015844,106.680000,10.734266,441.000000,2.794916,-2.529573,3.769654,137.852946,2.711720,-2.454275,3.657444,-2.274866,-3.005874,-8.787668,,15.766242,1008.718761,1.216300,9.685428,320000.000000,VFR,barnes,envelope,False
2026-04-30T00:21:01Z,37.420924,-76.015433,106.680000,10.734266,441.194444,2.788731,-2.534369,3.768295,137.735776,2.646787,-2.405372,3.576492,-2.267896,-3.009434,-8.797914,,15.760611,1008.718046,1.216323,9.685450,320000.000000,VFR,barnes,envelope,False
2026-04-30T00:21:11Z,37.422642,-76.015022,106.680000,10.734266,441.388889,2.782518,-2.539156,3.766924,137.618331,2.725134,-2.486791,3.689239,-2.260899,-3.012980,-8.808118,,15.754985,1008.717333,1.216345,9.685475,320000.000000,VFR,barnes,envelope,False
2026-04-30T00:21:21Z,37.424360,-76.014610,106.680000,10.734266,441.583333,2.776275,-2.543933,3.765541,137.500610,2.591285,-2.374425,3.514634,-2.253876,-3.016511,-8.818279,,15.749364,1008.716621,1.216368,9.685503,320000.000000,VFR,barnes,envelope,False
2026-04-30T00:21:31Z,37.426078,-76.014199,106.680000,10.734266,441.777778,2.770004,-2.548701,3.764147,137.382611,2.646532,-2.435094,3.596361,-2.246827,-3.020028,-8.828397,,15.743749,1008.715911,1.216391,9.685534,320000.000000,VFR,barnes,envelope,False
2026-04-30T00:21:41Z,37.427796,-76.013788,106.680000,10.734266,441.972222,2.763704,-2.553460,3.762741,137.264333,2.644044,-2.442903,3.599825,-2.239751,-3.023530,-8.838473,,15.738138,1008.715203,1.216414,9.685569,320000.000000,VFR,barnes,envelope,False
2026-04-30T00:21:51Z,37.429514,-76.013377,106.680000,10.734266,442.166667,2.757375,-2.558209,3.761323,137.145773,2.601002,-2.413131,3.548015,-2.232648,-3.027018,-8.848507,,15.732533,1008.714497,1.216436,9.685606,320000.000000,VFR,barnes,envelope,False
2026-04-30T00:22:01Z,37.431232,-76.012965,106.680000,10.734266,442.361111,2.751018,-2.562949,3.759895,137.026930,2.477050,-2.307711,3.385455,-2.225519,-3.030491,-8.858499,,15.726933,1008.713793,1.216459,9.685647,320000.000000,VFR,barnes,envelope,False
2026-04-30T00:22:11Z,37.432950,-76.012554,106.680000,10.734266,442.555556,2.744632,-2.567680,3.758455,136.907803,2.561988,-2.396811,3.508345,-2.218364,-3.033949,-8.868448,,15.721338,1008.713090,1.216482,9.685691,320000.000000,VFR,barnes,envelope,False
2026-04-30T00:22:21Z,37.434668,-76.012143,106.680000,10.734266,442.750000,2.738217,-2.572402,3.757005,136.788390,2.657547,-2.496616,3.646319,-2.211182,-3.037393,-8.878355,,15.715749,1008.712390,1.216505,9.685738,320000.000000,VFR,barnes,envelope,False
2026-04-30T00:22:31Z,37.436386,-76.011731,106.680000,10.734266,442.944444,2.731774,-2.577114,3.755543,136.668689,2.591566,-2.444844,3.562790,-2.203974,-3.040823,-8.888220,,15.710165,1008.711691,1.216527,9.685788,320000.000000,VFR,barnes,envelope,False
2026-04-30T00:22:41Z,37.438104,-76.011320,106.680000,10.734266,443.138889,2.725303,-2.581817,3.754071,136.548700,2.621837,-2.483799,3.611549,-2.196740,-3.044238,-8.898042,,15.704586,1008.710995,1.216550,9.685841,320000.000000,VFR,barnes,envelope,False
2026-04-30T00:22:51Z,37.439822,-76.010909,106.680000,10.734266,443.333333,2.718802,-2.586510,3.752589,136.428419,2.624199,-2.496511,3.622014,-2.189479,-3.047639,-8.907823,,15.699013,1008.710300,1.216573,9.685898,320000.000000,VFR,barnes,envelope,False
2026-04-30T00:23:01Z,37.441540,-76.010498,106.680000,10.734266,443.527778,2.712299,-2.591190,3.751110,136.308159,2.614256,-2.497525,3.615517,-2.182218,-3.051025,-8.917563,,15.693445,1008.709590,1.216595,9.685958,320000.000000,VFR,barnes,envelope,False
2026-04-30T00:23:11Z,37.443257,-76.010086,106.680000,10.734266,443.722222,2.705992,-2.595821,3.749757,136.190431,2.655836,-2.547707,3.680255,-2.175159,-3.054401,-8.927269,,15.687882,1008.708732,1.216618,9.686021,320000.000000,VFR,barnes,envelope,False
2026-04-30T00:23:21Z,37.444975,-76.009675,106.680000,10.734266,443.916667,2.699658,-2.600442,3.748394,136.072434,2.618096,-2.521877,3.635147,-2.168075,-3.057761,-8.936933,,15.682325,1008.707875,1.216640,9.686087,320000.000000,VFR,barnes,envelope,False
2026-04-30T00:23:31Z,37.446693,-76.009264,106.680000,10.734266,444.111111,2.693298,-2.605054,3.747020,135.954168,2.641730,-2.555176,3.675276,-2.160967,-3.061108,-8.946556,,15.676773,1008.707019,1.216662,9.686156,320000.000000,VFR,barnes,envelope,False
2026-04-30T00:23:41Z,37.448411,-76.008852,106.680000,10.734266,444.305556,2.686910,-2.609657,3.745636,135.835630,2.657593,-2.581183,3.704768,-2.153834,-3.064440,-8.956137,,15.671227,1008.706164,1.216685,9.686229,320000.000000,VFR,barnes,envelope,False
2026-04-30T00:23:51Z,37.450129,-76.008441,106.680000,10.734266,444.500000,2.680495,-2.614250,3.744243,135.716821,2.682312,-2.616022,3.746781,-2.146675,-3.067758,-8.965676,,15.665687,1008.705310,1.216707,9.686305,320000.000000,VFR,barnes,envelope,False
2026-04-30T00:24:01Z,37.451847,-76.008030,106.680000,10.734266,444.694444,2.674238,-2.618762,3.742922,135.600496,2.594723,-2.540897,3.631631,-2.139688,-3.071026,-8.975073,,15.660422,1008.704567,1.216728,9.686384,320000.000000,VFR,barnes,envelope,False
2026-04-30T00:24:11Z,37.453565,-76.007619,106.680000,10.734266,444.888889,2.669618,-2.622629,3.742331,135.508713,2.662723,-2.615855,3.732665,-2.134429,-3.073965,-8.983520,,15.657596,1008.704809,1.216740,9.686467,320000.000000,VFR,barnes,envelope,False
2026-04-30T00:24:21Z,37.455283,-76.007207,106.680000,10.734266,445.083333,2.664967,-2.626488,3.741723,135.416647,2.637795,-2.599708,3.703571,-2.129140,-3.076890,-8.991929,,15.654769,1008.705049,1.216753,9.686553,320000.000000,VFR,barnes,envelope,False
2026-04-30T00:24:31Z,37.457001,-76.006796,106.680000,10.734266,445.277778,2.660285,-2.630339,3.741096,135.324298,2.704404,-2.673962,3.803140,-2.123822,-3.079802,-9.000299,,15.651941,1008.705288,1.216765,9.686642,320000.000000,VFR,barnes,envelope,False
2026-04-30T00:24:41Z,37.458719,-76.006385,106.680000,10.734266,445.472222,2.655571,-2.634183,3.740451,135.231663,2.708427,-2.686613,3.814901,-2.118475,-3.082700,-9.008631,,15.649112,1008.705525,1.216777,9.686734,320000.000000,VFR,barnes,envelope,False
2026-04-30T00:24:51Z,37.460437,-76.005974,106.680000,10.734266,445.666667,2.650826,-2.638019,3.739789,135.138742,2.665794,-2.652915,3.760906,-2.113098,-3.085585,-9.016923,,15.646283,1008.705761,1.216789,9.686830,320000.000000,VFR,barnes,envelope,False
2026-04-30T00:25:01Z,37.462155,-76.005562,106.680000,10.734266,445.861111,2.646911,-2.641540,3.739502,135.058189,2.699143,-2.693666,3.813294,-2.108596,-3.088316,-9.024773,,15.643452,1008.705999,1.216801,9.686877,320000.000000,VFR,barnes,envelope,False
2026-04-30T00:25:11Z,37.463873,-76.005151,106.680000,10.734266,446.055556,2.650740,-2.642296,3.742746,135.091401,2.765783,-2.756973,3.905184,-2.112217,-3.089772,-9.028956,,15.640620,1008.706268,1.216814,9.686452,320000.000000,VFR,barnes,envelope,False
2026-04-30T00:25:21Z,37.465591,-76.004740,106.680000,10.734266,446.250000,2.654564,-2.643046,3.745985,135.124576,2.737550,-2.725671,3.863090,-2.115835,-3.091221,-9.033121,,15.637787,1008.706536,1.216826,9.686027,320000.000000,VFR,barnes,envelope,False
2026-04-30T00:25:31Z,37.467308,-76.004328,106.680000,10.734266,446.444444,2.658385,-2.643790,3.749218,135.157713,2.759952,-2.744800,3.892462,-2.119450,-3.092664,-9.037268,,15.634954,1008.706805,1.216838,9.685602,320000.000000,VFR,barnes,envelope,False
2026-04-30T00:25:41Z,37.469026,-76.003917,106.680000,10.734266,446.638889,2.662202,-2.644529,3.752446,135.190814,2.797929,-2.779355,3.943757,-2.123063,-3.094100,-9.041396,,15.632119,1008.707073,1.216850,9.685177,320000.000000,VFR,barnes,envelope,False
2026-04-30T00:25:51Z,37.470744,-76.003506,106.680000,10.734266,446.833333,2.666015,-2.645262,3.755668,135.223878,2.806980,-2.785129,3.954249,-2.126673,-3.095530,-9.045506,,15.629284,1008.707342,1.216863,9.684752,320000.000000,VFR,barnes,envelope,False
2026-04-30T00:26:01Z,37.472462,-76.003095,106.680000,10.734266,447.027778,2.669753,-2.646001,3.758843,135.256003,2.865809,-2.840313,4.034878,-2.130207,-3.096953,-9.049595,,15.626448,1008.707610,1.216875,9.684327,320000.000000,VFR,barnes,envelope,False
2026-04-30T00:26:11Z,37.474180,-76.002683,106.680000,10.734266,447.222222,2.672842,-2.646849,3.761635,135.279961,2.906116,-2.877854,4.089933,-2.133085,-3.098361,-9.053642,,15.623610,1008.707879,1.216887,9.683902,320000.000000,VFR,barnes,envelope,False
2026-04-30T00:26:21Z,37.475898,-76.002272,106.680000,10.734266,447.416667,2.675925,-2.647691,3.764418,135.303860,2.797304,-2.767790,3.935171,-2.135957,-3.099763,-9.057671,,15.620773,1008.708147,1.216900,9.683477,320000.000000,VFR,barnes,envelope,False
2026-04-30T00:26:31Z,37.477616,-76.001861,106.680000,10.734266,447.611111,2.679000,-2.648529,3.767193,135.327701,2.685466,-2.654922,3.776286,-2.138822,-3.101159,-9.061681,,15.617934,1008.708415,1.216912,9.683052,320000.000000,VFR,barnes,envelope,False
2026-04-30T00:26:41Z,37.479334,-76.001449,106.680000,10.734266,447.805556,2.682068,-2.649361,3.769961,135.351482,2.478975,-2.448746,3.484490,-2.141681,-3.102548,-9.065674,,15.615094,1008.708683,1.216924,9.682627,320000.000000,VFR,barnes,envelope,False
2026-04-30T00:26:51Z,37.481052,-76.001038,106.680000,10.734266,448.000000,2.685128,-2.650189,3.772720,135.375205,2.584348,-2.550720,3.631120,-2.144534,-3.103931,-9.069648,,15.612254,1008.708951,1.216936,9.682202,320000.000000,VFR,barnes,envelope,False
2026-04-30T00:27:01Z,37.482770,-76.000627,106.680000,10.734266,448.194444,2.688181,-2.651012,3.775471,135.398869,2.601980,-2.566002,3.654404,-2.147380,-3.105308,-9.073604,,15.609413,1008.709219,1.216949,9.681777,320000.000000,VFR,barnes,envelope,False
2026-04-30T00:27:11Z,37.484488,-76.000216,106.680000,10.734266,448.388889,2.691227,-2.651829,3.778214,135.422475,2.775727,-2.735092,3.896843,-2.150221,-3.106679,-9.077542,,15.606571,1008.709487,1.216961,9.681352,320000.000000,VFR,barnes,envelope,False
2026-04-30T00:27:21Z,37.486206,-75.999804,106.680000,10.734266,448.583333,2.694266,-2.652642,3.780949,135.446021,2.759891,-2.717253,3.873043,-2.153055,-3.108043,-9.081462,,15.603728,1008.709755,1.216973,9.680927,320000.000000,VFR,barnes,envelope,False
2026-04-30T00:27:31Z,37.487924,-75.999393,106.680000,10.734266,448.777778,2.697297,-2.653449,3.783676,135.469509,2.766199,-2.721232,3.880330,-2.155882,-3.109401,-9.085364,,15.600885,1008.710023,1.216986,9.680503,320000.000000,VFR,barnes,envelope,False
2026-04-30T00:27:41Z,37.489642,-75.998982,106.680000,10.734266,448.972222,2.700321,-2.654252,3.786395,135.492938,2.753939,-2.706956,3.861579,-2.158704,-3.110753,-9.089248,,15.598040,1008.710291,1.216998,9.680078,320000.000000,VFR,barnes,envelope,False
2026-04-30T00:27:51Z,37.491359,-75.998571,106.680000,10.734266,449.166667,2.703337,-2.655050,3.789105,135.516308,2.929287,-2.876964,4.105806,-2.161519,-3.112099,-9.093114,,15.595196,1008.710559,1.217010,9.679653,320000.000000,VFR,barnes,envelope,False
2026-04-30T00:28:01Z,37.493077,-75.998159,106.680000,10.734266,449.361111,2.706346,-2.655843,3.791808,135.539619,2.854480,-2.801213,3.999356,-2.164327,-3.113438,-9.096962,,15.592350,1008.710826,1.217023,9.679228,320000.000000,VFR,barnes,envelope,False
2026-04-30T00:28:11Z,37.494795,-75.997748,106.680000,10.734266,449.555556,2.709348,-2.656631,3.794503,135.562871,2.924878,-2.867968,4.096358,-2.167130,-3.114771,-9.100793,,15.589504,1008.711094,1.217035,9.678803,320000.000000,VFR,barnes,envelope,False
2026-04-30T00:28:21Z,37.496513,-75.997337,106.680000,10.734266,449.750000,2.712342,-2.657414,3.797189,135.586064,3.033331,-2.971903,4.246563,-2.169925,-3.116099,-9.104606,,15.586657,1008.711361,1.217047,9.678378,320000.000000,VFR,barnes,envelope,False
2026-04-30T00:28:31Z,37.498231,-75.996925,106.680000,10.734266,449.944444,2.715328,-2.658192,3.799868,135.609197,2.964623,-2.902241,4.148734,-2.172715,-3.117420,-9.108401,,15.583809,1008.711629,1.217060,9.677954,320000.000000,VFR,barnes,envelope,False
2026-04-30T00:28:41Z,37.499949,-75.996514,106.680000,10.734266,450.138889,2.718308,-2.658966,3.802538,135.632272,2.816675,-2.755186,3.940141,-2.175498,-3.118734,-9.112178,,15.580961,1008.711896,1.217072,9.677529,320000.000000,VFR,barnes,envelope,False
2026-04-30T00:28:51Z,37.501667,-75.996103,106.680000,10.734266,450.333333,2.721280,-2.659735,3.805200,135.655288,2.819966,-2.756189,3.943195,-2.178275,-3.120043,-9.115938,,15.578112,1008.712163,1.217084,9.677104,320000.000000,VFR,barnes,envelope,False
2026-04-30T00:29:01Z,37.503385,-75.995692,106.680000,10.734266,450.527778,2.724244,-2.660498,3.807855,135.678244,2.773914,-2.709007,3.877282,-2.181045,-3.121346,-9.119680,,15.575262,1008.712430,1.217097,9.676679,320000.000000,VFR,barnes,envelope,False
2026-04-30T00:29:11Z,37.505103,-75.995280,106.680000,10.734266,450.722222,2.727201,-2.661258,3.810501,135.701142,2.749322,-2.682844,3.841409,-2.183809,-3.122643,-9.123405,,15.572412,1008.712697,1.217109,9.676255,320000.000000,VFR,barnes,envelope,False
2026-04-30T00:29:21Z,37.506821,-75.994869,106.680000,10.734266,450.916667,2.730150,-2.662012,3.813139,135.723980,2.885475,-2.813460,4.030077,-2.186566,-3.123933,-9.127112,,15.569562,1008.712964,1.217121,9.675830,320000.000000,VFR,barnes,envelope,False
2026-04-30T00:29:31Z,37.508539,-75.994458,106.680000,10.734266,451.111111,2.733092,-2.662762,3.815769,135.746758,2.855757,-2.782271,3.987026,-2.189317,-3.125218,-9.130801,,15.566710,1008.713231,1.217134,9.675405,320000.000000,VFR,barnes,envelope,False
2026-04-30T00:29:41Z,37.510257,-75.994046,106.680000,10.734266,451.305556,2.736026,-2.663507,3.818391,135.769478,2.840283,-2.765000,3.963891,-2.192061,-3.126496,-9.134474,,15.563858,1008.713498,1.217146,9.674980,320000.000000,VFR,barnes,envelope,False
2026-04-30T00:29:51Z,37.511975,-75.993635,106.680000,10.734266,451.500000,2.738953,-2.664247,3.821005,135.792138,2.604869,-2.533820,3.633949,-2.194799,-3.127768,-9.138129,,15.561006,1008.713764,1.217158,9.674556,320000.000000,VFR,barnes,envelope,False
2026-04-30T00:30:01Z,37.513693,-75.993224,106.680000,10.734266,451.694444,2.741488,-2.664262,3.822833,135.818470,2.720696,-2.644056,3.793839,-2.197287,-3.128255,-9.139527,,15.558158,1008.714200,1.217171,9.674189,320000.000000,VFR,barnes,envelope,False
2026-04-30T00:30:11Z,37.515410,-75.992813,106.680000,10.734266,451.888889,2.740558,-2.657775,3.817646,135.878557,2.583410,-2.505374,3.598736,-2.197581,-3.121709,-9.120722,,15.555359,1008.716154,1.217185,9.674344,320000.000000,VFR,barnes,envelope,False
2026-04-30T00:30:21Z,37.517128,-75.992401,106.680000,10.734266,452.083333,2.739619,-2.651261,3.812440,135.939004,2.819620,-2.728682,3.923769,-2.197871,-3.115134,-9.101835,,15.552559,1008.718106,1.217199,9.674502,320000.000000,VFR,barnes,envelope,False
2026-04-30T00:30:31Z,37.518846,-75.991990,106.680000,10.734266,452.277778,2.738671,-2.644721,3.807213,135.999814,2.712629,-2.619572,3.771010,-2.198158,-3.108532,-9.082867,,15.549758,1008.720054,1.217213,9.674665,320000.000000,VFR,barnes,envelope,False
2026-04-30T00:30:41Z,37.520564,-75.991579,106.680000,10.734266,452.472222,2.737715,-2.638155,3.801966,136.060988,2.768431,-2.667754,3.844622,-2.198442,-3.101902,-9.063818,,15.546957,1008.721999,1.217227,9.674831,320000.000000,VFR,barnes,envelope,False
2026-04-30T00:30:51Z,37.522282,-75.991168,106.680000,10.734266,452.666667,2.736751,-2.631562,3.796699,136.122529,2.774812,-2.668161,3.849502,-2.198722,-3.095245,-9.044687,,15.544155,1008.723941,1.217242,9.675000,320000.000000,VFR,barnes,envelope,False
2026-04-30T00:31:01Z,37.524000,-75.990756,106.680000,10.734266,452.861111,2.735777,-2.624943,3.791412,136.184439,2.699367,-2.590008,3.740952,-2.198999,-3.088561,-9.025476,,15.541353,1008.725880,1.217256,9.675173,320000.000000,VFR,barnes,envelope,False
2026-04-30T00:31:11Z,37.525718,-75.990345,106.680000,10.734266,453.055556,2.734796,-2.618297,3.786105,136.246721,2.741623,-2.624834,3.795557,-2.199272,-3.081848,-9.006183,,15.538550,1008.727816,1.217270,9.675350,320000.000000,VFR,barnes,envelope,False
2026-04-30T00:31:21Z,37.527436,-75.989934,106.680000,10.734266,453.250000,2.733805,-2.611625,3.780777,136.309376,2.574786,-2.459713,3.560858,-2.199542,-3.075109,-8.986809,,15.535747,1008.729749,1.217284,9.675531,320000.000000,VFR,barnes,envelope,False
2026-04-30T00:31:31Z,37.529154,-75.989522,106.680000,10.734266,453.444444,2.732806,-2.604927,3.775431,136.372408,2.489102,-2.372627,3.438748,-2.199808,-3.068342,-8.967355,,15.532943,1008.731678,1.217298,9.675715,320000.000000,VFR,barnes,envelope,False
2026-04-30T00:31:41Z,37.530872,-75.989111,106.680000,10.734266,453.638889,2.731799,-2.598202,3.770064,136.435818,2.528990,-2.405311,3.490174,-2.200071,-3.061547,-8.947819,,15.530139,1008.733605,1.217312,9.675903,320000.000000,VFR,barnes,envelope,False
2026-04-30T00:31:51Z,37.532590,-75.988700,106.680000,10.734266,453.833333,2.730783,-2.591452,3.764677,136.499609,2.565041,-2.434166,3.536185,-2.200330,-3.054725,-8.928202,,15.527334,1008.735529,1.217327,9.676094,320000.000000,VFR,barnes,envelope,False
2026-04-30T00:32:01Z,37.534308,-75.988289,106.680000,10.734266,454.027778,2.729758,-2.584674,3.759271,136.563784,2.500919,-2.367998,3.444127,-2.200585,-3.047876,-8.908504,,15.524529,1008.737449,1.217341,9.676290,320000.000000,VFR,barnes,envelope,False
2026-04-30T00:32:11Z,37.536026,-75.987877,106.680000,10.734266,454.222222,2.728725,-2.577871,3.753846,136.628344,2.650837,-2.504289,3.646697,-2.200837,-3.040999,-8.888726,,15.521724,1008.739367,1.217355,9.676489,320000.000000,VFR,barnes,envelope,False
2026-04-30T00:32:21Z,37.537744,-75.987466,106.680000,10.734266,454.416667,2.727683,-2.571041,3.748401,136.693293,2.585530,-2.437052,3.553053,-2.201085,-3.034095,-8.868866,,15.518918,1008.741281,1.217369,9.676692,320000.000000,VFR,barnes,envelope,False
2026-04-30T00:32:31Z,37.539461,-75.987055,106.680000,10.734266,454.611111,2.726632,-2.564185,3.742936,136.758632,2.705041,-2.543880,3.713297,-2.201330,-3.027163,-8.848925,,15.516112,1008.743193,1.217383,9.676899,320000.000000,VFR,barnes,envelope,False
2026-04-30T00:32:41Z,37.541179,-75.986643,106.680000,10.734266,454.805556,2.725573,-2.557303,3.737452,136.824365,2.698358,-2.531768,3.700133,-2.201571,-3.020204,-8.828904,,15.513305,1008.745101,1.217397,9.677109,320000.000000,VFR,barnes,envelope,False
2026-04-30T00:32:51Z,37.542897,-75.986232,106.680000,10.734266,455.000000,2.724505,-2.550395,3.731949,136.890494,2.675993,-2.504983,3.665498,-2.201809,-3.013218,-8.808802,,15.510498,1008.747006,1.217411,9.677323,320000.000000,VFR,barnes,envelope,False
2026-04-30T00:33:01Z,37.544615,-75.985821,106.680000,10.734266,455.194444,2.723429,-2.543461,3.726427,136.957022,2.556217,-2.387298,3.497634,-2.202043,-3.006204,-8.788619,,15.507691,1008.748909,1.217425,9.677541,320000.000000,VFR,barnes,envelope,False
2026-04-30T00:33:11Z,37.546333,-75.985410,106.680000,10.734266,455.388889,2.722344,-2.536500,3.720886,137.023950,2.703863,-2.519280,3.695625,-2.202273,-2.999164,-8.768356,,15.504883,1008.750808,1.217440,9.677763,320000.000000,VFR,barnes,envelope,False
2026-04-30T00:33:21Z,37.548051,-75.984998,106.680000,10.734266,455.583333,2.721250,-2.529514,3.715325,137.091282,2.653361,-2.466408,3.622637,-2.202500,-2.992095,-8.748012,,15.502075,1008.752704,1.217454,9.677989,320000.000000,VFR,barnes,envelope,False
2026-04-30T00:33:31Z,37.549769,-75.984587,106.680000,10.734266,455.777778,2.720148,-2.522501,3.709746,137.159020,2.531595,-2.347649,3.452597,-2.202723,-2.985000,-8.727587,,15.499267,1008.754598,1.217468,9.678218,320000.000000,VFR,barnes,envelope,False
2026-04-30T00:33:41Z,37.551487,-75.984176,106.680000,10.734266,455.972222,2.719037,-2.515462,3.704148,137.227168,2.605280,-2.410222,3.549176,-2.202943,-2.977878,-8.707081,,15.496458,1008.756488,1.217482,9.678452,320000.000000,VFR,barnes,envelope,False
2026-04-30T00:33:51Z,37.553205,-75.983765,106.680000,10.734266,456.166667,2.717917,-2.508397,3.698531,137.295727,2.732273,-2.521647,3.718067,-2.203158,-2.970728,-8.686495,,15.493649,1008.758375,1.217496,9.678689,320000.000000,VFR,barnes,envelope,False
2026-04-30T00:34:01Z,37.554923,-75.983353,106.680000,10.734266,456.361111,2.716789,-2.501306,3.692895,137.364700,2.600385,-2.394135,3.534669,-2.203371,-2.963551,-8.665829,,15.490840,1008.760260,1.217510,9.678930,320000.000000,VFR,barnes,envelope,False
2026-04-30T00:34:11Z,37.556641,-75.982942,106.680000,10.734266,456.555556,2.715652,-2.494190,3.687241,137.434091,2.613422,-2.400296,3.548436,-2.203579,-2.956347,-8.645082,,15.488030,1008.762141,1.217524,9.679175,320000.000000,VFR,barnes,envelope,False
2026-04-30T00:34:21Z,37.558359,-75.982531,106.680000,10.734266,456.750000,2.714506,-2.487047,3.681568,137.503901,2.673172,-2.449176,3.625508,-2.203784,-2.949116,-8.624254,,15.485220,1008.764019,1.217539,9.679424,320000.000000,VFR,barnes,envelope,False
2026-04-30T00:34:31Z,37.560077,-75.982119,106.680000,10.734266,456.944444,2.713352,-2.479878,3.675877,137.574134,2.835794,-2.591784,3.841754,-2.203985,-2.941857,-8.603346,,15.482410,1008.765895,1.217553,9.679676,320000.000000,VFR,barnes,envelope,False
2026-04-30T00:34:41Z,37.561795,-75.981708,106.680000,10.734266,457.138889,2.712189,-2.472683,3.670168,137.644793,2.734073,-2.492635,3.699781,-2.204182,-2.934572,-8.582358,,15.479600,1008.767767,1.217567,9.679933,320000.000000,VFR,barnes,envelope,False
2026-04-30T00:34:51Z,37.563512,-75.981297,106.680000,10.734266,457.333333,2.711017,-2.465463,3.664440,137.715880,2.595448,-2.360362,3.508227,-2.204376,-2.927259,-8.561289,,15.476790,1008.769637,1.217581,9.680194,320000.000000,VFR,barnes,envelope,False
2026-04-30T00:35:01Z,37.565230,-75.980886,106.680000,10.734266,457.527778,2.710036,-2.459402,3.659638,137.775754,2.662700,-2.416443,3.595716,-2.204541,-2.921122,-8.543604,,15.473979,1008.771316,1.217595,9.680522,320000.000000,VFR,barnes,envelope,False
2026-04-30T00:35:11Z,37.566948,-75.980474,106.680000,10.734266,457.722222,2.710852,-2.464005,3.663337,137.731010,2.657468,-2.415482,3.591196,-2.204485,-2.925796,-8.557073,,15.471168,1008.771308,1.217607,9.681425,320000.000000,VFR,barnes,envelope,False
2026-04-30T00:35:21Z,37.568666,-75.980063,106.680000,10.734266,457.916667,2.711669,-2.468620,3.667047,137.686238,2.646268,-2.409081,3.578604,-2.204429,-2.930483,-8.570578,,15.468357,1008.771299,1.217618,9.682337,320000.000000,VFR,barnes,envelope,False
2026-04-30T00:35:31Z,37.570384,-75.979652,106.680000,10.734266,458.111111,2.712489,-2.473248,3.670770,137.641438,2.684070,-2.447335,3.632311,-2.204372,-2.935182,-8.584116,,15.465546,1008.771289,1.217630,9.683256,320000.000000,VFR,barnes,envelope,False
2026-04-30T00:35:41Z,37.572102,-75.979240,106.680000,10.734266,458.305556,2.713311,-2.477887,3.674504,137.596611,2.500059,-2.283139,3.385708,-2.204315,-2.939894,-8.597690,,15.462734,1008.771279,1.217642,9.684184,320000.000000,VFR,barnes,envelope,False
2026-04-30T00:35:51Z,37.573820,-75.978829,106.680000,10.734266,458.500000,2.714134,-2.482539,3.678250,137.551756,2.471345,-2.260467,3.349217,-2.204258,-2.944618,-8.611297,,15.459923,1008.771267,1.217654,9.685119,320000.000000,VFR,barnes,envelope,False
2026-04-30T00:36:01Z,37.575538,-75.978418,106.680000,10.734266,458.694444,2.714960,-2.487203,3.682008,137.506874,2.466518,-2.259603,3.345073,-2.204200,-2.949354,-8.624939,,15.457111,1008.771255,1.217666,9.686062,320000.000000,VFR,barnes,envelope,False
2026-04-30T00:36:11Z,37.577256,-75.978007,106.680000,10.734266,458.888889,2.715787,-2.491879,3.685778,137.461966,2.452081,-2.249914,3.327884,-2.204142,-2.954102,-8.638616,,15.454299,1008.771241,1.217678,9.687012,320000.000000,VFR,barnes,envelope,False
2026-04-30T00:36:21Z,37.578974,-75.977595,106.680000,10.734266,459.083333,2.716616,-2.496567,3.689560,137.417031,2.564915,-2.357154,3.483528,-2.204084,-2.958862,-8.652326,,15.451488,1008.771227,1.217690,9.687971,320000.000000,VFR,barnes,envelope,False
2026-04-30T00:36:31Z,37.580692,-75.977184,106.680000,10.734266,459.277778,2.717448,-2.501267,3.693353,137.372070,2.378544,-2.189324,3.232740,-2.204025,-2.963635,-8.666070,,15.448676,1008.771212,1.217701,9.688938,320000.000000,VFR,barnes,envelope,False
2026-04-30T00:36:41Z,37.582410,-75.976773,106.680000,10.734266,459.472222,2.718281,-2.505979,3.697158,137.327084,2.374049,-2.188632,3.228966,-2.203966,-2.968420,-8.679849,,15.445863,1008.771196,1.217713,9.689913,320000.000000,VFR,barnes,envelope,False
2026-04-30T00:36:51Z,37.584128,-75.976362,106.680000,10.734266,459.666667,2.719115,-2.510703,3.700975,137.282072,2.473150,-2.283591,3.366194,-2.203906,-2.973217,-8.693661,,15.443051,1008.771179,1.217725,9.690896,320000.000000,VFR,barnes,envelope,False
2026-04-30T00:37:01Z,37.585846,-75.975950,106.680000,10.734266,459.861111,2.719952,-2.515439,3.704804,137.237035,2.530673,-2.340392,3.446990,-2.203846,-2.978026,-8.707508,,15.440239,1008.771161,1.217737,9.691886,320000.000000,VFR,barnes,envelope,False
2026-04-30T00:37:11Z,37.587563,-75.975539,106.680000,10.734266,460.055556,2.720790,-2.520187,3.708645,137.191974,2.636645,-2.442246,3.593948,-2.203785,-2.982847,-8.721388,,15.437427,1008.771142,1.217749,9.692885,320000.000000,VFR,barnes,envelope,False
2026-04-30T00:37:21Z,37.589281,-75.975128,106.680000,10.734266,460.250000,2.721630,-2.524948,3.712497,137.146889,2.681542,-2.487756,3.657814,-2.203724,-2.987680,-8.735302,,15.434615,1008.771123,1.217761,9.693892,320000.000000,VFR,barnes,envelope,False
2026-04-30T00:37:31Z,37.590999,-75.974716,106.680000,10.734266,460.444444,2.722472,-2.529720,3.716360,137.101779,2.617972,-2.432618,3.573710,-2.203662,-2.992525,-8.749249,,15.431802,1008.771102,1.217772,9.694907,320000.000000,VFR,barnes,envelope,False
2026-04-30T00:37:41Z,37.592717,-75.974305,106.680000,10.734266,460.638889,2.723315,-2.534504,3.720236,137.056646,2.652309,-2.468420,3.623236,-2.203600,-2.997383,-8.763230,,15.428990,1008.771081,1.217784,9.695930,320000.000000,VFR,barnes,envelope,False
2026-04-30T00:37:51Z,37.594435,-75.973894,106.680000,10.734266,460.833333,2.724160,-2.539299,3.724123,137.011490,2.636600,-2.457681,3.604422,-2.203536,-3.002252,-8.777245,,15.426178,1008.771058,1.217796,9.696962,320000.000000,VFR,barnes,envelope,False
2026-04-30T00:38:01Z,37.596153,-75.973483,106.680000,10.734266,461.027778,2.725007,-2.544107,3.728021,136.966311,2.751616,-2.568950,3.764425,-2.203473,-3.007133,-8.791293,,15.423365,1008.771035,1.217808,9.698001,320000.000000,VFR,barnes,envelope,False
2026-04-30T00:38:11Z,37.597871,-75.973071,106.680000,10.734266,461.222222,2.725855,-2.548927,3.731931,136.921109,2.772309,-2.592365,3.795531,-2.203408,-3.012027,-8.805374,,15.420553,1008.771011,1.217820,9.699049,320000.000000,VFR,barnes,envelope,False
2026-04-30T00:38:21Z,37.599589,-75.972660,106.680000,10.734266,461.416667,2.726704,-2.553758,3.735853,136.875885,2.917450,-2.732406,3.997194,-2.203343,-3.016932,-8.819489,,15.417741,1008.770986,1.217832,9.700105,320000.000000,VFR,barnes,envelope,False
2026-04-30T00:38:31Z,37.601307,-75.972249,106.680000,10.734266,461.611111,2.727556,-2.558602,3.739786,136.830639,2.912187,-2.731796,3.992937,-2.203277,-3.021849,-8.833637,,15.414929,1008.770960,1.217843,9.701169,320000.000000,VFR,barnes,envelope,False
2026-04-30T00:38:41Z,37.603025,-75.971837,106.680000,10.734266,461.805556,2.728408,-2.563457,3.743731,136.785371,2.843312,-2.671414,3.901394,-2.203210,-3.026778,-8.847818,,15.412117,1008.770933,1.217855,9.702241,320000.000000,VFR,barnes,envelope,False
2026-04-30T00:38:51Z,37.604743,-75.971426,106.680000,10.734266,462.000000,2.729262,-2.568324,3.747687,136.740082,2.970790,-2.795610,4.079341,-2.203143,-3.031719,-8.862032,,15.409305,1008.770905,1.217867,9.703322,320000.000000,VFR,barnes,envelope,False
2026-04-30T00:39:01Z,37.606461,-75.971015,106.680000,10.734266,462.194444,2.730117,-2.573203,3.751655,136.694773,2.833670,-2.670804,3.893954,-2.203075,-3.036672,-8.876279,,15.406493,1008.770876,1.217879,9.704411,320000.000000,VFR,barnes,envelope,False
2026-04-30T00:39:11Z,37.608179,-75.970604,106.680000,10.734266,462.388889,2.730974,-2.578093,3.755634,136.649442,2.825337,-2.667173,3.885401,-2.203006,-3.041636,-8.890559,,15.403681,1008.770846,1.217891,9.705508,320000.000000,VFR,barnes,envelope,False
2026-04-30T00:39:21Z,37.609897,-75.970192,106.680000,10.734266,462.583333,2.731832,-2.582996,3.759624,136.604092,2.803530,-2.650787,3.858297,-2.202935,-3.046613,-8.904872,,15.400869,1008.770816,1.217903,9.706614,320000.000000,VFR,barnes,envelope,False
2026-04-30T00:39:31Z,37.611614,-75.969781,106.680000,10.734266,462.777778,2.732691,-2.587910,3.763626,136.558721,2.878512,-2.726004,3.964458,-2.202865,-3.051601,-8.919217,,15.398058,1008.770784,1.217914,9.707728,290000.000000,VFR,barnes,envelope,False
2026-04-30T00:39:41Z,37.613332,-75.969370,106.680000,10.734266,462.972222,2.733552,-2.592836,3.767639,136.513331,2.986505,-2.832767,4.116282,-2.202793,-3.056601,-8.933596,,15.395246,1008.770752,1.217926,9.708851,290000.000000,VFR,barnes,envelope,False
2026-04-30T00:39:51Z,37.615050,-75.968959,106.680000,10.734266,463.166667,2.734414,-2.597773,3.771663,136.467921,2.871676,-2.728176,3.960993,-2.202720,-3.061612,-8.948006,,15.392435,1008.770718,1.217938,9.709982,290000.000000,VFR,barnes,envelope,False
2026-04-30T00:40:01Z,37.616768,-75.968547,106.680000,10.734266,463.361111,2.735303,-2.602573,3.775615,136.424401,2.843696,-2.705707,3.925234,-2.202699,-3.066494,-8.962042,,15.389610,1008.770735,1.217950,9.710914,290000.000000,VFR,barnes,envelope,False
2026-04-30T00:40:11Z,37.618486,-75.968136,106.680000,10.734266,463.555556,2.736420,-2.606036,3.778812,136.398036,2.833772,-2.698750,3.913249,-2.203151,-3.070104,-8.972423,,15.386662,1008.771204,1.217963,9.709979,290000.000000,VFR,barnes,envelope,False
2026-04-30T00:40:21Z,37.620204,-75.967725,106.680000,10.734266,463.750000,2.737534,-2.609503,3.782010,136.371643,2.803376,-2.672266,3.872974,-2.203600,-3.073718,-8.982811,,15.383715,1008.771673,1.217976,9.709040,290000.000000,VFR,barnes,envelope,False
2026-04-30T00:40:31Z,37.621922,-75.967313,106.680000,10.734266,463.944444,2.738645,-2.612973,3.785208,136.345223,2.732780,-2.607378,3.777103,-2.204045,-3.077334,-8.993207,,15.380770,1008.772142,1.217989,9.708098,290000.000000,VFR,barnes,envelope,False
2026-04-30T00:40:41Z,37.623640,-75.966902,106.680000,10.734266,464.138889,2.739752,-2.616447,3.788408,136.318777,2.678957,-2.558388,3.704343,-2.204487,-3.080954,-9.003611,,15.377825,1008.772611,1.218002,9.707152,290000.000000,VFR,barnes,envelope,False
2026-04-30T00:40:51Z,37.625358,-75.966491,106.680000,10.734266,464.333333,2.740857,-2.619924,3.791609,136.292303,2.551864,-2.439270,3.530163,-2.204924,-3.084576,-9.014022,,15.374880,1008.773079,1.218015,9.706202,290000.000000,VFR,barnes,envelope,False
2026-04-30T00:41:01Z,37.627076,-75.966080,106.680000,10.734266,464.527778,2.741958,-2.623405,3.794810,136.265802,2.554201,-2.443766,3.534959,-2.205357,-3.088200,-9.024440,,15.371937,1008.773548,1.218028,9.705248,290000.000000,VFR,barnes,envelope,False
2026-04-30T00:41:11Z,37.628794,-75.965668,106.680000,10.734266,464.722222,2.743055,-2.626889,3.798012,136.239273,2.534073,-2.426756,3.508657,-2.205787,-3.091828,-9.034866,,15.368995,1008.774016,1.218041,9.704291,290000.000000,VFR,barnes,envelope,False
2026-04-30T00:41:21Z,37.630512,-75.965257,106.680000,10.734266,464.916667,2.744150,-2.630376,3.801215,136.212717,2.561448,-2.455249,3.548135,-2.206213,-3.095458,-9.045300,,15.366054,1008.774485,1.218054,9.703330,290000.000000,VFR,barnes,envelope,False
2026-04-30T00:41:31Z,37.632230,-75.964846,106.680000,10.734266,465.111111,2.745241,-2.633867,3.804419,136.186133,2.580189,-2.475511,3.575686,-2.206635,-3.099092,-9.055740,,15.363113,1008.774953,1.218067,9.702366,290000.000000,VFR,barnes,envelope,False
2026-04-30T00:41:41Z,37.633948,-75.964434,106.680000,10.734266,465.305556,2.746329,-2.637362,3.807624,136.159522,2.761995,-2.652406,3.829344,-2.207053,-3.102728,-9.066189,,15.360174,1008.775421,1.218080,9.701397,290000.000000,VFR,barnes,envelope,False
2026-04-30T00:41:51Z,37.635558,-75.963719,106.680000,37.300988,465.500000,2.747502,-2.640847,3.810885,136.133940,2.739184,-2.632852,3.799347,-0.585177,-3.765689,-10.960447,,15.357180,1008.776066,1.218093,9.700524,290000.000000,VFR,barnes,envelope,False
2026-04-30T00:42:01Z,37.636948,-75.962375,106.680000,37.300988,465.694444,2.748851,-2.644311,3.814258,136.110474,2.836706,-2.728824,3.936163,-0.584151,-3.769261,-10.970593,,15.354074,1008.777078,1.218108,9.699851,290000.000000,VFR,barnes,envelope,False
2026-04-30T00:42:11Z,37.638337,-75.961032,106.680000,37.300988,465.888889,2.750192,-2.647778,3.817628,136.086924,2.764464,-2.661518,3.837439,-0.583117,-3.772831,-10.980731,,15.350968,1008.778090,1.218122,9.699174,290000.000000,VFR,barnes,envelope,False
2026-04-30T00:42:21Z,37.639726,-75.959689,106.680000,37.300988,466.083333,2.751524,-2.651248,3.820994,136.063292,2.798855,-2.696855,3.886723,-0.582074,-3.776399,-10.990862,,15.347862,1008.779103,1.218136,9.698494,290000.000000,VFR,barnes,envelope,False
2026-04-30T00:42:31Z,37.641116,-75.958345,106.680000,37.300988,466.277778,2.752847,-2.654721,3.824358,136.039577,2.794672,-2.695055,3.882462,-0.581021,-3.779964,-11.000984,,15.344757,1008.780117,1.218151,9.697809,290000.000000,VFR,barnes,envelope,False
2026-04-30T00:42:41Z,37.642505,-75.957002,106.680000,37.300988,466.472222,2.754162,-2.658198,3.827718,136.015778,2.835456,-2.736660,3.940701,-0.579960,-3.783526,-11.011099,,15.341652,1008.781132,1.218165,9.697122,290000.000000,VFR,barnes,envelope,False
2026-04-30T00:42:51Z,37.643895,-75.955658,106.680000,37.300988,466.666667,2.755468,-2.661678,3.831075,135.991896,2.812686,-2.716948,3.910628,-0.578891,-3.787086,-11.021206,,15.338548,1008.782148,1.218179,9.696430,290000.000000,VFR,barnes,envelope,False
2026-04-30T00:43:01Z,37.645284,-75.954315,106.680000,37.300988,466.861111,2.756766,-2.665162,3.834429,135.967930,2.710561,-2.620492,3.770161,-0.577812,-3.790644,-11.031305,,15.335444,1008.783164,1.218194,9.695735,290000.000000,VFR,barnes,envelope,False
2026-04-30T00:43:11Z,37.646674,-75.952972,106.680000,37.300988,467.055556,2.758055,-2.668648,3.837780,135.943881,2.639320,-2.553762,3.672562,-0.576724,-3.794198,-11.041396,,15.332341,1008.784181,1.218208,9.695037,290000.000000,VFR,barnes,envelope,False
2026-04-30T00:43:21Z,37.648063,-75.951628,106.680000,37.300988,467.250000,2.759336,-2.672139,3.841127,135.919747,2.816412,-2.727412,3.920580,-0.575628,-3.797751,-11.051479,,15.329238,1008.785198,1.218222,9.694334,290000.000000,VFR,barnes,envelope,False
2026-04-30T00:43:31Z,37.649452,-75.950285,106.680000,37.300988,467.444444,2.760607,-2.675632,3.844471,135.895530,2.763016,-2.677966,3.847825,-0.574522,-3.801300,-11.061554,,15.326136,1008.786216,1.218237,9.693628,290000.000000,VFR,barnes,envelope,False
2026-04-30T00:43:41Z,37.650842,-75.948942,106.680000,37.300988,467.638889,2.761870,-2.679129,3.847813,135.871229,2.639630,-2.560551,3.677508,-0.573408,-3.804848,-11.071621,,15.323035,1008.787235,1.218251,9.692919,290000.000000,VFR,barnes,envelope,False
2026-04-30T00:43:51Z,37.652231,-75.947598,106.680000,37.300988,467.833333,2.763125,-2.682630,3.851151,135.846843,2.689941,-2.611578,3.749150,-0.572284,-3.808392,-11.081680,,15.319934,1008.788255,1.218265,9.692205,290000.000000,VFR,barnes,envelope,False
2026-04-30T00:44:01Z,37.653621,-75.946255,106.680000,37.300988,468.027778,2.764371,-2.686134,3.854485,135.822373,2.812043,-2.732456,3.920957,-0.571152,-3.811934,-11.091732,,15.316834,1008.789275,1.218280,9.691488,290000.000000,VFR,barnes,envelope,False
2026-04-30T00:44:11Z,37.655010,-75.944911,106.680000,37.300988,468.222222,2.765608,-2.689641,3.857817,135.797819,2.812450,-2.735197,3.923159,-0.570011,-3.815474,-11.101775,,15.313734,1008.790296,1.218294,9.690767,290000.000000,VFR,barnes,envelope,False
2026-04-30T00:44:21Z,37.656400,-75.943568,106.680000,37.300988,468.416667,2.766836,-2.693151,3.861146,135.773180,2.805190,-2.730484,3.914669,-0.568860,-3.819011,-11.111810,,15.310635,1008.791318,1.218308,9.690042,290000.000000,VFR,barnes,envelope,False
2026-04-30T00:44:31Z,37.657789,-75.942225,106.680000,37.300988,468.611111,2.768055,-2.696666,3.864471,135.748456,2.885047,-2.810640,4.027803,-0.567701,-3.822545,-11.121838,,15.307536,1008.792340,1.218323,9.689314,290000.000000,VFR,barnes,envelope,False
2026-04-30T00:44:41Z,37.659179,-75.940881,106.680000,37.300988,468.805556,2.769266,-2.700183,3.867793,135.723647,2.798643,-2.728827,3.908823,-0.566532,-3.826077,-11.131857,,15.304438,1008.793363,1.218337,9.688582,290000.000000,VFR,barnes,envelope,False
2026-04-30T00:44:51Z,37.660568,-75.939538,106.680000,37.300988,469.000000,2.770468,-2.703704,3.871112,135.698753,2.733232,-2.667365,3.819083,-0.565354,-3.829606,-11.141868,,15.301341,1008.794386,1.218351,9.687845,290000.000000,VFR,barnes,envelope,False
2026-04-30T00:45:01Z,37.661957,-75.938195,106.680000,37.300988,469.194444,2.772207,-2.706847,3.874552,135.683451,2.802753,-2.736673,3.917244,-0.564833,-3.833160,-11.151949,,15.185454,1008.795391,1.218842,9.687181,290000.000000,VFR,barnes,envelope,False
2026-04-30T00:45:11Z,37.663347,-75.936851,106.680000,37.300988,469.388889,2.778868,-2.706565,3.879124,135.755162,2.854343,-2.780076,3.984482,-0.570302,-3.836972,-11.162762,,15.182249,1008.796224,1.218857,9.687191,290000.000000,VFR,barnes,envelope,False
2026-04-30T00:45:21Z,37.664736,-75.935508,106.680000,37.300988,469.583333,2.785553,-2.706299,3.883730,135.826795,2.757320,-2.678869,3.844366,-0.575782,-3.840812,-11.173651,,15.179045,1008.797056,1.218871,9.687202,290000.000000,VFR,barnes,envelope,False
2026-04-30T00:45:31Z,37.666126,-75.934164,106.680000,37.300988,469.777778,2.792263,-2.706048,3.888371,135.898347,2.618826,-2.537965,3.646850,-0.581272,-3.844678,-11.184616,,15.175841,1008.797887,1.218886,9.687213,290000.000000,VFR,barnes,envelope,False
2026-04-30T00:45:41Z,37.667515,-75.932821,106.680000,37.300988,469.972222,2.798998,-2.705812,3.893046,135.969816,2.662073,-2.573446,3.702602,-0.586772,-3.848572,-11.195657,,15.172639,1008.798716,1.218900,9.687225,290000.000000,VFR,barnes,envelope,False
2026-04-30T00:45:51Z,37.668905,-75.931478,106.680000,37.300988,470.166667,2.805757,-2.705591,3.897755,136.041202,2.620976,-2.527407,3.641058,-0.592282,-3.852493,-11.206773,,15.169437,1008.799545,1.218915,9.687236,290000.000000,VFR,barnes,envelope,False
2026-04-30T00:46:01Z,37.670294,-75.930134,106.680000,37.300988,470.361111,2.812540,-2.705386,3.902499,136.112502,2.698722,-2.595904,3.744572,-0.597802,-3.856440,-11.217966,,15.166237,1008.800372,1.218929,9.687248,290000.000000,VFR,barnes,envelope,False
2026-04-30T00:46:11Z,37.671683,-75.928791,106.680000,37.300988,470.555556,2.819348,-2.705197,3.907277,136.183714,2.697432,-2.588216,3.738316,-0.603333,-3.860415,-11.229235,,15.163038,1008.801197,1.218944,9.687260,290000.000000,VFR,barnes,envelope,False
2026-04-30T00:46:21Z,37.673073,-75.927447,106.680000,37.300988,470.750000,2.826181,-2.705022,3.912090,136.254838,2.618781,-2.506514,3.625001,-0.608873,-3.864417,-11.240579,,15.159840,1008.802022,1.218959,9.687272,290000.000000,VFR,barnes,envelope,False
2026-04-30T00:46:31Z,37.674462,-75.926104,106.680000,37.300988,470.944444,2.833038,-2.704863,3.916936,136.325870,2.710183,-2.587567,3.747078,-0.614424,-3.868446,-11.251999,,15.156643,1008.802845,1.218973,9.687284,290000.000000,VFR,barnes,envelope,False
2026-04-30T00:46:41Z,37.675852,-75.924761,106.680000,37.300988,471.138889,2.839919,-2.704720,3.921817,136.396809,2.744102,-2.613465,3.789498,-0.619985,-3.872502,-11.263495,,15.153447,1008.803667,1.218988,9.687296,290000.000000,VFR,barnes,envelope,False
2026-04-30T00:46:51Z,37.677241,-75.923417,106.680000,37.300988,471.333333,2.846825,-2.704592,3.926733,136.467654,2.761637,-2.623661,3.809230,-0.625555,-3.876585,-11.275067,,15.150252,1008.804488,1.219002,9.687309,290000.000000,VFR,barnes,envelope,False
2026-04-30T00:47:01Z,37.678631,-75.922074,106.680000,37.300988,471.527778,2.853755,-2.704479,3.931682,136.538403,2.900317,-2.748606,3.995832,-0.631136,-3.880695,-11.286715,,15.147058,1008.805307,1.219017,9.687322,290000.000000,VFR,barnes,envelope,False
2026-04-30T00:47:11Z,37.680020,-75.920731,106.680000,37.300988,471.722222,2.860710,-2.704382,3.936667,136.609055,2.912206,-2.753065,4.007532,-0.636727,-3.884832,-11.298438,,15.143866,1008.806125,1.219031,9.687335,290000.000000,VFR,barnes,envelope,False
2026-04-30T00:47:21Z,37.681409,-75.919387,106.680000,37.300988,471.916667,2.867689,-2.704301,3.941685,136.679607,2.910145,-2.744338,4.000042,-0.642328,-3.888997,-11.310238,,15.140674,1008.806942,1.219046,9.687348,290000.000000,VFR,barnes,envelope,False
2026-04-30T00:47:31Z,37.682799,-75.918044,106.680000,37.300988,472.111111,2.874692,-2.704235,3.946738,136.750058,3.034778,-2.854828,4.166524,-0.647939,-3.893188,-11.322113,,15.137484,1008.807758,1.219060,9.687362,290000.000000,VFR,barnes,envelope,False
2026-04-30T00:47:41Z,37.684188,-75.916700,106.680000,37.300988,472.305556,2.881719,-2.704184,3.951825,136.820406,3.017974,-2.832044,4.138677,-0.653560,-3.897406,-11.334063,,15.134295,1008.808572,1.219074,9.687375,290000.000000,VFR,barnes,envelope,False
2026-04-30T00:47:51Z,37.685578,-75.915357,106.680000,37.300988,472.500000,2.888771,-2.704149,3.956946,136.890650,2.941919,-2.753900,4.029746,-0.659191,-3.901652,-11.346090,,15.131107,1008.809385,1.219089,9.687389,290000.000000,VFR,barnes,envelope,False
2026-04-30T00:48:01Z,37.686967,-75.914014,106.680000,37.300988,472.694444,2.895848,-2.704129,3.962101,136.960788,2.951431,-2.756033,4.038151,-0.664832,-3.905925,-11.358192,,15.127921,1008.810197,1.219103,9.687403,290000.000000,VFR,barnes,envelope,False
2026-04-30T00:48:11Z,37.688357,-75.912670,106.680000,37.300988,472.888889,2.902948,-2.704125,3.967291,137.030819,2.874108,-2.677260,3.927877,-0.670482,-3.910224,-11.370369,,15.124735,1008.811008,1.219118,9.687417,290000.000000,VFR,barnes,envelope,False
2026-04-30T00:48:21Z,37.689746,-75.911327,106.680000,37.300988,473.083333,2.910073,-2.704137,3.972515,137.100740,2.947246,-2.738679,4.023260,-0.676143,-3.914551,-11.382623,,15.121551,1008.811817,1.219132,9.687432,290000.000000,VFR,barnes,envelope,False
2026-04-30T00:48:31Z,37.691135,-75.909984,106.680000,37.300988,473.277778,2.917222,-2.704164,3.977774,137.170551,2.931648,-2.717536,3.997444,-0.681813,-3.918905,-11.394952,,15.118368,1008.812625,1.219147,9.687446,290000.000000,VFR,barnes,envelope,False
2026-04-30T00:48:41Z,37.692525,-75.908640,106.680000,37.300988,473.472222,2.924395,-2.704206,3.983067,137.240250,2.903303,-2.684702,3.954339,-0.687494,-3.923286,-11.407356,,15.115187,1008.813431,1.219161,9.687461,290000.000000,VFR,barnes,envelope,False
2026-04-30T00:48:51Z,37.693914,-75.907297,106.680000,37.300988,473.666667,2.931593,-2.704264,3.988393,137.309835,2.907383,-2.681932,3.955457,-0.693184,-3.927694,-11.419836,,15.112006,1008.814237,1.219176,9.687476,700000.000000,VFR,barnes,envelope,False
2026-04-30T00:49:01Z,37.695304,-75.905953,106.680000,37.300988,473.861111,2.938814,-2.704338,3.993755,137.379304,2.793017,-2.570173,3.795620,-0.698884,-3.932129,-11.432392,,15.108827,1008.815041,1.219190,9.687491,700000.000000,VFR,barnes,envelope,False
2026-04-30T00:49:11Z,37.696693,-75.904610,106.680000,37.300988,474.055556,2.946060,-2.704428,3.999150,137.448657,2.877593,-2.641576,3.906209,-0.704593,-3.936591,-11.445023,,15.105650,1008.815843,1.219204,9.687506,700000.000000,VFR,barnes,envelope,False
2026-04-30T00:49:21Z,37.698083,-75.903267,106.680000,37.300988,474.250000,2.953330,-2.704533,4.004580,137.517891,2.886349,-2.643194,3.913755,-0.710313,-3.941080,-11.457730,,15.102473,1008.816645,1.219219,9.687522,700000.000000,VFR,barnes,envelope,False
2026-04-30T00:49:31Z,37.699472,-75.901923,106.680000,37.300988,474.444444,2.960625,-2.704653,4.010043,137.587006,3.006179,-2.746269,4.071745,-0.716042,-3.945597,-11.470512,,15.099298,1008.817445,1.219233,9.687537,700000.000000,VFR,barnes,envelope,False
2026-04-30T00:49:41Z,37.700862,-75.900580,106.680000,37.300988,474.638889,2.967943,-2.704790,4.015541,137.655999,3.076780,-2.803977,4.162795,-0.721781,-3.950140,-11.483370,,15.096124,1008.818244,1.219248,9.687553,700000.000000,VFR,barnes,envelope,False
2026-04-30T00:49:51Z,37.702251,-75.899237,106.680000,37.300988,474.833333,2.975285,-2.704942,4.021074,137.724870,3.076906,-2.797329,4.158413,-0.727529,-3.954710,-11.496303,,15.092952,1008.819041,1.219262,9.687569,700000.000000,VFR,barnes,envelope,False
2026-04-30T00:50:01Z,37.703640,-75.897893,106.680000,37.300988,475.027778,2.981987,-2.704835,4.025963,137.790142,3.170249,-2.875600,4.280134,-0.732924,-3.958687,-11.507554,,14.616811,1008.819842,1.221280,9.687585,700000.000000,VFR,barnes,envelope,False
2026-04-30T00:50:11Z,37.705030,-75.896550,106.680000,37.300988,475.222222,2.982702,-2.702268,4.024768,137.824055,3.114273,-2.821469,4.202307,-0.735049,-3.957078,-11.503001,,14.612505,1008.820685,1.221300,9.687602,700000.000000,VFR,barnes,envelope,False
2026-04-30T00:50:21Z,37.706419,-75.895206,106.680000,37.300988,475.416667,2.983398,-2.699693,4.023557,137.857892,3.154540,-2.854560,4.254366,-0.737164,-3.955452,-11.498400,,14.608201,1008.821524,1.221319,9.687618,700000.000000,VFR,barnes,envelope,False
2026-04-30T00:50:31Z,37.707809,-75.893863,106.680000,37.300988,475.611111,2.984077,-2.697110,4.022328,137.891653,3.161066,-2.857079,4.260897,-0.739268,-3.953809,-11.493751,,14.603900,1008.822361,1.221338,9.687635,700000.000000,VFR,barnes,envelope,False
2026-04-30T00:50:41Z,37.709198,-75.892520,106.680000,37.300988,475.805556,2.984738,-2.694521,4.021082,137.925338,3.134064,-2.829327,4.222256,-0.741363,-3.952149,-11.489055,,14.599601,1008.823194,1.221357,9.687652,700000.000000,VFR,barnes,envelope,False
2026-04-30T00:50:51Z,37.710588,-75.891176,106.680000,37.300988,476.000000,2.985380,-2.691924,4.019819,137.958948,3.112858,-2.806871,4.191468,-0.743448,-3.950473,-11.484311,,14.595304,1008.824025,1.221377,9.687669,700000.000000,VFR,barnes,envelope,False
2026-04-30T00:51:01Z,37.711977,-75.889833,106.680000,37.300988,476.194444,2.986016,-2.689133,4.018424,137.994575,3.093563,-2.785987,4.163154,-0.745645,-3.948638,-11.479120,,14.591009,1008.824910,1.221396,9.687686,700000.000000,VFR,barnes,envelope,False
2026-04-30T00:51:11Z,37.713366,-75.888489,106.680000,37.300988,476.388889,2.986743,-2.684650,4.015965,138.049041,3.145456,-2.827310,4.229370,-0.748940,-3.945512,-11.470273,,14.586717,1008.826320,1.221416,9.687703,700000.000000,VFR,barnes,envelope,False
2026-04-30T00:51:21Z,37.714756,-75.887146,106.680000,37.300988,476.583333,2.987451,-2.680150,4.013486,138.103584,3.018060,-2.707610,4.054607,-0.752231,-3.942362,-11.461357,,14.582427,1008.827729,1.221436,9.687721,700000.000000,VFR,barnes,envelope,False
2026-04-30T00:51:31Z,37.716145,-75.885803,106.680000,37.300988,476.777778,2.988143,-2.675633,4.010986,138.158206,3.052777,-2.733507,4.097744,-0.755518,-3.939188,-11.452373,,14.578139,1008.829138,1.221456,9.687739,700000.000000,VFR,barnes,envelope,False
2026-04-30T00:51:41Z,37.717535,-75.884459,106.680000,37.300988,476.972222,2.988816,-2.671099,4.008465,138.212906,2.993250,-2.675062,4.014412,-0.758801,-3.935990,-11.443321,,14.573854,1008.830546,1.221476,9.687757,700000.000000,VFR,barnes,envelope,False
2026-04-30T00:51:51Z,37.718924,-75.883116,106.680000,37.300988,477.166667,2.989473,-2.666549,4.005924,138.267687,3.020078,-2.693848,4.046936,-0.762081,-3.932768,-11.434201,,14.569571,1008.831955,1.221496,9.687775,700000.000000,VFR,barnes,envelope,False
2026-04-30T00:52:01Z,37.720314,-75.881773,106.680000,37.300988,477.361111,2.990001,-2.661897,4.003224,138.322408,3.003226,-2.673670,4.020930,-0.765320,-3.929387,-11.424631,,14.565302,1008.833386,1.221515,9.687793,430000.000000,VFR,barnes,envelope,False
2026-04-30T00:52:11Z,37.721703,-75.880429,106.680000,37.300988,477.555556,2.989519,-2.656461,3.999251,138.375973,3.020630,-2.684106,4.040870,-0.768230,-3.924771,-11.411562,,14.561131,1008.835013,1.221535,9.687811,430000.000000,VFR,barnes,envelope,False
2026-04-30T00:52:21Z,37.723092,-75.879086,106.680000,37.300988,477.750000,2.989019,-2.651010,3.995258,138.429657,2.975225,-2.638775,3.976820,-0.771137,-3.920132,-11.398427,,14.556963,1008.836640,1.221555,9.687830,430000.000000,VFR,barnes,envelope,False
2026-04-30T00:52:31Z,37.724482,-75.877742,106.680000,37.300988,477.944444,2.988503,-2.645542,3.991246,138.483461,2.896620,-2.564204,3.868534,-0.774039,-3.915470,-11.385225,,14.552798,1008.838267,1.221574,9.687848,430000.000000,VFR,barnes,envelope,False
2026-04-30T00:52:41Z,37.725871,-75.876399,106.680000,37.300988,478.138889,2.987969,-2.640058,3.987213,138.537385,2.920295,-2.580264,3.896907,-0.776938,-3.910785,-11.371956,,14.548634,1008.839893,1.221594,9.687867,430000.000000,VFR,barnes,envelope,False
2026-04-30T00:52:51Z,37.727261,-75.875056,106.680000,37.300988,478.333333,2.987419,-2.634558,3.983161,138.591430,3.054655,-2.693853,4.072808,-0.779833,-3.906076,-11.358621,,14.544473,1008.841519,1.221614,9.687886,430000.000000,VFR,barnes,envelope,False
2026-04-30T00:53:01Z,37.728650,-75.873712,106.680000,37.300988,478.527778,2.986851,-2.629042,3.979088,138.645590,3.016937,-2.655524,4.019168,-0.782724,-3.901344,-11.345217,,14.540315,1008.843145,1.221633,9.687905,430000.000000,VFR,barnes,envelope,False
2026-04-30T00:53:11Z,37.730040,-75.872369,106.680000,37.300988,478.722222,2.986260,-2.623511,3.974992,138.699806,2.898900,-2.546763,3.858707,-0.785606,-3.896586,-11.331739,,14.536159,1008.844771,1.221653,9.687925,430000.000000,VFR,barnes,envelope,False
2026-04-30T00:53:21Z,37.731429,-75.871026,106.680000,37.300988,478.916667,2.985652,-2.617964,3.970875,138.754147,2.857554,-2.505642,3.800508,-0.788484,-3.891805,-11.318194,,14.532006,1008.846396,1.221672,9.687944,430000.000000,VFR,barnes,envelope,False
2026-04-30T00:53:31Z,37.732818,-75.869682,106.680000,37.300988,479.111111,2.985027,-2.612401,3.966739,138.808615,2.880988,-2.521349,3.828484,-0.791358,-3.887000,-11.304582,,14.527855,1008.848021,1.221692,9.687964,430000.000000,VFR,barnes,envelope,False
2026-04-30T00:53:41Z,37.734208,-75.868339,106.680000,37.300988,479.305556,2.984385,-2.606821,3.962583,138.863210,2.958408,-2.584131,3.928092,-0.794228,-3.882173,-11.290904,,14.523706,1008.849646,1.221712,9.687984,430000.000000,VFR,barnes,envelope,False
2026-04-30T00:53:51Z,37.735597,-75.866995,106.680000,37.300988,479.500000,2.983726,-2.601226,3.958408,138.917934,3.004658,-2.619474,3.986178,-0.797095,-3.877323,-11.277159,,14.519560,1008.851270,1.221731,9.688004,430000.000000,VFR,barnes,envelope,False
2026-04-30T00:54:01Z,37.736987,-75.865652,106.680000,37.300988,479.694444,2.983576,-2.594586,3.953935,138.989031,3.018731,-2.625158,4.000524,-0.801000,-3.871951,-11.261933,,14.515417,1008.852858,1.221751,9.688024,430000.000000,VFR,barnes,envelope,False
2026-04-30T00:54:11Z,37.738376,-75.864309,106.680000,37.300988,479.888889,2.988156,-2.578676,3.946979,139.206932,3.091347,-2.667727,4.083282,-0.814284,-3.862070,-11.233927,,14.511276,1008.854128,1.221770,9.688044,430000.000000,VFR,barnes,envelope,False
2026-04-30T00:54:21Z,37.739766,-75.862965,106.680000,37.300988,480.083333,2.992744,-2.562753,3.940079,139.425824,3.130599,-2.680802,4.121571,-0.827583,-3.852184,-11.205900,,14.507137,1008.855399,1.221789,9.688064,430000.000000,VFR,barnes,envelope,False
2026-04-30T00:54:31Z,37.741155,-75.861622,106.680000,37.300988,480.277778,2.997340,-2.546816,3.933233,139.645707,3.017374,-2.563838,3.959522,-0.840897,-3.842293,-11.177850,,14.503001,1008.856670,1.221808,9.688085,430000.000000,VFR,barnes,envelope,False
2026-04-30T00:54:41Z,37.742545,-75.860278,106.680000,37.300988,480.472222,3.001944,-2.530866,3.926443,139.866578,3.010621,-2.538181,3.937791,-0.854225,-3.832395,-11.149779,,14.498868,1008.857942,1.221827,9.688105,430000.000000,VFR,barnes,envelope,False
2026-04-30T00:54:51Z,37.743934,-75.858935,106.680000,37.300988,480.666667,3.006557,-2.514903,3.919709,140.088435,2.945632,-2.463941,3.840281,-0.867568,-3.822492,-11.121686,,14.494737,1008.859215,1.221846,9.688126,430000.000000,VFR,barnes,envelope,False
2026-04-30T00:55:01Z,37.745323,-75.857592,106.680000,37.300988,480.861111,3.010421,-2.499735,3.912967,140.295097,2.960478,-2.458265,3.848051,-0.879834,-3.812768,-11.094097,,15.145969,1008.860513,1.219088,9.688133,430000.000000,VFR,barnes,envelope,False
2026-04-30T00:55:11Z,37.746713,-75.856248,106.680000,37.300988,481.055556,3.007477,-2.491839,3.905660,140.356621,2.994788,-2.481326,3.889182,-0.882277,-3.804703,-11.071211,,15.143288,1008.862026,1.219101,9.688016,430000.000000,VFR,barnes,envelope,False
2026-04-30T00:55:21Z,37.748102,-75.854905,106.680000,37.300988,481.250000,3.004518,-2.483949,3.898349,140.418170,2.917771,-2.412232,3.785796,-0.884705,-3.796633,-11.048307,,15.140608,1008.863545,1.219114,9.687899,430000.000000,VFR,barnes,envelope,False
2026-04-30T00:55:31Z,37.749492,-75.853562,106.680000,37.300988,481.444444,3.001543,-2.476063,3.891034,140.479746,2.975943,-2.454946,3.857849,-0.887117,-3.788558,-11.025384,,15.137930,1008.865069,1.219127,9.687783,430000.000000,VFR,barnes,envelope,False
2026-04-30T00:55:41Z,37.750881,-75.852218,106.680000,37.300988,481.638889,2.998552,-2.468183,3.883715,140.541347,2.980428,-2.453265,3.860241,-0.889513,-3.780478,-11.002443,,15.135254,1008.866599,1.219141,9.687667,430000.000000,VFR,barnes,envelope,False
2026-04-30T00:55:51Z,37.752271,-75.850875,106.680000,37.300988,481.833333,2.995546,-2.460309,3.876392,140.602975,2.960111,-2.431206,3.830538,-0.891894,-3.772392,-10.979484,,15.132579,1008.868133,1.219154,9.687551,430000.000000,VFR,barnes,envelope,False
2026-04-30T00:56:01Z,37.753660,-75.849531,106.680000,37.300988,482.027778,2.992524,-2.452440,3.869065,140.664619,3.016231,-2.471868,3.899715,-0.894258,-3.764302,-10.956508,,15.129906,1008.869669,1.219167,9.687435,430000.000000,VFR,barnes,envelope,False
2026-04-30T00:56:11Z,37.755049,-75.848188,106.680000,37.300988,482.222222,2.989487,-2.444585,3.861739,140.726195,2.948995,-2.411474,3.809433,-0.896602,-3.756212,-10.933530,,15.127236,1008.871176,1.219180,9.687321,430000.000000,VFR,barnes,envelope,False
2026-04-30T00:56:21Z,37.756439,-75.846845,106.680000,37.300988,482.416667,2.986433,-2.436735,3.854408,140.787799,2.999060,-2.447037,3.870704,-0.898931,-3.748117,-10.910533,,15.124567,1008.872689,1.219193,9.687206,430000.000000,VFR,barnes,envelope,False
2026-04-30T00:56:31Z,37.757828,-75.845501,106.680000,37.300988,482.611111,2.983364,-2.428890,3.847072,140.849430,3.024282,-2.462203,3.899836,-0.901244,-3.740017,-10.887518,,15.121900,1008.874208,1.219206,9.687092,430000.000000,VFR,barnes,envelope,False
2026-04-30T00:56:41Z,37.759218,-75.844158,106.680000,37.300988,482.805556,2.980280,-2.421050,3.839733,140.911090,3.020461,-2.453691,3.891502,-0.903541,-3.731911,-10.864484,,15.119235,1008.875732,1.219219,9.686978,430000.000000,VFR,barnes,envelope,False
2026-04-30T00:56:51Z,37.760607,-75.842815,106.680000,37.300988,483.000000,2.977180,-2.413216,3.832389,140.972778,3.085695,-2.501175,3.972077,-0.905823,-3.723801,-10.841433,,15.116571,1008.877262,1.219232,9.686865,430000.000000,VFR,barnes,envelope,False
2026-04-30T00:57:01Z,37.761997,-75.841471,106.680000,37.300988,483.194444,2.974064,-2.405386,3.825041,141.034494,2.942800,-2.380100,3.784831,-0.908089,-3.715685,-10.818363,,15.113909,1008.878797,1.219246,9.686752,430000.000000,VFR,barnes,envelope,False
2026-04-30T00:57:11Z,37.763386,-75.840128,106.680000,37.300988,483.388889,2.970933,-2.397563,3.817689,141.096239,2.993020,-2.415387,3.846071,-0.910339,-3.707564,-10.795275,,15.111248,1008.880338,1.219259,9.686639,430000.000000,VFR,barnes,envelope,False
2026-04-30T00:57:21Z,37.764775,-75.838784,106.680000,37.300988,483.583333,2.967787,-2.389745,3.810333,141.158013,2.945384,-2.371705,3.781570,-0.912574,-3.699438,-10.772169,,15.108589,1008.881885,1.219272,9.686527,430000.000000,VFR,barnes,envelope,False
2026-04-30T00:57:31Z,37.766165,-75.837441,106.680000,37.300988,483.777778,2.964625,-2.381932,3.802972,141.219817,3.031116,-2.435354,3.888266,-0.914794,-3.691307,-10.749045,,15.105932,1008.883436,1.219285,9.686415,430000.000000,VFR,barnes,envelope,False
2026-04-30T00:57:41Z,37.767554,-75.836098,106.680000,37.300988,483.972222,2.961447,-2.374124,3.795607,141.281649,3.077082,-2.466826,3.943813,-0.916997,-3.683171,-10.725903,,15.103276,1008.884994,1.219298,9.686304,430000.000000,VFR,barnes,envelope,False
2026-04-30T00:57:51Z,37.768944,-75.834754,106.680000,37.300988,484.166667,2.958254,-2.366322,3.788238,141.343511,3.099638,-2.479416,3.969289,-0.919185,-3.675030,-10.702743,,15.100622,1008.886557,1.219311,9.686192,430000.000000,VFR,barnes,envelope,False
2026-04-30T00:58:01Z,37.770333,-75.833411,106.680000,37.300988,484.361111,2.955046,-2.358526,3.780865,141.405403,3.222156,-2.571716,4.122622,-0.921358,-3.666884,-10.679565,,15.097969,1008.888125,1.219324,9.686082,430000.000000,VFR,barnes,envelope,False
2026-04-30T00:58:11Z,37.771723,-75.832068,106.680000,37.300988,484.555556,2.951822,-2.350735,3.773487,141.467325,3.187892,-2.538733,4.075269,-0.923515,-3.658733,-10.656370,,15.095318,1008.889699,1.219337,9.685971,430000.000000,VFR,barnes,envelope,False
2026-04-30T00:58:21Z,37.773112,-75.830724,106.680000,37.300988,484.750000,2.948582,-2.342949,3.766105,141.529277,3.253893,-2.585550,4.156066,-0.925656,-3.650576,-10.633156,,15.092669,1008.891278,1.219350,9.685862,430000.000000,VFR,barnes,envelope,False
2026-04-30T00:58:31Z,37.774501,-75.829381,106.680000,37.300988,484.944444,2.945327,-2.335169,3.758719,141.591259,3.109219,-2.465109,3.967872,-0.927781,-3.642415,-10.609925,,15.090022,1008.892862,1.219364,9.685752,430000.000000,VFR,barnes,envelope,False
2026-04-30T00:58:41Z,37.775891,-75.828037,106.680000,37.300988,485.138889,2.942057,-2.327395,3.751328,141.653273,3.061047,-2.421525,3.903049,-0.929891,-3.634249,-10.586676,,15.087376,1008.894452,1.219377,9.685643,430000.000000,VFR,barnes,envelope,False
2026-04-30T00:58:51Z,37.777280,-75.826694,106.680000,37.300988,485.333333,2.938771,-2.319626,3.743933,141.715317,3.043270,-2.402109,3.877063,-0.931985,-3.626078,-10.563410,,15.084731,1008.896047,1.219390,9.685534,430000.000000,VFR,barnes,envelope,False
2026-04-30T00:59:01Z,37.778670,-75.825351,106.680000,37.300988,485.527778,2.935469,-2.311863,3.736534,141.777392,3.081911,-2.427194,3.922938,-0.934064,-3.617902,-10.540126,,15.082089,1008.897648,1.219403,9.685426,430000.000000,VFR,barnes,envelope,False
2026-04-30T00:59:11Z,37.780059,-75.824007,106.680000,37.300988,485.722222,2.932152,-2.304105,3.729131,141.839499,2.983612,-2.344542,3.794578,-0.936126,-3.609721,-10.516824,,15.079448,1008.899253,1.219416,9.685318,430000.000000,VFR,barnes,envelope,False
2026-04-30T00:59:21Z,37.781449,-75.822664,106.680000,37.300988,485.916667,2.928820,-2.296353,3.721723,141.901638,2.840357,-2.226993,3.609311,-0.938173,-3.601535,-10.493505,,15.076809,1008.900864,1.219429,9.685210,430000.000000,VFR,barnes,envelope,False
2026-04-30T00:59:31Z,37.782838,-75.821320,106.680000,37.300988,486.111111,2.925472,-2.288607,3.714311,141.963808,2.886620,-2.258213,3.664983,-0.940204,-3.593344,-10.470169,,15.074171,1008.902480,1.219442,9.685103,430000.000000,VFR,barnes,envelope,False
2026-04-30T00:59:41Z,37.784228,-75.819977,106.680000,37.300988,486.305556,2.922109,-2.280866,3.706895,142.026011,2.956201,-2.307477,3.750143,-0.942220,-3.585149,-10.446815,,15.071536,1008.904102,1.219455,9.684996,430000.000000,VFR,barnes,envelope,False
2026-04-30T00:59:51Z,37.785617,-75.818634,106.680000,37.300988,486.500000,2.918730,-2.273131,3.699474,142.088246,2.981060,-2.321674,3.778477,-0.944220,-3.576948,-10.423444,,15.068902,1008.905728,1.219468,9.684890,430000.000000,VFR,barnes,envelope,False
2026-04-30T01:00:01Z,37.787006,-75.817290,106.680000,37.300988,486.694444,2.915172,-2.265667,3.692083,142.145700,3.080243,-2.393960,3.901146,-0.945912,-3.568855,-10.400374,,15.063341,1008.907465,1.219494,9.684783,430000.000000,VFR,barnes,envelope,False
2026-04-30T01:00:11Z,37.788396,-75.815947,106.680000,37.300988,486.888889,2.910125,-2.260593,3.684984,142.159846,2.994039,-2.325777,3.791241,-0.944973,-3.561760,-10.380149,,15.060454,1008.910152,1.219510,9.684678,430000.000000,VFR,barnes,envelope,False
2026-04-30T01:00:21Z,37.789785,-75.814604,106.680000,37.300988,487.083333,2.905070,-2.255515,3.677878,142.174005,3.057152,-2.373592,3.870416,-0.944029,-3.554658,-10.359900,,15.057569,1008.912840,1.219525,9.684572,430000.000000,VFR,barnes,envelope,False
2026-04-30T01:00:31Z,37.791175,-75.813260,106.680000,37.300988,487.277778,2.900007,-2.250434,3.670762,142.188180,3.047085,-2.364568,3.856930,-0.943080,-3.547548,-10.339625,,15.054686,1008.915529,1.219540,9.684467,430000.000000,VFR,barnes,envelope,False
2026-04-30T01:00:41Z,37.792564,-75.811917,106.680000,37.300988,487.472222,2.894935,-2.245350,3.663639,142.202370,2.969836,-2.303444,3.758428,-0.942127,-3.540430,-10.319325,,15.051804,1008.918220,1.219556,9.684363,430000.000000,VFR,barnes,envelope,False
2026-04-30T01:00:51Z,37.793954,-75.810573,106.680000,37.300988,487.666667,2.889855,-2.240263,3.656506,142.216577,2.907657,-2.254063,3.679031,-0.941169,-3.533304,-10.299001,,15.048924,1008.920912,1.219571,9.684259,430000.000000,VFR,barnes,envelope,False
2026-04-30T01:01:01Z,37.795343,-75.809230,106.680000,37.300988,487.861111,2.884767,-2.235172,3.649366,142.230800,2.993516,-2.319433,3.786939,-0.940206,-3.526171,-10.278653,,15.046045,1008.923606,1.219587,9.684155,430000.000000,VFR,barnes,envelope,False
2026-04-30T01:01:11Z,37.796732,-75.807887,106.680000,37.300988,488.055556,2.879670,-2.230077,3.642217,142.245041,2.838219,-2.197977,3.589790,-0.939239,-3.519030,-10.258279,,15.043169,1008.926301,1.219602,9.684051,430000.000000,VFR,barnes,envelope,False
2026-04-30T01:01:21Z,37.798122,-75.806543,106.680000,37.300988,488.250000,2.874565,-2.224980,3.635060,142.259300,2.856016,-2.210623,3.611604,-0.938268,-3.511881,-10.237882,,15.040294,1008.928997,1.219618,9.683948,430000.000000,VFR,barnes,envelope,False
2026-04-30T01:01:31Z,37.799511,-75.805200,106.680000,37.300988,488.444444,2.869452,-2.219879,3.627894,142.273578,2.829638,-2.189078,3.577557,-0.937291,-3.504725,-10.217460,,15.037421,1008.931695,1.219633,9.683845,430000.000000,VFR,barnes,envelope,False
2026-04-30T01:01:41Z,37.800901,-75.803857,106.680000,37.300988,488.638889,2.864330,-2.214774,3.620720,142.287875,2.870449,-2.219506,3.628455,-0.936311,-3.497562,-10.197014,,15.034550,1008.934394,1.219648,9.683743,430000.000000,VFR,barnes,envelope,False
2026-04-30T01:01:51Z,37.802290,-75.802513,106.680000,37.300988,488.833333,2.859201,-2.209667,3.613538,142.302193,2.837250,-2.192703,3.585796,-0.935326,-3.490390,-10.176543,,15.031680,1008.937094,1.219664,9.683641,430000.000000,VFR,barnes,envelope,False
2026-04-30T01:02:01Z,37.803680,-75.801170,106.680000,37.300988,489.027778,2.854064,-2.204556,3.606348,142.316533,2.795300,-2.159166,3.532096,-0.934337,-3.483211,-10.156049,,15.028813,1008.939796,1.219679,9.683539,430000.000000,VFR,barnes,envelope,False
2026-04-30T01:02:11Z,37.805069,-75.799826,106.680000,37.300988,489.222222,2.848918,-2.199442,3.599150,142.330893,2.919833,-2.254190,3.688740,-0.933343,-3.476025,-10.135531,,15.025947,1008.942499,1.219695,9.683438,430000.000000,VFR,barnes,envelope,False
2026-04-30T01:02:21Z,37.806458,-75.798483,106.680000,37.300988,489.416667,2.843765,-2.194324,3.591944,142.345277,2.830123,-2.183797,3.574712,-0.932345,-3.468831,-10.114989,,15.023083,1008.945203,1.219710,9.683337,430000.000000,VFR,barnes,envelope,False
2026-04-30T01:02:31Z,37.807848,-75.797140,106.680000,37.300988,489.611111,2.838604,-2.189203,3.584729,142.359684,2.850543,-2.198411,3.599807,-0.931343,-3.461630,-10.094423,,15.020221,1008.947909,1.219725,9.683237,430000.000000,VFR,barnes,envelope,False
2026-04-30T01:02:41Z,37.809237,-75.795796,106.680000,37.300988,489.805556,2.833435,-2.184079,3.577507,142.374115,2.938931,-2.265398,3.710707,-0.930337,-3.454422,-10.073833,,15.017360,1008.950616,1.219741,9.683137,430000.000000,VFR,barnes,envelope,False
2026-04-30T01:02:51Z,37.810627,-75.794453,106.680000,37.300988,490.000000,2.828259,-2.178951,3.570277,142.388570,2.920953,-2.250365,3.687290,-0.929326,-3.447206,-10.053220,,15.014502,1008.953325,1.219756,9.683037,430000.000000,VFR,barnes,envelope,False
2026-04-30T01:03:01Z,37.812016,-75.793110,106.680000,37.300988,490.194444,2.823074,-2.173820,3.563039,142.403052,2.956544,-2.276594,3.731492,-0.928312,-3.439983,-10.032583,,15.011645,1008.956035,1.219772,9.682937,430000.000000,VFR,barnes,envelope,False
2026-04-30T01:03:11Z,37.813406,-75.791766,106.680000,37.300988,490.388889,2.817882,-2.168686,3.555793,142.417559,2.925204,-2.251283,3.691218,-0.927293,-3.432752,-10.011923,,15.008791,1008.958747,1.219787,9.682838,430000.000000,VFR,barnes,envelope,False
2026-04-30T01:03:21Z,37.814795,-75.790423,106.680000,37.300988,490.583333,2.812683,-2.163549,3.548539,142.432094,2.874097,-2.210789,3.626020,-0.926270,-3.425515,-9.991239,,15.005938,1008.961459,1.219802,9.682740,430000.000000,VFR,barnes,envelope,False
2026-04-30T01:03:31Z,37.816184,-75.789079,106.680000,37.300988,490.777778,2.807476,-2.158408,3.541277,142.446657,2.960236,-2.275851,3.733965,-0.925244,-3.418270,-9.970533,,15.003087,1008.964173,1.219818,9.682641,430000.000000,VFR,barnes,envelope,False
2026-04-30T01:03:41Z,37.817574,-75.787736,106.680000,37.300988,490.972222,2.802261,-2.153263,3.534008,142.461248,2.887576,-2.218820,3.641601,-0.924213,-3.411018,-9.949803,,15.000237,1008.966889,1.219833,9.682543,430000.000000,VFR,barnes,envelope,False
2026-04-30T01:03:51Z,37.818963,-75.786393,106.680000,37.300988,491.166667,2.797039,-2.148116,3.526731,142.475869,2.734003,-2.099704,3.447250,-0.923179,-3.403759,-9.929050,,14.997390,1008.969606,1.219848,9.682446,430000.000000,VFR,barnes,envelope,False
2026-04-30T01:04:01Z,37.820353,-75.785049,106.680000,37.300988,491.361111,2.791810,-2.142965,3.519446,142.490521,2.819379,-2.164127,3.554201,-0.922140,-3.396492,-9.908274,,14.994545,1008.972324,1.219864,9.682349,430000.000000,VFR,barnes,envelope,False
2026-04-30T01:04:11Z,37.821742,-75.783706,106.680000,37.300988,491.555556,2.786573,-2.137811,3.512154,142.505203,2.941132,-2.256385,3.706957,-0.921098,-3.389219,-9.887475,,14.991702,1008.975044,1.219879,9.682252,430000.000000,VFR,barnes,envelope,False
2026-04-30T01:04:21Z,37.823132,-75.782362,106.680000,37.300988,491.750000,2.781329,-2.132653,3.504854,142.519918,2.920090,-2.239052,3.679712,-0.920052,-3.381938,-9.866653,,14.988860,1008.977765,1.219894,9.682155,430000.000000,VFR,barnes,envelope,False
2026-04-30T01:04:31Z,37.824521,-75.781019,106.680000,37.300988,491.944444,2.776078,-2.127493,3.497547,142.534665,2.872717,-2.201553,3.619300,-0.919003,-3.374651,-9.845809,,14.986021,1008.980488,1.219910,9.682059,430000.000000,VFR,barnes,envelope,False
2026-04-30T01:04:41Z,37.825911,-75.779676,106.680000,37.300988,492.138889,2.770820,-2.122328,3.490232,142.549446,2.964273,-2.270505,3.733914,-0.917949,-3.367357,-9.824942,,14.983183,1008.983211,1.219925,9.681963,430000.000000,VFR,barnes,envelope,False
2026-04-30T01:04:51Z,37.827300,-75.778332,106.680000,37.300988,492.333333,2.765555,-2.117161,3.482910,142.564261,2.865236,-2.193472,3.608448,-0.916892,-3.360055,-9.804053,,14.980347,1008.985937,1.219940,9.681868,430000.000000,VFR,barnes,envelope,False
2026-04-30T01:05:01Z,37.828689,-75.776989,106.680000,37.300988,492.527778,2.761094,-2.111972,3.476214,142.587475,2.894843,-2.214277,3.644604,-0.916488,-3.353224,-9.784507,,14.977514,1008.988530,1.219955,9.681773,430000.000000,VFR,barnes,envelope,False
2026-04-30T01:05:11Z,37.830079,-75.775646,106.680000,37.300988,492.722222,2.763943,-2.106623,3.475233,142.686063,2.808893,-2.140883,3.531750,-0.921997,-3.350696,-9.777273,,14.974682,1008.989927,1.219969,9.681678,430000.000000,VFR,barnes,envelope,False
2026-04-30T01:05:21Z,37.831468,-75.774302,106.680000,37.300988,492.916667,2.766811,-2.101281,3.474280,142.784799,2.749687,-2.088276,3.452777,-0.927515,-3.348184,-9.770084,,14.971852,1008.991325,1.219983,9.681584,430000.000000,VFR,barnes,envelope,False
2026-04-30T01:05:31Z,37.832858,-75.772959,106.680000,37.300988,493.111111,2.769696,-2.095945,3.473356,142.883681,2.639051,-1.997080,3.309519,-0.933044,-3.345688,-9.762941,,14.969025,1008.992724,1.219996,9.681490,430000.000000,VFR,barnes,envelope,False
2026-04-30T01:05:41Z,37.834247,-75.771615,106.680000,37.300988,493.305556,2.772599,-2.090616,3.472460,142.982707,2.647836,-1.996541,3.316204,-0.938583,-3.343209,-9.755844,,14.966199,1008.994125,1.220010,9.681396,430000.000000,VFR,barnes,envelope,False
2026-04-30T01:05:51Z,37.835637,-75.770272,106.680000,37.300988,493.500000,2.775520,-2.085293,3.471593,143.081874,2.668379,-2.004796,3.337582,-0.944132,-3.340745,-9.748793,,14.963375,1008.995527,1.220024,9.681303,430000.000000,VFR,barnes,envelope,False
2026-04-30T01:06:01Z,37.837026,-75.768929,106.680000,37.300988,493.694444,2.778459,-2.079977,3.470755,143.181181,2.657648,-1.989536,3.319841,-0.949691,-3.338297,-9.741786,,14.960553,1008.996931,1.220037,9.681210,430000.000000,VFR,barnes,envelope,False
2026-04-30T01:06:11Z,37.838415,-75.767585,106.680000,37.300988,493.888889,2.781416,-2.074667,3.469945,143.280626,2.709178,-2.020784,3.379825,-0.955261,-3.335865,-9.734826,,14.957734,1008.998336,1.220051,9.681118,430000.000000,VFR,barnes,envelope,False
2026-04-30T01:06:21Z,37.839805,-75.766242,106.680000,37.300988,494.083333,2.784391,-2.069364,3.469164,143.380206,2.777840,-2.064495,3.461002,-0.960841,-3.333449,-9.727910,,14.954916,1008.999743,1.220065,9.681025,430000.000000,VFR,barnes,envelope,False
2026-04-30T01:06:31Z,37.841194,-75.764899,106.680000,37.300988,494.277778,2.787383,-2.064067,3.468411,143.479920,2.820772,-2.088791,3.509958,-0.966431,-3.331049,-9.721040,,14.952101,1009.001151,1.220078,9.680934,430000.000000,VFR,barnes,envelope,False
2026-04-30T01:06:41Z,37.842584,-75.763555,106.680000,37.300988,494.472222,2.790393,-2.058777,3.467687,143.579764,2.796480,-2.063267,3.475251,-0.972031,-3.328665,-9.714214,,14.949287,1009.002561,1.220092,9.680842,430000.000000,VFR,barnes,envelope,False
2026-04-30T01:06:51Z,37.843973,-75.762212,106.680000,37.300988,494.666667,2.793421,-2.053493,3.466992,143.679738,2.946107,-2.165736,3.656496,-0.977642,-3.326297,-9.707434,,14.946476,1009.003972,1.220105,9.680751,430000.000000,VFR,barnes,envelope,False
2026-04-30T01:07:01Z,37.845363,-75.760868,106.680000,37.300988,494.861111,2.796466,-2.048215,3.466325,143.779839,2.913183,-2.133702,3.610999,-0.983263,-3.323944,-9.700699,,14.943666,1009.005384,1.220119,9.680660,430000.000000,VFR,barnes,envelope,False
2026-04-30T01:07:11Z,37.846752,-75.759525,106.680000,37.300988,495.055556,2.799529,-2.042944,3.465687,143.880065,2.948140,-2.151392,3.649660,-0.988893,-3.321607,-9.694009,,14.940859,1009.006798,1.220133,9.680570,430000.000000,VFR,barnes,envelope,False
2026-04-30T01:07:21Z,37.848141,-75.758182,106.680000,37.300988,495.250000,2.802610,-2.037679,3.465077,143.980413,2.907502,-2.113943,3.594763,-0.994534,-3.319286,-9.687363,,14.938054,1009.008213,1.220146,9.680480,430000.000000,VFR,barnes,envelope,False
2026-04-30T01:07:31Z,37.849531,-75.756838,106.680000,37.300988,495.444444,2.805708,-2.032421,3.464496,144.080883,2.883989,-2.089126,3.561157,-1.000186,-3.316981,-9.680762,,14.935250,1009.009630,1.220160,9.680390,430000.000000,VFR,barnes,envelope,False
2026-04-30T01:07:41Z,37.850920,-75.755495,106.680000,37.300988,495.638889,2.808824,-2.027169,3.463943,144.181470,2.951897,-2.130427,3.640387,-1.005847,-3.314691,-9.674206,,14.932449,1009.011047,1.220173,9.680301,430000.000000,VFR,barnes,envelope,False
2026-04-30T01:07:51Z,37.852310,-75.754151,106.680000,37.300988,495.833333,2.811957,-2.021923,3.463419,144.282174,2.818092,-2.026335,3.470976,-1.011518,-3.312417,-9.667694,,14.929650,1009.012467,1.220187,9.680212,430000.000000,VFR,barnes,envelope,False
2026-04-30T01:08:01Z,37.853699,-75.752808,106.680000,37.300988,496.027778,2.815108,-2.016683,3.462924,144.382992,2.876925,-2.060968,3.538967,-1.017200,-3.310158,-9.661226,,14.926854,1009.013887,1.220201,9.680123,430000.000000,VFR,barnes,envelope,False
2026-04-30T01:08:11Z,37.855089,-75.751465,106.680000,37.300988,496.222222,2.818276,-2.011450,3.462457,144.483922,2.764902,-1.973356,3.396883,-1.022891,-3.307915,-9.654803,,14.924059,1009.015310,1.220214,9.680035,430000.000000,VFR,barnes,envelope,False
2026-04-30T01:08:21Z,37.856478,-75.750121,106.680000,37.300988,496.416667,2.821461,-2.006223,3.462019,144.584962,2.809192,-1.997499,3.446964,-1.028593,-3.305688,-9.648424,,14.921266,1009.016733,1.220228,9.679947,430000.000000,VFR,barnes,envelope,False
2026-04-30T01:08:31Z,37.857867,-75.748778,106.680000,37.300988,496.611111,2.824664,-2.001002,3.461609,144.686109,2.786484,-1.973955,3.414820,-1.034304,-3.303476,-9.642088,,14.918476,1009.018158,1.220241,9.679859,430000.000000,VFR,barnes,envelope,False
2026-04-30T01:08:41Z,37.859257,-75.747435,106.680000,37.300988,496.805556,2.827884,-1.995787,3.461228,144.787362,2.836639,-2.001966,3.471943,-1.040026,-3.301279,-9.635797,,14.915688,1009.019584,1.220255,9.679772,430000.000000,VFR,barnes,envelope,False
2026-04-30T01:08:51Z,37.860646,-75.746091,106.680000,37.300988,497.000000,2.831122,-1.990579,3.460875,144.888718,2.947153,-2.072161,3.602716,-1.045758,-3.299098,-9.629550,,14.912902,1009.021011,1.220268,9.679685,430000.000000,VFR,barnes,envelope,False
2026-04-30T01:09:01Z,37.862036,-75.744748,106.680000,37.300988,497.194444,2.834377,-1.985376,3.460551,144.990176,2.943933,-2.062116,3.594310,-1.051500,-3.296932,-9.623347,,14.910118,1009.022440,1.220282,9.679599,430000.000000,VFR,barnes,envelope,False
2026-04-30T01:09:11Z,37.863425,-75.743404,106.680000,37.300988,497.388889,2.837649,-1.980180,3.460255,145.091732,3.039183,-2.120815,3.706008,-1.057252,-3.294782,-9.617187,,14.907336,1009.023870,1.220295,9.679512,430000.000000,VFR,barnes,envelope,False
2026-04-30T01:09:21Z,37.864815,-75.742061,106.680000,37.300988,497.583333,2.840939,-1.974990,3.459988,145.193385,2.994953,-2.082059,3.647563,-1.063013,-3.292646,-9.611071,,14.904556,1009.025302,1.220309,9.679426,430000.000000,VFR,barnes,envelope,False
2026-04-30T01:09:31Z,37.866204,-75.740718,106.680000,37.300988,497.777778,2.844245,-1.969806,3.459750,145.295133,2.980605,-2.064244,3.625619,-1.068785,-3.290527,-9.604999,,14.901779,1009.026734,1.220322,9.679341,430000.000000,VFR,barnes,envelope,False
2026-04-30T01:09:41Z,37.867594,-75.739374,106.680000,37.300988,497.972222,2.847569,-1.964628,3.459540,145.396973,2.911592,-2.008800,3.537322,-1.074567,-3.288422,-9.598970,,14.899004,1009.028168,1.220336,9.679256,430000.000000,VFR,barnes,envelope,False
2026-04-30T01:09:51Z,37.868983,-75.738031,106.680000,37.300988,498.166667,2.850910,-1.959457,3.459358,145.498903,2.821201,-1.939038,3.423309,-1.080359,-3.286333,-9.592985,,14.896231,1009.029604,1.220349,9.679171,430000.000000,VFR,barnes,envelope,False
2026-04-30T01:10:01Z,37.870372,-75.736688,106.680000,37.300988,498.361111,2.853684,-1.954859,3.459044,145.587685,2.838881,-1.944719,3.441101,-1.085351,-3.284357,-9.587324,,14.893445,1009.031028,1.220363,9.678101,430000.000000,VFR,barnes,envelope,False
2026-04-30T01:10:11Z,37.871762,-75.735344,106.680000,37.300988,498.555556,2.851194,-1.955378,3.457284,145.557277,2.870744,-1.968785,3.480990,-1.083057,-3.283261,-9.584184,,14.890521,1009.032343,1.220377,9.668158,430000.000000,VFR,barnes,envelope,False
2026-04-30T01:10:21Z,37.873151,-75.734001,106.680000,37.300988,498.750000,2.848681,-1.955892,3.455503,145.526673,2.837701,-1.948354,3.442184,-1.080746,-3.282147,-9.580993,,14.887600,1009.033658,1.220391,9.658199,430000.000000,VFR,barnes,envelope,False
2026-04-30T01:10:31Z,37.874541,-75.732657,106.680000,37.300988,498.944444,2.846144,-1.956402,3.453700,145.495874,2.779029,-1.910269,3.372259,-1.078418,-3.281015,-9.577750,,14.884684,1009.034974,1.220405,9.648224,430000.000000,VFR,barnes,envelope,False
2026-04-30T01:10:41Z,37.875930,-75.731314,106.680000,37.300988,499.138889,2.843583,-1.956908,3.451877,145.464877,2.852805,-1.963254,3.463071,-1.076075,-3.279866,-9.574456,,14.881770,1009.036289,1.220419,9.638233,430000.000000,VFR,barnes,envelope,False
2026-04-30T01:10:51Z,37.877320,-75.729971,106.680000,37.300988,499.333333,2.840998,-1.957410,3.450033,145.433681,2.840147,-1.956823,3.448999,-1.073715,-3.278698,-9.571112,,14.878860,1009.037605,1.220433,9.628226,430000.000000,VFR,barnes,envelope,False
2026-04-30T01:11:01Z,37.878709,-75.728627,106.680000,37.300988,499.527778,2.838390,-1.957907,3.448167,145.402284,2.829858,-1.952022,3.437803,-1.071338,-3.277513,-9.567716,,14.875954,1009.038921,1.220446,9.618203,430000.000000,VFR,barnes,envelope,False
2026-04-30T01:11:11Z,37.880098,-75.727284,106.680000,37.300988,499.722222,2.835758,-1.958400,3.446281,145.370685,2.862488,-1.976861,3.478766,-1.068946,-3.276310,-9.564269,,14.873052,1009.040237,1.220460,9.608164,430000.000000,VFR,barnes,envelope,False
2026-04-30T01:11:21Z,37.881488,-75.725941,106.680000,37.300988,499.916667,2.833101,-1.958889,3.444374,145.338882,2.862803,-1.979426,3.480484,-1.066536,-3.275090,-9.560772,,14.870152,1009.041553,1.220474,9.598110,430000.000000,VFR,barnes,envelope,False
2026-04-30T01:11:31Z,37.882877,-75.724597,106.680000,37.300988,500.111111,2.830422,-1.959374,3.442446,145.306874,2.835985,-1.963226,3.449213,-1.064111,-3.273851,-9.557224,,14.867257,1009.042869,1.220488,9.588040,430000.000000,VFR,barnes,envelope,False
2026-04-30T01:11:41Z,37.884267,-75.723254,106.680000,37.300988,500.305556,2.827718,-1.959856,3.440497,145.274660,2.752630,-1.907813,3.349137,-1.061668,-3.272596,-9.553626,,14.864365,1009.044185,1.220502,9.577954,430000.000000,VFR,barnes,envelope,False
2026-04-30T01:11:51Z,37.885656,-75.721910,106.680000,37.300988,500.500000,2.824990,-1.960333,3.438528,145.242236,2.714590,-1.883723,3.304151,-1.059210,-3.271322,-9.549977,,14.861477,1009.045502,1.220516,9.567852,430000.000000,VFR,barnes,envelope,False
2026-04-30T01:12:01Z,37.887046,-75.720567,106.680000,37.300988,500.694444,2.822239,-1.960806,3.436538,145.209603,2.729524,-1.896390,3.323642,-1.056734,-3.270031,-9.546278,,14.858592,1009.046818,1.220530,9.557735,430000.000000,VFR,barnes,envelope,False
2026-04-30T01:12:11Z,37.888435,-75.719224,106.680000,37.300988,500.888889,2.819464,-1.961275,3.434527,145.176759,2.657090,-1.848324,3.236731,-1.054243,-3.268723,-9.542529,,14.855711,1009.048134,1.220543,9.547603,430000.000000,VFR,barnes,envelope,False
2026-04-30T01:12:21Z,37.889824,-75.717880,106.680000,37.300988,501.083333,2.816665,-1.961741,3.432496,145.143701,2.752780,-1.917246,3.354644,-1.051734,-3.267397,-9.538730,,14.852833,1009.049450,1.220557,9.537454,430000.000000,VFR,barnes,envelope,False
2026-04-30T01:12:31Z,37.891214,-75.716537,106.680000,37.300988,501.277778,2.813843,-1.962203,3.430445,145.110429,2.700950,-1.883478,3.292814,-1.049209,-3.266054,-9.534881,,14.849959,1009.050767,1.220571,9.527291,430000.000000,VFR,barnes,envelope,False
2026-04-30T01:12:41Z,37.892603,-75.715193,106.680000,37.300988,501.472222,2.810997,-1.962661,3.428373,145.076940,2.643178,-1.845488,3.223696,-1.046667,-3.264694,-9.530982,,14.847089,1009.052083,1.220585,9.517112,430000.000000,VFR,barnes,envelope,False
2026-04-30T01:12:51Z,37.893993,-75.713850,106.680000,37.300988,501.666667,2.808127,-1.963115,3.426280,145.043233,2.708495,-1.893464,3.304717,-1.044109,-3.263316,-9.527034,,14.844222,1009.053399,1.220598,9.506918,430000.000000,VFR,barnes,envelope,False
2026-04-30T01:13:01Z,37.895382,-75.712507,106.680000,37.300988,501.861111,2.805233,-1.963566,3.424168,145.009307,2.711275,-1.897799,3.309480,-1.041534,-3.261921,-9.523036,,14.841359,1009.054715,1.220612,9.496708,430000.000000,VFR,barnes,envelope,False
2026-04-30T01:13:11Z,37.896772,-75.711163,106.680000,37.300988,502.055556,2.802315,-1.964013,3.422035,144.975160,2.774205,-1.944312,3.387707,-1.038942,-3.260509,-9.518989,,14.838500,1009.056031,1.220626,9.486484,430000.000000,VFR,barnes,envelope,False
2026-04-30T01:13:21Z,37.898161,-75.709820,106.680000,37.300988,502.250000,2.799374,-1.964457,3.419881,144.940789,2.853280,-2.002286,3.485736,-1.036333,-3.259080,-9.514892,,14.835644,1009.057347,1.220640,9.476244,430000.000000,VFR,barnes,envelope,False
2026-04-30T01:13:31Z,37.899550,-75.708477,106.680000,37.300988,502.444444,2.796409,-1.964898,3.417708,144.906194,2.840272,-1.995718,3.471316,-1.033708,-3.257633,-9.510747,,14.832792,1009.058663,1.220653,9.465989,430000.000000,VFR,barnes,envelope,False
2026-04-30T01:13:41Z,37.900940,-75.707133,106.680000,37.300988,502.638889,2.793421,-1.965335,3.415515,144.871373,2.855104,-2.008733,3.490935,-1.031066,-3.256170,-9.506552,,14.829943,1009.059978,1.220667,9.455719,430000.000000,VFR,barnes,envelope,False
2026-04-30T01:13:51Z,37.902329,-75.705790,106.680000,37.300988,502.833333,2.790408,-1.965768,3.413301,144.836324,2.864551,-2.018000,3.503995,-1.028407,-3.254689,-9.502309,,14.827099,1009.061294,1.220681,9.445433,430000.000000,VFR,barnes,envelope,False
2026-04-30T01:14:01Z,37.903719,-75.704446,106.680000,37.300988,503.027778,2.787372,-1.966199,3.411068,144.801045,2.856357,-2.014861,3.495489,-1.025731,-3.253192,-9.498016,,14.824258,1009.062609,1.220694,9.435133,430000.000000,VFR,barnes,envelope,False
2026-04-30T01:14:11Z,37.905108,-75.703103,106.680000,37.300988,503.222222,2.784313,-1.966626,3.408814,144.765535,2.801080,-1.978469,3.429342,-1.023038,-3.251678,-9.493675,,14.821420,1009.063924,1.220708,9.424818,430000.000000,VFR,barnes,envelope,False
2026-04-30T01:14:21Z,37.906498,-75.701760,106.680000,37.300988,503.416667,2.781229,-1.967050,3.406541,144.729792,2.750479,-1.945301,3.368877,-1.020329,-3.250146,-9.489286,,14.818587,1009.065239,1.220721,9.414489,430000.000000,VFR,barnes,envelope,False
2026-04-30T01:14:31Z,37.907887,-75.700416,106.680000,37.300988,503.611111,2.778122,-1.967471,3.404248,144.693814,2.795802,-1.979991,3.425912,-1.017602,-3.248598,-9.484848,,14.815757,1009.066554,1.220735,9.404144,430000.000000,VFR,barnes,envelope,False
2026-04-30T01:14:41Z,37.909277,-75.699073,106.680000,37.300988,503.805556,2.774992,-1.967888,3.401935,144.657599,2.724573,-1.932134,3.340126,-1.014859,-3.247033,-9.480362,,14.812931,1009.067869,1.220749,9.393784,430000.000000,VFR,barnes,envelope,False
2026-04-30T01:14:51Z,37.910666,-75.697730,106.680000,37.300988,504.000000,2.771837,-1.968303,3.399603,144.621146,2.763596,-1.962451,3.389495,-1.012098,-3.245452,-9.475827,,14.810108,1009.069183,1.220762,9.383410,430000.000000,VFR,barnes,envelope,False
2026-04-30T01:15:01Z,37.912055,-75.696386,106.680000,37.300988,504.194444,2.769711,-1.968705,3.398102,144.594857,2.714930,-1.929767,3.330893,-1.010163,-3.244483,-9.473050,,14.807289,1009.070461,1.220776,9.374030,430000.000000,VFR,barnes,envelope,False
2026-04-30T01:15:11Z,37.913445,-75.695043,106.680000,37.300988,504.388889,2.777044,-1.969023,3.404265,144.662001,2.656741,-1.883724,3.256792,-1.015804,-3.249179,-9.486514,,14.804475,1009.071418,1.220789,9.373725,430000.000000,VFR,barnes,envelope,False
2026-04-30T01:15:21Z,37.914834,-75.693699,106.680000,37.300988,504.583333,2.784388,-1.969343,3.410444,144.728986,2.641994,-1.868630,3.236033,-1.021452,-3.253885,-9.500002,,14.801663,1009.072378,1.220802,9.373420,430000.000000,VFR,barnes,envelope,False
2026-04-30T01:15:31Z,37.916224,-75.692356,106.680000,37.300988,504.777778,2.791745,-1.969665,3.416639,144.795811,2.654927,-1.873136,3.249196,-1.027109,-3.258599,-9.513514,,14.798856,1009.073342,1.220815,9.373116,430000.000000,VFR,barnes,envelope,False
2026-04-30T01:15:41Z,37.917613,-75.691013,106.680000,37.300988,504.972222,2.799113,-1.969989,3.422849,144.862476,2.650343,-1.865287,3.240928,-1.032773,-3.263322,-9.527051,,14.796052,1009.074308,1.220828,9.372813,430000.000000,VFR,barnes,envelope,False
2026-04-30T01:15:51Z,37.919003,-75.689669,106.680000,37.300988,505.166667,2.806493,-1.970316,3.429074,144.928982,2.681672,-1.882685,3.276563,-1.038446,-3.268054,-9.540612,,14.793252,1009.075277,1.220841,9.372511,430000.000000,VFR,barnes,envelope,False
2026-04-30T01:16:01Z,37.920392,-75.688326,106.680000,37.300988,505.361111,2.813884,-1.970645,3.435315,144.995327,2.626695,-1.839551,3.206786,-1.044126,-3.272795,-9.554198,,14.790456,1009.076249,1.220854,9.372209,430000.000000,VFR,barnes,envelope,False
2026-04-30T01:16:11Z,37.921781,-75.686983,106.680000,37.300988,505.555556,2.821288,-1.970976,3.441571,145.061513,2.614337,-1.826399,3.189121,-1.049814,-3.277545,-9.567808,,14.787664,1009.077225,1.220867,9.371909,430000.000000,VFR,barnes,envelope,False
2026-04-30T01:16:21Z,37.923171,-75.685639,106.680000,37.300988,505.750000,2.828703,-1.971310,3.447843,145.127539,2.557720,-1.782463,3.117548,-1.055510,-3.282304,-9.581442,,14.784875,1009.078203,1.220880,9.371609,430000.000000,VFR,barnes,envelope,False
2026-04-30T01:16:31Z,37.923127,-75.683665,106.680000,104.310732,505.944444,2.836592,-1.971309,3.454318,145.202370,2.514981,-1.747803,3.062669,2.611289,-2.261302,-6.633446,,14.783319,1009.079532,1.220888,9.371882,430000.000000,VFR,barnes,envelope,False
2026-04-30T01:16:41Z,37.922692,-75.681519,106.680000,104.310732,506.138889,2.844626,-1.971216,3.460866,145.279531,2.587976,-1.793368,3.148617,2.613185,-2.269109,-6.656143,,14.782099,1009.080959,1.220895,9.372311,430000.000000,VFR,barnes,envelope,False
2026-04-30T01:16:51Z,37.922257,-75.679373,106.680000,104.310732,506.333333,2.852678,-1.971123,3.467434,145.356578,2.653386,-1.833418,3.225195,2.615084,-2.276934,-6.678889,,14.780876,1009.082391,1.220902,9.372740,430000.000000,VFR,barnes,envelope,False
2026-04-30T01:17:01Z,37.921822,-75.677227,106.680000,104.310732,506.527778,2.860747,-1.971029,3.474022,145.433508,2.644453,-1.822004,3.211359,2.616988,-2.284777,-6.701684,,14.779653,1009.083828,1.220909,9.373169,430000.000000,VFR,barnes,envelope,False
2026-04-30T01:17:11Z,37.921387,-75.675080,106.680000,104.310732,506.722222,2.868835,-1.970934,3.480631,145.510324,2.686909,-1.845949,3.259909,2.618895,-2.292636,-6.724528,,14.778428,1009.085268,1.220916,9.373598,430000.000000,VFR,barnes,envelope,False
2026-04-30T01:17:21Z,37.920952,-75.672934,106.680000,104.310732,506.916667,2.876940,-1.970839,3.487261,145.587022,2.770476,-1.897906,3.358212,2.620806,-2.300514,-6.747420,,14.777202,1009.086713,1.220923,9.374027,430000.000000,VFR,barnes,envelope,False
2026-04-30T01:17:31Z,37.920517,-75.670788,106.680000,104.310732,507.111111,2.885063,-1.970743,3.493911,145.663604,2.856919,-1.951519,3.459829,2.622721,-2.308409,-6.770361,,14.775974,1009.088162,1.220930,9.374455,410000.000000,VFR,barnes,envelope,False
2026-04-30T01:17:41Z,37.920082,-75.668642,106.680000,104.310732,507.305556,2.893204,-1.970647,3.500582,145.740068,2.793693,-1.902867,3.380181,2.624640,-2.316321,-6.793350,,14.774746,1009.089616,1.220937,9.374884,410000.000000,VFR,barnes,envelope,False
2026-04-30T01:17:51Z,37.919647,-75.666496,106.680000,104.310732,507.500000,2.901363,-1.970549,3.507274,145.816414,2.791679,-1.896054,3.374684,2.626562,-2.324250,-6.816387,,14.773516,1009.091073,1.220944,9.375312,410000.000000,VFR,barnes,envelope,False
2026-04-30T01:18:01Z,37.919212,-75.664349,106.680000,104.310732,507.694444,2.909539,-1.970451,3.513985,145.892641,2.844813,-1.926616,3.435813,2.628488,-2.332197,-6.839473,,14.772285,1009.092535,1.220951,9.375740,410000.000000,VFR,barnes,envelope,False
2026-04-30T01:18:11Z,37.918777,-75.662203,106.680000,104.310732,507.888889,2.917733,-1.970352,3.520718,145.968749,2.817154,-1.902431,3.399353,2.630418,-2.340162,-6.862607,,14.771052,1009.094002,1.220958,9.376168,410000.000000,VFR,barnes,envelope,False
2026-04-30T01:18:21Z,37.918342,-75.660057,106.680000,104.310732,508.083333,2.925945,-1.970252,3.527471,146.044738,2.795485,-1.882405,3.370191,2.632351,-2.348143,-6.885789,,14.769818,1009.095472,1.220965,9.376596,410000.000000,VFR,barnes,envelope,False
2026-04-30T01:18:31Z,37.917907,-75.657911,106.680000,104.310732,508.277778,2.934174,-1.970152,3.534244,146.120606,2.877308,-1.931969,3.465747,2.634288,-2.356142,-6.909020,,14.768583,1009.096947,1.220972,9.377023,410000.000000,VFR,barnes,envelope,False
2026-04-30T01:18:41Z,37.917472,-75.655765,106.680000,104.310732,508.472222,2.942422,-1.970051,3.541037,146.196354,2.913270,-1.950533,3.505955,2.636228,-2.364158,-6.932298,,14.767346,1009.098426,1.220979,9.377451,410000.000000,VFR,barnes,envelope,False
2026-04-30T01:18:51Z,37.917037,-75.653618,106.680000,104.310732,508.666667,2.950686,-1.969949,3.547851,146.271980,2.923858,-1.952037,3.515593,2.638172,-2.372192,-6.955624,,14.766109,1009.099910,1.220986,9.377879,410000.000000,VFR,barnes,envelope,False
2026-04-30T01:19:01Z,37.916602,-75.651472,106.680000,104.310732,508.861111,2.958969,-1.969846,3.554685,146.347484,3.031893,-2.018393,3.642291,2.640120,-2.380243,-6.978997,,14.764869,1009.101398,1.220993,9.378306,410000.000000,VFR,barnes,envelope,False
2026-04-30T01:19:11Z,37.916167,-75.649326,106.680000,104.310732,509.055556,2.967269,-1.969742,3.561540,146.422867,3.028829,-2.010607,3.635429,2.642071,-2.388311,-7.002419,,14.763629,1009.102890,1.221000,9.378733,410000.000000,VFR,barnes,envelope,False
2026-04-30T01:19:21Z,37.915732,-75.647180,106.680000,104.310732,509.250000,2.975586,-1.969637,3.568415,146.498126,3.133762,-2.074340,3.758105,2.644025,-2.396396,-7.025888,,14.762387,1009.104386,1.221007,9.379160,410000.000000,VFR,barnes,envelope,False
2026-04-30T01:19:31Z,37.915297,-75.645033,106.680000,104.310732,509.444444,2.983921,-1.969532,3.575310,146.573263,3.102459,-2.047772,3.717341,2.645983,-2.404498,-7.049404,,14.761144,1009.105887,1.221014,9.379587,410000.000000,VFR,barnes,envelope,False
2026-04-30T01:19:41Z,37.914862,-75.642887,106.680000,104.310732,509.638889,2.992273,-1.969425,3.582225,146.648276,3.172911,-2.088316,3.798477,2.647945,-2.412618,-7.072968,,14.759900,1009.107392,1.221021,9.380014,410000.000000,VFR,barnes,envelope,False
2026-04-30T01:19:51Z,37.914427,-75.640741,106.680000,104.310732,509.833333,3.000643,-1.969318,3.589161,146.723165,3.150902,-2.067933,3.768890,2.649910,-2.420755,-7.096579,,14.758654,1009.108901,1.221028,9.380441,410000.000000,VFR,barnes,envelope,False
2026-04-30T01:20:01Z,37.913992,-75.638595,106.680000,104.310732,510.027778,3.007931,-1.969636,3.595429,146.782652,3.153470,-2.064937,3.769395,2.652019,-2.427737,-7.116840,,14.757406,1009.110094,1.221035,9.379454,410000.000000,VFR,barnes,envelope,False
2026-04-30T01:20:11Z,37.913557,-75.636449,106.680000,104.310732,510.222222,3.005321,-1.973795,3.595528,146.704423,3.210721,-2.108695,3.841266,2.655404,-2.424181,-7.106520,,14.756145,1009.108399,1.221038,9.365743,410000.000000,VFR,barnes,envelope,False
2026-04-30T01:20:21Z,37.913122,-75.634302,106.680000,104.310732,510.416667,3.002702,-1.977972,3.595635,146.625883,3.253085,-2.142907,3.895461,2.658804,-2.420611,-7.096162,,14.754883,1009.106701,1.221042,9.352028,410000.000000,VFR,barnes,envelope,False
2026-04-30T01:20:31Z,37.912687,-75.632156,106.680000,104.310732,510.611111,3.000074,-1.982166,3.595752,146.547035,3.094444,-2.044517,3.708858,2.662218,-2.417028,-7.085764,,14.753619,1009.104998,1.221045,9.338308,410000.000000,VFR,barnes,envelope,False
2026-04-30T01:20:41Z,37.912252,-75.630010,106.680000,104.310732,510.805556,2.997437,-1.986378,3.595876,146.467880,3.035697,-2.011732,3.641775,2.665648,-2.413431,-7.075328,,14.752355,1009.103292,1.221048,9.324584,410000.000000,VFR,barnes,envelope,False
2026-04-30T01:20:51Z,37.911817,-75.627864,106.680000,104.310732,511.000000,2.994791,-1.990607,3.596010,146.388419,3.069944,-2.040560,3.686250,2.669091,-2.409822,-7.064853,,14.751089,1009.101581,1.221052,9.310856,410000.000000,VFR,barnes,envelope,False
2026-04-30T01:21:01Z,37.911382,-75.625718,106.680000,104.310732,511.194444,2.992135,-1.994853,3.596152,146.308653,3.102538,-2.068459,3.728842,2.672549,-2.406199,-7.054338,,14.749822,1009.099867,1.221055,9.297123,410000.000000,VFR,barnes,envelope,False
2026-04-30T01:21:11Z,37.910947,-75.623571,106.680000,104.310732,511.388889,2.989470,-1.999117,3.596303,146.228583,3.032671,-2.028006,3.648274,2.676022,-2.402562,-7.043785,,14.748553,1009.098148,1.221058,9.283385,410000.000000,VFR,barnes,envelope,False
2026-04-30T01:21:21Z,37.910512,-75.621425,106.680000,104.310732,511.583333,2.986795,-2.003397,3.596463,146.148211,3.107801,-2.084562,3.742168,2.679508,-2.398913,-7.033192,,14.747284,1009.096426,1.221062,9.269644,410000.000000,VFR,barnes,envelope,False
2026-04-30T01:21:31Z,37.910077,-75.619279,106.680000,104.310732,511.777778,2.984112,-2.007695,3.596632,146.067538,3.118978,-2.098432,3.759181,2.683009,-2.395250,-7.022561,,14.746013,1009.094700,1.221065,9.255898,410000.000000,VFR,barnes,envelope,False
2026-04-30T01:21:41Z,37.909642,-75.617133,106.680000,104.310732,511.972222,2.981418,-2.012009,3.596809,145.986565,3.025546,-2.041789,3.650045,2.686524,-2.391574,-7.011890,,14.744742,1009.092970,1.221068,9.242147,410000.000000,VFR,barnes,envelope,False
2026-04-30T01:21:51Z,37.909207,-75.614987,106.680000,104.310732,512.166667,2.978716,-2.016341,3.596996,145.905293,3.040496,-2.058161,3.671600,2.690053,-2.387884,-7.001181,,14.743469,1009.091236,1.221071,9.228393,410000.000000,VFR,barnes,envelope,False
2026-04-30T01:22:01Z,37.908772,-75.612840,106.680000,104.310732,512.361111,2.976004,-2.020689,3.597191,145.823724,2.978209,-2.022187,3.599857,2.693596,-2.384182,-6.990432,,14.742194,1009.089498,1.221075,9.214634,410000.000000,VFR,barnes,envelope,False
2026-04-30T01:22:11Z,37.908337,-75.610694,106.680000,104.310732,512.555556,2.973282,-2.025054,3.597395,145.741858,2.935495,-1.999318,3.551676,2.697153,-2.380465,-6.979644,,14.740919,1009.087757,1.221078,9.200872,410000.000000,VFR,barnes,envelope,False
2026-04-30T01:22:21Z,37.907902,-75.608548,106.680000,104.310732,512.750000,2.970551,-2.029436,3.597608,145.659698,3.020136,-2.063312,3.657660,2.700723,-2.376736,-6.968817,,14.739642,1009.086012,1.221081,9.187105,410000.000000,VFR,barnes,envelope,False
2026-04-30T01:22:31Z,37.907467,-75.606402,106.680000,104.310732,512.944444,2.967810,-2.033834,3.597830,145.577244,3.053297,-2.092418,3.701464,2.704308,-2.372993,-6.957950,,14.738365,1009.084263,1.221085,9.173334,410000.000000,VFR,barnes,envelope,False
2026-04-30T01:22:41Z,37.907032,-75.604256,106.680000,104.310732,513.138889,2.965060,-2.038249,3.598060,145.494497,3.022004,-2.077393,3.667161,2.707906,-2.369237,-6.947045,,14.737086,1009.082510,1.221088,9.159560,410000.000000,VFR,barnes,envelope,False
2026-04-30T01:22:51Z,37.906597,-75.602109,106.680000,104.310732,513.333333,2.962300,-2.042680,3.598300,145.411460,2.989136,-2.061185,3.630898,2.711517,-2.365468,-6.936100,,14.735805,1009.080753,1.221091,9.145781,410000.000000,VFR,barnes,envelope,False
2026-04-30T01:23:01Z,37.906162,-75.599963,106.680000,104.310732,513.527778,2.959531,-2.047127,3.598549,145.328132,3.072537,-2.125294,3.735955,2.715142,-2.361685,-6.925116,,14.734524,1009.078993,1.221095,9.131999,410000.000000,VFR,barnes,envelope,False
2026-04-30T01:23:11Z,37.905727,-75.597817,106.680000,104.310732,513.722222,2.956752,-2.051591,3.598807,145.244516,3.016323,-2.092925,3.671313,2.718781,-2.357889,-6.914093,,14.733241,1009.077229,1.221098,9.118213,410000.000000,VFR,barnes,envelope,False
2026-04-30T01:23:21Z,37.905292,-75.595671,106.680000,104.310732,513.916667,2.953964,-2.056071,3.599074,145.160613,2.978602,-2.073221,3.629093,2.722432,-2.354080,-6.903030,,14.731958,1009.075461,1.221101,9.104423,410000.000000,VFR,barnes,envelope,False
2026-04-30T01:23:31Z,37.904857,-75.593525,106.680000,104.310732,514.111111,2.951165,-2.060567,3.599349,145.076423,2.974762,-2.077043,3.628128,2.726097,-2.350257,-6.891928,,14.730673,1009.073690,1.221104,9.090629,410000.000000,VFR,barnes,envelope,False
2026-04-30T01:23:41Z,37.904422,-75.591378,106.680000,104.310732,514.305556,2.948358,-2.065080,3.599634,144.991949,2.921108,-2.045994,3.566366,2.729776,-2.346421,-6.880787,,14.729386,1009.071915,1.221108,9.076831,410000.000000,VFR,barnes,envelope,False
2026-04-30T01:23:51Z,37.903987,-75.589232,106.680000,104.310732,514.500000,2.945540,-2.069608,3.599928,144.907192,2.896932,-2.035455,3.540521,2.733467,-2.342571,-6.869607,,14.728099,1009.070136,1.221111,9.063030,410000.000000,VFR,barnes,envelope,False
2026-04-30T01:24:01Z,37.903552,-75.587086,106.680000,104.310732,514.694444,2.942713,-2.074152,3.600231,144.822152,2.893425,-2.039412,3.539930,2.737171,-2.338709,-6.858387,,14.726810,1009.068354,1.221114,9.049226,410000.000000,VFR,barnes,envelope,False
2026-04-30T01:24:11Z,37.903116,-75.584940,106.680000,104.310732,514.888889,2.939875,-2.078712,3.600543,144.736832,2.894875,-2.046893,3.545430,2.740888,-2.334832,-6.847128,,14.725521,1009.066568,1.221118,9.035418,410000.000000,VFR,barnes,envelope,False
2026-04-30T01:24:21Z,37.902681,-75.582794,106.680000,104.310732,515.083333,2.937029,-2.083288,3.600864,144.651232,2.768999,-1.964101,3.394856,2.744618,-2.330943,-6.835829,,14.724229,1009.064779,1.221121,9.021606,410000.000000,VFR,barnes,envelope,False
2026-04-30T01:24:31Z,37.902246,-75.580647,106.680000,104.310732,515.277778,2.934172,-2.087879,3.601195,144.565353,2.757308,-1.962027,3.384124,2.748361,-2.327040,-6.824492,,14.722937,1009.062986,1.221124,9.007791,410000.000000,VFR,barnes,envelope,False
2026-04-30T01:24:41Z,37.901811,-75.578501,106.680000,104.310732,515.472222,2.931305,-2.092486,3.601534,144.479198,2.727370,-1.946909,3.350970,2.752117,-2.323124,-6.813114,,14.721644,1009.061189,1.221128,8.993973,410000.000000,VFR,barnes,envelope,False
2026-04-30T01:24:51Z,37.901376,-75.576355,106.680000,104.310732,515.666667,2.928429,-2.097108,3.601883,144.392768,2.675274,-1.915819,3.290510,2.755885,-2.319194,-6.801698,,14.720349,1009.059389,1.221131,8.980151,410000.000000,VFR,barnes,envelope,False
2026-04-30T01:25:01Z,37.900941,-75.574209,106.680000,104.310732,515.861111,2.926390,-2.102253,3.603225,144.307378,2.861527,-2.055657,3.523359,2.760366,-2.315947,-6.792263,,14.606952,1009.057479,1.221610,8.966828,410000.000000,VFR,barnes,envelope,False
2026-04-30T01:25:11Z,37.900506,-75.572063,106.680000,104.310732,516.055556,2.931969,-2.111960,3.613422,144.233988,2.946077,-2.122122,3.630808,2.771150,-2.318953,-6.800998,,14.605898,1009.054614,1.221611,8.958028,410000.000000,VFR,barnes,envelope,False
2026-04-30T01:25:21Z,37.900071,-75.569916,106.680000,104.310732,516.250000,2.937541,-2.121654,3.623612,144.161109,2.933365,-2.118638,3.618461,2.781921,-2.321956,-6.809722,,14.604842,1009.051756,1.221612,8.949232,410000.000000,VFR,barnes,envelope,False
2026-04-30T01:25:31Z,37.899636,-75.567770,106.680000,104.310732,516.444444,2.943105,-2.131335,3.633794,144.088736,2.907370,-2.105456,3.589672,2.792677,-2.324955,-6.818434,,14.603784,1009.048904,1.221613,8.940438,410000.000000,VFR,barnes,envelope,False
2026-04-30T01:25:41Z,37.899201,-75.565624,106.680000,104.310732,516.638889,2.948663,-2.141003,3.643969,144.016864,2.912918,-2.115049,3.599795,2.803419,-2.327950,-6.827135,,14.602725,1009.046059,1.221614,8.931647,410000.000000,VFR,barnes,envelope,False
2026-04-30T01:25:51Z,37.898766,-75.563478,106.680000,104.310732,516.833333,2.954213,-2.150659,3.654135,143.945488,3.018606,-2.197537,3.733785,2.814146,-2.330941,-6.835824,,14.601664,1009.043221,1.221615,8.922859,410000.000000,VFR,barnes,envelope,False
2026-04-30T01:26:01Z,37.898331,-75.561332,106.680000,104.310732,517.027778,2.959756,-2.160301,3.664294,143.874602,2.921059,-2.132057,3.616386,2.824860,-2.333928,-6.844502,,14.600602,1009.040389,1.221616,8.914074,410000.000000,VFR,barnes,envelope,False
2026-04-30T01:26:11Z,37.897896,-75.559185,106.680000,104.310732,517.222222,2.965291,-2.169931,3.674446,143.804203,2.914714,-2.132920,3.611773,2.835559,-2.336912,-6.853168,,14.599539,1009.037565,1.221617,8.905293,410000.000000,VFR,barnes,envelope,False
2026-04-30T01:26:21Z,37.897461,-75.557039,106.680000,104.310732,517.416667,2.970819,-2.179548,3.684589,143.734284,3.016061,-2.212740,3.740701,2.846244,-2.339891,-6.861822,,14.598474,1009.034747,1.221618,8.896514,410000.000000,VFR,barnes,envelope,False
2026-04-30T01:26:31Z,37.897026,-75.554893,106.680000,104.310732,517.611111,2.976340,-2.189152,3.694724,143.664842,3.069990,-2.258033,3.810978,2.856915,-2.342867,-6.870464,,14.597407,1009.031935,1.221619,8.887738,410000.000000,VFR,barnes,envelope,False
2026-04-30T01:26:41Z,37.896591,-75.552747,106.680000,104.310732,517.805556,2.981853,-2.198744,3.704851,143.595872,3.156241,-2.327333,3.921522,2.867571,-2.345838,-6.879095,,14.596339,1009.029131,1.221621,8.878966,410000.000000,VFR,barnes,envelope,False
2026-04-30T01:26:51Z,37.896156,-75.550600,106.680000,104.310732,518.000000,2.987359,-2.208322,3.714970,143.527368,3.105070,-2.295337,3.861351,2.878214,-2.348806,-6.887714,,14.595270,1009.026333,1.221622,8.870197,410000.000000,VFR,barnes,envelope,False
2026-04-30T01:27:01Z,37.895721,-75.548454,106.680000,104.310732,518.194444,2.992858,-2.217888,3.725081,143.459327,3.052507,-2.262092,3.799323,2.888842,-2.351769,-6.896321,,14.594199,1009.023541,1.221623,8.861431,410000.000000,VFR,barnes,envelope,False
2026-04-30T01:27:11Z,37.895286,-75.546308,106.680000,104.310732,518.388889,2.998349,-2.227441,3.735183,143.391743,2.993078,-2.223525,3.728616,2.899456,-2.354729,-6.904915,,14.593126,1009.020757,1.221624,8.852669,410000.000000,VFR,barnes,envelope,False
2026-04-30T01:27:21Z,37.894851,-75.544162,106.680000,104.310732,518.583333,3.003833,-2.236982,3.745277,143.324613,3.107345,-2.314068,3.874340,2.910056,-2.357684,-6.913498,,14.592053,1009.017978,1.221625,8.843909,410000.000000,VFR,barnes,envelope,False
2026-04-30T01:27:31Z,37.894416,-75.542016,106.680000,104.310732,518.777778,3.009310,-2.246509,3.755363,143.257931,3.056681,-2.281873,3.814479,2.920642,-2.360636,-6.922068,,14.590977,1009.015207,1.221627,8.835153,490000.000000,VFR,barnes,envelope,False
2026-04-30T01:27:41Z,37.893981,-75.539869,106.680000,104.310732,518.972222,3.014778,-2.256024,3.765439,143.191694,3.120268,-2.334964,3.897195,2.931213,-2.363583,-6.930627,,14.589900,1009.012442,1.221628,8.826400,490000.000000,VFR,barnes,envelope,False
2026-04-30T01:27:51Z,37.893546,-75.537723,106.680000,104.310732,519.166667,3.020240,-2.265526,3.775508,143.125897,3.017803,-2.263698,3.772461,2.941770,-2.366526,-6.939173,,14.588822,1009.009684,1.221629,8.817651,490000.000000,VFR,barnes,envelope,False
2026-04-30T01:28:01Z,37.893111,-75.535577,106.680000,104.310732,519.361111,3.025694,-2.275016,3.785567,143.060535,3.081859,-2.317246,3.855837,2.952313,-2.369465,-6.947707,,14.587742,1009.006933,1.221630,8.808905,490000.000000,VFR,barnes,envelope,False
2026-04-30T01:28:11Z,37.892676,-75.533431,106.680000,104.310732,519.555556,3.031140,-2.284492,3.795618,142.995605,3.214707,-2.422842,4.025482,2.962842,-2.372400,-6.956228,,14.586661,1009.004188,1.221631,8.800162,490000.000000,VFR,barnes,envelope,False
2026-04-30T01:28:21Z,37.892241,-75.531285,106.680000,104.310732,519.750000,3.036579,-2.293956,3.805660,142.931103,3.247249,-2.453105,4.069687,2.973357,-2.375331,-6.964737,,14.585578,1009.001449,1.221633,8.791423,490000.000000,VFR,barnes,envelope,False
2026-04-30T01:28:31Z,37.891806,-75.529138,106.680000,104.310732,519.944444,3.042010,-2.303408,3.815693,142.867023,3.183292,-2.410386,3.992907,2.983857,-2.378257,-6.973233,,14.584494,1008.998717,1.221634,8.782687,490000.000000,VFR,barnes,envelope,False
2026-04-30T01:28:41Z,37.891371,-75.526992,106.680000,104.310732,520.138889,3.047434,-2.312846,3.825717,142.803362,3.139691,-2.382865,3.941536,2.994344,-2.381180,-6.981717,,14.583408,1008.995992,1.221635,8.773955,490000.000000,VFR,barnes,envelope,False
2026-04-30T01:28:51Z,37.890936,-75.524846,106.680000,104.310732,520.333333,3.052850,-2.322272,3.835732,142.740116,3.159652,-2.403516,3.969923,3.004816,-2.384098,-6.990189,,14.582321,1008.993273,1.221637,8.765227,490000.000000,VFR,barnes,envelope,False
2026-04-30T01:29:01Z,37.890501,-75.522700,106.680000,104.310732,520.527778,3.058258,-2.331685,3.845738,142.677282,3.188168,-2.430732,4.009099,3.015274,-2.387012,-6.998647,,14.581232,1008.990561,1.221638,8.756501,490000.000000,VFR,barnes,envelope,False
2026-04-30T01:29:11Z,37.890066,-75.520554,106.680000,104.310732,520.722222,3.063659,-2.341086,3.855735,142.614854,3.380631,-2.583299,4.254656,3.025718,-2.389921,-7.007093,,14.580141,1008.987855,1.221639,8.747780,490000.000000,VFR,barnes,envelope,False
2026-04-30T01:29:21Z,37.889631,-75.518407,106.680000,104.310732,520.916667,3.069052,-2.350474,3.865722,142.552829,3.488573,-2.671770,4.394143,3.036147,-2.392826,-7.015527,,14.579050,1008.985156,1.221641,8.739062,490000.000000,VFR,barnes,envelope,False
2026-04-30T01:29:31Z,37.889196,-75.516261,106.680000,104.310732,521.111111,3.074438,-2.359849,3.875700,142.491203,3.474569,-2.666978,4.380115,3.046563,-2.395727,-7.023947,,14.577957,1008.982464,1.221642,8.730347,490000.000000,VFR,barnes,envelope,False
2026-04-30T01:29:41Z,37.888761,-75.514115,106.680000,104.310732,521.305556,3.079815,-2.369212,3.885669,142.429973,3.286000,-2.527823,4.145804,3.056964,-2.398624,-7.032355,,14.576862,1008.979777,1.221644,8.721637,490000.000000,VFR,barnes,envelope,False
2026-04-30T01:29:51Z,37.888326,-75.511969,106.680000,104.310732,521.500000,3.085185,-2.378561,3.895629,142.369134,3.198385,-2.465834,4.038564,3.067351,-2.401516,-7.040749,,14.575766,1008.977098,1.221645,8.712930,490000.000000,VFR,barnes,envelope,False
2026-04-30T01:30:01Z,37.887891,-75.509823,106.680000,104.310732,521.694444,3.089420,-2.385919,3.903476,142.321551,3.259233,-2.517064,4.118035,3.075527,-2.403801,-7.047379,,14.574674,1008.974736,1.221647,8.705164,490000.000000,VFR,barnes,envelope,False
2026-04-30T01:30:11Z,37.887456,-75.507676,106.680000,104.310732,521.888889,3.083488,-2.375432,3.892374,142.390361,3.380490,-2.604234,4.267288,3.063899,-2.400645,-7.038222,,14.573637,1008.975190,1.221652,8.705841,490000.000000,VFR,barnes,envelope,False
2026-04-30T01:30:21Z,37.887021,-75.505530,106.680000,104.310732,522.083333,3.077532,-2.364898,3.881230,142.459896,3.403544,-2.615418,4.292380,3.052220,-2.397478,-7.029028,,14.572598,1008.975652,1.221657,8.706531,490000.000000,VFR,barnes,envelope,False
2026-04-30T01:30:31Z,37.886586,-75.503384,106.680000,104.310732,522.277778,3.071551,-2.354316,3.870043,142.530165,3.346010,-2.564686,4.215851,3.040488,-2.394298,-7.019798,,14.571559,1008.976123,1.221662,8.707233,490000.000000,VFR,barnes,envelope,False
2026-04-30T01:30:41Z,37.886151,-75.501238,106.680000,104.310732,522.472222,3.065545,-2.343687,3.858813,142.601174,3.182371,-2.433003,4.005869,3.028704,-2.391106,-7.010533,,14.570518,1008.976603,1.221667,8.707946,490000.000000,VFR,barnes,envelope,False
2026-04-30T01:30:51Z,37.885716,-75.499092,106.680000,104.310732,522.666667,3.059515,-2.333011,3.847541,142.672934,3.239107,-2.469957,4.073389,3.016869,-2.387902,-7.001232,,14.569476,1008.977092,1.221672,8.708672,490000.000000,VFR,barnes,envelope,False
2026-04-30T01:31:01Z,37.885281,-75.496945,106.680000,104.310732,522.861111,3.053460,-2.322288,3.836227,142.745452,3.400786,-2.586444,4.272591,3.004982,-2.384685,-6.991895,,14.568433,1008.977589,1.221677,8.709410,490000.000000,VFR,barnes,envelope,False
2026-04-30T01:31:11Z,37.884846,-75.494799,106.680000,104.310732,523.055556,3.047381,-2.311518,3.824872,142.818737,3.451194,-2.617821,4.331712,2.993043,-2.381457,-6.982522,,14.567389,1008.978096,1.221682,8.710160,490000.000000,VFR,barnes,envelope,False
2026-04-30T01:31:21Z,37.884411,-75.492653,106.680000,104.310732,523.250000,3.041277,-2.300701,3.813475,142.892798,3.490780,-2.640746,4.377109,2.981053,-2.378216,-6.973113,,14.566344,1008.978611,1.221687,8.710922,490000.000000,VFR,barnes,envelope,False
2026-04-30T01:31:31Z,37.883976,-75.490507,106.680000,104.310732,523.444444,3.035148,-2.289837,3.802036,142.967643,3.391108,-2.558387,4.247935,2.969012,-2.374963,-6.963669,,14.565298,1008.979135,1.221692,8.711695,490000.000000,VFR,barnes,envelope,False
2026-04-30T01:31:41Z,37.883541,-75.488361,106.680000,104.310732,523.638889,3.028995,-2.278926,3.790557,143.043281,3.334903,-2.509082,4.173376,2.956919,-2.371698,-6.954189,,14.564251,1008.979667,1.221697,8.712481,490000.000000,VFR,barnes,envelope,False
2026-04-30T01:31:51Z,37.883106,-75.486214,106.680000,104.310732,523.833333,3.022818,-2.267969,3.779036,143.119722,3.307875,-2.481843,4.135406,2.944775,-2.368421,-6.944673,,14.563202,1008.980209,1.221702,8.713278,490000.000000,VFR,barnes,envelope,False
2026-04-30T01:32:01Z,37.882671,-75.484068,106.680000,104.310732,524.027778,3.016616,-2.256966,3.767475,143.196976,3.233363,-2.419131,4.038172,2.932580,-2.365131,-6.935122,,14.562153,1008.980758,1.221707,8.714087,490000.000000,VFR,barnes,envelope,False
2026-04-30T01:32:11Z,37.882236,-75.481922,106.680000,104.310732,524.222222,3.010390,-2.245916,3.755874,143.275050,3.042185,-2.269636,3.795541,2.920333,-2.361830,-6.925535,,14.561102,1008.981317,1.221712,8.714908,490000.000000,VFR,barnes,envelope,False
2026-04-30T01:32:21Z,37.881801,-75.479776,106.680000,104.310732,524.416667,3.004140,-2.234819,3.744232,143.353956,2.969209,-2.208834,3.700696,2.908036,-2.358516,-6.915913,,14.560050,1008.981883,1.221717,8.715741,490000.000000,VFR,barnes,envelope,False
2026-04-30T01:32:31Z,37.881366,-75.477630,106.680000,104.310732,524.611111,2.997865,-2.223676,3.732550,143.433703,2.983450,-2.212984,3.714602,2.895688,-2.355190,-6.906255,,14.558998,1008.982459,1.221723,8.716586,490000.000000,VFR,barnes,envelope,False
2026-04-30T01:32:41Z,37.880931,-75.475483,106.680000,104.310732,524.805556,2.991566,-2.212487,3.720829,143.514300,2.899899,-2.144692,3.606815,2.883290,-2.351853,-6.896562,,14.557944,1008.983043,1.221728,8.717442,490000.000000,VFR,barnes,envelope,False
2026-04-30T01:32:51Z,37.880496,-75.473337,106.680000,104.310732,525.000000,2.985243,-2.201252,3.709068,143.595759,3.027448,-2.232373,3.761507,2.870840,-2.348503,-6.886834,,14.556889,1008.983635,1.221733,8.718310,490000.000000,VFR,barnes,envelope,False
2026-04-30T01:33:01Z,37.880061,-75.471191,106.680000,104.310732,525.194444,2.978896,-2.189971,3.697269,143.678088,2.925196,-2.150493,3.630619,2.858340,-2.345141,-6.877070,,14.555833,1008.984236,1.221738,8.719189,490000.000000,VFR,barnes,envelope,False
2026-04-30T01:33:11Z,37.879626,-75.469045,106.680000,104.310732,525.388889,2.972525,-2.178644,3.685430,143.761300,3.013664,-2.208796,3.736436,2.845790,-2.341767,-6.867271,,14.554775,1008.984845,1.221743,8.720080,490000.000000,VFR,barnes,envelope,False
2026-04-30T01:33:21Z,37.879191,-75.466899,106.680000,104.310732,525.583333,2.966129,-2.167271,3.673552,143.845404,3.087221,-2.255750,3.823525,2.833189,-2.338381,-6.857437,,14.553717,1008.985462,1.221749,8.720983,490000.000000,VFR,barnes,envelope,False
2026-04-30T01:33:31Z,37.878756,-75.464752,106.680000,104.310732,525.777778,2.959710,-2.155852,3.661636,143.930410,3.154134,-2.297471,3.902171,2.820537,-2.334984,-6.847567,,14.552658,1008.986088,1.221754,8.721897,490000.000000,VFR,barnes,envelope,False
2026-04-30T01:33:41Z,37.878321,-75.462606,106.680000,104.310732,525.972222,2.953266,-2.144388,3.649682,144.016331,3.227007,-2.343153,3.987974,2.807836,-2.331574,-6.837662,,14.551597,1008.986722,1.221759,8.722823,490000.000000,VFR,barnes,envelope,False
2026-04-30T01:33:51Z,37.877886,-75.460460,106.680000,104.310732,526.166667,2.946799,-2.132877,3.637690,144.103178,3.155951,-2.284261,3.895880,2.795084,-2.328152,-6.827722,,14.550536,1008.987365,1.221765,8.723760,490000.000000,VFR,barnes,envelope,False
2026-04-30T01:34:01Z,37.877451,-75.458314,106.680000,104.310732,526.361111,2.940063,-2.120051,3.624719,144.204992,3.031481,-2.185971,3.737425,2.780991,-2.324796,-6.817973,,14.549473,1008.988430,1.221770,8.724907,490000.000000,VFR,barnes,envelope,False
2026-04-30T01:34:11Z,37.877015,-75.456167,106.680000,104.310732,526.555556,2.931116,-2.095777,3.603293,144.434853,3.067271,-2.193129,3.770672,2.755259,-2.322127,-6.810218,,14.548409,1008.993231,1.221781,8.727851,490000.000000,VFR,barnes,envelope,False
2026-04-30T01:34:21Z,37.876580,-75.454021,106.680000,104.310732,526.750000,2.922156,-2.071516,3.581923,144.667179,3.139095,-2.225304,3.847843,2.729536,-2.319441,-6.802417,,14.547344,1008.998021,1.221791,8.730797,490000.000000,VFR,barnes,envelope,False
2026-04-30T01:34:31Z,37.876145,-75.451875,106.680000,104.310732,526.944444,2.913183,-2.047267,3.560609,144.902008,3.129155,-2.199043,3.824578,2.703821,-2.316741,-6.794571,,14.546279,1009.002800,1.221801,8.733745,490000.000000,VFR,barnes,envelope,False
2026-04-30T01:34:41Z,37.875710,-75.449729,106.680000,104.310732,527.138889,2.904198,-2.023030,3.539352,145.139377,3.160937,-2.201872,3.852242,2.678116,-2.314025,-6.786680,,14.545212,1009.007568,1.221812,8.736695,490000.000000,VFR,barnes,envelope,False
2026-04-30T01:34:51Z,37.875275,-75.447583,106.680000,104.310732,527.333333,2.895199,-1.998806,3.518154,145.379327,3.283207,-2.266682,3.989649,2.652419,-2.311294,-6.778744,,14.544144,1009.012325,1.221822,8.739648,490000.000000,VFR,barnes,envelope,False
2026-04-30T01:35:01Z,37.874840,-75.445436,106.680000,104.310732,527.527778,2.885760,-1.975694,3.497282,145.603067,3.234949,-2.214762,3.920468,2.627691,-2.307860,-6.768767,,14.543074,1009.017106,1.221832,8.743789,490000.000000,VFR,barnes,envelope,False
2026-04-30T01:35:11Z,37.874405,-75.443290,106.680000,104.310732,527.722222,2.872450,-1.962496,3.478845,145.658587,3.231606,-2.207876,3.913821,2.611613,-2.298225,-6.740770,,14.542004,1009.022186,1.221843,8.758613,490000.000000,VFR,barnes,envelope,False
2026-04-30T01:35:21Z,37.873970,-75.441144,106.680000,104.310732,527.916667,2.859124,-1.949325,3.460412,145.714186,3.180145,-2.168194,3.848946,2.595556,-2.288568,-6.712704,,14.540933,1009.027257,1.221854,8.773449,490000.000000,VFR,barnes,envelope,False
2026-04-30T01:35:31Z,37.873535,-75.438998,106.680000,104.310732,528.111111,2.845781,-1.936179,3.441984,145.769869,3.157861,-2.148509,3.819447,2.579520,-2.278889,-6.684570,,14.539861,1009.032320,1.221864,8.788296,490000.000000,VFR,barnes,envelope,False
2026-04-30T01:35:41Z,37.873100,-75.436852,106.680000,104.310732,528.305556,2.832421,-1.923059,3.423561,145.825638,3.046435,-2.068363,3.682240,2.563505,-2.269187,-6.656368,,14.538787,1009.037374,1.221875,8.803155,490000.000000,VFR,barnes,envelope,False
2026-04-30T01:35:51Z,37.872665,-75.434705,106.680000,104.310732,528.500000,2.819046,-1.909966,3.405141,145.881495,2.979880,-2.018935,3.599414,2.547511,-2.259463,-6.628098,,14.537713,1009.042419,1.221886,8.818024,490000.000000,VFR,barnes,envelope,False
2026-04-30T01:36:01Z,37.872230,-75.432559,106.680000,104.310732,528.694444,2.805654,-1.896898,3.386726,145.937445,2.920676,-1.974664,3.525570,2.531539,-2.249717,-6.599761,,14.536637,1009.047456,1.221896,8.832904,490000.000000,VFR,barnes,envelope,False
2026-04-30T01:36:11Z,37.871795,-75.430413,106.680000,104.310732,528.888889,2.792246,-1.883855,3.368315,145.993489,2.780976,-1.876252,3.354720,2.515587,-2.239948,-6.571356,,14.535560,1009.052484,1.221907,8.847795,490000.000000,VFR,barnes,envelope,False
2026-04-30T01:36:21Z,37.871360,-75.428267,106.680000,104.310732,529.083333,2.778821,-1.870838,3.349908,146.049632,2.920310,-1.966096,3.520475,2.499656,-2.230158,-6.542883,,14.534483,1009.057504,1.221918,8.862696,490000.000000,VFR,barnes,envelope,False
2026-04-30T01:36:31Z,37.870925,-75.426121,106.680000,104.310732,529.277778,2.765381,-1.857847,3.331505,146.105877,2.934392,-1.971393,3.535116,2.483745,-2.220346,-6.514344,,14.533404,1009.062515,1.221928,8.877608,490000.000000,VFR,barnes,envelope,False
2026-04-30T01:36:41Z,37.870490,-75.423974,106.680000,104.310732,529.472222,2.751924,-1.844881,3.313106,146.162227,2.890461,-1.937756,3.479894,2.467856,-2.210512,-6.485738,,14.532324,1009.067518,1.221939,8.892531,490000.000000,VFR,barnes,envelope,False
2026-04-30T01:36:51Z,37.870055,-75.421828,106.680000,104.310732,529.666667,2.738452,-1.831941,3.294711,146.218685,2.877205,-1.924763,3.461650,2.451986,-2.200656,-6.457065,,14.531243,1009.072512,1.221950,8.907464,490000.000000,VFR,barnes,envelope,False
2026-04-30T01:37:01Z,37.869620,-75.419682,106.680000,104.310732,529.861111,2.724963,-1.819025,3.276321,146.275254,2.855874,-1.906414,3.433720,2.436138,-2.190778,-6.428326,,14.530161,1009.077497,1.221960,8.922407,490000.000000,VFR,barnes,envelope,False
2026-04-30T01:37:11Z,37.869185,-75.417536,106.680000,104.310732,530.055556,2.711458,-1.806135,3.257934,146.331940,2.836511,-1.889434,3.408189,2.420309,-2.180879,-6.399520,,14.529078,1009.082474,1.221971,8.937361,490000.000000,VFR,barnes,envelope,False
2026-04-30T01:37:21Z,37.868750,-75.415390,106.680000,104.310732,530.250000,2.697938,-1.793270,3.239550,146.388744,2.806186,-1.865220,3.369529,2.404501,-2.170958,-6.370649,,14.527994,1009.087443,1.221981,8.952325,490000.000000,VFR,barnes,envelope,False
2026-04-30T01:37:31Z,37.868315,-75.413243,106.680000,104.310732,530.444444,2.684402,-1.780430,3.221171,146.445672,2.867068,-1.901583,3.440363,2.388714,-2.161016,-6.341711,,14.526909,1009.092403,1.221992,8.967299,550000.000000,VFR,barnes,envelope,False
2026-04-30T01:37:41Z,37.867880,-75.411097,106.680000,104.310732,530.638889,2.670850,-1.767614,3.202795,146.502726,2.772491,-1.834882,3.324681,2.372946,-2.151052,-6.312708,,14.525823,1009.097354,1.222003,8.982283,550000.000000,VFR,barnes,envelope,False
2026-04-30T01:37:51Z,37.867445,-75.408951,106.680000,104.310732,530.833333,2.657282,-1.754824,3.184424,146.559911,2.847094,-1.880172,3.411890,2.357199,-2.141067,-6.283640,,14.524735,1009.102297,1.222013,8.997277,550000.000000,VFR,barnes,envelope,False
2026-04-30T01:38:01Z,37.867010,-75.406805,106.680000,104.310732,531.027778,2.643699,-1.742058,3.166055,146.617231,2.840290,-1.871601,3.401490,2.341471,-2.131061,-6.254506,,14.523647,1009.107232,1.222024,9.012280,550000.000000,VFR,barnes,envelope,False
2026-04-30T01:38:11Z,37.866575,-75.404659,106.680000,104.310732,531.222222,2.630100,-1.729316,3.147691,146.674690,2.814745,-1.850722,3.368674,2.325764,-2.121033,-6.225307,,14.522558,1009.112158,1.222034,9.027294,550000.000000,VFR,barnes,envelope,False
2026-04-30T01:38:21Z,37.866140,-75.402512,106.680000,104.310732,531.416667,2.616485,-1.716599,3.129330,146.732292,2.767062,-1.815388,3.309420,2.310076,-2.110984,-6.196044,,14.521467,1009.117075,1.222045,9.042317,550000.000000,VFR,barnes,envelope,False
2026-04-30T01:38:31Z,37.865705,-75.400366,106.680000,104.310732,531.611111,2.602855,-1.703907,3.110973,146.790042,2.734739,-1.790242,3.268603,2.294409,-2.100914,-6.166716,,14.520376,1009.121985,1.222056,9.057349,550000.000000,VFR,barnes,envelope,False
2026-04-30T01:38:41Z,37.865270,-75.398220,106.680000,104.310732,531.805556,2.589209,-1.691238,3.092619,146.847944,2.653889,-1.733486,3.169874,2.278760,-2.090824,-6.137323,,14.519283,1009.126885,1.222066,9.072391,550000.000000,VFR,barnes,envelope,False
2026-04-30T01:38:51Z,37.864835,-75.396074,106.680000,104.310732,532.000000,2.575548,-1.678594,3.074269,146.906002,2.666605,-1.737940,3.182957,2.263132,-2.080712,-6.107866,,14.518190,1009.131778,1.222077,9.087443,550000.000000,VFR,barnes,envelope,False
2026-04-30T01:39:01Z,37.864400,-75.393928,106.680000,104.310732,532.194444,2.561849,-1.665939,3.055883,146.964535,2.611468,-1.698206,3.115071,2.247483,-2.070565,-6.078305,,14.517113,1009.136662,1.222087,9.102557,550000.000000,VFR,barnes,envelope,False
2026-04-30T01:39:11Z,37.863965,-75.391781,106.680000,104.310732,532.388889,2.547925,-1.652994,3.037155,147.026070,2.549736,-1.654169,3.039314,2.231498,-2.060274,-6.048317,,14.516190,1009.141537,1.222097,9.118167,550000.000000,VFR,barnes,envelope,False
2026-04-30T01:39:21Z,37.863530,-75.389635,106.680000,104.310732,532.583333,2.533987,-1.640075,3.018433,147.087809,2.501232,-1.618874,2.979415,2.215535,-2.049962,-6.018268,,14.515265,1009.146404,1.222107,9.133782,550000.000000,VFR,barnes,envelope,False
2026-04-30T01:39:31Z,37.863095,-75.387489,106.680000,104.310732,532.777778,2.520036,-1.627182,2.999717,147.149759,2.525787,-1.630895,3.006563,2.199593,-2.039631,-5.988159,,14.514338,1009.151263,1.222117,9.149402,550000.000000,VFR,barnes,envelope,False
2026-04-30T01:39:41Z,37.862660,-75.385343,106.680000,104.310732,532.972222,2.506071,-1.614315,2.981007,147.211926,2.502540,-1.612040,2.976807,2.183674,-2.029279,-5.957988,,14.513409,1009.156113,1.222127,9.165028,550000.000000,VFR,barnes,envelope,False
2026-04-30T01:39:51Z,37.862225,-75.383197,106.680000,104.310732,533.166667,2.492093,-1.601473,2.962304,147.274315,2.521967,-1.620671,2.997815,2.167775,-2.018909,-5.927757,,14.512478,1009.160955,1.222136,9.180660,550000.000000,VFR,barnes,envelope,False
2026-04-30T01:40:01Z,37.861790,-75.381050,106.680000,104.310732,533.361111,2.479856,-1.589754,2.945675,147.337397,2.560446,-1.641418,3.041404,2.153395,-2.009948,-5.901633,,14.602986,1009.165408,1.221757,9.196068,550000.000000,VFR,barnes,envelope,False
2026-04-30T01:40:11Z,37.862014,-75.379192,106.680000,37.449453,533.555556,2.483334,-1.588233,2.947784,147.398771,2.493467,-1.594714,2.959813,-1.005751,-2.770902,-8.110245,,14.601370,1009.166264,1.221765,9.209099,550000.000000,VFR,barnes,envelope,False
2026-04-30T01:40:21Z,37.863401,-75.377841,106.680000,37.449453,533.750000,2.486664,-1.587273,2.950073,147.449337,2.506443,-1.599898,2.973538,-1.008979,-2.772164,-8.113891,,14.598886,1009.166831,1.221776,9.221561,550000.000000,VFR,barnes,envelope,False
2026-04-30T01:40:31Z,37.864788,-75.376489,106.680000,37.449453,533.944444,2.490002,-1.586314,2.952372,147.499870,2.522340,-1.606916,2.990716,-1.012211,-2.773432,-8.117554,,14.596405,1009.167401,1.221788,9.234025,550000.000000,VFR,barnes,envelope,False
2026-04-30T01:40:41Z,37.866175,-75.375138,106.680000,37.449453,534.138889,2.493347,-1.585357,2.954680,147.550371,2.535466,-1.612138,3.004592,-1.015449,-2.774707,-8.121235,,14.593927,1009.167973,1.221799,9.246493,550000.000000,VFR,barnes,envelope,False
2026-04-30T01:40:51Z,37.867562,-75.373787,106.680000,37.449453,534.333333,2.496700,-1.584403,2.956999,147.600840,2.508047,-1.591604,2.970438,-1.018691,-2.775988,-8.124934,,14.591452,1009.168548,1.221810,9.258963,550000.000000,VFR,barnes,envelope,False
2026-04-30T01:41:01Z,37.868949,-75.372436,106.680000,37.449453,534.527778,2.500060,-1.583450,2.959327,147.651277,2.546136,-1.612633,3.013867,-1.021939,-2.777275,-8.128651,,14.588980,1009.169125,1.221821,9.271436,550000.000000,VFR,barnes,envelope,False
2026-04-30T01:41:11Z,37.870336,-75.371085,106.680000,37.449453,534.722222,2.503429,-1.582499,2.961665,147.701682,2.510634,-1.587054,2.970189,-1.025191,-2.778568,-8.132385,,14.586511,1009.169705,1.221833,9.283912,550000.000000,VFR,barnes,envelope,False
2026-04-30T01:41:21Z,37.871723,-75.369733,106.680000,37.449453,534.916667,2.506804,-1.581550,2.964012,147.752055,2.427762,-1.531682,2.870553,-1.028448,-2.779868,-8.136137,,14.584045,1009.170288,1.221844,9.296389,550000.000000,VFR,barnes,envelope,False
2026-04-30T01:41:31Z,37.873110,-75.368382,106.680000,37.449453,535.111111,2.510188,-1.580603,2.966369,147.802396,2.497836,-1.572825,2.951773,-1.031710,-2.781173,-8.139906,,14.581581,1009.170873,1.221855,9.308869,550000.000000,VFR,barnes,envelope,False
2026-04-30T01:41:41Z,37.874496,-75.367031,106.680000,37.449453,535.305556,2.513579,-1.579658,2.968736,147.852706,2.593031,-1.629590,3.062576,-1.034976,-2.782484,-8.143693,,14.579120,1009.171461,1.221866,9.321351,550000.000000,VFR,barnes,envelope,False
2026-04-30T01:41:51Z,37.875883,-75.365680,106.680000,37.449453,535.500000,2.516977,-1.578714,2.971113,147.902984,2.563589,-1.607950,3.026135,-1.038248,-2.783802,-8.147497,,14.576663,1009.172051,1.221877,9.333834,550000.000000,VFR,barnes,envelope,False
2026-04-30T01:42:01Z,37.877270,-75.364329,106.680000,37.449453,535.694444,2.520383,-1.577772,2.973499,147.953231,2.515543,-1.574742,2.967788,-1.041525,-2.785125,-8.151317,,14.574208,1009.172644,1.221888,9.346320,550000.000000,VFR,barnes,envelope,False
2026-04-30T01:42:11Z,37.878657,-75.362977,106.680000,37.449453,535.888889,2.523796,-1.576832,2.975894,148.003445,2.446631,-1.528620,2.884907,-1.044806,-2.786454,-8.155155,,14.571756,1009.173240,1.221899,9.358807,550000.000000,VFR,barnes,envelope,False
2026-04-30T01:42:21Z,37.880044,-75.361626,106.680000,37.449453,536.083333,2.527217,-1.575893,2.978299,148.053628,2.491483,-1.553611,2.936187,-1.048093,-2.787789,-8.159009,,14.569307,1009.173838,1.221911,9.371296,550000.000000,VFR,barnes,envelope,False
2026-04-30T01:42:31Z,37.881431,-75.360275,106.680000,37.449453,536.277778,2.530645,-1.574956,2.980713,148.103780,2.382247,-1.482600,2.805923,-1.051384,-2.789130,-8.162880,,14.566861,1009.174439,1.221922,9.383786,800000.000000,VFR,barnes,envelope,False
2026-04-30T01:42:41Z,37.882818,-75.358924,106.680000,37.449453,536.472222,2.534081,-1.574021,2.983137,148.153900,2.444757,-1.518538,2.877984,-1.054681,-2.790476,-8.166768,,14.564418,1009.175043,1.221933,9.396278,800000.000000,VFR,barnes,envelope,False
2026-04-30T01:42:51Z,37.884205,-75.357573,106.680000,37.449453,536.666667,2.537524,-1.573087,2.985570,148.203989,2.393892,-1.484045,2.816577,-1.057982,-2.791828,-8.170672,,14.561978,1009.175650,1.221944,9.408771,800000.000000,VFR,barnes,envelope,False
2026-04-30T01:43:01Z,37.885592,-75.356221,106.680000,37.449453,536.861111,2.540974,-1.572155,2.988013,148.254047,2.396114,-1.482526,2.817667,-1.061288,-2.793186,-8.174592,,14.559541,1009.176259,1.221955,9.421265,800000.000000,VFR,barnes,envelope,False
2026-04-30T01:43:11Z,37.886979,-75.354870,106.680000,37.449453,537.055556,2.544432,-1.571224,2.990465,148.304073,2.449600,-1.512664,2.879009,-1.064599,-2.794550,-8.178529,,14.557106,1009.176871,1.221966,9.433760,800000.000000,VFR,barnes,envelope,False
2026-04-30T01:43:21Z,37.888366,-75.353519,106.680000,37.449453,537.250000,2.547898,-1.570294,2.992926,148.354068,2.430364,-1.497857,2.854864,-1.067916,-2.795919,-8.182481,,14.554675,1009.177485,1.221977,9.446256,800000.000000,VFR,barnes,envelope,False
2026-04-30T01:43:31Z,37.889753,-75.352168,106.680000,37.449453,537.444444,2.551370,-1.569366,2.995396,148.404032,2.400407,-1.476507,2.818160,-1.071237,-2.797293,-8.186449,,14.552246,1009.178103,1.221988,9.458752,430000.000000,VFR,barnes,envelope,False
2026-04-30T01:43:41Z,37.891140,-75.350817,106.680000,37.449453,537.638889,2.554850,-1.568439,2.997876,148.453965,2.403569,-1.475566,2.820361,-1.074563,-2.798673,-8.190434,,14.549821,1009.178723,1.221999,9.471250,430000.000000,VFR,barnes,envelope,False
2026-04-30T01:43:51Z,37.892527,-75.349465,106.680000,37.449453,537.833333,2.558337,-1.567513,3.000364,148.503867,2.432115,-1.490176,2.852333,-1.077894,-2.800059,-8.194434,,14.547398,1009.179346,1.222010,9.483748,430000.000000,VFR,barnes,envelope,False
2026-04-30T01:44:01Z,37.893914,-75.348114,106.680000,37.449453,538.027778,2.561831,-1.566589,3.002862,148.553738,2.519245,-1.540547,2.952945,-1.081230,-2.801450,-8.198449,,14.544979,1009.179971,1.222021,9.496246,430000.000000,VFR,barnes,envelope,False
2026-04-30T01:44:11Z,37.895300,-75.346763,106.680000,37.449453,538.222222,2.565333,-1.565666,3.005369,148.603578,2.455823,-1.498830,2.877074,-1.084571,-2.802846,-8.202480,,14.542562,1009.180600,1.222032,9.508744,430000.000000,VFR,barnes,envelope,False
2026-04-30T01:44:21Z,37.896687,-75.345412,106.680000,37.449453,538.416667,2.568842,-1.564744,3.007885,148.653388,2.419966,-1.474060,2.833565,-1.087918,-2.804248,-8.206526,,14.540149,1009.181231,1.222043,9.521243,430000.000000,VFR,barnes,envelope,False
2026-04-30T01:44:31Z,37.898074,-75.344061,106.680000,37.449453,538.611111,2.572358,-1.563823,3.010410,148.703166,2.466757,-1.499625,2.886826,-1.091269,-2.805655,-8.210587,,14.537738,1009.181865,1.222054,9.533742,430000.000000,VFR,barnes,envelope,False
2026-04-30T01:44:41Z,37.899461,-75.342709,106.680000,37.449453,538.805556,2.575881,-1.562904,3.012944,148.752914,2.452518,-1.488053,2.868649,-1.094625,-2.807067,-8.214663,,14.535330,1009.182502,1.222065,9.546241,430000.000000,VFR,barnes,envelope,False
2026-04-30T01:44:51Z,37.900848,-75.341358,106.680000,37.449453,539.000000,2.579411,-1.561985,3.015487,148.802632,2.525862,-1.529558,2.952885,-1.097986,-2.808485,-8.218755,,14.532926,1009.183142,1.222076,9.558739,430000.000000,VFR,barnes,envelope,False
2026-04-30T01:45:01Z,37.902235,-75.340007,106.680000,37.449453,539.194444,2.582907,-1.561003,3.017969,148.852952,2.506032,-1.514543,2.928145,-1.101359,-2.809831,-8.222640,,14.530524,1009.183997,1.222088,9.570209,430000.000000,VFR,barnes,envelope,False
2026-04-30T01:45:11Z,37.903622,-75.338656,106.680000,37.449453,539.388889,2.586040,-1.559447,3.019848,148.908976,2.506804,-1.511665,2.927319,-1.104793,-2.810501,-8.224574,,14.528125,1009.186780,1.222101,9.572414,430000.000000,VFR,barnes,envelope,False
2026-04-30T01:45:21Z,37.905009,-75.337304,106.680000,37.449453,539.583333,2.589193,-1.557896,3.021747,148.965029,2.423062,-1.457936,2.827863,-1.108238,-2.811186,-8.226551,,14.525729,1009.189570,1.222115,9.574604,430000.000000,VFR,barnes,envelope,False
2026-04-30T01:45:31Z,37.906396,-75.335953,106.680000,37.449453,539.777778,2.592363,-1.556349,3.023668,149.021110,2.468024,-1.481701,2.878643,-1.111696,-2.811886,-8.228572,,14.523337,1009.192368,1.222128,9.576778,430000.000000,VFR,barnes,envelope,False
2026-04-30T01:45:41Z,37.907783,-75.334602,106.680000,37.449453,539.972222,2.595552,-1.554808,3.025611,149.077218,2.518828,-1.508848,2.936174,-1.115165,-2.812602,-8.230638,,14.520947,1009.195174,1.222142,9.578936,430000.000000,VFR,barnes,envelope,False
2026-04-30T01:45:51Z,37.909170,-75.333251,106.680000,37.449453,540.166667,2.598760,-1.553272,3.027575,149.133351,2.506290,-1.498003,2.919847,-1.118645,-2.813333,-8.232748,,14.518560,1009.197987,1.222155,9.581079,430000.000000,VFR,barnes,envelope,False
2026-04-30T01:46:01Z,37.910557,-75.331900,106.680000,37.449453,540.361111,2.601986,-1.551741,3.029560,149.189510,2.560177,-1.526807,2.980880,-1.122138,-2.814079,-8.234902,,14.516177,1009.200809,1.222169,9.583205,430000.000000,VFR,barnes,envelope,False
2026-04-30T01:46:11Z,37.911944,-75.330548,106.680000,37.449453,540.555556,2.605231,-1.550215,3.031567,149.245691,2.566109,-1.526936,2.986042,-1.125642,-2.814841,-8.237101,,14.513796,1009.203638,1.222182,9.585316,430000.000000,VFR,barnes,envelope,False
2026-04-30T01:46:21Z,37.913331,-75.329197,106.680000,37.449453,540.750000,2.608495,-1.548694,3.033595,149.301895,2.466890,-1.464622,2.868913,-1.129157,-2.815618,-8.239344,,14.511418,1009.206475,1.222196,9.587411,430000.000000,VFR,barnes,envelope,False
2026-04-30T01:46:31Z,37.914718,-75.327846,106.680000,37.449453,540.944444,2.611777,-1.547179,3.035645,149.358121,2.441622,-1.446381,2.837876,-1.132685,-2.816411,-8.241631,,14.509044,1009.209320,1.222210,9.589490,430000.000000,VFR,barnes,envelope,False
2026-04-30T01:46:41Z,37.916104,-75.326495,106.680000,37.449453,541.138889,2.615078,-1.545668,3.037717,149.414366,2.421729,-1.431387,2.813119,-1.136224,-2.817219,-8.243963,,14.506672,1009.212173,1.222223,9.591552,430000.000000,VFR,barnes,envelope,False
2026-04-30T01:46:51Z,37.917491,-75.325144,106.680000,37.449453,541.333333,2.618398,-1.544163,3.039810,149.470629,2.477329,-1.460969,2.876037,-1.139775,-2.818042,-8.246340,,14.504304,1009.215033,1.222237,9.593599,430000.000000,VFR,barnes,envelope,False
2026-04-30T01:47:01Z,37.918878,-75.323792,106.680000,37.449453,541.527778,2.621737,-1.542663,3.041926,149.526911,2.553857,-1.502722,2.963167,-1.143337,-2.818881,-8.248761,,14.501938,1009.217901,1.222250,9.595630,430000.000000,VFR,barnes,envelope,False
2026-04-30T01:47:11Z,37.920265,-75.322441,106.680000,37.449453,541.722222,2.625094,-1.541168,3.044062,149.583209,2.559050,-1.502394,2.967478,-1.146912,-2.819736,-8.251228,,14.499576,1009.220777,1.222264,9.597644,430000.000000,VFR,barnes,envelope,False
2026-04-30T01:47:21Z,37.921652,-75.321090,106.680000,37.449453,541.916667,2.628470,-1.539678,3.046221,149.639522,2.530517,-1.482300,2.932700,-1.150498,-2.820606,-8.253739,,14.497216,1009.223660,1.222277,9.599642,430000.000000,VFR,barnes,envelope,False
2026-04-30T01:47:31Z,37.923039,-75.319739,106.680000,37.449453,542.111111,2.631865,-1.538193,3.048401,149.695850,2.577495,-1.506417,2.985426,-1.154095,-2.821491,-8.256295,,14.494860,1009.226551,1.222291,9.601623,430000.000000,VFR,barnes,envelope,False
2026-04-30T01:47:41Z,37.924426,-75.318388,106.680000,37.449453,542.305556,2.635278,-1.536714,3.050603,149.752190,2.536176,-1.478924,2.935883,-1.157705,-2.822393,-8.258895,,14.492506,1009.229450,1.222304,9.603589,430000.000000,VFR,barnes,envelope,False
2026-04-30T01:47:51Z,37.925813,-75.317036,106.680000,37.449453,542.500000,2.638711,-1.535240,3.052827,149.808543,2.595138,-1.509888,3.002416,-1.161327,-2.823309,-8.261541,,14.490156,1009.232356,1.222318,9.605538,430000.000000,VFR,barnes,envelope,False
2026-04-30T01:48:01Z,37.927200,-75.315685,106.680000,37.449453,542.694444,2.642162,-1.533771,3.055073,149.864906,2.585769,-1.501035,2.989867,-1.164960,-2.824242,-8.264232,,14.487809,1009.235270,1.222331,9.607470,430000.000000,VFR,barnes,envelope,False
2026-04-30T01:48:11Z,37.928587,-75.314334,106.680000,37.449453,542.888889,2.645632,-1.532307,3.057341,149.921278,2.630503,-1.523544,3.039857,-1.168605,-2.825190,-8.266968,,14.485465,1009.238191,1.222345,9.609386,430000.000000,VFR,barnes,envelope,False
2026-04-30T01:48:21Z,37.929974,-75.312983,106.680000,37.449453,543.083333,2.649122,-1.530849,3.059631,149.977659,2.656708,-1.535233,3.068394,-1.172262,-2.826154,-8.269749,,14.483123,1009.241120,1.222358,9.611285,430000.000000,VFR,barnes,envelope,False
2026-04-30T01:48:31Z,37.931361,-75.311632,106.680000,37.449453,543.277778,2.652630,-1.529395,3.061943,150.034047,2.641235,-1.522825,3.048789,-1.175930,-2.827133,-8.272576,,14.480785,1009.244056,1.222372,9.613168,430000.000000,VFR,barnes,envelope,False
2026-04-30T01:48:41Z,37.932748,-75.310280,106.680000,37.449453,543.472222,2.656157,-1.527948,3.064277,150.090442,2.648639,-1.523623,3.055604,-1.179611,-2.828128,-8.275447,,14.478450,1009.247000,1.222385,9.615033,430000.000000,VFR,barnes,envelope,False
2026-04-30T01:48:51Z,37.934135,-75.308929,106.680000,37.449453,543.666667,2.659703,-1.526505,3.066633,150.146841,2.671945,-1.533531,3.080747,-1.183303,-2.829139,-8.278364,,14.476119,1009.249952,1.222399,9.616883,430000.000000,VFR,barnes,envelope,False
2026-04-30T01:49:01Z,37.935522,-75.307578,106.680000,37.449453,543.861111,2.663268,-1.525068,3.069011,150.203244,2.667723,-1.527619,3.074145,-1.187007,-2.830166,-8.281327,,14.473790,1009.252910,1.222412,9.618715,430000.000000,VFR,barnes,envelope,False
2026-04-30T01:49:11Z,37.936908,-75.306227,106.680000,37.449453,544.055556,2.666852,-1.523636,3.071411,150.259650,2.734577,-1.562329,3.149410,-1.190723,-2.831208,-8.284335,,14.471464,1009.255877,1.222426,9.620530,430000.000000,VFR,barnes,envelope,False
2026-04-30T01:49:21Z,37.938295,-75.304876,106.680000,37.449453,544.250000,2.670455,-1.522209,3.073833,150.316058,2.668169,-1.520906,3.071202,-1.194451,-2.832267,-8.287388,,14.469141,1009.258850,1.222439,9.622329,430000.000000,VFR,barnes,envelope,False
2026-04-30T01:49:31Z,37.939682,-75.303524,106.680000,37.449453,544.444444,2.674077,-1.520787,3.076277,150.372465,2.683938,-1.526396,3.087622,-1.198191,-2.833341,-8.290487,,14.466822,1009.261831,1.222453,9.624110,430000.000000,VFR,barnes,envelope,False
2026-04-30T01:49:41Z,37.941069,-75.302173,106.680000,37.449453,544.638889,2.677718,-1.519371,3.078744,150.428872,2.787037,-1.581400,3.204434,-1.201943,-2.834431,-8.293632,,14.464505,1009.264820,1.222466,9.625875,430000.000000,VFR,barnes,envelope,False
2026-04-30T01:49:51Z,37.942456,-75.300822,106.680000,37.449453,544.833333,2.681378,-1.517961,3.081233,150.485278,2.818286,-1.595466,3.238557,-1.205707,-2.835536,-8.296822,,14.462192,1009.267816,1.222479,9.627622,430000.000000,VFR,barnes,envelope,False
2026-04-30T01:50:01Z,37.943843,-75.299471,106.680000,37.449453,545.027778,2.685752,-1.518443,3.085277,150.517486,2.815309,-1.591691,3.234107,-1.208885,-2.838579,-8.305601,,13.023696,1009.270270,1.228627,9.628792,430000.000000,VFR,barnes,envelope,False
2026-04-30T01:50:11Z,37.945230,-75.298120,106.680000,37.449453,545.222222,2.696383,-1.535936,3.103156,150.332929,2.770779,-1.578314,3.188776,-1.206688,-2.858930,-8.364309,,13.020335,1009.267790,1.228639,9.624903,430000.000000,VFR,barnes,envelope,False
2026-04-30T01:50:21Z,37.946617,-75.296768,106.680000,37.449453,545.416667,2.707015,-1.553452,3.121081,150.150146,2.755457,-1.581251,3.176932,-1.204479,-2.879301,-8.423056,,13.016979,1009.265300,1.228650,9.621000,430000.000000,VFR,barnes,envelope,False
2026-04-30T01:50:31Z,37.948004,-75.295417,106.680000,37.449453,545.611111,2.717650,-1.570990,3.139049,149.969111,2.792905,-1.614493,3.225974,-1.202257,-2.899691,-8.481839,,13.013627,1009.262801,1.228662,9.617086,430000.000000,VFR,barnes,envelope,False
2026-04-30T01:50:41Z,37.949391,-75.294066,106.680000,37.449453,545.805556,2.728286,-1.588551,3.157062,149.789803,2.762054,-1.608212,3.196137,-1.200023,-2.920100,-8.540660,,13.010280,1009.260292,1.228673,9.613158,430000.000000,VFR,barnes,envelope,False
2026-04-30T01:50:51Z,37.950778,-75.292715,106.680000,37.449453,546.000000,2.738925,-1.606134,3.175118,149.612199,2.764346,-1.621041,3.204587,-1.197777,-2.940528,-8.599516,,13.006937,1009.257773,1.228684,9.609217,430000.000000,VFR,barnes,envelope,False
2026-04-30T01:51:01Z,37.952165,-75.291364,106.680000,37.449453,546.194444,2.749501,-1.623686,3.193135,149.436521,2.676424,-1.580531,3.108267,-1.195501,-2.960893,-8.658174,,13.003598,1009.255519,1.228696,9.605102,430000.000000,VFR,barnes,envelope,False
2026-04-30T01:51:11Z,37.953552,-75.290012,106.680000,37.449453,546.388889,2.759502,-1.640776,3.210451,149.264652,2.689116,-1.598925,3.128562,-1.193049,-2.980542,-8.714751,,13.000265,1009.255732,1.228710,9.599510,430000.000000,VFR,barnes,envelope,False
2026-04-30T01:51:21Z,37.954939,-75.288661,106.680000,37.449453,546.583333,2.769502,-1.657886,3.227805,149.094315,2.678281,-1.603279,3.121488,-1.190584,-3.000206,-8.771355,,12.996936,1009.255947,1.228725,9.593900,430000.000000,VFR,barnes,envelope,False
2026-04-30T01:51:31Z,37.956326,-75.287310,106.680000,37.449453,546.777778,2.779501,-1.675016,3.245197,148.925490,2.710456,-1.633407,3.164583,-1.188106,-3.019885,-8.827986,,12.993611,1009.256161,1.228739,9.588271,430000.000000,VFR,barnes,envelope,False
2026-04-30T01:51:41Z,37.957712,-75.285959,106.680000,37.449453,546.972222,2.789498,-1.692166,3.262626,148.758160,2.815780,-1.708108,3.293365,-1.185615,-3.039580,-8.884644,,12.990291,1009.256376,1.228754,9.582624,430000.000000,VFR,barnes,envelope,False
2026-04-30T01:51:51Z,37.959099,-75.284608,106.680000,37.449453,547.166667,2.799495,-1.709335,3.280092,148.592304,2.872904,-1.754158,3.366103,-1.183111,-3.059289,-8.941326,,12.986975,1009.256591,1.228768,9.576957,430000.000000,VFR,barnes,envelope,False
2026-04-30T01:52:01Z,37.960486,-75.283256,106.680000,37.449453,547.361111,2.809463,-1.726599,3.297609,148.426557,2.878310,-1.768910,3.378418,-1.180527,-3.079056,-8.998155,,12.983667,1009.256775,1.228783,9.571272,430000.000000,VFR,barnes,envelope,False
2026-04-30T01:52:11Z,37.961873,-75.281905,106.680000,37.449453,547.555556,2.819184,-1.744549,3.315305,148.250224,2.825056,-1.748182,3.322211,-1.177330,-3.099217,-9.056100,,12.980387,1009.256672,1.228797,9.565568,430000.000000,VFR,barnes,envelope,False
2026-04-30T01:52:21Z,37.963260,-75.280554,106.680000,37.449453,547.750000,2.828904,-1.762517,3.333041,148.075496,2.802690,-1.746185,3.302156,-1.174121,-3.119392,-9.114066,,12.977111,1009.256571,1.228811,9.559845,430000.000000,VFR,barnes,envelope,False
2026-04-30T01:52:31Z,37.964647,-75.279203,106.680000,37.449453,547.944444,2.838623,-1.780502,3.350816,147.902352,2.818892,-1.768127,3.327526,-1.170900,-3.139580,-9.172052,,12.973840,1009.256470,1.228825,9.554104,430000.000000,VFR,barnes,envelope,False
2026-04-30T01:52:41Z,37.966034,-75.277852,106.680000,37.449453,548.138889,2.848341,-1.798506,3.368630,147.730772,2.830337,-1.787138,3.347338,-1.167668,-3.159782,-9.230057,,12.970574,1009.256370,1.228839,9.548344,430000.000000,VFR,barnes,envelope,False
2026-04-30T01:52:51Z,37.967421,-75.276500,106.680000,37.449453,548.333333,2.858057,-1.816527,3.386482,147.560737,2.798546,-1.778702,3.315967,-1.164424,-3.179997,-9.288081,,12.967312,1009.256272,1.228853,9.542565,430000.000000,VFR,barnes,envelope,False
2026-04-30T01:53:01Z,37.968808,-75.275149,106.680000,37.449453,548.527778,2.866881,-1.833053,3.402806,147.405596,2.810669,-1.797111,3.336085,-1.161380,-3.198482,-9.341123,,12.964054,1009.256032,1.228866,9.536767,430000.000000,VFR,barnes,envelope,False
2026-04-30T01:53:11Z,37.970195,-75.273798,106.680000,37.449453,548.722222,2.867676,-1.835972,3.405049,147.371419,2.780785,-1.780341,3.301875,-1.160236,-3.201283,-9.349158,,12.960801,1009.254512,1.228878,9.530951,430000.000000,VFR,barnes,envelope,False
2026-04-30T01:53:21Z,37.971582,-75.272447,106.680000,37.449453,548.916667,2.868458,-1.838888,3.407280,147.337204,2.840993,-1.821281,3.374656,-1.159084,-3.204073,-9.357164,,12.957553,1009.252991,1.228890,9.525116,430000.000000,VFR,barnes,envelope,False
2026-04-30T01:53:31Z,37.972969,-75.271096,106.680000,37.449453,549.111111,2.869226,-1.841802,3.409500,147.302952,2.836632,-1.820879,3.370769,-1.157922,-3.206854,-9.365140,,12.954309,1009.251470,1.228903,9.519262,430000.000000,VFR,barnes,envelope,False
2026-04-30T01:53:41Z,37.974356,-75.269744,106.680000,37.449453,549.305556,2.869982,-1.844713,3.411709,147.268663,2.864964,-1.841487,3.405744,-1.156751,-3.209624,-9.373087,,12.951069,1009.249947,1.228915,9.513389,430000.000000,VFR,barnes,envelope,False
2026-04-30T01:53:51Z,37.975743,-75.268393,106.680000,37.449453,549.500000,2.870723,-1.847621,3.413906,147.234335,2.867128,-1.845307,3.409631,-1.155572,-3.212384,-9.381004,,12.947834,1009.248424,1.228927,9.507498,430000.000000,VFR,barnes,envelope,False
2026-04-30T01:54:01Z,37.977130,-75.267042,106.680000,37.449453,549.694444,2.871334,-1.850297,3.415869,147.202142,2.875692,-1.853105,3.421053,-1.154430,-3.214880,-9.388163,,12.944604,1009.246692,1.228938,9.501588,420000.000000,VFR,barnes,envelope,False
2026-04-30T01:54:11Z,37.978516,-75.265691,106.680000,37.449453,549.888889,2.870878,-1.850901,3.415813,147.189482,2.934392,-1.891849,3.491382,-1.153701,-3.215082,-9.388742,,12.941378,1009.243085,1.228948,9.495659,420000.000000,VFR,barnes,envelope,False
2026-04-30T01:54:21Z,37.979903,-75.264340,106.680000,37.449453,550.083333,2.870417,-1.851502,3.415751,147.176806,2.945170,-1.899720,3.504705,-1.152969,-3.215279,-9.389307,,12.938157,1009.239476,1.228957,9.489712,420000.000000,VFR,barnes,envelope,False
2026-04-30T01:54:31Z,37.981290,-75.262988,106.680000,37.449453,550.277778,2.869950,-1.852102,3.415684,147.164116,2.968073,-1.915424,3.532464,-1.152234,-3.215471,-9.389858,,12.934941,1009.235866,1.228967,9.483746,420000.000000,VFR,barnes,envelope,False
2026-04-30T01:54:41Z,37.982677,-75.261637,106.680000,37.449453,550.472222,2.869478,-1.852699,3.415611,147.151411,2.954526,-1.907610,3.516845,-1.151496,-3.215658,-9.390394,,12.931729,1009.232254,1.228976,9.477761,420000.000000,VFR,barnes,envelope,False
2026-04-30T01:54:51Z,37.984064,-75.260286,106.680000,37.449453,550.666667,2.869001,-1.853293,3.415533,147.138691,2.949627,-1.905375,3.511517,-1.150756,-3.215840,-9.390916,,12.928521,1009.228641,1.228986,9.471757,420000.000000,VFR,barnes,envelope,False
2026-04-30T01:55:01Z,37.985451,-75.258935,106.680000,37.449453,550.861111,2.868368,-1.852643,3.414648,147.142087,2.918811,-1.885224,3.474698,-1.150648,-3.214938,-9.388330,,14.205985,1009.225520,1.223518,9.464857,420000.000000,VFR,barnes,envelope,False
2026-04-30T01:55:11Z,37.986838,-75.257584,106.680000,37.449453,551.055556,2.866362,-1.840800,3.406549,147.291115,2.908449,-1.867828,3.456567,-1.156258,-3.204317,-9.357863,,14.202910,1009.226831,1.223533,9.450034,420000.000000,VFR,barnes,envelope,False
2026-04-30T01:55:21Z,37.988225,-75.256232,106.680000,37.449453,551.250000,2.864347,-1.828940,3.398456,147.440989,2.877453,-1.837309,3.414006,-1.161869,-3.193676,-9.327334,,14.199841,1009.228134,1.223548,9.435186,420000.000000,VFR,barnes,envelope,False
2026-04-30T01:55:31Z,37.989612,-75.254881,106.680000,37.449453,551.444444,2.862320,-1.817064,3.390369,147.591715,2.848605,-1.808358,3.374123,-1.167481,-3.183015,-9.296745,,14.196780,1009.229427,1.223562,9.420315,420000.000000,VFR,barnes,envelope,False
2026-04-30T01:55:41Z,37.990999,-75.253530,106.680000,37.449453,551.638889,2.860283,-1.805172,3.382287,147.743298,2.825964,-1.783513,3.341705,-1.173095,-3.172336,-9.266094,,14.193725,1009.230710,1.223577,9.405418,420000.000000,VFR,barnes,envelope,False
2026-04-30T01:55:51Z,37.992386,-75.252179,106.680000,37.449453,551.833333,2.858236,-1.793264,3.374212,147.895743,2.816149,-1.766859,3.324528,-1.178711,-3.161637,-9.235383,,14.190676,1009.231984,1.223591,9.390498,420000.000000,VFR,barnes,envelope,False
2026-04-30T01:56:01Z,37.993773,-75.250828,106.680000,37.449453,552.027778,2.856178,-1.781340,3.366144,148.049052,2.849544,-1.777202,3.358325,-1.184328,-3.150919,-9.204613,,14.187635,1009.233249,1.223606,9.375554,420000.000000,VFR,barnes,envelope,False
2026-04-30T01:56:11Z,37.995160,-75.249476,106.680000,37.449453,552.222222,2.854110,-1.769402,3.358084,148.203206,2.880405,-1.785704,3.389022,-1.189945,-3.140184,-9.173787,,14.184600,1009.234504,1.223620,9.360585,420000.000000,VFR,barnes,envelope,False
2026-04-30T01:56:21Z,37.996547,-75.248125,106.680000,37.449453,552.416667,2.852031,-1.757448,3.350031,148.358238,2.911173,-1.793892,3.419499,-1.195563,-3.129430,-9.142902,,14.181572,1009.235749,1.223635,9.345592,420000.000000,VFR,barnes,envelope,False
2026-04-30T01:56:31Z,37.997934,-75.246774,106.680000,37.449453,552.611111,2.849942,-1.745479,3.341985,148.514153,2.942345,-1.802072,3.450342,-1.201183,-3.118658,-9.111958,,14.178551,1009.236985,1.223649,9.330576,420000.000000,VFR,barnes,envelope,False
2026-04-30T01:56:41Z,37.999320,-75.245423,106.680000,37.449453,552.805556,2.847843,-1.733494,3.333948,148.670957,2.874608,-1.749786,3.365282,-1.206804,-3.107866,-9.080954,,14.175537,1009.238212,1.223663,9.315535,420000.000000,VFR,barnes,envelope,False
2026-04-30T01:56:51Z,38.000707,-75.244072,106.680000,37.449453,553.000000,2.845733,-1.721493,3.325919,148.828654,2.835043,-1.715026,3.313425,-1.212426,-3.097056,-9.049892,,14.172529,1009.239430,1.223678,9.300471,420000.000000,VFR,barnes,envelope,False
2026-04-30T01:57:01Z,38.002094,-75.242720,106.680000,37.449453,553.194444,2.843613,-1.709477,3.317898,148.987252,2.819054,-1.694712,3.289242,-1.218050,-3.086228,-9.018771,,14.169528,1009.240638,1.223692,9.285383,420000.000000,VFR,barnes,envelope,False
2026-04-30T01:57:11Z,38.003481,-75.241369,106.680000,37.449453,553.388889,2.841483,-1.697445,3.309886,149.146753,2.868482,-1.713574,3.341336,-1.223675,-3.075381,-8.987591,,14.166534,1009.241837,1.223706,9.270271,420000.000000,VFR,barnes,envelope,False
2026-04-30T01:57:21Z,38.004868,-75.240018,106.680000,37.449453,553.583333,2.839343,-1.685398,3.301884,149.307164,2.891097,-1.716119,3.362068,-1.229301,-3.064516,-8.956354,,14.163546,1009.243026,1.223720,9.255136,420000.000000,VFR,barnes,envelope,False
2026-04-30T01:57:31Z,38.006255,-75.238667,106.680000,37.449453,553.777778,2.837192,-1.673336,3.293891,149.468491,2.890265,-1.704638,3.355506,-1.234928,-3.053632,-8.925059,,14.160565,1009.244207,1.223734,9.239977,420000.000000,VFR,barnes,envelope,False
2026-04-30T01:57:41Z,38.007642,-75.237316,106.680000,37.449453,553.972222,2.835032,-1.661259,3.285908,149.630738,2.907718,-1.703852,3.370153,-1.240556,-3.042730,-8.893706,,14.157591,1009.245378,1.223748,9.224795,420000.000000,VFR,barnes,envelope,False
2026-04-30T01:57:51Z,38.009029,-75.235964,106.680000,37.449453,554.166667,2.832861,-1.649168,3.277935,149.793910,2.916826,-1.698048,3.375091,-1.246185,-3.031811,-8.862297,,14.154624,1009.246539,1.223762,9.209589,420000.000000,VFR,barnes,envelope,False
2026-04-30T01:58:01Z,38.010416,-75.234613,106.680000,37.449453,554.361111,2.830009,-1.636769,3.269245,149.956544,2.932726,-1.696177,3.387905,-1.251460,-3.020234,-8.828990,,14.151663,1009.247810,1.223777,9.194360,420000.000000,VFR,barnes,envelope,False
2026-04-30T01:58:11Z,38.011803,-75.233262,106.680000,37.449453,554.555556,2.821091,-1.621728,3.254007,150.107188,2.918132,-1.677513,3.365939,-1.253526,-3.002870,-8.779025,,14.148708,1009.250140,1.223792,9.179108,420000.000000,VFR,barnes,envelope,False
2026-04-30T01:58:21Z,38.013190,-75.231911,106.680000,37.449453,554.750000,2.812140,-1.606663,3.238749,150.259336,2.871565,-1.640614,3.307189,-1.255581,-2.985467,-8.728931,,14.145761,1009.252465,1.223807,9.163833,420000.000000,VFR,barnes,envelope,False
2026-04-30T01:58:31Z,38.014577,-75.230560,106.680000,37.449453,554.944444,2.803155,-1.591572,3.223474,150.413011,2.890662,-1.641256,3.324101,-1.257624,-2.968024,-8.678708,,14.142820,1009.254785,1.223823,9.148535,420000.000000,VFR,barnes,envelope,False
2026-04-30T01:58:41Z,38.015964,-75.229208,106.680000,37.449453,555.138889,2.794138,-1.576457,3.208180,150.568238,2.888691,-1.629804,3.316745,-1.259656,-2.950540,-8.628358,,14.139886,1009.257100,1.223838,9.133214,420000.000000,VFR,barnes,envelope,False
2026-04-30T01:58:51Z,38.017351,-75.227857,106.680000,37.449453,555.333333,2.785086,-1.561317,3.192870,150.725042,2.864402,-1.605781,3.283798,-1.261676,-2.933017,-8.577879,,14.136958,1009.259409,1.223853,9.117869,420000.000000,VFR,barnes,envelope,False
2026-04-30T01:59:01Z,38.018738,-75.226506,106.680000,37.449453,555.527778,2.776002,-1.546153,3.177542,150.883448,2.842757,-1.583334,3.253954,-1.263684,-2.915455,-8.527273,,14.134037,1009.261714,1.223868,9.102502,420000.000000,VFR,barnes,envelope,False
2026-04-30T01:59:11Z,38.020124,-75.225155,106.680000,37.449453,555.722222,2.766884,-1.530965,3.162198,151.043480,2.858130,-1.581453,3.266481,-1.265681,-2.897853,-8.476540,,14.131123,1009.264014,1.223884,9.087113,420000.000000,VFR,barnes,envelope,False
2026-04-30T01:59:21Z,38.021511,-75.223804,106.680000,37.449453,555.916667,2.757732,-1.515752,3.146839,151.205167,2.813901,-1.546625,3.210933,-1.267666,-2.880211,-8.425679,,14.128215,1009.266308,1.223899,9.071700,420000.000000,VFR,barnes,envelope,False
2026-04-30T01:59:31Z,38.022898,-75.222452,106.680000,37.449453,556.111111,2.748548,-1.500516,3.131463,151.368533,2.805007,-1.531338,3.195788,-1.269639,-2.862530,-8.374691,,14.125314,1009.268598,1.223914,9.056265,420000.000000,VFR,barnes,envelope,False
2026-04-30T01:59:41Z,38.024285,-75.221101,106.680000,37.449453,556.305556,2.739330,-1.485255,3.116073,151.533607,2.791846,-1.513729,3.175812,-1.271601,-2.844810,-8.323577,,14.122419,1009.270882,1.223929,9.040807,420000.000000,VFR,barnes,envelope,False
2026-04-30T01:59:51Z,38.025672,-75.219750,106.680000,37.449453,556.500000,2.730079,-1.469971,3.100668,151.700416,2.796851,-1.505923,3.176504,-1.273551,-2.827050,-8.272337,,14.119531,1009.273162,1.223944,9.025327,420000.000000,VFR,barnes,envelope,False
2026-04-30T02:00:01Z,38.027059,-75.218399,106.680000,37.449453,556.694444,2.722324,-1.456113,3.087282,151.858628,2.753702,-1.472896,3.122867,-1.275820,-2.811333,-8.226978,,14.240748,1009.275049,1.223430,9.009093,420000.000000,VFR,barnes,envelope,False
2026-04-30T02:00:11Z,38.028446,-75.217048,106.680000,37.449453,556.888889,2.728329,-1.455294,3.092194,151.924483,2.725145,-1.453596,3.088585,-1.281085,-2.814335,-8.235641,,14.237667,1009.273445,1.223441,8.986248,420000.000000,VFR,barnes,envelope,False
2026-04-30T02:00:21Z,38.029833,-75.215696,106.680000,37.449453,557.083333,2.734356,-1.454466,3.097124,151.990480,2.698449,-1.435366,3.056453,-1.286374,-2.817342,-8.244320,,14.234594,1009.271832,1.223453,8.963367,420000.000000,VFR,barnes,envelope,False
2026-04-30T02:00:31Z,38.031220,-75.214345,106.680000,37.449453,557.277778,2.740405,-1.453628,3.102072,152.056616,2.715680,-1.440513,3.074085,-1.291686,-2.820355,-8.253014,,14.231529,1009.270211,1.223464,8.940451,420000.000000,VFR,barnes,envelope,False
2026-04-30T02:00:41Z,38.032607,-75.212994,106.680000,37.449453,557.472222,2.746476,-1.452780,3.107040,152.122889,2.712160,-1.434628,3.068219,-1.297021,-2.823373,-8.261724,,14.228471,1009.268580,1.223475,8.917500,420000.000000,VFR,barnes,envelope,False
2026-04-30T02:00:51Z,38.033994,-75.211643,106.680000,37.449453,557.666667,2.752568,-1.451922,3.112026,152.189297,2.668322,-1.407484,3.016779,-1.302379,-2.826396,-8.270448,,14.225421,1009.266941,1.223486,8.894513,420000.000000,VFR,barnes,envelope,False
2026-04-30T02:01:01Z,38.035381,-75.210292,106.680000,37.449453,557.861111,2.758597,-1.450874,3.116872,152.258042,2.651727,-1.394666,2.996122,-1.307803,-2.829230,-8.278627,,14.222379,1009.265293,1.223497,8.871492,420000.000000,VFR,barnes,envelope,False
2026-04-30T02:01:11Z,38.036768,-75.208940,106.680000,37.449453,558.055556,2.763884,-1.448196,3.120308,152.346754,2.673619,-1.400899,3.018403,-1.313628,-2.830319,-8.281768,,14.219344,1009.263636,1.223508,8.848436,420000.000000,VFR,barnes,envelope,False
2026-04-30T02:01:21Z,38.038155,-75.207589,106.680000,37.449453,558.250000,2.769193,-1.445509,3.123768,152.435600,2.695641,-1.407115,3.040798,-1.319477,-2.831414,-8.284929,,14.216317,1009.261971,1.223518,8.825346,420000.000000,VFR,barnes,envelope,False
2026-04-30T02:01:31Z,38.039541,-75.206238,106.680000,37.449453,558.444444,2.774524,-1.442814,3.127251,152.524579,2.708288,-1.408369,3.052594,-1.325348,-2.832516,-8.288108,,14.213298,1009.260297,1.223529,8.802221,420000.000000,VFR,barnes,envelope,False
2026-04-30T02:01:41Z,38.040928,-75.204887,106.680000,37.449453,558.638889,2.779878,-1.440109,3.130756,152.613688,2.696941,-1.397144,3.037352,-1.331243,-2.833625,-8.291307,,14.210286,1009.258615,1.223540,8.779061,420000.000000,VFR,barnes,envelope,False
2026-04-30T02:01:51Z,38.042315,-75.203535,106.680000,37.449453,558.833333,2.785254,-1.437397,3.134286,152.702924,2.739509,-1.413789,3.082808,-1.337160,-2.834740,-8.294524,,14.207282,1009.256924,1.223551,8.755867,420000.000000,VFR,barnes,envelope,False
2026-04-30T02:02:01Z,38.043702,-75.202184,106.680000,37.449453,559.027778,2.790651,-1.434675,3.137838,152.792285,2.756148,-1.416937,3.099042,-1.343100,-2.835861,-8.297760,,14.204285,1009.255225,1.223561,8.732639,420000.000000,VFR,barnes,envelope,False
2026-04-30T02:02:11Z,38.045089,-75.200833,106.680000,37.449453,559.222222,2.796071,-1.431945,3.141414,152.881768,2.766286,-1.416691,3.107950,-1.349063,-2.836990,-8.301016,,14.201296,1009.253517,1.223572,8.709376,420000.000000,VFR,barnes,envelope,False
2026-04-30T02:02:21Z,38.046476,-75.199482,106.680000,37.449453,559.416667,2.801514,-1.429206,3.145013,152.971370,2.745853,-1.400811,3.082528,-1.355049,-2.838125,-8.304290,,14.198314,1009.251801,1.223583,8.686080,420000.000000,VFR,barnes,envelope,False
2026-04-30T02:02:31Z,38.047863,-75.198131,106.680000,37.449453,559.611111,2.806978,-1.426459,3.148636,153.061089,2.800130,-1.422979,3.140954,-1.361057,-2.839266,-8.307584,,14.195340,1009.250077,1.223593,8.662749,420000.000000,VFR,barnes,envelope,False
2026-04-30T02:02:41Z,38.049250,-75.196779,106.680000,37.449453,559.805556,2.812464,-1.423703,3.152282,153.150923,2.831802,-1.433492,3.173957,-1.367089,-2.840414,-8.310896,,14.192374,1009.248344,1.223604,8.639385,420000.000000,VFR,barnes,envelope,False
2026-04-30T02:02:51Z,38.050637,-75.195428,106.680000,37.449453,560.000000,2.817973,-1.420938,3.155952,153.240868,2.846935,-1.435543,3.188389,-1.373143,-2.841569,-8.314228,,14.189415,1009.246603,1.223614,8.615987,420000.000000,VFR,barnes,envelope,False
2026-04-30T02:03:01Z,38.052024,-75.194077,106.680000,37.449453,560.194444,2.823503,-1.418165,3.159646,153.330923,2.836308,-1.424597,3.173976,-1.379220,-2.842730,-8.317578,,14.186463,1009.244854,1.223625,8.592556,420000.000000,VFR,barnes,envelope,False
2026-04-30T02:03:11Z,38.053411,-75.192726,106.680000,37.449453,560.388889,2.829056,-1.415384,3.163363,153.421085,2.822890,-1.412299,3.156469,-1.385319,-2.843898,-8.320948,,14.183519,1009.243097,1.223635,8.569091,420000.000000,VFR,barnes,envelope,False
2026-04-30T02:03:21Z,38.054798,-75.191375,106.680000,37.449453,560.583333,2.834630,-1.412594,3.167104,153.511350,2.812928,-1.401779,3.142857,-1.391442,-2.845073,-8.324337,,14.180583,1009.241332,1.223646,8.545592,420000.000000,VFR,barnes,envelope,False
2026-04-30T02:03:31Z,38.056185,-75.190023,106.680000,37.449453,560.777778,2.840227,-1.409795,3.170869,153.601718,2.812413,-1.395989,3.139817,-1.397587,-2.846254,-8.327745,,14.177653,1009.239558,1.223656,8.522060,420000.000000,VFR,barnes,envelope,False
2026-04-30T02:03:41Z,38.057572,-75.188672,106.680000,37.449453,560.972222,2.845846,-1.406988,3.174658,153.692184,2.843171,-1.405665,3.171674,-1.403754,-2.847442,-8.331172,,14.174732,1009.237777,1.223666,8.498495,420000.000000,VFR,barnes,envelope,False
2026-04-30T02:03:51Z,38.058959,-75.187321,106.680000,37.449453,561.166667,2.851487,-1.404172,3.178471,153.782746,2.880768,-1.418591,3.211110,-1.409944,-2.848637,-8.334618,,14.171818,1009.235987,1.223676,8.474897,420000.000000,VFR,barnes,envelope,False
2026-04-30T02:04:01Z,38.060345,-75.185970,106.680000,37.449453,561.361111,2.857149,-1.401348,3.182307,153.873403,2.842112,-1.393973,3.165559,-1.416157,-2.849838,-8.338083,,14.168911,1009.234190,1.223687,8.451266,420000.000000,VFR,barnes,envelope,False
2026-04-30T02:04:11Z,38.061732,-75.184619,106.680000,37.449453,561.555556,2.862834,-1.398516,3.186168,153.964151,2.876322,-1.405104,3.201179,-1.422393,-2.851046,-8.341568,,14.166012,1009.232385,1.223697,8.427603,420000.000000,VFR,barnes,envelope,False
2026-04-30T02:04:21Z,38.063119,-75.183267,106.680000,37.449453,561.750000,2.868541,-1.395675,3.190052,154.054988,2.901273,-1.411600,3.226453,-1.428651,-2.852261,-8.345072,,14.163120,1009.230571,1.223707,8.403906,420000.000000,VFR,barnes,envelope,False
2026-04-30T02:04:31Z,38.064506,-75.181916,106.680000,37.449453,561.944444,2.874270,-1.392825,3.193961,154.145911,2.910705,-1.410481,3.234449,-1.434931,-2.853482,-8.348595,,14.160236,1009.228750,1.223717,8.380177,420000.000000,VFR,barnes,envelope,False
2026-04-30T02:04:41Z,38.065893,-75.180565,106.680000,37.449453,562.138889,2.880020,-1.389968,3.197894,154.236918,2.862004,-1.381272,3.177889,-1.441234,-2.854710,-8.352137,,14.157359,1009.226922,1.223727,8.356415,420000.000000,VFR,barnes,envelope,False
2026-04-30T02:04:51Z,38.067280,-75.179214,106.680000,37.449453,562.333333,2.885793,-1.387101,3.201851,154.328007,2.852711,-1.371200,3.165146,-1.447560,-2.855945,-8.355698,,14.154489,1009.225085,1.223737,8.332621,420000.000000,VFR,barnes,envelope,False
2026-04-30T02:05:01Z,38.068667,-75.177863,106.680000,37.449453,562.527778,2.891825,-1.385570,3.206627,154.399359,2.852828,-1.366886,3.163385,-1.453280,-2.858397,-8.362772,,14.015153,1009.223180,1.224328,8.310933,420000.000000,VFR,barnes,envelope,False
2026-04-30T02:05:11Z,38.070054,-75.176511,106.680000,37.449453,562.722222,2.900015,-1.396115,3.218574,154.293074,2.861605,-1.377624,3.175946,-1.453370,-2.871748,-8.401276,,14.012067,1009.220714,1.224339,8.308470,420000.000000,VFR,barnes,envelope,False
2026-04-30T02:05:21Z,38.071441,-75.175160,106.680000,37.449453,562.916667,2.908219,-1.406640,3.230538,154.187990,2.844191,-1.375671,3.159413,-1.453483,-2.885093,-8.439755,,14.008987,1009.218241,1.224349,8.305996,420000.000000,VFR,barnes,envelope,False
2026-04-30T02:05:31Z,38.072828,-75.173809,106.680000,37.449453,563.111111,2.916437,-1.417146,3.242516,154.084095,2.849515,-1.384628,3.168111,-1.453619,-2.898431,-8.478207,,14.005916,1009.215759,1.224359,8.303512,420000.000000,VFR,barnes,envelope,False
2026-04-30T02:05:41Z,38.074215,-75.172458,106.680000,37.449453,563.305556,2.924670,-1.427634,3.254510,153.981378,2.881408,-1.406516,3.206369,-1.453778,-2.911763,-8.516633,,14.002851,1009.213271,1.224369,8.301017,420000.000000,VFR,barnes,envelope,False
2026-04-30T02:05:51Z,38.075602,-75.171107,106.680000,37.449453,563.500000,2.932917,-1.438102,3.266518,153.879826,2.905926,-1.424867,3.236457,-1.453960,-2.925088,-8.555033,,13.999794,1009.210774,1.224379,8.298511,420000.000000,VFR,barnes,envelope,False
2026-04-30T02:06:01Z,38.076989,-75.169755,106.680000,37.449453,563.694444,2.941178,-1.448551,3.278540,153.779429,2.978763,-1.467062,3.320436,-1.454164,-2.938407,-8.593406,,13.996745,1009.208270,1.224389,8.295995,420000.000000,VFR,barnes,envelope,False
2026-04-30T02:06:11Z,38.078376,-75.168404,106.680000,37.449453,563.888889,2.949453,-1.458981,3.290577,153.680176,2.963824,-1.466089,3.306610,-1.454392,-2.951718,-8.631751,,13.993703,1009.205758,1.224399,8.293468,420000.000000,VFR,barnes,envelope,False
2026-04-30T02:06:21Z,38.079763,-75.167053,106.680000,37.449453,564.083333,2.957742,-1.469391,3.302628,153.582055,2.947160,-1.464133,3.290811,-1.454643,-2.965023,-8.670069,,13.990668,1009.203239,1.224409,8.290931,420000.000000,VFR,barnes,envelope,False
2026-04-30T02:06:31Z,38.081149,-75.165702,106.680000,37.449453,564.277778,2.966045,-1.479782,3.314691,153.485056,2.946662,-1.470111,3.293030,-1.454916,-2.978321,-8.708359,,13.987641,1009.200713,1.224418,8.288383,420000.000000,VFR,barnes,envelope,False
2026-04-30T02:06:41Z,38.082536,-75.164351,106.680000,37.449453,564.472222,2.974362,-1.490153,3.326768,153.389167,2.984252,-1.495108,3.337830,-1.455212,-2.991612,-8.746621,,13.984621,1009.198178,1.224428,8.285824,420000.000000,VFR,barnes,envelope,False
2026-04-30T02:06:51Z,38.083923,-75.162999,106.680000,37.449453,564.666667,2.982693,-1.500505,3.338858,153.294378,2.991381,-1.504876,3.348584,-1.455531,-3.004896,-8.784855,,13.981608,1009.195637,1.224438,8.283254,420000.000000,VFR,barnes,envelope,False
2026-04-30T02:07:01Z,38.085310,-75.161648,106.680000,37.449453,564.861111,2.991037,-1.510837,3.350960,153.200678,2.985422,-1.508001,3.344670,-1.455873,-3.018173,-8.823060,,13.978603,1009.193088,1.224448,8.280674,420000.000000,VFR,barnes,envelope,False
2026-04-30T02:07:11Z,38.086697,-75.160297,106.680000,37.449453,565.055556,2.999396,-1.521150,3.363075,153.108056,2.988329,-1.515537,3.350666,-1.456238,-3.031442,-8.861236,,13.975605,1009.190531,1.224457,8.278083,420000.000000,VFR,barnes,envelope,False
2026-04-30T02:07:21Z,38.088084,-75.158946,106.680000,37.449453,565.250000,3.007767,-1.531443,3.375201,153.016503,2.983226,-1.518947,3.347661,-1.456625,-3.044704,-8.899382,,13.972614,1009.187967,1.224467,8.275481,420000.000000,VFR,barnes,envelope,False
2026-04-30T02:07:31Z,38.089471,-75.157595,106.680000,37.449453,565.444444,3.016152,-1.541716,3.387339,152.926008,3.002713,-1.534846,3.372245,-1.457036,-3.057958,-8.937500,,13.969631,1009.185396,1.224477,8.272868,600000.000000,VFR,barnes,envelope,False
2026-04-30T02:07:41Z,38.090858,-75.156243,106.680000,37.449453,565.638889,3.024551,-1.551969,3.399488,152.836559,3.012273,-1.545669,3.385688,-1.457469,-3.071205,-8.975587,,13.966655,1009.182817,1.224486,8.270245,600000.000000,VFR,barnes,envelope,False
2026-04-30T02:07:51Z,38.092245,-75.154892,106.680000,37.449453,565.833333,3.032963,-1.562202,3.411648,152.748149,3.004587,-1.547587,3.379729,-1.457924,-3.084444,-9.013644,,13.963686,1009.180231,1.224496,8.267610,600000.000000,VFR,barnes,envelope,False
2026-04-30T02:08:01Z,38.093632,-75.153541,106.680000,37.449453,566.027778,3.041298,-1.573076,3.424042,152.650268,3.005569,-1.554595,3.383816,-1.457930,-3.098145,-9.053020,,13.960725,1009.177682,1.224505,8.265062,600000.000000,VFR,barnes,envelope,False
2026-04-30T02:08:11Z,38.095019,-75.152190,106.680000,37.449453,566.222222,3.048838,-1.589879,3.438478,152.459288,3.038527,-1.584502,3.426849,-1.453698,-3.116069,-9.104522,,13.957771,1009.175519,1.224515,8.263374,600000.000000,VFR,barnes,envelope,False
2026-04-30T02:08:21Z,38.096406,-75.150839,106.680000,37.449453,566.416667,3.056388,-1.606683,3.452961,152.269970,3.055030,-1.605970,3.451427,-1.449474,-3.134001,-9.156030,,13.954824,1009.173350,1.224525,8.261679,600000.000000,VFR,barnes,envelope,False
2026-04-30T02:08:31Z,38.097793,-75.149487,106.680000,37.449453,566.611111,3.063948,-1.623489,3.467491,152.082300,3.034912,-1.608104,3.434631,-1.445257,-3.151940,-9.207543,,13.951884,1009.171175,1.224535,8.259976,600000.000000,VFR,barnes,envelope,False
2026-04-30T02:08:41Z,38.099180,-75.148136,106.680000,37.449453,566.805556,3.071518,-1.640295,3.482067,151.896262,3.050583,-1.629115,3.458334,-1.441048,-3.169885,-9.259061,,13.948952,1009.168995,1.224545,8.258265,600000.000000,VFR,barnes,envelope,False
2026-04-30T02:08:51Z,38.100613,-75.146900,106.680000,16.507585,567.000000,3.079035,-1.657065,3.496615,151.711896,3.032315,-1.631921,3.443559,-2.481281,-2.463648,-7.221008,,13.946042,1009.166761,1.224555,8.256587,600000.000000,VFR,barnes,envelope,False
2026-04-30T02:09:01Z,38.102289,-75.146266,106.680000,16.507585,567.194444,3.086229,-1.673636,3.510821,151.529397,3.042891,-1.650134,3.461521,-2.483470,-2.481580,-7.273007,,13.943214,1009.164272,1.224564,8.255109,600000.000000,VFR,barnes,envelope,False
2026-04-30T02:09:11Z,38.103966,-75.145632,106.680000,16.507585,567.388889,3.093431,-1.690205,3.525069,151.348458,3.005447,-1.642132,3.424808,-2.485668,-2.499513,-7.324995,,13.940392,1009.161782,1.224573,8.253625,600000.000000,VFR,barnes,envelope,False
2026-04-30T02:09:21Z,38.105642,-75.144998,106.680000,16.507585,567.583333,3.100641,-1.706773,3.539357,151.169064,3.011870,-1.657908,3.438026,-2.487873,-2.517446,-7.376973,,13.937578,1009.159289,1.224582,8.252135,600000.000000,VFR,barnes,envelope,False
2026-04-30T02:09:31Z,38.107318,-75.144364,106.680000,16.507585,567.777778,3.107859,-1.723338,3.553685,150.991201,3.074939,-1.705084,3.516044,-2.490086,-2.535380,-7.428939,,13.934770,1009.156795,1.224591,8.250638,600000.000000,VFR,barnes,envelope,False
2026-04-30T02:09:41Z,38.108995,-75.143730,106.680000,16.507585,567.972222,3.115084,-1.739902,3.568053,150.814855,3.063886,-1.711306,3.509411,-2.492307,-2.553314,-7.480894,,13.931969,1009.154298,1.224600,8.249134,600000.000000,VFR,barnes,envelope,False
2026-04-30T02:09:51Z,38.110671,-75.143096,106.680000,16.507585,568.166667,3.122317,-1.756464,3.582461,150.640011,3.118276,-1.754190,3.577824,-2.494536,-2.571248,-7.532838,,13.929175,1009.151800,1.224608,8.247623,600000.000000,VFR,barnes,envelope,False
2026-04-30T02:10:01Z,38.112347,-75.142462,106.680000,16.507585,568.361111,3.128971,-1.771381,3.595587,150.484825,3.155106,-1.786176,3.625619,-2.496677,-2.587441,-7.579728,,14.163590,1009.149535,1.223607,8.248663,600000.000000,VFR,barnes,envelope,False
2026-04-30T02:10:11Z,38.114023,-75.141828,106.680000,16.507585,568.555556,3.130355,-1.771515,3.596858,150.493820,3.144591,-1.779572,3.613216,-2.497966,-2.587964,-7.581241,,14.161522,1009.149383,1.223615,8.272719,600000.000000,VFR,barnes,envelope,False
2026-04-30T02:10:21Z,38.115700,-75.141193,106.680000,16.507585,568.750000,3.131748,-1.771657,3.598140,150.502782,3.152709,-1.783515,3.622222,-2.499261,-2.588495,-7.582780,,14.159461,1009.149225,1.223624,8.296791,600000.000000,VFR,barnes,envelope,False
2026-04-30T02:10:31Z,38.117376,-75.140559,106.680000,16.507585,568.944444,3.133149,-1.771805,3.599432,150.511711,3.142263,-1.776959,3.609904,-2.500562,-2.589035,-7.584343,,14.157407,1009.149061,1.223632,8.320879,600000.000000,VFR,barnes,envelope,False
2026-04-30T02:10:41Z,38.119052,-75.139925,106.680000,16.507585,569.138889,3.134558,-1.771960,3.600735,150.520605,3.109467,-1.757776,3.571913,-2.501869,-2.589584,-7.585932,,14.155361,1009.148890,1.223641,8.344982,600000.000000,VFR,barnes,envelope,False
2026-04-30T02:10:51Z,38.120729,-75.139291,106.680000,16.507585,569.333333,3.135975,-1.772121,3.602048,150.529465,3.093960,-1.748378,3.553789,-2.503182,-2.590141,-7.587546,,14.153321,1009.148712,1.223649,8.369100,600000.000000,VFR,barnes,envelope,False
2026-04-30T02:11:01Z,38.122405,-75.138657,106.680000,16.507585,569.527778,3.137401,-1.772289,3.603372,150.538290,3.067323,-1.732703,3.522886,-2.504501,-2.590707,-7.589185,,14.151289,1009.148528,1.223658,8.393233,600000.000000,VFR,barnes,envelope,False
2026-04-30T02:11:11Z,38.124081,-75.138023,106.680000,16.507585,569.722222,3.138834,-1.772464,3.604706,150.547080,3.028218,-1.710000,3.477672,-2.505826,-2.591282,-7.590849,,14.149265,1009.148338,1.223666,8.417381,600000.000000,VFR,barnes,envelope,False
2026-04-30T02:11:21Z,38.125757,-75.137389,106.680000,16.507585,569.916667,3.140276,-1.772645,3.606051,150.555834,3.049345,-1.721316,3.501633,-2.507157,-2.591866,-7.592539,,14.147247,1009.148141,1.223674,8.441544,600000.000000,VFR,barnes,envelope,False
2026-04-30T02:11:31Z,38.127434,-75.136755,106.680000,16.507585,570.111111,3.141726,-1.772834,3.607407,150.564552,3.044570,-1.718009,3.495849,-2.508494,-2.592458,-7.594255,,14.145236,1009.147937,1.223683,8.465721,600000.000000,VFR,barnes,envelope,False
2026-04-30T02:11:41Z,38.129110,-75.136121,106.680000,16.507585,570.305556,3.143185,-1.773029,3.608773,150.573234,3.070603,-1.732086,3.525440,-2.509837,-2.593060,-7.595996,,14.143233,1009.147728,1.223691,8.489912,600000.000000,VFR,barnes,envelope,False
2026-04-30T02:11:51Z,38.130786,-75.135487,106.680000,16.507585,570.500000,3.144651,-1.773230,3.610149,150.581880,3.041497,-1.715063,3.491725,-2.511186,-2.593670,-7.597763,,14.141237,1009.147512,1.223699,8.514118,600000.000000,VFR,barnes,envelope,False
2026-04-30T02:12:01Z,38.132463,-75.134852,106.680000,16.507585,570.694444,3.146126,-1.773439,3.611537,150.590488,3.090099,-1.741857,3.547221,-2.512541,-2.594289,-7.599555,,14.139248,1009.147289,1.223708,8.538338,600000.000000,VFR,barnes,envelope,False
2026-04-30T02:12:11Z,38.134139,-75.134218,106.680000,16.507585,570.888889,3.147609,-1.773655,3.612935,150.599059,3.152692,-1.776519,3.618769,-2.513901,-2.594917,-7.601374,,14.137266,1009.147061,1.223716,8.562572,600000.000000,VFR,barnes,envelope,False
2026-04-30T02:12:21Z,38.135815,-75.133584,106.680000,16.507585,571.083333,3.149101,-1.773877,3.614343,150.607593,3.110240,-1.751987,3.569741,-2.515268,-2.595555,-7.603219,,14.135291,1009.146826,1.223724,8.586819,600000.000000,VFR,barnes,envelope,False
2026-04-30T02:12:31Z,38.137491,-75.132950,106.680000,16.507585,571.277778,3.150601,-1.774107,3.615763,150.616088,3.156195,-1.777257,3.622183,-2.516641,-2.596201,-7.605090,,14.133323,1009.146584,1.223732,8.611081,1000000.000000,VFR,barnes,envelope,False
2026-04-30T02:12:41Z,38.139168,-75.132316,106.680000,16.507585,571.472222,3.152109,-1.774343,3.617193,150.624544,3.202873,-1.802919,3.675447,-2.518020,-2.596856,-7.606987,,14.131362,1009.146337,1.223740,8.635356,1000000.000000,VFR,barnes,envelope,False
2026-04-30T02:12:51Z,38.140844,-75.131682,106.680000,16.507585,571.666667,3.153625,-1.774587,3.618634,150.632962,3.188924,-1.794450,3.659137,-2.519404,-2.597520,-7.608910,,14.129408,1009.146083,1.223748,8.659644,1000000.000000,VFR,barnes,envelope,False
2026-04-30T02:13:01Z,38.142520,-75.131048,106.680000,16.507585,571.861111,3.155150,-1.774837,3.620085,150.641341,3.158216,-1.776562,3.623603,-2.520795,-2.598194,-7.610859,,14.127462,1009.145823,1.223756,8.683945,1000000.000000,VFR,barnes,envelope,False
2026-04-30T02:13:11Z,38.144197,-75.130414,106.680000,16.507585,572.055556,3.156683,-1.775095,3.621548,150.649680,3.052043,-1.716253,3.501499,-2.522192,-2.598877,-7.612836,,14.125522,1009.145557,1.223764,8.708260,1000000.000000,VFR,barnes,envelope,False
2026-04-30T02:13:21Z,38.145873,-75.129780,106.680000,16.507585,572.250000,3.158224,-1.775360,3.623021,150.657979,3.018467,-1.696797,3.462696,-2.523594,-2.599568,-7.614838,,14.123589,1009.145284,1.223772,8.732587,1000000.000000,VFR,barnes,envelope,False
2026-04-30T02:13:31Z,38.147549,-75.129145,106.680000,16.507585,572.444444,3.159774,-1.775632,3.624506,150.666238,3.003534,-1.687833,3.445286,-2.525003,-2.600269,-7.616868,,14.121664,1009.145006,1.223780,8.756928,1000000.000000,VFR,barnes,envelope,False
2026-04-30T02:13:41Z,38.149226,-75.128511,106.680000,16.507585,572.638889,3.161332,-1.775911,3.626001,150.674456,3.058734,-1.718275,3.508322,-2.526418,-2.600980,-7.618924,,14.119745,1009.144721,1.223787,8.781281,1000000.000000,VFR,barnes,envelope,False
2026-04-30T02:13:51Z,38.150902,-75.127877,106.680000,16.507585,572.833333,3.162899,-1.776197,3.627507,150.682633,3.071835,-1.725058,3.523067,-2.527838,-2.601699,-7.621007,,14.117834,1009.144430,1.223795,8.805646,1000000.000000,VFR,barnes,envelope,False
2026-04-30T02:14:01Z,38.152578,-75.127243,106.680000,16.507585,573.027778,3.164160,-1.776645,3.628825,150.686217,3.084454,-1.731891,3.537414,-2.528920,-2.602487,-7.623287,,14.115929,1009.144194,1.223803,8.830024,1000000.000000,VFR,barnes,envelope,False
2026-04-30T02:14:11Z,38.154254,-75.126609,106.680000,16.507585,573.222222,3.162600,-1.778491,3.628370,150.648736,3.075990,-1.729786,3.529005,-2.526900,-2.603814,-7.627127,,14.114031,1009.144508,1.223812,8.854414,1000000.000000,VFR,barnes,envelope,False
2026-04-30T02:14:21Z,38.155931,-75.125975,106.680000,16.507585,573.416667,3.161041,-1.780348,3.627922,150.611107,3.062696,-1.724959,3.515052,-2.524877,-2.605151,-7.630999,,14.112141,1009.144816,1.223820,8.878816,1000000.000000,VFR,barnes,envelope,False
2026-04-30T02:14:31Z,38.157607,-75.125341,106.680000,16.507585,573.611111,3.159483,-1.782215,3.627482,150.573331,3.063312,-1.727967,3.517065,-2.522853,-2.606499,-7.634901,,14.110257,1009.145120,1.223828,8.903230,1000000.000000,VFR,barnes,envelope,False
2026-04-30T02:14:41Z,38.159283,-75.124707,106.680000,16.507585,573.805556,3.157927,-1.784094,3.627050,150.535408,3.017696,-1.704869,3.465988,-2.520828,-2.607858,-7.638835,,14.108380,1009.145420,1.223837,8.927656,1000000.000000,VFR,barnes,envelope,False
2026-04-30T02:14:51Z,38.160960,-75.124073,106.680000,16.507585,574.000000,3.156372,-1.785983,3.626627,150.497337,3.039883,-1.720069,3.492782,-2.518800,-2.609228,-7.642799,,14.106510,1009.145715,1.223845,8.952093,1000000.000000,VFR,barnes,envelope,False
2026-04-30T02:15:01Z,38.162636,-75.123438,106.680000,16.507585,574.194444,3.155405,-1.787926,3.626742,150.463093,3.051826,-1.729236,3.507691,-2.517320,-2.610816,-7.647396,,13.853447,1009.146031,1.224925,8.975687,1000000.000000,VFR,barnes,envelope,False
2026-04-30T02:15:11Z,38.164312,-75.122804,106.680000,16.507585,574.388889,3.159723,-1.790274,3.631656,150.464460,3.076468,-1.743102,3.535967,-2.520794,-2.614293,-7.657461,,13.851117,1009.146576,1.224935,8.991599,1000000.000000,VFR,barnes,envelope,False
2026-04-30T02:15:21Z,38.165988,-75.122170,106.680000,16.507585,574.583333,3.164064,-1.792645,3.636603,150.465667,3.194824,-1.810072,3.671956,-2.524282,-2.617801,-7.667613,,13.848794,1009.147111,1.224946,9.007530,1000000.000000,VFR,barnes,envelope,False
2026-04-30T02:15:31Z,38.167665,-75.121536,106.680000,16.507585,574.777778,3.168429,-1.795041,3.641581,150.466714,3.179163,-1.801123,3.653918,-2.527786,-2.621338,-7.677851,,13.846477,1009.147635,1.224956,9.023479,1000000.000000,VFR,barnes,envelope,False
2026-04-30T02:15:41Z,38.169341,-75.120902,106.680000,16.507585,574.972222,3.172817,-1.797462,3.646593,150.467602,3.133323,-1.775089,3.601202,-2.531305,-2.624906,-7.688176,,13.844167,1009.148148,1.224967,9.039446,1000000.000000,VFR,barnes,envelope,False
2026-04-30T02:15:51Z,38.171017,-75.120268,106.680000,16.507585,575.166667,3.177228,-1.799908,3.651636,150.468331,3.137187,-1.777225,3.605616,-2.534839,-2.628505,-7.698589,,13.841863,1009.148652,1.224977,9.055431,1000000.000000,VFR,barnes,envelope,False
2026-04-30T02:16:01Z,38.172694,-75.119634,106.680000,16.507585,575.361111,3.181663,-1.802379,3.656712,150.468900,3.190822,-1.807567,3.667240,-2.538389,-2.632133,-7.709090,,13.839565,1009.149144,1.224988,9.071435,1000000.000000,VFR,barnes,envelope,False
2026-04-30T02:16:11Z,38.174370,-75.119000,106.680000,16.507585,575.555556,3.186121,-1.804874,3.661821,150.469310,3.206890,-1.816639,3.685692,-2.541955,-2.635793,-7.719678,,13.837274,1009.149626,1.224998,9.087456,1000000.000000,VFR,barnes,envelope,False
2026-04-30T02:16:21Z,38.176046,-75.118366,106.680000,16.507585,575.750000,3.190602,-1.807394,3.666963,150.469561,3.194764,-1.809752,3.671746,-2.545535,-2.639482,-7.730354,,13.834990,1009.150098,1.225008,9.103495,1000000.000000,VFR,barnes,envelope,False
2026-04-30T02:16:31Z,38.177722,-75.117732,106.680000,16.507585,575.944444,3.195108,-1.809940,3.672138,150.469652,3.176372,-1.799327,3.650605,-2.549132,-2.643203,-7.741119,,13.832712,1009.150559,1.225019,9.119552,1000000.000000,VFR,barnes,envelope,False
2026-04-30T02:16:41Z,38.179399,-75.117097,106.680000,16.507585,576.138889,3.199637,-1.812510,3.677345,150.469584,3.175227,-1.798683,3.649291,-2.552744,-2.646954,-7.751972,,13.830440,1009.151009,1.225029,9.135627,1000000.000000,VFR,barnes,envelope,False
2026-04-30T02:16:51Z,38.181075,-75.116463,106.680000,16.507585,576.333333,3.204189,-1.815106,3.682586,150.469357,3.256972,-1.845006,3.743249,-2.556371,-2.650737,-7.762915,,13.828174,1009.151449,1.225039,9.151720,1000000.000000,VFR,barnes,envelope,False
2026-04-30T02:17:01Z,38.182751,-75.115829,106.680000,16.507585,576.527778,3.208277,-1.817905,3.687522,150.462821,3.197265,-1.811666,3.674866,-2.559495,-2.654582,-7.774037,,13.825915,1009.151830,1.225049,9.167758,1000000.000000,VFR,barnes,envelope,False
2026-04-30T02:17:11Z,38.184428,-75.115195,106.680000,16.507585,576.722222,3.207978,-1.822334,3.689448,150.400685,3.234873,-1.837613,3.720380,-2.557950,-2.658744,-7.786076,,13.823663,1009.151765,1.225059,9.183171,1000000.000000,VFR,barnes,envelope,False
2026-04-30T02:17:21Z,38.186104,-75.114561,106.680000,16.507585,576.916667,3.207684,-1.826796,3.691398,150.338225,3.227285,-1.837958,3.713955,-2.556401,-2.662938,-7.798207,,13.821416,1009.151687,1.225068,9.198599,1000000.000000,VFR,barnes,envelope,False
2026-04-30T02:17:31Z,38.187780,-75.113927,106.680000,16.507585,577.111111,3.207397,-1.831289,3.693374,150.275442,3.274623,-1.869673,3.770787,-2.554848,-2.667164,-7.810432,,13.819176,1009.151597,1.225078,9.214041,1000000.000000,VFR,barnes,envelope,False
2026-04-30T02:17:41Z,38.189456,-75.113293,106.680000,16.507585,577.305556,3.207115,-1.835815,3.695376,150.212337,3.237400,-1.853151,3.730272,-2.553292,-2.671423,-7.822749,,13.816942,1009.151495,1.225087,9.229498,1000000.000000,VFR,barnes,envelope,False
2026-04-30T02:17:51Z,38.191133,-75.112659,106.680000,16.507585,577.500000,3.206838,-1.840373,3.697403,150.148911,3.236201,-1.857224,3.731256,-2.551732,-2.675715,-7.835161,,13.814715,1009.151380,1.225096,9.244970,1000000.000000,VFR,barnes,envelope,False
2026-04-30T02:18:01Z,38.192809,-75.112025,106.680000,16.507585,577.694444,3.206568,-1.844963,3.699455,150.085165,3.252726,-1.871521,3.752708,-2.550168,-2.680040,-7.847666,,13.812494,1009.151254,1.225106,9.260456,1000000.000000,VFR,barnes,envelope,False
2026-04-30T02:18:11Z,38.194485,-75.111390,106.680000,16.507585,577.888889,3.206304,-1.849586,3.701534,150.021099,3.228909,-1.862626,3.727631,-2.548601,-2.684397,-7.860266,,13.810279,1009.151114,1.225115,9.275956,1000000.000000,VFR,barnes,envelope,False
2026-04-30T02:18:21Z,38.196162,-75.110756,106.680000,16.507585,578.083333,3.206045,-1.854242,3.703639,149.956715,3.248655,-1.878885,3.752861,-2.547030,-2.688787,-7.872960,,13.808070,1009.150963,1.225124,9.291471,1000000.000000,VFR,barnes,envelope,False
2026-04-30T02:18:31Z,38.197838,-75.110122,106.680000,16.507585,578.277778,3.205793,-1.858930,3.705770,149.892013,3.250781,-1.885017,3.757774,-2.545456,-2.693210,-7.885749,,13.805868,1009.150799,1.225133,9.307001,1000000.000000,VFR,barnes,envelope,False
2026-04-30T02:18:41Z,38.199514,-75.109488,106.680000,16.507585,578.472222,3.205546,-1.863651,3.707927,149.826996,3.188123,-1.853521,3.687773,-2.543879,-2.697667,-7.898633,,13.803671,1009.150623,1.225143,9.322544,1000000.000000,VFR,barnes,envelope,False
2026-04-30T02:18:51Z,38.201190,-75.108854,106.680000,16.507585,578.666667,3.205306,-1.868405,3.710111,149.761663,3.207784,-1.869850,3.712980,-2.542297,-2.702156,-7.911611,,13.801482,1009.150434,1.225152,9.338102,1000000.000000,VFR,barnes,envelope,False
2026-04-30T02:19:01Z,38.202867,-75.108220,106.680000,16.507585,578.861111,3.205072,-1.873192,3.712322,149.696015,3.221760,-1.882945,3.731651,-2.540712,-2.706679,-7.924686,,13.799298,1009.150233,1.225161,9.353674,1000000.000000,VFR,barnes,envelope,False
2026-04-30T02:19:11Z,38.204543,-75.107586,106.680000,16.507585,579.055556,3.204843,-1.878011,3.714559,149.630055,3.179649,-1.863248,3.685358,-2.539124,-2.711235,-7.937856,,13.797120,1009.150020,1.225170,9.369260,1000000.000000,VFR,barnes,envelope,False
2026-04-30T02:19:21Z,38.206219,-75.106952,106.680000,16.507585,579.250000,3.204621,-1.882864,3.716823,149.563782,3.094302,-1.818047,3.588872,-2.537532,-2.715825,-7.951121,,13.794949,1009.149795,1.225179,9.384860,1000000.000000,VFR,barnes,envelope,False
2026-04-30T02:19:31Z,38.207896,-75.106318,106.680000,16.507585,579.444444,3.204405,-1.887750,3.719115,149.497199,3.067047,-1.806831,3.559693,-2.535937,-2.720448,-7.964483,,13.792784,1009.149557,1.225188,9.400473,1000000.000000,VFR,barnes,envelope,False
2026-04-30T02:19:41Z,38.209572,-75.105683,106.680000,16.507585,579.638889,3.204196,-1.892669,3.721434,149.430305,3.175849,-1.875926,3.688511,-2.534338,-2.725105,-7.977941,,13.790625,1009.149307,1.225197,9.416101,1000000.000000,VFR,barnes,envelope,False
2026-04-30T02:19:51Z,38.211248,-75.105049,106.680000,16.507585,579.833333,3.203992,-1.897622,3.723780,149.363103,3.124174,-1.850348,3.631012,-2.532736,-2.729796,-7.991496,,13.788472,1009.149045,1.225206,9.431742,1000000.000000,VFR,barnes,envelope,False
2026-04-30T02:20:01Z,38.212925,-75.104415,106.680000,16.507585,580.027778,3.202913,-1.901110,3.724631,149.308477,3.153906,-1.872021,3.667641,-2.530710,-2.732833,-8.000274,,13.786287,1009.148723,1.225215,9.445820,1000000.000000,VFR,barnes,envelope,False
2026-04-30T02:20:11Z,38.214601,-75.103781,106.680000,16.507585,580.222222,3.193912,-1.891132,3.711800,149.369999,3.179637,-1.882680,3.695210,-2.524915,-2.720709,-7.965238,,13.783770,1009.147969,1.225224,9.445709,1000000.000000,VFR,barnes,envelope,False
2026-04-30T02:20:21Z,38.216277,-75.103147,106.680000,16.507585,580.416667,3.184934,-1.881155,3.698993,149.432135,3.260521,-1.925799,3.786779,-2.519143,-2.708592,-7.930215,,13.781257,1009.147209,1.225234,9.445600,1000000.000000,VFR,barnes,envelope,False
2026-04-30T02:20:31Z,38.217953,-75.102513,106.680000,16.507585,580.611111,3.175980,-1.871177,3.686211,149.494893,3.137779,-1.848670,3.641873,-2.513393,-2.696481,-7.895204,,13.778750,1009.146443,1.225244,9.445493,1000000.000000,VFR,barnes,envelope,False
2026-04-30T02:20:41Z,38.219630,-75.101879,106.680000,16.507585,580.805556,3.167049,-1.861198,3.673454,149.558277,3.116623,-1.831564,3.614964,-2.507665,-2.684376,-7.860207,,13.776247,1009.145671,1.225254,9.445388,1000000.000000,VFR,barnes,envelope,False
2026-04-30T02:20:51Z,38.221306,-75.101245,106.680000,16.507585,581.000000,3.158143,-1.851220,3.660721,149.622294,3.222498,-1.888943,3.735318,-2.501961,-2.672278,-7.825222,,13.773749,1009.144894,1.225263,9.445284,1000000.000000,VFR,barnes,envelope,False
2026-04-30T02:21:01Z,38.222982,-75.100611,106.680000,16.507585,581.194444,3.149259,-1.841241,3.648014,149.686948,3.195929,-1.868527,3.702074,-2.496279,-2.660187,-7.790250,,13.771257,1009.144110,1.225273,9.445182,1000000.000000,VFR,barnes,envelope,False
2026-04-30T02:21:11Z,38.224659,-75.099977,106.680000,16.507585,581.388889,3.140400,-1.831262,3.635331,149.752245,3.098880,-1.807050,3.587267,-2.490620,-2.648102,-7.755292,,13.768769,1009.143320,1.225283,9.445081,1000000.000000,VFR,barnes,envelope,False
2026-04-30T02:21:21Z,38.226335,-75.099342,106.680000,16.507585,581.583333,3.131565,-1.821283,3.622674,149.818191,3.192229,-1.856565,3.692852,-2.484985,-2.636024,-7.720347,,13.766286,1009.142524,1.225292,9.444982,1000000.000000,VFR,barnes,envelope,False
2026-04-30T02:21:31Z,38.228011,-75.098708,106.680000,16.507585,581.777778,3.122753,-1.811304,3.610043,149.884793,3.134452,-1.818090,3.623568,-2.479372,-2.623952,-7.685416,,13.763808,1009.141722,1.225302,9.444885,1000000.000000,VFR,barnes,envelope,False
2026-04-30T02:21:41Z,38.229687,-75.098074,106.680000,16.507585,581.972222,3.113966,-1.801325,3.597437,149.952055,3.084033,-1.784010,3.562858,-2.473782,-2.611888,-7.650499,,13.761335,1009.140914,1.225312,9.444790,1000000.000000,VFR,barnes,envelope,False
2026-04-30T02:21:51Z,38.231364,-75.097440,106.680000,16.507585,582.166667,3.105203,-1.791346,3.584858,150.019984,3.146774,-1.815328,3.632850,-2.468216,-2.599830,-7.615595,,13.758867,1009.140100,1.225321,9.444696,1000000.000000,VFR,barnes,envelope,False
2026-04-30T02:22:01Z,38.233040,-75.096806,106.680000,16.507585,582.361111,3.096464,-1.781367,3.572304,150.088585,3.103060,-1.785161,3.579914,-2.462673,-2.587779,-7.580706,,13.756403,1009.139281,1.225331,9.444604,1000000.000000,VFR,barnes,envelope,False
2026-04-30T02:22:11Z,38.234716,-75.096172,106.680000,16.507585,582.555556,3.087749,-1.771387,3.559777,150.157864,3.269360,-1.875575,3.769151,-2.457153,-2.575735,-7.545831,,13.753945,1009.138455,1.225340,9.444514,1000000.000000,VFR,barnes,envelope,False
2026-04-30T02:22:21Z,38.236393,-75.095538,106.680000,16.507585,582.750000,3.079059,-1.761408,3.547276,150.227828,3.166789,-1.811595,3.648346,-2.451656,-2.563698,-7.510971,,13.751491,1009.137624,1.225350,9.444426,1000000.000000,VFR,barnes,envelope,False
2026-04-30T02:22:31Z,38.238069,-75.094904,106.680000,16.507585,582.944444,3.070393,-1.751429,3.534801,150.298483,3.214104,-1.833405,3.700248,-2.446183,-2.551668,-7.476126,,13.749043,1009.136786,1.225359,9.444339,1000000.000000,VFR,barnes,envelope,False
2026-04-30T02:22:41Z,38.239745,-75.094270,106.680000,16.507585,583.138889,3.061752,-1.741450,3.522354,150.369834,3.187061,-1.812723,3.666513,-2.440734,-2.539644,-7.441295,,13.746599,1009.135943,1.225369,9.444254,1000000.000000,VFR,barnes,envelope,False
2026-04-30T02:22:51Z,38.241421,-75.093635,106.680000,16.507585,583.333333,3.053135,-1.731471,3.509933,150.441888,3.036878,-1.722252,3.491243,-2.435308,-2.527628,-7.406479,,13.744160,1009.135094,1.225378,9.444171,1000000.000000,VFR,barnes,envelope,False
2026-04-30T02:23:01Z,38.243098,-75.093001,106.680000,16.507585,583.527778,3.044544,-1.721492,3.497539,150.514651,3.140958,-1.776008,3.608299,-2.429905,-2.515620,-7.371679,,13.741726,1009.134239,1.225387,9.444089,1000000.000000,VFR,barnes,envelope,False
2026-04-30T02:23:11Z,38.244774,-75.092367,106.680000,16.507585,583.722222,3.035976,-1.711514,3.485173,150.588128,3.058278,-1.724086,3.510775,-2.424527,-2.503618,-7.336894,,13.739296,1009.133378,1.225397,9.444009,1000000.000000,VFR,barnes,envelope,False
2026-04-30T02:23:21Z,38.246450,-75.091733,106.680000,16.507585,583.916667,3.027434,-1.701535,3.472835,150.662328,3.182932,-1.788931,3.651209,-2.419172,-2.491624,-7.302124,,13.736872,1009.132512,1.225406,9.443931,1000000.000000,VFR,barnes,envelope,False
2026-04-30T02:23:31Z,38.248127,-75.091099,106.680000,16.507585,584.111111,3.018917,-1.691557,3.460524,150.737255,3.122443,-1.749565,3.579193,-2.413841,-2.479636,-7.267371,,13.734452,1009.131639,1.225415,9.443855,1000000.000000,VFR,barnes,envelope,False
2026-04-30T02:23:41Z,38.249803,-75.090465,106.680000,16.507585,584.305556,3.010424,-1.681579,3.448241,150.812916,3.153604,-1.761557,3.612243,-2.408534,-2.467657,-7.232633,,13.732037,1009.130761,1.225424,9.443780,1000000.000000,VFR,barnes,envelope,False
2026-04-30T02:23:51Z,38.251479,-75.089831,106.680000,16.507585,584.500000,3.001957,-1.671601,3.435986,150.889318,3.068556,-1.708686,3.512213,-2.403250,-2.455684,-7.197911,,13.729627,1009.129877,1.225434,9.443707,1000000.000000,VFR,barnes,envelope,False
2026-04-30T02:24:01Z,38.253155,-75.089197,106.680000,16.507585,584.694444,2.993577,-1.661605,3.423804,150.967241,3.032625,-1.683279,3.468464,-2.398056,-2.443719,-7.163205,,13.727222,1009.128987,1.225443,9.443636,1000000.000000,VFR,barnes,envelope,False
2026-04-30T02:24:11Z,38.254832,-75.088563,106.680000,16.507585,584.888889,2.985783,-1.651444,3.412062,151.052911,3.045961,-1.684729,3.480832,-2.393470,-2.431762,-7.128517,,13.724822,1009.128092,1.225452,9.443567,1000000.000000,VFR,barnes,envelope,False
2026-04-30T02:24:21Z,38.256508,-75.087928,106.680000,16.507585,585.083333,2.978014,-1.641283,3.400349,151.139369,2.977223,-1.640847,3.399446,-2.388908,-2.419812,-7.093845,,13.722426,1009.127190,1.225461,9.443499,1000000.000000,VFR,barnes,envelope,False
2026-04-30T02:24:31Z,38.258184,-75.087294,106.680000,16.507585,585.277778,2.970269,-1.631123,3.388667,151.226620,2.957655,-1.624196,3.374276,-2.384370,-2.407870,-7.059190,,13.720035,1009.126283,1.225470,9.443433,1000000.000000,VFR,barnes,envelope,False
2026-04-30T02:24:41Z,38.259861,-75.086660,106.680000,16.507585,585.472222,2.962550,-1.620963,3.377014,151.314671,2.910016,-1.592219,3.317130,-2.379856,-2.395936,-7.024552,,13.717649,1009.125371,1.225479,9.443369,1000000.000000,VFR,barnes,envelope,False
2026-04-30T02:24:51Z,38.261537,-75.086026,106.680000,16.507585,585.666667,2.954856,-1.610804,3.365392,151.403529,2.898727,-1.580206,3.301464,-2.375365,-2.384009,-6.989931,,13.715267,1009.124452,1.225488,9.443307,1000000.000000,VFR,barnes,envelope,False
2026-04-30T02:25:01Z,38.263213,-75.085392,106.680000,16.507585,585.861111,2.947958,-1.601956,3.355103,151.479801,2.907176,-1.579795,3.308689,-2.371266,-2.373567,-6.959614,,13.712891,1009.123386,1.225497,9.442805,1000000.000000,VFR,barnes,envelope,False
2026-04-30T02:25:11Z,38.264889,-75.084758,106.680000,16.507585,586.055556,2.948020,-1.604914,3.356571,151.435956,2.873275,-1.564222,3.271467,-2.370485,-2.376420,-6.967898,,13.710519,1009.121032,1.225505,9.438327,1000000.000000,VFR,barnes,envelope,False
2026-04-30T02:25:21Z,38.266566,-75.084124,106.680000,16.507585,586.250000,2.948102,-1.607870,3.358057,151.392312,2.842024,-1.550017,3.237229,-2.369723,-2.379278,-6.976195,,13.708152,1009.118673,1.225512,9.433849,1000000.000000,VFR,barnes,envelope,False
2026-04-30T02:25:31Z,38.268242,-75.083490,106.680000,16.507585,586.444444,2.948202,-1.610826,3.359562,151.348869,2.857159,-1.561083,3.255816,-2.368979,-2.382140,-6.984506,,13.705789,1009.116309,1.225519,9.429369,1000000.000000,VFR,barnes,envelope,False
2026-04-30T02:25:41Z,38.269918,-75.082856,106.680000,16.507585,586.638889,2.948320,-1.613782,3.361084,151.305630,2.775355,-1.519108,3.163904,-2.368253,-2.385008,-6.992830,,13.703432,1009.113940,1.225526,9.424888,1000000.000000,VFR,barnes,envelope,False
2026-04-30T02:25:51Z,38.271595,-75.082222,106.680000,16.507585,586.833333,2.948458,-1.616736,3.362624,151.262594,2.859507,-1.567962,3.261178,-2.367546,-2.387880,-7.001167,,13.701079,1009.111566,1.225533,9.420405,1000000.000000,VFR,barnes,envelope,False
2026-04-30T02:26:01Z,38.273271,-75.081587,106.680000,16.507585,587.027778,2.948615,-1.619690,3.364183,151.219762,2.866614,-1.574647,3.270625,-2.366856,-2.390756,-7.009517,,13.698731,1009.109186,1.225541,9.415922,1000000.000000,VFR,barnes,envelope,False
2026-04-30T02:26:11Z,38.274947,-75.080953,106.680000,16.507585,587.222222,2.948790,-1.622644,3.365759,151.177136,2.853653,-1.570292,3.257170,-2.366185,-2.393638,-7.017881,,13.696387,1009.106802,1.225548,9.411437,1000000.000000,VFR,barnes,envelope,False
2026-04-30T02:26:21Z,38.276623,-75.080319,106.680000,16.507585,587.416667,2.948984,-1.625596,3.367354,151.134716,2.867368,-1.580606,3.274158,-2.365533,-2.396524,-7.026258,,13.694048,1009.104413,1.225555,9.406951,1000000.000000,VFR,barnes,envelope,False
2026-04-30T02:26:31Z,38.278300,-75.079685,106.680000,16.507585,587.611111,2.949197,-1.628548,3.368966,151.092502,2.899599,-1.601160,3.312308,-2.364898,-2.399414,-7.034648,,13.691714,1009.102018,1.225562,9.402464,1000000.000000,VFR,barnes,envelope,False
2026-04-30T02:26:41Z,38.279976,-75.079051,106.680000,16.507585,587.805556,2.949429,-1.631499,3.370597,151.050496,2.880097,-1.593147,3.291364,-2.364282,-2.402310,-7.043051,,13.689384,1009.099619,1.225569,9.397976,1000000.000000,VFR,barnes,envelope,False
2026-04-30T02:26:51Z,38.281652,-75.078417,106.680000,16.507585,588.000000,2.949680,-1.634449,3.372245,151.008699,2.947013,-1.632971,3.369196,-2.363685,-2.405210,-7.051468,,13.687060,1009.097215,1.225576,9.393486,1000000.000000,VFR,barnes,envelope,False
2026-04-30T02:27:01Z,38.283329,-75.077783,106.680000,16.507585,588.194444,2.948955,-1.637575,3.373128,150.956288,2.945573,-1.635697,3.369259,-2.362101,-2.408001,-7.059568,,13.684739,1009.094898,1.225583,9.388928,1000000.000000,VFR,barnes,envelope,False
2026-04-30T02:27:11Z,38.285005,-75.077149,106.680000,16.507585,588.388889,2.939275,-1.642291,3.366966,150.806155,2.919340,-1.631152,3.344130,-2.351480,-2.409772,-7.064708,,13.682424,1009.093408,1.225591,9.383754,1000000.000000,VFR,barnes,envelope,False
2026-04-30T02:27:21Z,38.286681,-75.076515,106.680000,16.507585,588.583333,2.929579,-1.647013,3.360816,150.655261,2.897690,-1.629084,3.324232,-2.340843,-2.411544,-7.069850,,13.680113,1009.091918,1.225599,9.378576,1000000.000000,VFR,barnes,envelope,False
2026-04-30T02:27:31Z,38.288358,-75.075880,106.680000,16.507585,588.777778,2.919868,-1.651739,3.354679,150.503602,2.961083,-1.675054,3.402032,-2.330188,-2.413316,-7.074994,,13.677807,1009.090425,1.225607,9.373395,950000.000000,VFR,barnes,envelope,False
2026-04-30T02:27:41Z,38.290034,-75.075246,106.680000,16.507585,588.972222,2.910140,-1.656472,3.348554,150.351176,2.938633,-1.672690,3.381339,-2.319517,-2.415089,-7.080139,,13.675505,1009.088931,1.225615,9.368211,950000.000000,VFR,barnes,envelope,False
2026-04-30T02:27:51Z,38.291710,-75.074612,106.680000,16.507585,589.166667,2.900397,-1.661209,3.342442,150.197979,2.964070,-1.697677,3.415819,-2.308829,-2.416863,-7.085286,,13.673208,1009.087435,1.225623,9.363023,950000.000000,VFR,barnes,envelope,False
2026-04-30T02:28:01Z,38.293386,-75.073978,106.680000,16.507585,589.361111,2.891393,-1.665989,3.337015,150.049922,2.895406,-1.668301,3.341647,-2.298838,-2.418887,-7.091161,,13.670916,1009.085741,1.225631,9.357713,950000.000000,VFR,barnes,envelope,False
2026-04-30T02:28:11Z,38.295063,-75.073344,106.680000,16.507585,589.555556,2.889172,-1.671110,3.337653,149.954721,2.897088,-1.675688,3.346797,-2.295254,-2.423166,-7.103577,,13.668628,1009.082273,1.225636,9.351326,950000.000000,VFR,barnes,envelope,False
2026-04-30T02:28:21Z,38.296739,-75.072710,106.680000,16.507585,589.750000,2.886951,-1.676237,3.338301,149.859457,2.851359,-1.655572,3.297145,-2.291667,-2.427451,-7.116009,,13.666345,1009.078800,1.225642,9.344933,950000.000000,VFR,barnes,envelope,False
2026-04-30T02:28:31Z,38.298415,-75.072076,106.680000,16.507585,589.944444,2.884728,-1.681370,3.338961,149.764130,2.895195,-1.687471,3.351076,-2.288077,-2.431741,-7.128455,,13.664066,1009.075321,1.225648,9.338535,950000.000000,VFR,barnes,envelope,False
2026-04-30T02:28:41Z,38.300092,-75.071442,106.680000,16.507585,590.138889,2.882504,-1.686509,3.339632,149.668741,2.894532,-1.693547,3.353568,-2.284484,-2.436036,-7.140917,,13.661792,1009.071837,1.225653,9.332131,950000.000000,VFR,barnes,envelope,False
2026-04-30T02:28:51Z,38.301768,-75.070808,106.680000,16.507585,590.333333,2.880278,-1.691654,3.340314,149.573291,2.890676,-1.697761,3.352372,-2.280889,-2.440337,-7.153393,,13.659523,1009.068347,1.225658,9.325722,950000.000000,VFR,barnes,envelope,False
2026-04-30T02:29:01Z,38.303444,-75.070173,106.680000,16.507585,590.527778,2.878051,-1.696806,3.341007,149.477780,2.910652,-1.716026,3.378852,-2.277290,-2.444643,-7.165884,,13.657258,1009.064853,1.225664,9.319307,950000.000000,VFR,barnes,envelope,False
2026-04-30T02:29:11Z,38.305120,-75.069539,106.680000,16.507585,590.722222,2.875823,-1.701963,3.341711,149.382209,2.865782,-1.696020,3.330044,-2.273688,-2.448954,-7.178390,,13.654998,1009.061353,1.225669,9.312887,950000.000000,VFR,barnes,envelope,False
2026-04-30T02:29:21Z,38.306797,-75.068905,106.680000,16.507585,590.916667,2.873594,-1.707126,3.342427,149.286578,2.873947,-1.707336,3.342839,-2.270084,-2.453271,-7.190911,,13.652742,1009.057848,1.225675,9.306462,950000.000000,VFR,barnes,envelope,False
2026-04-30T02:29:31Z,38.308473,-75.068271,106.680000,16.507585,591.111111,2.871363,-1.712295,3.343154,149.190888,2.900028,-1.729389,3.376528,-2.266476,-2.457593,-7.203447,,13.650491,1009.054338,1.225680,9.300031,950000.000000,VFR,barnes,envelope,False
2026-04-30T02:29:41Z,38.310149,-75.067637,106.680000,16.507585,591.305556,2.869130,-1.717470,3.343891,149.095140,2.943849,-1.762197,3.430974,-2.262865,-2.461920,-7.215997,,13.648244,1009.050823,1.225685,9.293595,950000.000000,VFR,barnes,envelope,False
2026-04-30T02:29:51Z,38.311826,-75.067003,106.680000,16.507585,591.500000,2.866896,-1.722650,3.344640,148.999335,2.937221,-1.764907,3.426684,-2.259251,-2.466253,-7.228562,,13.646002,1009.047303,1.225691,9.287153,950000.000000,VFR,barnes,envelope,False
2026-04-30T02:30:01Z,38.313502,-75.066369,106.680000,16.507585,591.694444,2.865669,-1.728545,3.346629,148.902014,2.947696,-1.778022,3.442423,-2.256399,-2.471555,-7.243938,,13.643774,1009.043876,1.225696,9.280929,950000.000000,VFR,barnes,envelope,False
2026-04-30T02:30:11Z,38.315178,-75.065735,106.680000,16.507585,591.888889,2.873499,-1.740814,3.359677,148.791814,2.935380,-1.778303,3.432028,-2.260420,-2.485543,-7.284497,,13.641629,1009.041333,1.225702,9.276708,950000.000000,VFR,barnes,envelope,False
2026-04-30T02:30:21Z,38.316854,-75.065101,106.680000,16.507585,592.083333,2.881304,-1.753093,3.372721,148.682106,2.864797,-1.743050,3.353399,-2.264415,-2.499535,-7.325057,,13.639487,1009.038780,1.225708,9.272483,950000.000000,VFR,barnes,envelope,False
2026-04-30T02:30:31Z,38.318531,-75.064467,106.680000,16.507585,592.277778,2.889085,-1.765383,3.385763,148.572882,2.898424,-1.771089,3.396707,-2.268383,-2.513528,-7.365618,,13.637350,1009.036218,1.225714,9.268253,950000.000000,VFR,barnes,envelope,False
2026-04-30T02:30:41Z,38.320207,-75.063832,106.680000,16.507585,592.472222,2.896842,-1.777682,3.398801,148.464135,2.899894,-1.779555,3.402382,-2.272325,-2.527525,-7.406180,,13.635217,1009.033647,1.225720,9.264020,950000.000000,VFR,barnes,envelope,False
2026-04-30T02:30:51Z,38.321883,-75.063198,106.680000,16.507585,592.666667,2.904574,-1.789992,3.411835,148.355859,2.848948,-1.755712,3.346495,-2.276241,-2.541524,-7.446742,,13.633087,1009.031066,1.225726,9.259783,950000.000000,VFR,barnes,envelope,False
2026-04-30T02:31:01Z,38.323560,-75.062564,106.680000,16.507585,592.861111,2.912281,-1.802312,3.424867,148.248047,2.871734,-1.777218,3.377182,-2.280130,-2.555527,-7.487304,,13.630961,1009.028476,1.225732,9.255542,950000.000000,VFR,barnes,envelope,False
2026-04-30T02:31:11Z,38.325236,-75.061930,106.680000,16.507585,593.055556,2.919964,-1.814642,3.437894,148.140694,2.885369,-1.793142,3.397162,-2.283993,-2.569531,-7.527867,,13.628840,1009.025876,1.225738,9.251298,950000.000000,VFR,barnes,envelope,False
2026-04-30T02:31:21Z,38.326912,-75.061296,106.680000,16.507585,593.250000,2.927623,-1.826982,3.450918,148.033791,2.853258,-1.780574,3.363261,-2.287829,-2.583539,-7.568429,,13.626721,1009.023268,1.225744,9.247049,950000.000000,VFR,barnes,envelope,False
2026-04-30T02:31:31Z,38.328588,-75.060662,106.680000,16.507585,593.444444,2.935256,-1.839332,3.463938,147.927335,2.873598,-1.800695,3.391175,-2.291639,-2.597549,-7.608991,,13.624607,1009.020650,1.225750,9.242797,950000.000000,VFR,barnes,envelope,False
2026-04-30T02:31:41Z,38.330265,-75.060028,106.680000,16.507585,593.638889,2.942864,-1.851692,3.476954,147.821317,2.899986,-1.824712,3.426294,-2.295422,-2.611561,-7.649553,,13.622497,1009.018022,1.225756,9.238541,950000.000000,VFR,barnes,envelope,False
2026-04-30T02:31:51Z,38.331941,-75.059394,106.680000,16.507585,593.833333,2.950448,-1.864062,3.489967,147.715734,2.878032,-1.818310,3.404309,-2.299178,-2.625576,-7.690115,,13.620390,1009.015386,1.225761,9.234281,950000.000000,VFR,barnes,envelope,False
2026-04-30T02:32:01Z,38.333617,-75.058760,106.680000,16.507585,594.027778,2.958006,-1.876442,3.502975,147.610577,2.919916,-1.852279,3.457867,-2.302907,-2.639593,-7.730675,,13.618287,1009.012740,1.225767,9.230017,950000.000000,VFR,barnes,envelope,False
2026-04-30T02:32:11Z,38.335294,-75.058125,106.680000,16.507585,594.222222,2.965539,-1.888832,3.515979,147.505842,2.902177,-1.848475,3.440856,-2.306609,-2.653613,-7.771235,,13.616188,1009.010085,1.225773,9.225749,950000.000000,VFR,barnes,envelope,False
2026-04-30T02:32:21Z,38.336970,-75.057491,106.680000,16.507585,594.416667,2.973047,-1.901232,3.528979,147.401522,2.893154,-1.850141,3.434147,-2.310284,-2.667635,-7.811794,,13.614093,1009.007421,1.225779,9.221478,950000.000000,VFR,barnes,envelope,False
2026-04-30T02:32:31Z,38.338646,-75.056857,106.680000,16.507585,594.611111,2.980530,-1.913641,3.541974,147.297613,2.888341,-1.854452,3.432420,-2.313932,-2.681660,-7.852352,,13.612001,1009.004748,1.225784,9.217203,900000.000000,VFR,barnes,envelope,False
2026-04-30T02:32:41Z,38.340322,-75.056223,106.680000,16.507585,594.805556,2.987987,-1.926061,3.554965,147.194108,2.805080,-1.808159,3.337352,-2.317553,-2.695687,-7.892908,,13.609913,1009.002065,1.225790,9.212924,900000.000000,VFR,barnes,envelope,False
2026-04-30T02:32:51Z,38.341999,-75.055589,106.680000,16.507585,595.000000,2.995419,-1.938491,3.567952,147.091002,2.837964,-1.836593,3.380401,-2.321147,-2.709716,-7.933463,,13.607829,1008.999374,1.225796,9.208642,900000.000000,VFR,barnes,envelope,False
2026-04-30T02:33:01Z,38.343675,-75.054955,106.680000,16.507585,595.194444,3.002825,-1.950930,3.580934,146.988290,2.913180,-1.892688,3.474030,-2.324714,-2.723747,-7.974016,,13.605749,1008.996673,1.225801,9.204356,900000.000000,VFR,barnes,envelope,False
2026-04-30T02:33:11Z,38.345351,-75.054321,106.680000,16.507585,595.388889,3.010206,-1.963380,3.593911,146.885965,2.921917,-1.905794,3.488502,-2.328253,-2.737780,-8.014567,,13.603673,1008.993963,1.225807,9.200066,900000.000000,VFR,barnes,envelope,False
2026-04-30T02:33:21Z,38.347028,-75.053687,106.680000,16.507585,595.583333,3.017561,-1.975839,3.606884,146.784024,2.945731,-1.928805,3.521025,-2.331764,-2.751815,-8.055117,,13.601600,1008.991244,1.225812,9.195772,900000.000000,VFR,barnes,envelope,False
2026-04-30T02:33:31Z,38.348704,-75.053053,106.680000,16.507585,595.777778,3.024890,-1.988307,3.619852,146.682460,2.905540,-1.909857,3.477027,-2.335249,-2.765853,-8.095664,,13.599531,1008.988516,1.225818,9.191475,900000.000000,VFR,barnes,envelope,False
2026-04-30T02:33:41Z,38.350380,-75.052418,106.680000,16.507585,595.972222,3.032194,-2.000786,3.632815,146.581268,2.893765,-1.909444,3.466966,-2.338705,-2.779892,-8.136209,,13.597466,1008.985779,1.225823,9.187174,900000.000000,VFR,barnes,envelope,False
2026-04-30T02:33:51Z,38.352056,-75.051784,106.680000,16.507585,596.166667,3.039471,-2.013275,3.645773,146.480443,2.920165,-1.934249,3.502668,-2.342134,-2.793934,-8.176751,,13.595405,1008.983033,1.225829,9.182870,900000.000000,VFR,barnes,envelope,False
2026-04-30T02:34:01Z,38.353733,-75.051150,106.680000,16.507585,596.361111,3.046723,-2.025773,3.658726,146.379981,2.949344,-1.961025,3.541787,-2.345536,-2.807977,-8.217291,,13.593347,1008.980277,1.225834,9.178562,900000.000000,VFR,barnes,envelope,False
2026-04-30T02:34:11Z,38.355409,-75.050516,106.680000,16.507585,596.555556,3.053948,-2.038280,3.671674,146.279875,2.997735,-2.000762,3.604090,-2.348909,-2.822023,-8.257828,,13.591293,1008.977513,1.225840,9.174250,900000.000000,VFR,barnes,envelope,False
2026-04-30T02:34:21Z,38.357085,-75.049882,106.680000,16.507585,596.750000,3.061148,-2.050798,3.684616,146.180123,3.013344,-2.018772,3.627076,-2.352255,-2.836070,-8.298362,,13.589243,1008.974740,1.225845,9.169935,900000.000000,VFR,barnes,envelope,False
2026-04-30T02:34:31Z,38.358762,-75.049248,106.680000,16.507585,596.944444,3.068321,-2.063325,3.697554,146.080717,2.969685,-1.996996,3.578690,-2.355573,-2.850119,-8.338893,,13.587197,1008.971957,1.225851,9.165617,900000.000000,VFR,barnes,envelope,False
2026-04-30T02:34:41Z,38.360438,-75.048614,106.680000,16.507585,597.138889,3.075468,-2.075862,3.710486,145.981655,2.948465,-1.990139,3.557260,-2.358863,-2.864170,-8.379421,,13.585154,1008.969166,1.225856,9.161294,900000.000000,VFR,barnes,envelope,False
2026-04-30T02:34:51Z,38.362114,-75.047980,106.680000,16.507585,597.333333,3.082588,-2.088409,3.723412,145.882931,2.992312,-2.027248,3.614370,-2.362125,-2.878222,-8.419945,,13.583115,1008.966366,1.225861,9.156969,900000.000000,VFR,barnes,envelope,False
2026-04-30T02:35:01Z,38.363791,-75.047346,106.680000,16.507585,597.527778,3.089211,-2.100709,3.735800,145.783720,3.011541,-2.047892,3.641873,-2.364980,-2.891898,-8.459373,,13.581080,1008.963292,1.225866,9.153089,900000.000000,VFR,barnes,envelope,False
2026-04-30T02:35:11Z,38.365467,-75.046711,106.680000,16.507585,597.722222,3.091587,-2.110715,3.743398,145.677533,3.077241,-2.100920,3.726027,-2.364415,-2.902166,-8.488973,,13.579048,1008.957832,1.225868,9.153254,900000.000000,VFR,barnes,envelope,False
2026-04-30T02:35:21Z,38.367143,-75.046077,106.680000,16.507585,597.916667,3.093968,-2.120722,3.751014,145.571795,3.085201,-2.114713,3.740385,-2.363855,-2.912438,-8.518579,,13.577020,1008.952368,1.225870,9.153418,900000.000000,VFR,barnes,envelope,False
2026-04-30T02:35:31Z,38.368819,-75.045443,106.680000,16.507585,598.111111,3.096355,-2.130732,3.758648,145.466506,3.107958,-2.138717,3.772733,-2.363299,-2.922713,-8.548190,,13.574996,1008.946899,1.225872,9.153580,900000.000000,VFR,barnes,envelope,False
2026-04-30T02:35:41Z,38.370496,-75.044809,106.680000,16.507585,598.305556,3.098747,-2.140744,3.766301,145.361663,2.981205,-2.059541,3.623436,-2.362748,-2.932992,-8.577807,,13.572976,1008.941427,1.225874,9.153741,900000.000000,VFR,barnes,envelope,False
2026-04-30T02:35:51Z,38.372172,-75.044175,106.680000,16.507585,598.500000,3.101145,-2.150758,3.773971,145.257267,2.993468,-2.076080,3.642933,-2.362201,-2.943275,-8.607430,,13.570959,1008.935951,1.225876,9.153901,900000.000000,VFR,barnes,envelope,False
2026-04-30T02:36:01Z,38.373848,-75.043541,106.680000,16.507585,598.694444,3.103548,-2.160774,3.781660,145.153316,3.017091,-2.100581,3.676313,-2.361659,-2.953561,-8.637058,,13.568946,1008.930471,1.225878,9.154059,900000.000000,VFR,barnes,envelope,False
2026-04-30T02:36:11Z,38.375525,-75.042907,106.680000,16.507585,598.888889,3.105956,-2.170792,3.789367,145.049807,2.989188,-2.089182,3.646907,-2.361121,-2.963850,-8.666690,,13.566936,1008.924987,1.225880,9.154217,900000.000000,VFR,barnes,envelope,False
2026-04-30T02:36:21Z,38.377201,-75.042273,106.680000,16.507585,599.083333,3.108369,-2.180812,3.797091,144.946740,2.898937,-2.033876,3.541256,-2.360588,-2.974143,-8.696328,,13.564931,1008.919500,1.225882,9.154372,900000.000000,VFR,barnes,envelope,False
2026-04-30T02:36:31Z,38.378877,-75.041639,106.680000,16.507585,599.277778,3.110787,-2.190834,3.804833,144.844113,2.906853,-2.047210,3.555399,-2.360059,-2.984439,-8.725971,,13.562929,1008.914009,1.225884,9.154527,900000.000000,VFR,barnes,envelope,False
2026-04-30T02:36:41Z,38.380553,-75.041005,106.680000,16.507585,599.472222,3.113211,-2.200858,3.812592,144.741925,2.748794,-1.943236,3.366309,-2.359534,-2.994738,-8.755618,,13.560930,1008.908514,1.225886,9.154680,900000.000000,VFR,barnes,envelope,False
2026-04-30T02:36:51Z,38.382230,-75.040370,106.680000,16.507585,599.666667,3.115639,-2.210883,3.820368,144.640175,2.868588,-2.035574,3.517436,-2.359014,-3.005040,-8.785269,,13.558936,1008.903015,1.225888,9.154832,900000.000000,VFR,barnes,envelope,False
2026-04-30T02:37:01Z,38.383906,-75.039736,106.680000,16.507585,599.861111,3.117979,-2.220822,3.828034,144.539119,2.843319,-2.025192,3.490826,-2.358433,-3.015234,-8.814605,,13.556944,1008.897512,1.225889,9.154982,900000.000000,VFR,barnes,envelope,False
2026-04-30T02:37:11Z,38.385582,-75.039102,106.680000,16.507585,600.055556,3.119475,-2.229967,3.834564,144.440792,2.926068,-2.091710,3.596822,-2.357269,-3.024428,-8.841056,,13.554957,1008.892006,1.225891,9.155131,900000.000000,VFR,barnes,envelope,False
2026-04-30T02:37:21Z,38.387259,-75.038468,106.680000,16.507585,600.250000,3.120974,-2.239111,3.841106,144.342830,3.040059,-2.181060,3.741521,-2.356108,-3.033620,-8.867502,,13.552973,1008.886497,1.225893,9.155279,900000.000000,VFR,barnes,envelope,False
2026-04-30T02:37:31Z,38.388935,-75.037834,106.680000,16.507585,600.444444,3.122474,-2.248254,3.847660,144.245233,2.932938,-2.111784,3.614105,-2.354948,-3.042812,-8.893942,,13.550993,1008.880984,1.225895,9.155425,900000.000000,VFR,barnes,envelope,False
2026-04-30T02:37:41Z,38.390611,-75.037200,106.680000,16.507585,600.638889,3.123976,-2.257395,3.854226,144.147999,2.903440,-2.098036,3.582139,-2.353791,-3.052004,-8.920376,,13.549017,1008.875467,1.225897,9.155570,900000.000000,VFR,barnes,envelope,False
2026-04-30T02:37:51Z,38.392287,-75.036566,106.680000,16.507585,600.833333,3.125479,-2.266535,3.860803,144.051128,2.983042,-2.163242,3.684855,-2.352635,-3.061194,-8.946804,,13.547044,1008.869947,1.225898,9.155713,900000.000000,VFR,barnes,envelope,False
2026-04-30T02:38:01Z,38.393964,-75.035932,106.680000,16.507585,601.027778,3.126985,-2.275674,3.867392,143.954619,3.064243,-2.230013,3.789794,-2.351482,-3.070384,-8.973225,,13.545075,1008.864423,1.225900,9.155855,900000.000000,VFR,barnes,envelope,False
2026-04-30T02:38:11Z,38.395640,-75.035298,106.680000,16.507585,601.222222,3.128492,-2.284811,3.873993,143.858469,2.972726,-2.171052,3.681109,-2.350331,-3.079572,-8.999641,,13.543109,1008.858896,1.225902,9.155996,900000.000000,VFR,barnes,envelope,False
2026-04-30T02:38:21Z,38.397316,-75.034663,106.680000,16.507585,601.416667,3.130000,-2.293946,3.880605,143.762679,3.046838,-2.232997,3.777499,-2.349181,-3.088760,-9.026049,,13.541147,1008.853366,1.225903,9.156135,900000.000000,VFR,barnes,envelope,False
2026-04-30T02:38:31Z,38.398993,-75.034029,106.680000,16.507585,601.611111,3.131511,-2.303080,3.887228,143.667247,3.180333,-2.338987,3.947832,-2.348034,-3.097947,-9.052451,,13.539188,1008.847833,1.225905,9.156273,900000.000000,VFR,barnes,envelope,False
2026-04-30T02:38:41Z,38.400669,-75.033395,106.680000,16.507585,601.805556,3.133022,-2.312213,3.893862,143.572172,3.223606,-2.379065,4.006443,-2.346888,-3.107133,-9.078846,,13.537234,1008.842296,1.225907,9.156409,900000.000000,VFR,barnes,envelope,False
2026-04-30T02:38:51Z,38.402345,-75.032761,106.680000,16.507585,602.000000,3.134536,-2.321344,3.900507,143.477453,3.167434,-2.345707,3.941444,-2.345745,-3.116317,-9.105234,,13.535283,1008.836756,1.225908,9.156544,900000.000000,VFR,barnes,envelope,False
2026-04-30T02:39:01Z,38.404021,-75.032127,106.680000,16.507585,602.194444,3.136051,-2.330473,3.907162,143.383088,3.084633,-2.292264,3.843103,-2.344603,-3.125501,-9.131614,,13.533335,1008.831212,1.225910,9.156678,900000.000000,VFR,barnes,envelope,False
2026-04-30T02:39:11Z,38.405698,-75.031493,106.680000,16.507585,602.388889,3.137567,-2.339601,3.913829,143.289078,3.185906,-2.375646,3.974127,-2.343463,-3.134683,-9.157988,,13.531391,1008.825666,1.225911,9.156810,900000.000000,VFR,barnes,envelope,False
2026-04-30T02:39:21Z,38.407374,-75.030859,106.680000,16.507585,602.583333,3.139084,-2.348727,3.920506,143.195419,3.328568,-2.490502,4.157158,-2.342326,-3.143864,-9.184353,,13.529450,1008.820116,1.225913,9.156940,900000.000000,VFR,barnes,envelope,False
2026-04-30T02:39:31Z,38.409050,-75.030225,106.680000,16.507585,602.777778,3.140603,-2.357851,3.927194,143.102113,3.411011,-2.560863,4.265328,-2.341189,-3.153043,-9.210711,,13.527514,1008.814563,1.225914,9.157069,900000.000000,VFR,barnes,envelope,False
2026-04-30T02:39:41Z,38.410727,-75.029591,106.680000,16.507585,602.972222,3.142124,-2.366973,3.933892,143.009156,3.361984,-2.532594,4.209153,-2.340055,-3.162222,-9.237061,,13.525580,1008.809008,1.225916,9.157197,900000.000000,VFR,barnes,envelope,False
2026-04-30T02:39:51Z,38.412469,-75.029755,106.680000,355.500673,603.166667,3.143148,-2.375662,3.939943,142.917186,3.413949,-2.580340,4.279392,-3.319826,-2.121769,-6.227452,,13.523856,1008.803324,1.225916,9.157039,900000.000000,VFR,barnes,envelope,False
2026-04-30T02:40:01Z,38.414212,-75.029931,106.680000,355.500673,603.361111,3.144655,-2.383777,3.946042,142.836385,3.495967,-2.650086,4.386883,-3.321965,-2.129741,-6.250663,,13.848591,1008.797844,1.224523,9.157097,900000.000000,VFR,barnes,envelope,False
2026-04-30T02:40:11Z,38.415955,-75.030107,106.680000,355.500673,603.555556,3.150599,-2.386865,3.952644,142.852758,3.336938,-2.528034,4.186420,-3.328133,-2.132353,-6.258270,,13.847707,1008.794203,1.224522,9.159120,900000.000000,VFR,barnes,envelope,False
2026-04-30T02:40:21Z,38.417699,-75.030283,106.680000,355.500673,603.750000,3.156540,-2.389947,3.959241,142.869126,3.214822,-2.434075,4.032345,-3.334297,-2.134960,-6.265859,,13.846826,1008.790558,1.224521,9.161153,900000.000000,VFR,barnes,envelope,False
2026-04-30T02:40:31Z,38.419442,-75.030459,106.680000,355.500673,603.944444,3.162478,-2.393023,3.965832,142.885490,3.191443,-2.414940,4.002155,-3.340459,-2.137560,-6.273429,,13.845948,1008.786911,1.224521,9.163196,900000.000000,VFR,barnes,envelope,False
2026-04-30T02:40:41Z,38.421185,-75.030635,106.680000,355.500673,604.138889,3.168414,-2.396092,3.972418,142.901849,2.948580,-2.229844,3.696799,-3.346617,-2.140154,-6.280982,,13.845072,1008.783261,1.224520,9.165249,900000.000000,VFR,barnes,envelope,False
2026-04-30T02:40:51Z,38.422929,-75.030812,106.680000,355.500673,604.333333,3.174348,-2.399155,3.978998,142.918205,3.121480,-2.359198,3.912730,-3.352773,-2.142742,-6.288517,,13.844199,1008.779608,1.224519,9.167312,900000.000000,VFR,barnes,envelope,False
2026-04-30T02:41:01Z,38.424672,-75.030988,106.680000,355.500673,604.527778,3.180278,-2.402212,3.985573,142.934555,3.239139,-2.446672,4.059339,-3.358925,-2.145324,-6.296034,,13.843329,1008.775952,1.224519,9.169385,900000.000000,VFR,barnes,envelope,False
2026-04-30T02:41:11Z,38.426415,-75.031164,106.680000,355.500673,604.722222,3.186206,-2.405262,3.992142,142.950902,3.312272,-2.500429,4.150095,-3.365074,-2.147900,-6.303533,,13.842461,1008.772293,1.224518,9.171468,900000.000000,VFR,barnes,envelope,False
2026-04-30T02:41:21Z,38.428158,-75.031340,106.680000,355.500673,604.916667,3.192132,-2.408306,3.998705,142.967244,3.309309,-2.496711,4.145491,-3.371220,-2.150470,-6.311014,,13.841596,1008.768631,1.224517,9.173561,900000.000000,VFR,barnes,envelope,False
2026-04-30T02:41:31Z,38.429902,-75.031516,106.680000,355.500673,605.111111,3.198054,-2.411344,4.005263,142.983581,3.194645,-2.408773,4.000993,-3.377362,-2.153034,-6.318476,,13.840733,1008.764966,1.224516,9.175664,900000.000000,VFR,barnes,envelope,False
2026-04-30T02:41:41Z,38.431645,-75.031692,106.680000,355.500673,605.305556,3.203974,-2.414375,4.011814,142.999915,3.258947,-2.455800,4.080648,-3.383501,-2.155591,-6.325921,,13.839874,1008.761298,1.224516,9.177777,900000.000000,VFR,barnes,envelope,False
2026-04-30T02:41:51Z,38.433388,-75.031868,106.680000,355.500673,605.500000,3.209891,-2.417400,4.018360,143.016244,3.389745,-2.552849,4.243514,-3.389637,-2.158142,-6.333347,,13.839017,1008.757628,1.224515,9.179901,900000.000000,VFR,barnes,envelope,False
2026-04-30T02:42:01Z,38.435131,-75.032044,106.680000,355.500673,605.694444,3.215750,-2.420414,4.024854,143.032147,3.330117,-2.506495,4.167997,-3.395715,-2.160687,-6.340755,,13.838153,1008.753955,1.224514,9.182034,900000.000000,VFR,barnes,envelope,False
2026-04-30T02:42:11Z,38.436875,-75.032220,106.680000,355.500673,605.888889,3.221108,-2.423380,4.030919,143.044259,3.401993,-2.559468,4.257280,-3.401289,-2.163224,-6.348139,,13.837213,1008.750278,1.224513,9.184177,900000.000000,VFR,barnes,envelope,False
2026-04-30T02:42:21Z,38.438618,-75.032396,106.680000,355.500673,606.083333,3.226462,-2.426340,4.036977,143.056378,3.246911,-2.441718,4.062563,-3.406859,-2.165755,-6.355505,,13.836276,1008.746599,1.224513,9.186330,900000.000000,VFR,barnes,envelope,False
2026-04-30T02:42:31Z,38.440361,-75.032572,106.680000,355.500673,606.277778,3.231814,-2.429293,4.043029,143.068505,3.047488,-2.290739,3.812436,-3.412426,-2.168280,-6.362853,,13.835341,1008.742918,1.224513,9.188494,900000.000000,VFR,barnes,envelope,False
2026-04-30T02:42:41Z,38.442104,-75.032748,106.680000,355.500673,606.472222,3.237161,-2.432240,4.049075,143.080639,3.001928,-2.255498,3.754843,-3.417988,-2.170798,-6.370182,,13.834408,1008.739233,1.224512,9.190668,900000.000000,VFR,barnes,envelope,False
2026-04-30T02:42:51Z,38.443848,-75.032924,106.680000,355.500673,606.666667,3.242505,-2.435181,4.055113,143.092780,3.251820,-2.442177,4.066763,-3.423546,-2.173310,-6.377493,,13.833479,1008.735546,1.224512,9.192851,900000.000000,VFR,barnes,envelope,False
2026-04-30T02:43:01Z,38.445591,-75.033100,106.680000,355.500673,606.861111,3.247362,-2.437872,4.060614,143.103570,3.382952,-2.539663,4.230160,-3.428600,-2.175612,-6.384193,,13.832408,1008.732097,1.224512,9.195013,900000.000000,VFR,barnes,envelope,False
2026-04-30T02:43:11Z,38.447334,-75.033276,106.680000,355.500673,607.055556,3.247863,-2.438374,4.061315,143.102144,3.094438,-2.323189,3.869465,-3.429138,-2.176074,-6.385536,,13.830047,1008.730812,1.224520,9.196894,900000.000000,VFR,barnes,envelope,False
2026-04-30T02:43:21Z,38.449077,-75.033452,106.680000,355.500673,607.250000,3.248352,-2.438866,4.062002,143.100739,3.283825,-2.465499,4.106360,-3.429664,-2.176525,-6.386850,,13.827685,1008.729528,1.224529,9.198785,900000.000000,VFR,barnes,envelope,False
2026-04-30T02:43:31Z,38.450821,-75.033628,106.680000,355.500673,607.444444,3.248829,-2.439347,4.062672,143.099356,3.208872,-2.409345,4.012705,-3.430177,-2.176967,-6.388137,,13.825325,1008.728246,1.224537,9.200685,900000.000000,VFR,barnes,envelope,False
2026-04-30T02:43:41Z,38.452564,-75.033804,106.680000,355.500673,607.638889,3.249294,-2.439817,4.063326,143.097993,3.187955,-2.393759,3.986620,-3.430678,-2.177400,-6.389395,,13.822964,1008.726965,1.224546,9.202595,900000.000000,VFR,barnes,envelope,False
2026-04-30T02:43:51Z,38.454307,-75.033980,106.680000,355.500673,607.833333,3.249748,-2.440277,4.063965,143.096652,3.322575,-2.494964,4.155039,-3.431167,-2.177822,-6.390625,,13.820603,1008.725685,1.224554,9.204514,900000.000000,VFR,barnes,envelope,False
2026-04-30T02:44:01Z,38.456050,-75.034156,106.680000,355.500673,608.027778,3.250190,-2.440781,4.064622,143.094706,3.168844,-2.379693,3.962892,-3.431647,-2.178291,-6.391987,,13.818244,1008.724395,1.224563,9.206401,900000.000000,VFR,barnes,envelope,False
2026-04-30T02:44:11Z,38.457794,-75.034332,106.680000,355.500673,608.222222,3.250620,-2.441774,4.065562,143.087160,3.121350,-2.344670,3.903883,-3.432153,-2.179246,-6.394769,,13.815901,1008.722996,1.224571,9.207920,900000.000000,VFR,barnes,envelope,False
2026-04-30T02:44:21Z,38.459537,-75.034508,106.680000,355.500673,608.416667,3.251039,-2.442757,4.066486,143.079631,3.208845,-2.411053,4.013710,-3.432648,-2.180193,-6.397524,,13.813558,1008.721599,1.224580,9.209448,900000.000000,VFR,barnes,envelope,False
2026-04-30T02:44:31Z,38.461280,-75.034685,106.680000,355.500673,608.611111,3.251445,-2.443729,4.067396,143.072121,3.128899,-2.351626,3.914097,-3.433129,-2.181131,-6.400253,,13.811215,1008.720203,1.224588,9.210986,900000.000000,VFR,barnes,envelope,False
2026-04-30T02:44:41Z,38.463024,-75.034861,106.680000,355.500673,608.805556,3.251840,-2.444691,4.068289,143.064629,3.169830,-2.383037,3.965689,-3.433598,-2.182059,-6.402954,,13.808872,1008.718808,1.224596,9.212533,900000.000000,VFR,barnes,envelope,False
2026-04-30T02:44:51Z,38.464767,-75.035037,106.680000,355.500673,609.000000,3.252223,-2.445643,4.069168,143.057154,3.136670,-2.358749,3.924589,-3.434055,-2.182978,-6.405628,,13.806529,1008.717414,1.224605,9.214089,900000.000000,VFR,barnes,envelope,False
2026-04-30T02:45:01Z,38.466510,-75.035213,106.680000,355.500673,609.194444,3.251475,-2.445465,4.068463,143.052830,3.110553,-2.339476,3.892132,-3.433295,-2.182859,-6.405282,,13.804186,1008.716395,1.224613,9.215996,900000.000000,VFR,barnes,envelope,False
2026-04-30T02:45:11Z,38.468253,-75.035389,106.680000,355.500673,609.388889,3.240647,-2.435199,4.053638,143.076802,3.156682,-2.372103,3.948609,-3.421695,-2.173474,-6.377970,,13.801844,1008.718727,1.224626,9.220992,900000.000000,VFR,barnes,envelope,False
2026-04-30T02:45:21Z,38.469997,-75.035565,106.680000,355.500673,609.583333,3.229814,-2.424928,4.038808,143.100969,2.986987,-2.242614,3.735158,-3.410090,-2.164084,-6.350642,,13.799501,1008.721058,1.224639,9.226011,900000.000000,VFR,barnes,envelope,False
2026-04-30T02:45:31Z,38.471740,-75.035741,106.680000,355.500673,609.777778,3.218977,-2.414652,4.023973,143.125332,2.994940,-2.246595,3.743909,-3.398480,-2.154690,-6.323298,,13.797159,1008.723388,1.224652,9.231052,900000.000000,VFR,barnes,envelope,False
2026-04-30T02:45:41Z,38.473483,-75.035917,106.680000,355.500673,609.972222,3.208136,-2.404371,4.009131,143.149894,3.067468,-2.298946,3.833342,-3.386866,-2.145291,-6.295938,,13.794817,1008.725717,1.224665,9.236116,900000.000000,VFR,barnes,envelope,False
2026-04-30T02:45:51Z,38.475226,-75.036093,106.680000,355.500673,610.166667,3.197290,-2.394085,3.994284,143.174656,3.139740,-2.350993,3.922389,-3.375247,-2.135888,-6.268562,,13.792475,1008.728044,1.224677,9.241203,900000.000000,VFR,barnes,envelope,False
2026-04-30T02:46:01Z,38.476970,-75.036269,106.680000,355.500673,610.361111,3.186440,-2.383795,3.979432,143.199622,3.020350,-2.259542,3.772008,-3.363623,-2.126480,-6.241170,,13.790134,1008.730370,1.224690,9.246312,900000.000000,VFR,barnes,envelope,False
2026-04-30T02:46:11Z,38.478713,-75.036445,106.680000,355.500673,610.555556,3.175586,-2.373499,3.964574,143.224793,2.920393,-2.182763,3.645977,-3.351995,-2.117068,-6.213763,,13.787792,1008.732695,1.224703,9.251445,900000.000000,VFR,barnes,envelope,False
2026-04-30T02:46:21Z,38.480456,-75.036621,106.680000,355.500673,610.750000,3.164728,-2.363199,3.949711,143.250173,2.888090,-2.156626,3.604456,-3.340362,-2.107652,-6.186339,,13.785451,1008.735019,1.224716,9.256600,900000.000000,VFR,barnes,envelope,False
2026-04-30T02:46:31Z,38.482199,-75.036797,106.680000,355.500673,610.944444,3.153865,-2.352895,3.934842,143.275762,3.100500,-2.313082,3.868262,-3.328724,-2.098231,-6.158901,,13.783110,1008.737341,1.224729,9.261778,900000.000000,VFR,barnes,envelope,False
2026-04-30T02:46:41Z,38.483943,-75.036973,106.680000,355.500673,611.138889,3.142999,-2.342585,3.919968,143.301564,3.118180,-2.324088,3.889014,-3.317082,-2.088806,-6.131447,,13.780769,1008.739662,1.224741,9.266979,900000.000000,VFR,barnes,envelope,False
2026-04-30T02:46:51Z,38.485686,-75.037149,106.680000,355.500673,611.333333,3.132128,-2.332271,3.905088,143.327582,3.028184,-2.254872,3.775493,-3.305436,-2.079377,-6.103977,,13.778428,1008.741982,1.224754,9.272204,900000.000000,VFR,barnes,envelope,False
2026-04-30T02:47:01Z,38.487429,-75.037325,106.680000,355.500673,611.527778,3.121253,-2.321953,3.890203,143.353817,3.031713,-2.255342,3.778604,-3.293785,-2.069943,-6.076492,,13.776087,1008.744300,1.224767,9.277451,900000.000000,VFR,barnes,envelope,False
2026-04-30T02:47:11Z,38.489172,-75.037501,106.680000,355.500673,611.722222,3.110374,-2.311629,3.875314,143.380273,3.148443,-2.339923,3.922746,-3.282130,-2.060505,-6.048991,,13.773747,1008.746617,1.224780,9.282721,900000.000000,VFR,barnes,envelope,False
2026-04-30T02:47:21Z,38.490916,-75.037677,106.680000,355.500673,611.916667,3.099491,-2.301301,3.860418,143.406952,3.081681,-2.288078,3.838237,-3.270470,-2.051062,-6.021476,,13.771407,1008.748933,1.224793,9.288014,900000.000000,VFR,barnes,envelope,False
2026-04-30T02:47:31Z,38.492659,-75.037853,106.680000,355.500673,612.111111,3.088603,-2.290969,3.845518,143.433856,3.007812,-2.231042,3.744927,-3.258806,-2.041616,-5.993945,,13.769067,1008.751248,1.224805,9.293331,900000.000000,VFR,barnes,envelope,False
2026-04-30T02:47:41Z,38.494402,-75.038029,106.680000,355.500673,612.305556,3.077712,-2.280632,3.830613,143.460989,3.092708,-2.291744,3.849277,-3.247137,-2.032165,-5.966399,,13.766727,1008.753561,1.224818,9.298670,900000.000000,VFR,barnes,envelope,False
2026-04-30T02:47:51Z,38.496145,-75.038205,106.680000,355.500673,612.500000,3.066817,-2.270290,3.815702,143.488353,3.066089,-2.269751,3.814797,-3.235464,-2.022710,-5.938838,,13.764387,1008.755873,1.224831,9.304033,900000.000000,VFR,barnes,envelope,False
2026-04-30T02:48:01Z,38.497889,-75.038382,106.680000,355.500673,612.694444,3.055918,-2.259944,3.800787,143.515951,3.106498,-2.297350,3.863696,-3.223787,-2.013251,-5.911261,,13.762047,1008.758184,1.224844,9.309419,900000.000000,VFR,barnes,envelope,False
2026-04-30T02:48:11Z,38.499632,-75.038558,106.680000,355.500673,612.888889,3.045015,-2.249593,3.785866,143.543786,3.187854,-2.355120,3.963459,-3.212105,-2.003787,-5.883670,,13.759708,1008.760493,1.224857,9.314829,900000.000000,VFR,barnes,envelope,False
2026-04-30T02:48:21Z,38.501375,-75.038734,106.680000,355.500673,613.083333,3.034108,-2.239238,3.770941,143.571860,3.126012,-2.307065,3.885164,-3.200420,-1.994319,-5.856064,,13.757369,1008.762802,1.224869,9.320261,900000.000000,VFR,barnes,envelope,False
2026-04-30T02:48:31Z,38.503119,-75.038910,106.680000,355.500673,613.277778,3.023197,-2.228878,3.756011,143.600177,3.083436,-2.273290,3.830852,-3.188730,-1.984848,-5.828444,,13.755030,1008.765108,1.224882,9.325718,900000.000000,VFR,barnes,envelope,False
2026-04-30T02:48:41Z,38.504862,-75.039086,106.680000,355.500673,613.472222,3.012282,-2.218514,3.741076,143.628740,3.023726,-2.226943,3.755289,-3.177035,-1.975372,-5.800808,,13.752691,1008.767414,1.224895,9.331197,900000.000000,VFR,barnes,envelope,False
2026-04-30T02:48:51Z,38.506605,-75.039262,106.680000,355.500673,613.666667,3.001363,-2.208146,3.726136,143.657551,3.018918,-2.221061,3.747930,-3.165337,-1.965892,-5.773158,,13.750352,1008.769718,1.224908,9.336700,900000.000000,VFR,barnes,envelope,False
2026-04-30T02:49:01Z,38.508348,-75.039438,106.680000,355.500673,613.861111,2.990440,-2.197773,3.711191,143.686614,3.055488,-2.245578,3.791916,-3.153634,-1.956407,-5.745493,,13.748014,1008.772021,1.224921,9.342226,900000.000000,VFR,barnes,envelope,False
2026-04-30T02:49:11Z,38.510092,-75.039614,106.680000,355.500673,614.055556,2.979514,-2.187395,3.696242,143.715932,3.059868,-2.246387,3.795925,-3.141927,-1.946919,-5.717813,,13.745675,1008.774323,1.224933,9.347776,900000.000000,VFR,barnes,envelope,False
2026-04-30T02:49:21Z,38.511835,-75.039790,106.680000,355.500673,614.250000,2.968584,-2.177014,3.681288,143.745507,2.995010,-2.196393,3.714058,-3.130216,-1.937427,-5.690119,,13.743337,1008.776624,1.224946,9.353349,900000.000000,VFR,barnes,envelope,False
2026-04-30T02:49:31Z,38.513578,-75.039966,106.680000,355.500673,614.444444,2.957650,-2.166628,3.666329,143.775344,2.987090,-2.188194,3.702823,-3.118501,-1.927931,-5.662411,,13.740999,1008.778923,1.224959,9.358946,900000.000000,VFR,barnes,envelope,False
2026-04-30T02:49:41Z,38.515321,-75.040142,106.680000,355.500673,614.638889,2.946712,-2.156237,3.651366,143.805445,2.892493,-2.116563,3.584181,-3.106782,-1.918430,-5.634688,,13.738661,1008.781221,1.224972,9.364567,900000.000000,VFR,barnes,envelope,False
2026-04-30T02:49:51Z,38.517065,-75.040318,106.680000,355.500673,614.833333,2.935771,-2.145842,3.636398,143.835814,2.853443,-2.085666,3.534422,-3.095059,-1.908926,-5.606951,,13.736324,1008.783517,1.224984,9.370211,900000.000000,VFR,barnes,envelope,False
2026-04-30T02:50:01Z,38.518808,-75.040494,106.680000,355.500673,615.027778,2.925928,-2.136620,3.623010,143.861719,2.806303,-2.049265,3.474885,-3.084524,-1.900504,-5.582369,,11.814185,1008.785377,1.233249,9.375185,900000.000000,VFR,barnes,envelope,False
2026-04-30T02:50:11Z,38.520551,-75.040670,106.680000,355.500673,615.222222,2.926017,-2.137990,3.623890,143.845041,2.785770,-2.035515,3.450194,-3.084719,-1.901863,-5.586337,,11.811280,1008.783314,1.233260,9.373929,900000.000000,VFR,barnes,envelope,False
2026-04-30T02:50:21Z,38.522294,-75.040846,106.680000,355.500673,615.416667,2.926115,-2.139381,3.624789,143.828212,2.823993,-2.064716,3.498284,-3.084926,-1.903242,-5.590360,,11.808377,1008.781254,1.233270,9.372673,900000.000000,VFR,barnes,envelope,False
2026-04-30T02:50:31Z,38.524038,-75.041022,106.680000,355.500673,615.611111,2.926222,-2.140790,3.625708,143.811232,2.799284,-2.047923,3.468426,-3.085144,-1.904638,-5.594437,,11.805475,1008.779198,1.233280,9.371416,900000.000000,VFR,barnes,envelope,False
2026-04-30T02:50:41Z,38.525781,-75.041198,106.680000,355.500673,615.805556,2.926339,-2.142219,3.626647,143.794101,2.738753,-2.004897,3.394168,-3.085373,-1.906054,-5.598568,,11.802576,1008.777145,1.233290,9.370160,900000.000000,VFR,barnes,envelope,False
2026-04-30T02:50:51Z,38.527524,-75.041374,106.680000,355.500673,616.000000,2.926466,-2.143668,3.627605,143.776819,2.872176,-2.103900,3.560308,-3.085612,-1.907488,-5.602754,,11.799677,1008.775094,1.233300,9.368905,900000.000000,VFR,barnes,envelope,False
2026-04-30T02:51:01Z,38.529267,-75.041550,106.680000,355.500673,616.194444,2.926210,-2.144458,3.627865,143.764372,2.953868,-2.164727,3.662155,-3.085419,-1.908295,-5.605110,,11.796781,1008.773047,1.233310,9.367649,900000.000000,VFR,barnes,envelope,False
2026-04-30T02:51:11Z,38.531011,-75.041726,106.680000,355.500673,616.388889,2.922431,-2.139148,3.621679,143.796789,3.053616,-2.235172,3.784252,-3.081236,-1.903298,-5.590526,,11.793886,1008.771003,1.233320,9.366393,900000.000000,VFR,barnes,envelope,False
2026-04-30T02:51:21Z,38.532754,-75.041902,106.680000,355.500673,616.583333,2.918649,-2.133835,3.615489,143.829323,3.073271,-2.246880,3.807029,-3.077048,-1.898299,-5.575933,,11.790993,1008.768962,1.233330,9.365138,900000.000000,VFR,barnes,envelope,False
2026-04-30T02:51:31Z,38.534497,-75.042078,106.680000,355.500673,616.777778,2.914863,-2.128519,3.609296,143.861975,3.275959,-2.392203,4.056420,-3.072856,-1.893296,-5.561331,,11.788101,1008.766924,1.233340,9.363882,900000.000000,VFR,barnes,envelope,False
2026-04-30T02:51:41Z,38.536241,-75.042255,106.680000,355.500673,616.972222,2.911073,-2.123200,3.603099,143.894745,3.153590,-2.300081,3.903268,-3.068661,-1.888291,-5.546720,,11.785211,1008.764890,1.233350,9.362627,900000.000000,VFR,barnes,envelope,False
2026-04-30T02:51:51Z,38.537984,-75.042431,106.680000,355.500673,617.166667,2.907280,-2.117878,3.596899,143.927635,3.236932,-2.358021,4.004746,-3.064462,-1.883283,-5.532100,,11.782323,1008.762858,1.233360,9.361372,900000.000000,VFR,barnes,envelope,False
2026-04-30T02:52:01Z,38.539727,-75.042607,106.680000,355.500673,617.361111,2.903488,-2.112481,3.590657,143.961615,3.213284,-2.337878,3.973773,-3.060258,-1.878200,-5.517261,,11.779442,1008.760848,1.233370,9.360067,900000.000000,VFR,barnes,envelope,False
2026-04-30T02:52:11Z,38.541470,-75.042783,106.680000,355.500673,617.555556,2.899732,-2.106433,3.584063,144.004469,3.174931,-2.306344,3.924208,-3.056040,-1.872465,-5.500520,,11.776611,1008.759000,1.233380,9.358323,900000.000000,VFR,barnes,envelope,False
2026-04-30T02:52:21Z,38.543214,-75.042959,106.680000,355.500673,617.750000,2.895973,-2.100383,3.577467,144.047480,3.135190,-2.273882,3.872978,-3.051818,-1.866729,-5.483772,,11.773782,1008.757156,1.233390,9.356578,900000.000000,VFR,barnes,envelope,False
2026-04-30T02:52:31Z,38.544957,-75.043135,106.680000,355.500673,617.944444,2.892210,-2.094331,3.570869,144.090646,2.889677,-2.092496,3.567741,-3.047592,-1.860990,-5.467017,,11.770954,1008.755315,1.233400,9.354835,900000.000000,VFR,barnes,envelope,False
2026-04-30T02:52:41Z,38.546700,-75.043311,106.680000,355.500673,618.138889,2.888444,-2.088276,3.564268,144.133969,2.373444,-1.715943,2.928770,-3.043363,-1.855250,-5.450254,,11.768128,1008.753477,1.233410,9.353092,900000.000000,VFR,barnes,envelope,False
2026-04-30T02:52:51Z,38.548443,-75.043487,106.680000,355.500673,618.333333,2.884674,-2.082219,3.557665,144.177451,2.499387,-1.804110,3.082490,-3.039129,-1.849507,-5.433485,,11.765304,1008.751641,1.233420,9.351349,900000.000000,VFR,barnes,envelope,False
2026-04-30T02:53:01Z,38.550187,-75.043663,106.680000,355.500673,618.527778,2.881577,-2.077239,3.552240,144.213350,2.854757,-2.057905,3.519177,-3.035651,-1.844785,-5.419695,,11.762481,1008.749809,1.233430,9.349608,900000.000000,VFR,barnes,envelope,False
2026-04-30T02:53:11Z,38.551930,-75.043839,106.680000,355.500673,618.722222,2.884559,-2.081959,3.557419,144.179760,2.822421,-2.037110,3.480787,-3.038993,-1.849256,-5.432753,,11.759659,1008.747981,1.233440,9.347866,900000.000000,VFR,barnes,envelope,False
2026-04-30T02:53:21Z,38.553673,-75.044015,106.680000,355.500673,618.916667,2.887528,-2.086663,3.562580,144.146364,2.656923,-1.920016,3.278064,-3.042322,-1.853713,-5.445767,,11.756839,1008.746155,1.233450,9.346126,900000.000000,VFR,barnes,envelope,False
2026-04-30T02:53:31Z,38.555416,-75.044191,106.680000,355.500673,619.111111,2.890484,-2.091350,3.567723,144.113159,2.572398,-1.861206,3.175109,-3.045638,-1.858154,-5.458735,,11.754020,1008.744333,1.233460,9.344386,900000.000000,VFR,barnes,envelope,False
2026-04-30T02:53:41Z,38.557160,-75.044367,106.680000,355.500673,619.305556,2.893429,-2.096022,3.572847,144.080145,2.722671,-1.972324,3.361994,-3.048939,-1.862580,-5.471659,,11.751203,1008.742513,1.233470,9.342647,900000.000000,VFR,barnes,envelope,False
2026-04-30T02:53:51Z,38.558903,-75.044543,106.680000,355.500673,619.500000,2.896361,-2.100677,3.577953,144.047321,2.561003,-1.857448,3.163677,-3.052228,-1.866991,-5.484538,,11.748388,1008.740697,1.233480,9.340908,900000.000000,VFR,barnes,envelope,False
2026-04-30T02:54:01Z,38.560646,-75.044719,106.680000,355.500673,619.694444,2.897518,-2.105030,3.581447,144.001806,2.685328,-1.950876,3.319172,-3.053722,-1.871240,-5.496944,,11.745370,1008.739087,1.233491,9.338740,750000.000000,VFR,barnes,envelope,False
2026-04-30T02:54:11Z,38.562389,-75.044895,106.680000,355.500673,619.888889,2.882803,-2.106795,3.570594,143.840114,2.780112,-2.031747,3.443402,-3.039192,-1.874154,-5.505451,,11.740522,1008.739308,1.233512,9.332703,750000.000000,VFR,barnes,envelope,False
2026-04-30T02:54:21Z,38.564133,-75.045071,106.680000,355.500673,620.083333,2.868095,-2.108538,3.559761,143.677782,2.915530,-2.143411,3.618636,-3.024666,-1.877045,-5.513892,,11.735673,1008.739529,1.233533,9.326661,750000.000000,VFR,barnes,envelope,False
2026-04-30T02:54:31Z,38.565876,-75.045247,106.680000,355.500673,620.277778,2.853393,-2.110259,3.548950,143.514807,2.980988,-2.204623,3.707648,-3.010144,-1.879914,-5.522268,,11.730825,1008.739752,1.233555,9.320614,750000.000000,VFR,barnes,envelope,False
2026-04-30T02:54:41Z,38.567619,-75.045423,106.680000,355.500673,620.472222,2.838698,-2.111958,3.538160,143.351185,2.945424,-2.191361,3.671183,-2.995628,-1.882761,-5.530578,,11.725977,1008.739976,1.233576,9.314564,750000.000000,VFR,barnes,envelope,False
2026-04-30T02:54:51Z,38.569362,-75.045599,106.680000,355.500673,620.666667,2.824009,-2.113635,3.527391,143.186912,2.913546,-2.180649,3.639228,-2.981116,-1.885585,-5.538823,,11.721128,1008.740201,1.233597,9.308509,750000.000000,VFR,barnes,envelope,False
2026-04-30T02:55:01Z,38.571106,-75.045775,106.680000,355.500673,620.861111,2.811026,-2.114941,3.517790,143.043171,2.867465,-2.157404,3.588419,-2.968275,-1.887906,-5.545597,,13.657718,1008.740016,1.225267,9.302836,750000.000000,VFR,barnes,envelope,False
2026-04-30T02:55:11Z,38.572849,-75.045952,106.680000,355.500673,621.055556,2.813328,-2.113102,3.518525,143.089647,2.852168,-2.142274,3.567100,-2.970426,-1.885891,-5.539716,,13.657416,1008.736124,1.225264,9.300631,750000.000000,VFR,barnes,envelope,False
2026-04-30T02:55:21Z,38.574592,-75.046128,106.680000,355.500673,621.250000,2.815616,-2.111274,3.519257,143.135804,2.850071,-2.137110,3.562323,-2.972563,-1.883890,-5.533874,,13.657117,1008.732225,1.225260,9.298421,750000.000000,VFR,barnes,envelope,False
2026-04-30T02:55:31Z,38.576336,-75.046304,106.680000,355.500673,621.444444,2.817888,-2.109458,3.519987,143.181642,2.919022,-2.185166,3.646319,-2.974686,-1.881902,-5.528069,,13.656820,1008.728319,1.225257,9.296204,750000.000000,VFR,barnes,envelope,False
2026-04-30T02:55:41Z,38.578079,-75.046480,106.680000,355.500673,621.638889,2.820146,-2.107655,3.520715,143.227162,2.789318,-2.084615,3.482228,-2.976795,-1.879926,-5.522302,,13.656527,1008.724405,1.225253,9.293981,750000.000000,VFR,barnes,envelope,False
2026-04-30T02:55:51Z,38.579822,-75.046656,106.680000,355.500673,621.833333,2.822389,-2.105863,3.521440,143.272364,2.770007,-2.066779,3.456084,-2.978891,-1.877964,-5.516574,,13.656237,1008.720485,1.225250,9.291751,750000.000000,VFR,barnes,envelope,False
2026-04-30T02:56:01Z,38.581565,-75.046832,106.680000,355.500673,622.027778,2.824618,-2.104083,3.522163,143.317246,2.746793,-2.046110,3.425119,-2.980973,-1.876015,-5.510883,,13.655950,1008.716557,1.225246,9.289515,750000.000000,VFR,barnes,envelope,False
2026-04-30T02:56:11Z,38.583309,-75.047008,106.680000,355.500673,622.222222,2.826831,-2.102315,3.522883,143.361806,2.721539,-2.024009,3.391664,-2.983041,-1.874079,-5.505231,,13.655666,1008.712623,1.225243,9.287273,750000.000000,VFR,barnes,envelope,False
2026-04-30T02:56:21Z,38.585052,-75.047184,106.680000,355.500673,622.416667,2.829030,-2.100559,3.523600,143.406048,2.686585,-1.994794,3.346184,-2.985095,-1.872156,-5.499618,,13.655384,1008.708681,1.225239,9.285025,750000.000000,VFR,barnes,envelope,False
2026-04-30T02:56:31Z,38.586795,-75.047360,106.680000,355.500673,622.611111,2.831213,-2.098816,3.524315,143.449970,2.741237,-2.032115,3.412311,-2.987135,-1.870247,-5.494043,,13.655106,1008.704732,1.225236,9.282770,750000.000000,VFR,barnes,envelope,False
2026-04-30T02:56:41Z,38.588538,-75.047536,106.680000,355.500673,622.805556,2.833382,-2.097084,3.525027,143.493574,2.755932,-2.039761,3.428672,-2.989161,-1.868350,-5.488506,,13.654831,1008.700777,1.225232,9.280509,750000.000000,VFR,barnes,envelope,False
2026-04-30T02:56:51Z,38.590282,-75.047712,106.680000,355.500673,623.000000,2.835536,-2.095365,3.525737,143.536859,2.866118,-2.117963,3.563762,-2.991174,-1.866467,-5.483008,,13.654558,1008.696814,1.225228,9.278241,750000.000000,VFR,barnes,envelope,False
2026-04-30T02:57:01Z,38.592025,-75.047888,106.680000,355.500673,623.194444,2.837675,-2.093658,3.526443,143.579824,2.819806,-2.080474,3.504237,-2.993172,-1.864597,-5.477548,,13.654289,1008.692844,1.225225,9.275967,750000.000000,VFR,barnes,envelope,False
2026-04-30T02:57:11Z,38.593768,-75.048064,106.680000,355.500673,623.388889,2.839800,-2.091962,3.527147,143.622470,2.831519,-2.085862,3.516863,-2.995157,-1.862741,-5.472127,,13.654022,1008.688868,1.225221,9.273687,750000.000000,VFR,barnes,envelope,False
2026-04-30T02:57:21Z,38.595511,-75.048240,106.680000,355.500673,623.583333,2.841909,-2.090279,3.527849,143.664797,2.790247,-2.052281,3.463717,-2.997128,-1.860897,-5.466745,,13.653758,1008.684884,1.225217,9.271400,750000.000000,VFR,barnes,envelope,False
2026-04-30T02:57:31Z,38.597255,-75.048416,106.680000,355.500673,623.777778,2.844004,-2.088608,3.528547,143.706805,2.813121,-2.065928,3.490230,-2.999085,-1.859067,-5.461401,,13.653497,1008.680893,1.225214,9.269107,370000.000000,VFR,barnes,envelope,False
2026-04-30T02:57:41Z,38.598998,-75.048592,106.680000,355.500673,623.972222,2.846083,-2.086950,3.529242,143.748493,2.751611,-2.017676,3.412093,-3.001028,-1.857251,-5.456097,,13.653239,1008.676895,1.225210,9.266807,370000.000000,VFR,barnes,envelope,False
2026-04-30T02:57:51Z,38.600741,-75.048768,106.680000,355.500673,624.166667,2.848148,-2.085303,3.529934,143.789862,2.794636,-2.046124,3.463613,-3.002957,-1.855447,-5.450831,,13.652984,1008.672891,1.225206,9.264501,370000.000000,VFR,barnes,envelope,False
2026-04-30T02:58:01Z,38.602484,-75.048944,106.680000,355.500673,624.361111,2.850088,-2.083644,3.530520,143.830191,2.892836,-2.114896,3.583474,-3.004761,-1.853640,-5.445555,,13.652683,1008.668879,1.225202,9.262188,370000.000000,VFR,barnes,envelope,False
2026-04-30T02:58:11Z,38.604228,-75.049120,106.680000,355.500673,624.555556,2.851023,-2.081768,3.530169,143.863729,2.795928,-2.041538,3.461949,-3.005546,-1.851697,-5.439880,,13.651949,1008.664860,1.225201,9.259869,370000.000000,VFR,barnes,envelope,False
2026-04-30T02:58:21Z,38.605971,-75.049296,106.680000,355.500673,624.750000,2.851943,-2.079904,3.529813,143.896964,2.799460,-2.041629,3.464856,-3.006317,-1.849767,-5.434243,,13.651218,1008.660835,1.225199,9.257544,370000.000000,VFR,barnes,envelope,False
2026-04-30T02:58:31Z,38.607714,-75.049472,106.680000,355.500673,624.944444,2.852846,-2.078052,3.529452,143.929895,2.860396,-2.083551,3.538792,-3.007072,-1.847850,-5.428645,,13.650489,1008.656802,1.225197,9.255212,370000.000000,VFR,barnes,envelope,False
2026-04-30T02:58:41Z,38.609458,-75.049648,106.680000,355.500673,625.138889,2.853734,-2.076212,3.529087,143.962523,2.801875,-2.038483,3.464956,-3.007813,-1.845946,-5.423085,,13.649762,1008.652763,1.225195,9.252873,370000.000000,VFR,barnes,envelope,False
2026-04-30T02:58:51Z,38.611201,-75.049825,106.680000,355.500673,625.333333,2.854605,-2.074385,3.528717,143.994846,2.776921,-2.017933,3.432687,-3.008538,-1.844056,-5.417565,,13.649038,1008.648717,1.225194,9.250528,370000.000000,VFR,barnes,envelope,False
2026-04-30T02:59:01Z,38.612944,-75.050001,106.680000,355.500673,625.527778,2.855461,-2.072569,3.528342,144.026864,2.785636,-2.021888,3.442063,-3.009249,-1.842178,-5.412083,,13.648316,1008.644663,1.225192,9.248176,370000.000000,VFR,barnes,envelope,False
2026-04-30T02:59:11Z,38.614687,-75.050177,106.680000,355.500673,625.722222,2.856301,-2.070766,3.527963,144.058578,2.796761,-2.027601,3.454423,-3.009945,-1.840315,-5.406640,,13.647597,1008.640603,1.225190,9.245818,370000.000000,VFR,barnes,envelope,False
2026-04-30T02:59:21Z,38.616431,-75.050353,106.680000,355.500673,625.916667,2.857125,-2.068974,3.527579,144.089987,2.879391,-2.085099,3.555071,-3.010625,-1.838464,-5.401236,,13.646879,1008.636536,1.225188,9.243453,370000.000000,VFR,barnes,envelope,False
2026-04-30T02:59:31Z,38.618174,-75.050529,106.680000,355.500673,626.111111,2.857933,-2.067195,3.527191,144.121091,2.867510,-2.074123,3.539012,-3.011291,-1.836627,-5.395871,,13.646165,1008.632462,1.225186,9.241081,370000.000000,VFR,barnes,envelope,False
2026-04-30T02:59:41Z,38.619917,-75.050705,106.680000,355.500673,626.305556,2.858724,-2.065428,3.526797,144.151888,2.784408,-2.011735,3.435114,-3.011942,-1.834804,-5.390545,,13.645452,1008.628382,1.225184,9.238703,370000.000000,VFR,barnes,envelope,False
2026-04-30T02:59:51Z,38.621660,-75.050881,106.680000,355.500673,626.500000,2.859500,-2.063674,3.526399,144.182380,2.774749,-2.002510,3.421882,-3.012578,-1.832994,-5.385258,,13.644742,1008.624294,1.225182,9.236319,370000.000000,VFR,barnes,envelope,False
2026-04-30T03:00:01Z,38.623404,-75.051057,106.680000,355.500673,626.694444,2.859234,-2.062735,3.525634,144.192220,2.791840,-2.014115,3.442533,-3.012239,-1.832079,-5.382586,,13.644092,1008.620018,1.225180,9.233936,370000.000000,VFR,barnes,envelope,False
2026-04-30T03:00:11Z,38.625147,-75.051233,106.680000,355.500673,626.888889,2.849723,-2.069042,3.521627,144.018470,2.897187,-2.103503,3.580281,-3.003252,-1.839112,-5.403128,,13.644252,1008.614104,1.225172,9.231631,370000.000000,VFR,barnes,envelope,False
2026-04-30T03:00:21Z,38.626890,-75.051409,106.680000,355.500673,627.083333,2.840204,-2.075359,3.517652,143.844115,2.906470,-2.123780,3.599723,-2.994258,-1.846157,-5.423701,,13.644411,1008.608189,1.225164,9.229323,370000.000000,VFR,barnes,envelope,False
2026-04-30T03:00:31Z,38.628633,-75.051585,106.680000,355.500673,627.277778,2.830678,-2.081687,3.513710,143.669157,2.844175,-2.091613,3.530464,-2.985258,-1.853212,-5.444305,,13.644568,1008.602273,1.225156,9.227012,370000.000000,VFR,barnes,envelope,False
2026-04-30T03:00:41Z,38.630377,-75.051761,106.680000,355.500673,627.472222,2.821145,-2.088025,3.509801,143.493596,2.916950,-2.158934,3.628994,-2.976251,-1.860279,-5.464940,,13.644723,1008.596356,1.225148,9.224697,370000.000000,VFR,barnes,envelope,False
2026-04-30T03:00:51Z,38.632120,-75.051937,106.680000,355.500673,627.666667,2.811604,-2.094374,3.505926,143.317434,2.989898,-2.227187,3.728251,-2.967237,-1.867357,-5.485606,,13.644876,1008.590437,1.225141,9.222380,370000.000000,VFR,barnes,envelope,False
2026-04-30T03:01:01Z,38.633863,-75.052113,106.680000,355.500673,627.861111,2.802055,-2.100734,3.502085,143.140673,2.911471,-2.182764,3.638835,-2.958217,-1.874446,-5.506304,,13.645028,1008.584517,1.225133,9.220059,370000.000000,VFR,barnes,envelope,False
2026-04-30T03:01:11Z,38.635606,-75.052289,106.680000,355.500673,628.055556,2.792500,-2.107104,3.498277,142.963313,2.881984,-2.174625,3.610378,-2.949191,-1.881546,-5.527032,,13.645178,1008.578596,1.225125,9.217735,370000.000000,VFR,barnes,envelope,False
2026-04-30T03:01:21Z,38.637350,-75.052465,106.680000,355.500673,628.250000,2.782937,-2.113485,3.494504,142.785357,2.857083,-2.169795,3.587608,-2.940158,-1.888658,-5.547792,,13.645326,1008.572674,1.225117,9.215408,370000.000000,VFR,barnes,envelope,False
2026-04-30T03:01:31Z,38.639093,-75.052641,106.680000,355.500673,628.444444,2.773367,-2.119877,3.490766,142.606807,2.783684,-2.127763,3.503751,-2.931119,-1.895781,-5.568584,,13.645473,1008.566750,1.225109,9.213078,370000.000000,VFR,barnes,envelope,False
2026-04-30T03:01:41Z,38.640836,-75.052817,106.680000,355.500673,628.638889,2.763790,-2.126280,3.487062,142.427663,2.655880,-2.043261,3.350913,-2.922074,-1.902915,-5.589407,,13.645618,1008.560825,1.225101,9.210745,370000.000000,VFR,barnes,envelope,False
2026-04-30T03:01:51Z,38.642579,-75.052993,106.680000,355.500673,628.833333,2.754205,-2.132693,3.483393,142.247928,2.655373,-2.056163,3.358395,-2.913022,-1.910060,-5.610261,,13.645761,1008.554899,1.225094,9.208409,370000.000000,VFR,barnes,envelope,False
2026-04-30T03:02:01Z,38.644323,-75.053169,106.680000,355.500673,629.027778,2.744613,-2.139117,3.479759,142.067604,2.735731,-2.132194,3.468498,-2.903963,-1.917217,-5.631146,,13.645902,1008.548971,1.225086,9.206070,370000.000000,VFR,barnes,envelope,False
2026-04-30T03:02:11Z,38.646066,-75.053345,106.680000,355.500673,629.222222,2.735015,-2.145551,3.476161,141.886691,2.778807,-2.179905,3.531820,-2.894899,-1.924385,-5.652063,,13.646042,1008.543042,1.225078,9.203727,370000.000000,VFR,barnes,envelope,False
2026-04-30T03:02:21Z,38.647809,-75.053522,106.680000,355.500673,629.416667,2.725408,-2.151997,3.472599,141.705194,2.685712,-2.120653,3.422020,-2.885828,-1.931564,-5.673012,,13.646180,1008.537112,1.225070,9.201382,370000.000000,VFR,barnes,envelope,False
2026-04-30T03:02:31Z,38.649553,-75.053698,106.680000,355.500673,629.611111,2.715795,-2.158453,3.469072,141.523113,2.683462,-2.132755,3.427771,-2.876751,-1.938754,-5.693991,,13.646316,1008.531180,1.225062,9.199033,370000.000000,VFR,barnes,envelope,False
2026-04-30T03:02:41Z,38.651296,-75.053874,106.680000,355.500673,629.805556,2.706175,-2.164920,3.465582,141.340450,2.626339,-2.101052,3.363342,-2.867668,-1.945956,-5.715003,,13.646451,1008.525246,1.225055,9.196681,370000.000000,VFR,barnes,envelope,False
2026-04-30T03:02:51Z,38.653039,-75.054050,106.680000,355.500673,630.000000,2.696548,-2.171398,3.462129,141.157208,2.607009,-2.099297,3.347170,-2.858578,-1.953169,-5.736046,,13.646584,1008.519311,1.225047,9.194326,370000.000000,VFR,barnes,envelope,False
2026-04-30T03:03:01Z,38.654782,-75.054226,106.680000,355.500673,630.194444,2.686913,-2.177886,3.458712,140.973389,2.551526,-2.068148,3.284437,-2.849482,-1.960393,-5.757120,,13.646715,1008.513375,1.225039,9.191968,370000.000000,VFR,barnes,envelope,False
2026-04-30T03:03:11Z,38.656526,-75.054402,106.680000,355.500673,630.388889,2.677272,-2.184386,3.455333,140.788996,2.588318,-2.111809,3.340528,-2.840380,-1.967629,-5.778226,,13.646845,1008.507437,1.225031,9.189606,370000.000000,VFR,barnes,envelope,False
2026-04-30T03:03:21Z,38.658269,-75.054578,106.680000,355.500673,630.583333,2.667623,-2.190896,3.451991,140.604030,2.638237,-2.166762,3.413964,-2.831272,-1.974876,-5.799363,,13.646973,1008.501498,1.225024,9.187242,370000.000000,VFR,barnes,envelope,False
2026-04-30T03:03:31Z,38.660012,-75.054754,106.680000,355.500673,630.777778,2.657968,-2.197417,3.448686,140.418495,2.647127,-2.188455,3.434621,-2.822158,-1.982135,-5.820532,,13.647099,1008.495556,1.225016,9.184874,370000.000000,VFR,barnes,envelope,False
2026-04-30T03:03:41Z,38.661755,-75.054930,106.680000,355.500673,630.972222,2.648305,-2.203949,3.445419,140.232392,2.617024,-2.177917,3.404723,-2.813038,-1.989405,-5.841733,,13.647223,1008.489614,1.225008,9.182504,370000.000000,VFR,barnes,envelope,False
2026-04-30T03:03:51Z,38.663499,-75.055106,106.680000,355.500673,631.166667,2.638636,-2.210492,3.442190,140.045725,2.636355,-2.208582,3.439215,-2.803911,-1.996686,-5.862965,,13.647346,1008.483669,1.225000,9.180130,370000.000000,VFR,barnes,envelope,False
2026-04-30T03:04:01Z,38.665242,-75.055282,106.680000,355.500673,631.361111,2.628959,-2.217046,3.439000,139.858497,2.583543,-2.178745,3.379589,-2.794779,-2.003979,-5.884229,,13.647467,1008.477724,1.224993,9.177753,370000.000000,VFR,barnes,envelope,False
2026-04-30T03:04:11Z,38.666985,-75.055458,106.680000,355.500673,631.555556,2.619276,-2.223611,3.435848,139.670709,2.554284,-2.168436,3.350595,-2.785640,-2.011283,-5.905524,,13.647587,1008.471776,1.224985,9.175373,370000.000000,VFR,barnes,envelope,False
2026-04-30T03:04:21Z,38.668728,-75.055634,106.680000,355.500673,631.750000,2.609586,-2.230186,3.432735,139.482365,2.573490,-2.199339,3.385254,-2.776496,-2.018598,-5.926852,,13.647704,1008.465827,1.224977,9.172990,370000.000000,VFR,barnes,envelope,False
2026-04-30T03:04:31Z,38.670472,-75.055810,106.680000,355.500673,631.944444,2.599889,-2.236773,3.429661,139.293467,2.599775,-2.236675,3.429511,-2.767345,-2.025925,-5.948211,,13.647821,1008.459876,1.224969,9.170604,370000.000000,VFR,barnes,envelope,False
2026-04-30T03:04:41Z,38.672215,-75.055986,106.680000,355.500673,632.138889,2.590185,-2.243370,3.426626,139.104020,2.613524,-2.263585,3.457503,-2.758189,-2.033264,-5.969601,,13.647935,1008.453923,1.224962,9.168214,370000.000000,VFR,barnes,envelope,False
2026-04-30T03:04:51Z,38.673958,-75.056162,106.680000,355.500673,632.333333,2.580474,-2.249979,3.423631,138.914025,2.718817,-2.370604,3.607177,-2.749027,-2.040614,-5.991024,,13.648048,1008.447969,1.224954,9.165821,370000.000000,VFR,barnes,envelope,False
2026-04-30T03:05:01Z,38.675701,-75.056338,106.680000,355.500673,632.527778,2.570978,-2.255484,3.420107,138.739958,2.731977,-2.396726,3.634280,-2.739991,-2.046847,-6.009190,,13.648159,1008.442488,1.224947,9.164446,370000.000000,VFR,barnes,envelope,False
2026-04-30T03:05:11Z,38.677445,-75.056514,106.680000,355.500673,632.722222,2.563466,-2.250964,3.411480,138.713822,2.676226,-2.349978,3.561543,-2.732148,-2.042930,-5.997775,,13.648269,1008.441287,1.224945,9.172269,370000.000000,VFR,barnes,envelope,False
2026-04-30T03:05:21Z,38.679188,-75.056690,106.680000,355.500673,632.916667,2.555949,-2.246441,3.402848,138.687543,2.658986,-2.337001,3.540025,-2.724300,-2.039010,-5.986351,,13.648377,1008.440095,1.224943,9.180114,370000.000000,VFR,barnes,envelope,False
2026-04-30T03:05:31Z,38.680931,-75.056866,106.680000,355.500673,633.111111,2.548427,-2.241914,3.394210,138.661118,2.580654,-2.270264,3.437132,-2.716446,-2.035088,-5.974918,,13.648483,1008.438911,1.224941,9.187983,370000.000000,VFR,barnes,envelope,False
2026-04-30T03:05:41Z,38.682675,-75.057042,106.680000,355.500673,633.305556,2.540901,-2.237384,3.385567,138.634548,2.514418,-2.214064,3.350280,-2.708588,-2.031162,-5.963475,,13.648587,1008.437734,1.224939,9.195874,370000.000000,VFR,barnes,envelope,False
2026-04-30T03:05:51Z,38.684418,-75.057218,106.680000,355.500673,633.500000,2.533370,-2.232851,3.376920,138.607831,2.465280,-2.172838,3.286157,-2.700724,-2.027233,-5.952024,,13.648690,1008.436565,1.224937,9.203788,370000.000000,VFR,barnes,envelope,False
2026-04-30T03:06:01Z,38.686161,-75.057395,106.680000,355.500673,633.694444,2.525834,-2.228314,3.368267,138.580966,2.463686,-2.173486,3.285391,-2.692855,-2.023302,-5.940563,,13.648792,1008.435404,1.224935,9.211725,370000.000000,VFR,barnes,envelope,False
2026-04-30T03:06:11Z,38.687904,-75.057571,106.680000,355.500673,633.888889,2.518293,-2.223774,3.359609,138.553952,2.458702,-2.171152,3.280109,-2.684982,-2.019367,-5.929093,,13.648892,1008.434250,1.224934,9.219685,370000.000000,VFR,barnes,envelope,False
2026-04-30T03:06:21Z,38.689648,-75.057747,106.680000,355.500673,634.083333,2.510748,-2.219230,3.350946,138.526787,2.407113,-2.127628,3.212630,-2.677103,-2.015430,-5.917614,,13.648990,1008.433104,1.224932,9.227667,370000.000000,VFR,barnes,envelope,False
2026-04-30T03:06:31Z,38.691391,-75.057923,106.680000,355.500673,634.277778,2.503198,-2.214683,3.342278,138.499471,2.494254,-2.206771,3.330337,-2.669219,-2.011489,-5.906126,,13.649086,1008.431966,1.224930,9.235673,370000.000000,VFR,barnes,envelope,False
2026-04-30T03:06:41Z,38.693134,-75.058099,106.680000,355.500673,634.472222,2.495643,-2.210133,3.333605,138.472003,2.444930,-2.165222,3.265864,-2.661331,-2.007545,-5.894628,,13.649181,1008.430836,1.224928,9.243702,370000.000000,VFR,barnes,envelope,False
2026-04-30T03:06:51Z,38.694877,-75.058275,106.680000,355.500673,634.666667,2.488083,-2.205580,3.324927,138.444381,2.412611,-2.138676,3.224070,-2.653437,-2.003599,-5.883122,,13.649274,1008.429713,1.224927,9.251753,370000.000000,VFR,barnes,envelope,False
2026-04-30T03:07:01Z,38.696621,-75.058451,106.680000,355.500673,634.861111,2.480519,-2.201023,3.316244,138.416604,2.417597,-2.145190,3.232123,-2.645539,-1.999649,-5.871606,,13.649366,1008.428598,1.224925,9.259828,370000.000000,VFR,barnes,envelope,False
2026-04-30T03:07:11Z,38.698364,-75.058627,106.680000,355.500673,635.055556,2.472950,-2.196462,3.307556,138.388670,2.478491,-2.201384,3.314967,-2.637636,-1.995697,-5.860081,,13.649456,1008.427491,1.224923,9.267925,370000.000000,VFR,barnes,envelope,False
2026-04-30T03:07:21Z,38.700107,-75.058803,106.680000,355.500673,635.250000,2.465377,-2.191899,3.298864,138.360580,2.475277,-2.200701,3.312112,-2.629728,-1.991742,-5.848548,,13.649545,1008.426391,1.224921,9.276046,370000.000000,VFR,barnes,envelope,False
2026-04-30T03:07:31Z,38.701850,-75.058979,106.680000,355.500673,635.444444,2.457798,-2.187332,3.290166,138.332331,2.378096,-2.116401,3.183472,-2.621815,-1.987783,-5.837005,,13.649631,1008.425299,1.224920,9.284189,370000.000000,VFR,barnes,envelope,False
2026-04-30T03:07:41Z,38.703594,-75.059155,106.680000,355.500673,635.638889,2.450216,-2.182762,3.281464,138.303922,2.323396,-2.069785,3.111620,-2.613897,-1.983822,-5.825453,,13.649717,1008.424214,1.224918,9.292356,370000.000000,VFR,barnes,envelope,False
2026-04-30T03:07:51Z,38.705337,-75.059331,106.680000,355.500673,635.833333,2.442629,-2.178188,3.272757,138.275353,2.399657,-2.139869,3.215181,-2.605974,-1.979858,-5.813892,,13.649800,1008.423137,1.224916,9.300546,370000.000000,VFR,barnes,envelope,False
2026-04-30T03:08:01Z,38.707080,-75.059507,106.680000,355.500673,636.027778,2.435037,-2.173611,3.264045,138.246621,2.367936,-2.113715,3.174101,-2.598047,-1.975891,-5.802321,,13.649883,1008.422068,1.224915,9.308758,370000.000000,VFR,barnes,envelope,False
2026-04-30T03:08:11Z,38.708823,-75.059683,106.680000,355.500673,636.222222,2.427440,-2.169031,3.255328,138.217726,2.310228,-2.064297,3.098141,-2.590114,-1.971920,-5.790742,,13.649963,1008.421006,1.224913,9.316994,370000.000000,VFR,barnes,envelope,False
2026-04-30T03:08:21Z,38.710567,-75.059859,106.680000,355.500673,636.416667,2.419840,-2.164448,3.246607,138.188666,2.317439,-2.072854,3.109220,-2.582177,-1.967947,-5.779154,,13.650042,1008.419952,1.224911,9.325253,370000.000000,VFR,barnes,envelope,False
2026-04-30T03:08:31Z,38.712310,-75.060035,106.680000,355.500673,636.611111,2.412234,-2.159861,3.237881,138.159440,2.310010,-2.068332,3.100668,-2.574236,-1.963971,-5.767557,,13.650119,1008.418905,1.224910,9.333535,370000.000000,VFR,barnes,envelope,False
2026-04-30T03:08:41Z,38.714053,-75.060211,106.680000,355.500673,636.805556,2.404624,-2.155271,3.229150,138.130046,2.334831,-2.092715,3.135425,-2.566289,-1.959992,-5.755950,,13.650195,1008.417866,1.224908,9.341840,370000.000000,VFR,barnes,envelope,False
2026-04-30T03:08:51Z,38.715796,-75.060387,106.680000,355.500673,637.000000,2.397010,-2.150678,3.220415,138.100484,2.343577,-2.102735,3.148626,-2.558338,-1.956011,-5.744335,,13.650270,1008.416835,1.224907,9.350168,370000.000000,VFR,barnes,envelope,False
2026-04-30T03:09:01Z,38.717540,-75.060563,106.680000,355.500673,637.194444,2.390341,-2.146164,3.212437,138.080965,2.291161,-2.057115,3.079146,-2.551335,-1.952034,-5.732735,,13.650359,1008.416020,1.224905,9.358209,370000.000000,VFR,barnes,envelope,False
2026-04-30T03:09:11Z,38.719283,-75.060739,106.680000,355.500673,637.388889,2.392219,-2.142395,3.211319,138.153382,2.317564,-2.075537,3.111102,-2.552912,-1.948130,-5.721345,,13.650603,1008.417104,1.224906,9.363482,370000.000000,VFR,barnes,envelope,False
2026-04-30T03:09:21Z,38.721026,-75.060915,106.680000,355.500673,637.583333,2.394104,-2.138624,3.210210,138.225967,2.306026,-2.059945,3.092108,-2.554496,-1.944223,-5.709946,,13.650845,1008.418198,1.224906,9.368774,370000.000000,VFR,barnes,envelope,False
2026-04-30T03:09:31Z,38.722770,-75.061091,106.680000,355.500673,637.777778,2.395997,-2.134851,3.209111,138.298721,2.311057,-2.059169,3.095345,-2.556087,-1.940313,-5.698538,,13.651086,1008.419303,1.224906,9.374085,370000.000000,VFR,barnes,envelope,False
2026-04-30T03:09:41Z,38.724513,-75.061268,106.680000,355.500673,637.972222,2.397897,-2.131076,3.208020,138.371643,2.332743,-2.073172,3.120854,-2.557685,-1.936400,-5.687122,,13.651325,1008.420417,1.224906,9.379416,370000.000000,VFR,barnes,envelope,False
2026-04-30T03:09:51Z,38.726256,-75.061444,106.680000,355.500673,638.166667,2.399805,-2.127298,3.206940,138.444733,2.368312,-2.099381,3.164854,-2.559290,-1.932484,-5.675697,,13.651563,1008.421541,1.224907,9.384766,370000.000000,VFR,barnes,envelope,False
2026-04-30T03:10:01Z,38.727999,-75.061620,106.680000,355.500673,638.361111,2.401283,-2.122576,3.204917,138.525439,2.449570,-2.165258,3.269363,-2.560394,-1.927661,-5.661622,,13.651774,1008.422579,1.224907,9.390135,370000.000000,VFR,barnes,envelope,False
2026-04-30T03:10:11Z,38.729743,-75.061796,106.680000,355.500673,638.555556,2.398838,-2.109363,3.194344,138.673968,2.520813,-2.216618,3.356768,-2.556920,-1.914680,-5.623742,,13.651745,1008.422762,1.224908,9.395524,370000.000000,VFR,barnes,envelope,False
2026-04-30T03:10:21Z,38.731486,-75.061972,106.680000,355.500673,638.750000,2.396397,-2.096130,3.183784,138.823791,2.567983,-2.246217,3.411748,-2.553448,-1.901679,-5.585801,,13.651716,1008.422956,1.224908,9.400932,370000.000000,VFR,barnes,envelope,False
2026-04-30T03:10:31Z,38.733229,-75.062148,106.680000,355.500673,638.944444,2.393961,-2.082879,3.173237,138.974921,2.408635,-2.095646,3.192688,-2.549979,-1.888660,-5.547797,,13.651686,1008.423161,1.224908,9.406360,370000.000000,VFR,barnes,envelope,False
2026-04-30T03:10:41Z,38.734972,-75.062324,106.680000,355.500673,639.138889,2.391528,-2.069608,3.162702,139.127370,2.301895,-1.992040,3.044166,-2.546513,-1.875621,-5.509732,,13.651655,1008.423377,1.224909,9.411807,370000.000000,VFR,barnes,envelope,False
2026-04-30T03:10:51Z,38.736716,-75.062500,106.680000,355.500673,639.333333,2.389100,-2.056318,3.152180,139.281150,2.313218,-1.991006,3.052062,-2.543050,-1.862562,-5.471606,,13.651624,1008.423603,1.224909,9.417274,370000.000000,VFR,barnes,envelope,False
2026-04-30T03:11:01Z,38.738459,-75.062676,106.680000,355.500673,639.527778,2.386675,-2.043008,3.141672,139.436274,2.283729,-1.954886,3.006160,-2.539589,-1.849484,-5.433418,,13.651592,1008.423841,1.224909,9.422760,370000.000000,VFR,barnes,envelope,False
2026-04-30T03:11:11Z,38.740202,-75.062852,106.680000,355.500673,639.722222,2.384255,-2.029680,3.131178,139.592754,2.380068,-2.026116,3.125679,-2.536131,-1.836387,-5.395168,,13.651559,1008.424090,1.224910,9.428265,370000.000000,VFR,barnes,envelope,False
2026-04-30T03:11:21Z,38.741945,-75.063028,106.680000,355.500673,639.916667,2.381839,-2.016333,3.120698,139.750602,2.365543,-2.002537,3.099347,-2.532675,-1.823270,-5.356856,,13.651525,1008.424350,1.224910,9.433790,370000.000000,VFR,barnes,envelope,False
2026-04-30T03:11:31Z,38.743689,-75.063204,106.680000,355.500673,640.111111,2.379427,-2.002966,3.110232,139.909832,2.383866,-2.006702,3.116034,-2.529222,-1.810133,-5.318483,,13.651491,1008.424620,1.224911,9.439335,370000.000000,VFR,barnes,envelope,False
2026-04-30T03:11:41Z,38.745432,-75.063380,106.680000,355.500673,640.305556,2.377019,-1.989580,3.099782,140.070457,2.441895,-2.043882,3.184385,-2.525771,-1.796978,-5.280049,,13.651456,1008.424902,1.224911,9.444899,370000.000000,VFR,barnes,envelope,False
2026-04-30T03:11:51Z,38.747175,-75.063556,106.680000,355.500673,640.500000,2.374615,-1.976175,3.089347,140.232488,2.483662,-2.066925,3.231216,-2.522323,-1.783802,-5.241553,,13.651421,1008.425194,1.224912,9.450483,370000.000000,VFR,barnes,envelope,False
2026-04-30T03:12:01Z,38.748918,-75.063732,106.680000,355.500673,640.694444,2.372216,-1.962751,3.078928,140.395940,2.425890,-2.007160,3.148592,-2.518878,-1.770608,-5.202995,,13.651384,1008.425498,1.224912,9.456086,370000.000000,VFR,barnes,envelope,False
2026-04-30T03:12:11Z,38.750662,-75.063908,106.680000,355.500673,640.888889,2.369820,-1.949307,3.068525,140.560825,2.371657,-1.950818,3.070904,-2.515435,-1.757394,-5.164376,,13.651347,1008.425812,1.224913,9.461709,370000.000000,VFR,barnes,envelope,False
2026-04-30T03:12:21Z,38.752405,-75.064084,106.680000,355.500673,641.083333,2.367428,-1.935845,3.058139,140.727156,2.386003,-1.951033,3.082132,-2.511994,-1.744160,-5.125695,,13.651309,1008.426137,1.224913,9.467352,370000.000000,VFR,barnes,envelope,False
2026-04-30T03:12:31Z,38.754148,-75.064260,106.680000,355.500673,641.277778,2.365041,-1.922363,3.047769,140.894947,2.348769,-1.909137,3.026800,-2.508557,-1.730907,-5.086952,,13.651271,1008.426473,1.224914,9.473014,370000.000000,VFR,barnes,envelope,False
2026-04-30T03:12:41Z,38.755892,-75.064436,106.680000,355.500673,641.472222,2.362657,-1.908862,3.037417,141.064212,2.440467,-1.971727,3.137449,-2.505121,-1.717635,-5.048148,,13.651232,1008.426820,1.224915,9.478696,370000.000000,VFR,barnes,envelope,False
2026-04-30T03:12:51Z,38.757635,-75.064612,106.680000,355.500673,641.666667,2.360277,-1.895342,3.027083,141.234963,2.430922,-1.952071,3.117685,-2.501688,-1.704343,-5.009283,,13.651192,1008.427177,1.224915,9.484398,370000.000000,VFR,barnes,envelope,False
2026-04-30T03:13:01Z,38.759378,-75.064788,106.680000,355.500673,641.861111,2.357902,-1.881802,3.016766,141.407215,2.413479,-1.926157,3.087874,-2.498258,-1.691032,-4.970356,,13.651151,1008.427546,1.224916,9.490119,370000.000000,VFR,barnes,envelope,False
2026-04-30T03:13:11Z,38.761121,-75.064965,106.680000,355.500673,642.055556,2.355530,-1.868243,3.006469,141.580981,2.416350,-1.916482,3.084096,-2.494830,-1.677701,-4.931367,,13.651110,1008.427925,1.224916,9.495860,370000.000000,VFR,barnes,envelope,False
2026-04-30T03:13:21Z,38.762865,-75.065141,106.680000,355.500673,642.250000,2.353162,-1.854666,2.996190,141.756275,2.378736,-1.874822,3.028753,-2.491404,-1.664351,-4.892317,,13.651068,1008.428315,1.224917,9.501621,370000.000000,VFR,barnes,envelope,False
2026-04-30T03:13:31Z,38.764608,-75.065317,106.680000,355.500673,642.444444,2.350798,-1.841068,2.985931,141.933111,2.387950,-1.870164,3.033120,-2.487981,-1.650981,-4.853206,,13.651026,1008.428715,1.224918,9.507402,370000.000000,VFR,barnes,envelope,False
2026-04-30T03:13:41Z,38.766351,-75.065493,106.680000,355.500673,642.638889,2.348438,-1.827452,2.975692,142.111503,2.439169,-1.898055,3.090656,-2.484560,-1.637592,-4.814033,,13.650982,1008.429127,1.224919,9.513203,370000.000000,VFR,barnes,envelope,False
2026-04-30T03:13:51Z,38.768094,-75.065669,106.680000,355.500673,642.833333,2.346082,-1.813817,2.965473,142.291465,2.446256,-1.891263,3.092094,-2.481141,-1.624183,-4.774798,,13.650938,1008.429549,1.224919,9.519023,370000.000000,VFR,barnes,envelope,False
2026-04-30T03:14:01Z,38.769838,-75.065845,106.680000,355.500673,643.027778,2.343730,-1.800162,2.955275,142.473010,2.341136,-1.798169,2.952004,-2.477725,-1.610755,-4.735502,,13.650894,1008.429982,1.224920,9.524863,370000.000000,VFR,barnes,envelope,False
2026-04-30T03:14:11Z,38.771581,-75.066021,106.680000,355.500673,643.222222,2.341382,-1.786488,2.945099,142.656155,2.339637,-1.785157,2.942905,-2.474311,-1.597307,-4.696145,,13.650848,1008.430425,1.224921,9.530724,370000.000000,VFR,barnes,envelope,False
2026-04-30T03:14:21Z,38.773324,-75.066197,106.680000,355.500673,643.416667,2.339037,-1.772795,2.934944,142.840912,2.375324,-1.800297,2.980475,-2.470900,-1.583840,-4.656726,,13.650802,1008.430879,1.224921,9.536604,370000.000000,VFR,barnes,envelope,False
2026-04-30T03:14:31Z,38.775067,-75.066373,106.680000,355.500673,643.611111,2.336696,-1.759082,2.924811,143.027296,2.388336,-1.797957,2.989447,-2.467491,-1.570354,-4.617246,,13.650755,1008.431344,1.224922,9.542504,370000.000000,VFR,barnes,envelope,False
2026-04-30T03:14:41Z,38.776811,-75.066549,106.680000,355.500673,643.805556,2.334360,-1.745351,2.914701,143.215322,2.425428,-1.813440,3.028410,-2.464084,-1.556848,-4.577704,,13.650708,1008.431820,1.224923,9.548423,370000.000000,VFR,barnes,envelope,False
2026-04-30T03:14:51Z,38.778554,-75.066725,106.680000,355.500673,644.000000,2.332027,-1.731600,2.904615,143.405004,2.399074,-1.781385,2.988125,-2.460679,-1.543322,-4.538101,,13.650660,1008.432306,1.224924,9.554363,370000.000000,VFR,barnes,envelope,False
2026-04-30T03:15:01Z,38.780297,-75.066901,106.680000,355.500673,644.194444,2.329773,-1.718665,2.895108,143.583942,2.450565,-1.807772,3.045211,-2.457418,-1.530604,-4.500857,,13.650611,1008.432875,1.224925,9.559363,370000.000000,VFR,barnes,envelope,False
2026-04-30T03:15:11Z,38.782040,-75.067077,106.680000,355.500673,644.388889,2.328211,-1.713237,2.890631,143.652145,2.346546,-1.726729,2.913396,-2.455435,-1.525315,-4.485368,,13.650562,1008.434108,1.224926,9.555730,370000.000000,VFR,barnes,envelope,False
2026-04-30T03:15:21Z,38.783784,-75.067253,106.680000,355.500673,644.583333,2.326670,-1.707808,2.886174,143.720811,2.383499,-1.749521,2.956669,-2.453473,-1.520024,-4.469874,,13.650512,1008.435350,1.224928,9.552092,370000.000000,VFR,barnes,envelope,False
2026-04-30T03:15:31Z,38.785527,-75.067429,106.680000,355.500673,644.777778,2.325150,-1.702380,2.881739,143.789941,2.429448,-1.778743,3.011004,-2.451532,-1.514732,-4.454373,,13.650461,1008.436603,1.224930,9.548450,370000.000000,VFR,barnes,envelope,False
2026-04-30T03:15:41Z,38.787270,-75.067605,106.680000,355.500673,644.972222,2.323652,-1.696951,2.877325,143.859535,2.413080,-1.762260,2.988063,-2.449612,-1.509437,-4.438866,,13.650410,1008.437866,1.224932,9.544805,370000.000000,VFR,barnes,envelope,False
2026-04-30T03:15:51Z,38.789013,-75.067781,106.680000,355.500673,645.166667,2.322174,-1.691522,2.872932,143.929594,2.410869,-1.756129,2.982663,-2.447713,-1.504141,-4.423352,,13.650358,1008.439139,1.224933,9.541155,370000.000000,VFR,barnes,envelope,False
2026-04-30T03:16:01Z,38.790757,-75.067957,106.680000,355.500673,645.361111,2.320178,-1.686075,2.868113,143.994067,2.316707,-1.683553,2.863823,-2.445296,-1.498867,-4.407905,,13.650311,1008.440296,1.224935,9.537501,370000.000000,VFR,barnes,envelope,False
2026-04-30T03:16:11Z,38.792500,-75.068133,106.680000,355.500673,645.555556,2.313342,-1.680468,2.859287,144.004427,2.257302,-1.639760,2.790022,-2.438041,-1.493814,-4.393102,,13.650321,1008.440319,1.224935,9.533842,370000.000000,VFR,barnes,envelope,False
2026-04-30T03:16:21Z,38.794243,-75.068309,106.680000,355.500673,645.750000,2.306520,-1.674861,2.850473,144.015033,2.216080,-1.609188,2.738703,-2.430801,-1.488759,-4.378294,,13.650331,1008.440351,1.224935,9.530180,370000.000000,VFR,barnes,envelope,False
2026-04-30T03:16:31Z,38.795987,-75.068485,106.680000,355.500673,645.944444,2.299714,-1.669253,2.841670,144.025888,2.195081,-1.593305,2.712379,-2.423575,-1.483702,-4.363480,,13.650340,1008.440392,1.224935,9.526514,370000.000000,VFR,barnes,envelope,False
2026-04-30T03:16:41Z,38.797730,-75.068661,106.680000,355.500673,646.138889,2.292922,-1.663645,2.832879,144.036995,2.070220,-1.502062,2.557734,-2.416364,-1.478644,-4.348662,,13.650348,1008.440442,1.224935,9.522843,370000.000000,VFR,barnes,envelope,False
2026-04-30T03:16:51Z,38.799473,-75.068838,106.680000,355.500673,646.333333,2.286145,-1.658036,2.824100,144.048355,2.161504,-1.567639,2.670129,-2.409169,-1.473584,-4.333838,,13.650356,1008.440500,1.224935,9.519169,370000.000000,VFR,barnes,envelope,False
2026-04-30T03:17:01Z,38.801216,-75.069014,106.680000,355.500673,646.527778,2.279384,-1.652427,2.815334,144.059971,2.237019,-1.621715,2.763008,-2.401988,-1.468523,-4.319008,,13.650363,1008.440567,1.224935,9.515490,370000.000000,VFR,barnes,envelope,False
2026-04-30T03:17:11Z,38.802960,-75.069190,106.680000,355.500673,646.722222,2.272637,-1.646817,2.806579,144.071846,2.127663,-1.541765,2.627544,-2.394821,-1.463460,-4.304174,,13.650369,1008.440643,1.224935,9.511808,370000.000000,VFR,barnes,envelope,False
2026-04-30T03:17:21Z,38.804703,-75.069366,106.680000,355.500673,646.916667,2.265905,-1.641207,2.797836,144.083982,2.178228,-1.577702,2.689576,-2.387670,-1.458395,-4.289334,,13.650375,1008.440727,1.224935,9.508121,370000.000000,VFR,barnes,envelope,False
2026-04-30T03:17:31Z,38.806446,-75.069542,106.680000,355.500673,647.111111,2.259188,-1.635597,2.789105,144.096381,2.270313,-1.643651,2.802840,-2.380534,-1.453329,-4.274489,,13.650381,1008.440821,1.224935,9.504430,370000.000000,VFR,barnes,envelope,False
2026-04-30T03:17:41Z,38.808189,-75.069718,106.680000,355.500673,647.305556,2.252485,-1.629986,2.780386,144.109045,2.283860,-1.652689,2.819113,-2.373412,-1.448261,-4.259638,,13.650386,1008.440922,1.224935,9.500735,370000.000000,VFR,barnes,envelope,False
2026-04-30T03:17:51Z,38.809933,-75.069894,106.680000,355.500673,647.500000,2.245798,-1.624374,2.771678,144.121978,2.294894,-1.659885,2.832271,-2.366305,-1.443191,-4.244783,,13.650390,1008.441033,1.224935,9.497036,370000.000000,VFR,barnes,envelope,False
2026-04-30T03:18:01Z,38.811579,-75.069594,106.680000,33.897377,647.694444,2.239472,-1.618962,2.763380,144.136029,2.220964,-1.605582,2.740543,-0.955939,-2.592769,-7.595153,,13.650317,1008.441268,1.224936,9.493568,370000.000000,VFR,barnes,envelope,False
2026-04-30T03:18:11Z,38.813030,-75.068340,106.680000,33.897377,647.888889,2.233846,-1.613944,2.755882,144.152059,2.211820,-1.598030,2.728708,-0.954069,-2.585467,-7.574011,,13.650088,1008.441745,1.224938,9.490572,370000.000000,VFR,barnes,envelope,False
2026-04-30T03:18:21Z,38.814481,-75.067087,106.680000,33.897377,648.083333,2.228229,-1.608919,2.748386,144.168378,2.187103,-1.579224,2.697660,-0.952208,-2.578163,-7.552863,,13.649860,1008.442234,1.224939,9.487584,350000.000000,VFR,barnes,envelope,False
2026-04-30T03:18:31Z,38.815932,-75.065834,106.680000,33.897377,648.277778,2.222618,-1.603888,2.740892,144.184989,2.184115,-1.576103,2.693411,-0.950357,-2.570858,-7.531709,,13.649631,1008.442734,1.224941,9.484602,350000.000000,VFR,barnes,envelope,False
2026-04-30T03:18:41Z,38.817383,-75.064580,106.680000,33.897377,648.472222,2.217015,-1.598850,2.733401,144.201894,2.194655,-1.582725,2.705832,-0.948516,-2.563552,-7.510548,,13.649402,1008.443246,1.224942,9.481627,350000.000000,VFR,barnes,envelope,False
2026-04-30T03:18:51Z,38.818834,-75.063327,106.680000,33.897377,648.666667,2.211420,-1.593806,2.725912,144.219095,2.234392,-1.610363,2.754229,-0.946685,-2.556244,-7.489381,,13.649173,1008.443769,1.224944,9.478658,350000.000000,VFR,barnes,envelope,False
2026-04-30T03:19:01Z,38.820285,-75.062074,106.680000,33.897377,648.861111,2.205831,-1.588755,2.718425,144.236597,2.254494,-1.623804,2.778396,-0.944863,-2.548934,-7.468208,,13.648943,1008.444304,1.224946,9.475697,350000.000000,VFR,barnes,envelope,False
2026-04-30T03:19:11Z,38.821736,-75.060820,106.680000,33.897377,649.055556,2.200250,-1.583697,2.710940,144.254402,2.243772,-1.615023,2.764564,-0.943052,-2.541624,-7.447029,,13.648713,1008.444849,1.224947,9.472742,350000.000000,VFR,barnes,envelope,False
2026-04-30T03:19:21Z,38.823187,-75.059567,106.680000,33.897377,649.250000,2.194677,-1.578632,2.703458,144.272513,2.214568,-1.592940,2.727960,-0.941250,-2.534311,-7.425844,,13.648482,1008.445406,1.224949,9.469795,350000.000000,VFR,barnes,envelope,False
2026-04-30T03:19:31Z,38.824638,-75.058314,106.680000,33.897377,649.444444,2.189111,-1.573561,2.695979,144.290932,2.116339,-1.521251,2.606357,-0.939459,-2.526998,-7.404652,,13.648251,1008.445975,1.224951,9.466854,350000.000000,VFR,barnes,envelope,False
2026-04-30T03:19:41Z,38.826089,-75.057061,106.680000,33.897377,649.638889,2.183552,-1.568483,2.688501,144.309664,2.173119,-1.560989,2.675655,-0.937677,-2.519683,-7.383454,,13.648020,1008.446554,1.224952,9.463920,350000.000000,VFR,barnes,envelope,False
2026-04-30T03:19:51Z,38.827540,-75.055807,106.680000,33.897377,649.833333,2.178001,-1.563398,2.681026,144.328711,2.185303,-1.568639,2.690015,-0.935905,-2.512366,-7.362250,,13.647789,1008.447145,1.224954,9.460992,350000.000000,VFR,barnes,envelope,False
2026-04-30T03:20:01Z,38.828991,-75.054554,106.680000,33.897377,650.027778,2.172530,-1.558707,2.673846,144.342012,2.189288,-1.570730,2.694471,-0.933980,-2.505421,-7.342120,,13.647604,1008.447611,1.224955,9.458492,350000.000000,VFR,barnes,envelope,False
2026-04-30T03:20:11Z,38.830442,-75.053301,106.680000,33.897377,650.222222,2.167706,-1.557604,2.669284,144.300878,2.174522,-1.562502,2.677678,-0.930591,-2.501815,-7.331669,,13.647839,1008.446856,1.224953,9.459776,350000.000000,VFR,barnes,envelope,False
2026-04-30T03:20:21Z,38.831893,-75.052047,106.680000,33.897377,650.416667,2.162866,-1.556483,2.664700,144.259730,2.195264,-1.579798,2.704616,-0.927199,-2.498185,-7.321146,,13.648075,1008.446114,1.224952,9.461060,350000.000000,VFR,barnes,envelope,False
2026-04-30T03:20:31Z,38.833344,-75.050794,106.680000,33.897377,650.611111,2.158009,-1.555342,2.660093,144.218570,2.177781,-1.569592,2.684464,-0.923804,-2.494530,-7.310550,,13.648310,1008.445383,1.224950,9.462343,350000.000000,VFR,barnes,envelope,False
2026-04-30T03:20:41Z,38.834795,-75.049541,106.680000,33.897377,650.805556,2.153137,-1.554183,2.655463,144.177396,2.149820,-1.551789,2.651372,-0.920406,-2.490850,-7.299883,,13.648546,1008.444664,1.224948,9.463626,350000.000000,VFR,barnes,envelope,False
2026-04-30T03:20:51Z,38.836246,-75.048287,106.680000,33.897377,651.000000,2.148248,-1.553005,2.650810,144.136207,2.097072,-1.516008,2.587661,-0.917006,-2.487146,-7.289143,,13.648782,1008.443957,1.224946,9.464909,350000.000000,VFR,barnes,envelope,False
2026-04-30T03:21:01Z,38.837697,-75.047034,106.680000,33.897377,651.194444,2.143344,-1.551807,2.646134,144.095004,2.119294,-1.534395,2.616443,-0.913603,-2.483416,-7.278330,,13.649018,1008.443261,1.224944,9.466191,350000.000000,VFR,barnes,envelope,False
2026-04-30T03:21:11Z,38.839148,-75.045781,106.680000,33.897377,651.388889,2.138423,-1.550590,2.641436,144.053785,2.128139,-1.543133,2.628732,-0.910197,-2.479662,-7.267445,,13.649253,1008.442578,1.224942,9.467472,350000.000000,VFR,barnes,envelope,False
2026-04-30T03:21:21Z,38.840599,-75.044527,106.680000,33.897377,651.583333,2.133486,-1.549354,2.636714,144.012551,2.160226,-1.568773,2.669761,-0.906788,-2.475883,-7.256487,,13.649490,1008.441906,1.224940,9.468753,350000.000000,VFR,barnes,envelope,False
2026-04-30T03:21:31Z,38.842050,-75.043274,106.680000,33.897377,651.777778,2.128533,-1.548099,2.631969,143.971300,2.235071,-1.625586,2.763706,-0.903377,-2.472078,-7.245455,,13.649726,1008.441246,1.224939,9.470033,350000.000000,VFR,barnes,envelope,False
2026-04-30T03:21:41Z,38.843501,-75.042021,106.680000,33.897377,651.972222,2.123563,-1.546824,2.627201,143.930032,2.248751,-1.638012,2.782079,-0.899963,-2.468249,-7.234350,,13.649962,1008.440597,1.224937,9.471313,350000.000000,VFR,barnes,envelope,False
2026-04-30T03:21:51Z,38.844952,-75.040767,106.680000,33.897377,652.166667,2.118577,-1.545531,2.622410,143.888747,2.228964,-1.626059,2.759048,-0.896546,-2.464394,-7.223172,,13.650199,1008.439961,1.224935,9.472593,350000.000000,VFR,barnes,envelope,False
2026-04-30T03:22:01Z,38.846403,-75.039514,106.680000,33.897377,652.361111,2.113575,-1.544217,2.617595,143.847443,2.191033,-1.600809,2.713524,-0.893126,-2.460514,-7.211920,,13.650436,1008.439336,1.224933,9.473872,350000.000000,VFR,barnes,envelope,False
2026-04-30T03:22:11Z,38.847854,-75.038261,106.680000,33.897377,652.555556,2.108557,-1.542884,2.612758,143.806120,2.267299,-1.659040,2.809458,-0.889704,-2.456609,-7.200594,,13.650673,1008.438722,1.224931,9.475150,350000.000000,VFR,barnes,envelope,False
2026-04-30T03:22:21Z,38.849305,-75.037007,106.680000,33.897377,652.750000,2.103522,-1.541532,2.607897,143.764779,2.206582,-1.617058,2.735669,-0.886279,-2.452679,-7.189194,,13.650910,1008.438121,1.224930,9.476428,350000.000000,VFR,barnes,envelope,False
2026-04-30T03:22:31Z,38.850756,-75.035754,106.680000,33.897377,652.944444,2.098471,-1.540160,2.603012,143.723417,2.161609,-1.586500,2.681331,-0.882852,-2.448723,-7.177720,,13.651147,1008.437531,1.224928,9.477706,350000.000000,VFR,barnes,envelope,False
2026-04-30T03:22:41Z,38.852207,-75.034501,106.680000,33.897377,653.138889,2.093403,-1.538768,2.598104,143.682034,2.124728,-1.561794,2.636980,-0.879422,-2.444742,-7.166171,,13.651385,1008.436952,1.224926,9.478983,350000.000000,VFR,barnes,envelope,False
2026-04-30T03:22:51Z,38.853658,-75.033247,106.680000,33.897377,653.333333,2.088319,-1.537357,2.593173,143.640631,2.094740,-1.542084,2.601145,-0.875989,-2.440735,-7.154548,,13.651623,1008.436385,1.224925,9.480259,350000.000000,VFR,barnes,envelope,False
2026-04-30T03:23:01Z,38.855109,-75.031994,106.680000,33.897377,653.527778,2.083219,-1.535926,2.588217,143.599205,2.122157,-1.564634,2.636594,-0.872554,-2.436703,-7.142850,,13.651861,1008.435830,1.224923,9.481535,350000.000000,VFR,barnes,envelope,False
2026-04-30T03:23:11Z,38.856560,-75.030741,106.680000,33.897377,653.722222,2.078102,-1.534475,2.583239,143.557757,2.137760,-1.578526,2.657398,-0.869116,-2.432645,-7.131077,,13.652099,1008.435287,1.224921,9.482810,350000.000000,VFR,barnes,envelope,False
2026-04-30T03:23:21Z,38.858011,-75.029487,106.680000,33.897377,653.916667,2.072969,-1.533004,2.578236,143.516286,2.081693,-1.539456,2.589087,-0.865675,-2.428561,-7.119230,,13.652337,1008.434754,1.224920,9.484085,350000.000000,VFR,barnes,envelope,False
2026-04-30T03:23:31Z,38.859462,-75.028234,106.680000,33.897377,654.111111,2.067819,-1.531514,2.573210,143.474791,2.043184,-1.513269,2.542555,-0.862232,-2.424452,-7.107306,,13.652576,1008.434234,1.224918,9.485359,350000.000000,VFR,barnes,envelope,False
2026-04-30T03:23:41Z,38.860913,-75.026981,106.680000,33.897377,654.305556,2.062652,-1.530003,2.568160,143.433272,2.057721,-1.526346,2.562020,-0.858786,-2.420317,-7.095308,,13.652815,1008.433725,1.224916,9.486632,350000.000000,VFR,barnes,envelope,False
2026-04-30T03:23:51Z,38.862364,-75.025727,106.680000,33.897377,654.500000,2.057470,-1.528473,2.563086,143.391727,2.117177,-1.572829,2.637466,-0.855337,-2.416156,-7.083234,,13.653055,1008.433228,1.224915,9.487905,350000.000000,VFR,barnes,envelope,False
2026-04-30T03:24:01Z,38.863815,-75.024474,106.680000,33.897377,654.694444,2.052270,-1.526922,2.557988,143.350157,2.050523,-1.525623,2.555811,-0.851886,-2.411969,-7.071084,,13.653294,1008.432742,1.224913,9.489178,350000.000000,VFR,barnes,envelope,False
2026-04-30T03:24:11Z,38.865266,-75.023221,106.680000,33.897377,654.888889,2.047054,-1.525351,2.552866,143.308560,2.104580,-1.568216,2.624606,-0.848433,-2.407756,-7.058858,,13.653534,1008.432267,1.224911,9.490450,350000.000000,VFR,barnes,envelope,False
2026-04-30T03:24:21Z,38.866717,-75.021967,106.680000,33.897377,655.083333,2.041821,-1.523760,2.547721,143.266936,2.202951,-1.644007,2.748773,-0.844977,-2.403517,-7.046556,,13.653774,1008.431804,1.224910,9.491721,350000.000000,VFR,barnes,envelope,False
2026-04-30T03:24:31Z,38.868168,-75.020714,106.680000,33.897377,655.277778,2.036572,-1.522149,2.542551,143.225283,2.188357,-1.635595,2.732047,-0.841518,-2.399252,-7.034178,,13.654015,1008.431353,1.224908,9.492991,350000.000000,VFR,barnes,envelope,False
2026-04-30T03:24:41Z,38.869619,-75.019461,106.680000,33.897377,655.472222,2.031306,-1.520518,2.537357,143.183602,2.277658,-1.704923,2.845081,-0.838057,-2.394961,-7.021723,,13.654256,1008.430913,1.224907,9.494261,350000.000000,VFR,barnes,envelope,False
2026-04-30T03:24:51Z,38.871070,-75.018207,106.680000,33.897377,655.666667,2.026023,-1.518866,2.532139,143.141892,2.354083,-1.764805,2.942149,-0.834593,-2.390644,-7.009192,,13.654497,1008.430484,1.224905,9.495531,350000.000000,VFR,barnes,envelope,False
2026-04-30T03:25:01Z,38.872521,-75.016954,106.680000,33.897377,655.861111,2.020926,-1.516223,2.526475,143.120504,2.335041,-1.751892,2.919169,-0.831836,-2.385607,-6.994571,,13.654738,1008.430113,1.224904,9.497072,350000.000000,VFR,barnes,envelope,False
2026-04-30T03:25:11Z,38.873972,-75.015701,106.680000,33.897377,656.055556,2.017637,-1.504836,2.517020,143.282916,2.300404,-1.715735,2.869774,-0.835457,-2.374322,-6.961807,,13.654980,1008.430169,1.224903,9.501065,350000.000000,VFR,barnes,envelope,False
2026-04-30T03:25:21Z,38.875423,-75.014447,106.680000,33.897377,656.250000,2.014351,-1.493455,2.507592,143.446488,2.267101,-1.680845,2.822231,-0.839077,-2.363042,-6.929056,,13.655222,1008.430235,1.224902,9.505052,350000.000000,VFR,barnes,envelope,False
2026-04-30T03:25:31Z,38.876874,-75.013194,106.680000,33.897377,656.444444,2.011068,-1.482079,2.498190,143.611229,2.225954,-1.640442,2.765126,-0.842697,-2.351769,-6.896318,,13.655465,1008.430311,1.224901,9.509034,350000.000000,VFR,barnes,envelope,False
2026-04-30T03:25:41Z,38.878325,-75.011941,106.680000,33.897377,656.638889,2.007788,-1.470709,2.488814,143.777148,2.193081,-1.606436,2.718499,-0.846315,-2.340501,-6.863594,,13.655708,1008.430399,1.224900,9.513010,350000.000000,VFR,barnes,envelope,False
2026-04-30T03:25:51Z,38.879776,-75.010687,106.680000,33.897377,656.833333,2.004510,-1.459344,2.479465,143.944254,2.174838,-1.583348,2.690151,-0.849933,-2.329240,-6.830883,,13.655951,1008.430496,1.224899,9.516980,350000.000000,VFR,barnes,envelope,False
2026-04-30T03:26:01Z,38.881227,-75.009434,106.680000,33.897377,657.027778,2.001235,-1.447985,2.470142,144.112556,2.159268,-1.562328,2.665203,-0.853550,-2.317985,-6.798186,,13.656195,1008.430605,1.224898,9.520945,350000.000000,VFR,barnes,envelope,False
2026-04-30T03:26:11Z,38.882678,-75.008181,106.680000,33.897377,657.222222,1.997963,-1.436631,2.460847,144.282062,2.182787,-1.569528,2.688490,-0.857166,-2.306736,-6.765502,,13.656439,1008.430723,1.224897,9.524904,350000.000000,VFR,barnes,envelope,False
2026-04-30T03:26:21Z,38.884129,-75.006927,106.680000,33.897377,657.416667,1.994694,-1.425283,2.451578,144.452782,2.177782,-1.556106,2.676603,-0.860781,-2.295494,-6.732832,,13.656683,1008.430852,1.224896,9.528857,350000.000000,VFR,barnes,envelope,False
2026-04-30T03:26:31Z,38.885580,-75.005674,106.680000,33.897377,657.611111,1.991428,-1.413941,2.442338,144.624725,2.220416,-1.576526,2.723175,-0.864395,-2.284258,-6.700176,,13.656928,1008.430992,1.224895,9.532805,350000.000000,VFR,barnes,envelope,False
2026-04-30T03:26:41Z,38.887031,-75.004421,106.680000,33.897377,657.805556,1.988164,-1.402605,2.433125,144.797899,2.248866,-1.586524,2.752173,-0.868009,-2.273028,-6.667534,,13.657174,1008.431142,1.224895,9.536747,350000.000000,VFR,barnes,envelope,False
2026-04-30T03:26:51Z,38.888482,-75.003167,106.680000,33.897377,658.000000,1.984903,-1.391274,2.423939,144.972315,2.223821,-1.558738,2.715704,-0.871621,-2.261804,-6.634906,,13.657419,1008.431302,1.224894,9.540683,350000.000000,VFR,barnes,envelope,False
2026-04-30T03:27:01Z,38.889933,-75.001914,106.680000,33.897377,658.194444,1.981645,-1.379949,2.414783,145.147980,2.132486,-1.484990,2.598594,-0.875233,-2.250587,-6.602292,,13.657665,1008.431473,1.224893,9.544614,350000.000000,VFR,barnes,envelope,False
2026-04-30T03:27:11Z,38.891384,-75.000661,106.680000,33.897377,658.388889,1.978389,-1.368630,2.405654,145.324905,2.081474,-1.439943,2.531001,-0.878843,-2.239376,-6.569692,,13.657912,1008.431654,1.224892,9.548538,350000.000000,VFR,barnes,envelope,False
2026-04-30T03:27:21Z,38.892835,-74.999407,106.680000,33.897377,658.583333,1.975137,-1.357317,2.396555,145.503098,2.047562,-1.407088,2.484433,-0.882453,-2.228172,-6.537107,,13.658159,1008.431846,1.224891,9.552457,350000.000000,VFR,barnes,envelope,False
2026-04-30T03:27:31Z,38.894286,-74.998154,106.680000,33.897377,658.777778,1.971887,-1.346009,2.387484,145.682568,2.037924,-1.391086,2.467439,-0.886062,-2.216974,-6.504536,,13.658407,1008.432048,1.224890,9.556371,350000.000000,VFR,barnes,envelope,False
2026-04-30T03:27:41Z,38.895737,-74.996901,106.680000,33.897377,658.972222,1.968640,-1.334708,2.378443,145.863324,2.060534,-1.397011,2.489466,-0.889669,-2.205783,-6.471980,,13.658655,1008.432260,1.224890,9.560278,350000.000000,VFR,barnes,envelope,False
2026-04-30T03:27:51Z,38.897188,-74.995647,106.680000,33.897377,659.166667,1.965396,-1.323413,2.369431,146.045377,1.912255,-1.287630,2.305365,-0.893276,-2.194598,-6.439439,,13.658903,1008.432483,1.224889,9.564180,350000.000000,VFR,barnes,envelope,False
2026-04-30T03:28:01Z,38.898639,-74.994394,106.680000,33.897377,659.361111,1.962154,-1.312123,2.360448,146.228735,1.916458,-1.281565,2.305476,-0.896882,-2.183419,-6.406913,,13.659152,1008.432716,1.224888,9.568076,350000.000000,VFR,barnes,envelope,False
2026-04-30T03:28:11Z,38.900090,-74.993141,106.680000,33.897377,659.555556,1.958916,-1.300840,2.351496,146.413407,1.956715,-1.299378,2.348854,-0.900486,-2.172248,-6.374401,,13.659401,1008.432960,1.224887,9.571966,350000.000000,VFR,barnes,envelope,False
2026-04-30T03:28:21Z,38.901541,-74.991888,106.680000,33.897377,659.750000,1.955680,-1.289563,2.342575,146.599402,2.018217,-1.330799,2.417484,-0.904090,-2.161082,-6.341905,,13.659651,1008.433213,1.224886,9.575850,350000.000000,VFR,barnes,envelope,False
2026-04-30T03:28:31Z,38.902992,-74.990634,106.680000,33.897377,659.944444,1.952447,-1.278291,2.333683,146.786730,1.928611,-1.262686,2.305194,-0.907693,-2.149924,-6.309423,,13.659902,1008.433477,1.224886,9.579729,350000.000000,VFR,barnes,envelope,False
2026-04-30T03:28:41Z,38.904443,-74.989381,106.680000,33.897377,660.138889,1.949217,-1.267026,2.324823,146.975401,1.961625,-1.275092,2.339622,-0.911294,-2.138772,-6.276957,,13.660152,1008.433751,1.224885,9.583602,350000.000000,VFR,barnes,envelope,False
2026-04-30T03:28:51Z,38.905894,-74.988128,106.680000,33.897377,660.333333,1.945989,-1.255767,2.315993,147.165422,1.945138,-1.255218,2.314980,-0.914894,-2.127626,-6.244506,,13.660404,1008.434036,1.224884,9.587468,350000.000000,VFR,barnes,envelope,False
2026-04-30T03:29:01Z,38.907345,-74.986874,106.680000,33.897377,660.527778,1.942760,-1.244516,2.307192,147.356719,1.841485,-1.179640,2.186919,-0.918489,-2.116486,-6.212067,,13.660602,1008.434404,1.224884,9.591329,350000.000000,VFR,barnes,envelope,False
2026-04-30T03:29:11Z,38.908796,-74.985621,106.680000,33.897377,660.722222,1.939495,-1.233282,2.298396,147.548617,1.881373,-1.196324,2.229519,-0.922044,-2.105341,-6.179608,,13.660321,1008.435437,1.224886,9.595184,350000.000000,VFR,barnes,envelope,False
2026-04-30T03:29:21Z,38.910247,-74.984368,106.680000,33.897377,660.916667,1.936232,-1.222054,2.289632,147.741899,2.033105,-1.283196,2.404185,-0.925598,-2.094202,-6.147164,,13.660045,1008.436476,1.224889,9.599034,350000.000000,VFR,barnes,envelope,False
2026-04-30T03:29:31Z,38.910160,-74.982173,106.680000,95.138927,661.111111,1.934510,-1.210910,2.282242,147.955424,2.129159,-1.332751,2.511880,1.379318,-1.818272,-5.342257,,13.659874,1008.437520,1.224891,9.603352,350000.000000,VFR,barnes,envelope,False
2026-04-30T03:29:41Z,38.910002,-74.979935,106.680000,95.138927,661.305556,1.932871,-1.199753,2.274950,148.171699,2.149216,-1.334040,2.529583,1.368060,-1.817639,-5.340407,,13.659711,1008.438566,1.224893,9.607673,350000.000000,VFR,barnes,envelope,False
2026-04-30T03:29:51Z,38.909844,-74.977697,106.680000,95.138927,661.500000,1.931245,-1.188580,2.267693,148.389874,2.065813,-1.271400,2.425704,1.356786,-1.817020,-5.338600,,13.659551,1008.439614,1.224895,9.611974,390000.000000,VFR,barnes,envelope,False
2026-04-30T03:30:01Z,38.909686,-74.975459,106.680000,95.138927,661.694444,1.930790,-1.179312,2.262460,148.583729,2.013012,-1.229533,2.358806,1.347514,-1.817397,-5.339701,,13.154914,1008.440271,1.227054,9.614711,390000.000000,VFR,barnes,envelope,False
2026-04-30T03:30:11Z,38.909528,-74.973221,106.680000,95.138927,661.888889,1.940778,-1.187326,2.275162,148.542617,1.908341,-1.167481,2.237136,1.356391,-1.826627,-5.366664,,13.154503,1008.437398,1.227053,9.603506,390000.000000,VFR,barnes,envelope,False
2026-04-30T03:30:21Z,38.909370,-74.970983,106.680000,95.138927,662.083333,1.950794,-1.195359,2.287899,148.501913,1.760942,-1.079026,2.065239,1.365288,-1.835883,-5.393698,,13.154094,1008.434520,1.227051,9.592250,390000.000000,VFR,barnes,envelope,False
2026-04-30T03:30:31Z,38.909212,-74.968746,106.680000,95.138927,662.277778,1.960837,-1.203410,2.300669,148.461614,1.830159,-1.123210,2.147343,1.374207,-1.845165,-5.420804,,13.153687,1008.431638,1.227049,9.580944,390000.000000,VFR,barnes,envelope,False
2026-04-30T03:30:41Z,38.909054,-74.966508,106.680000,95.138927,662.472222,1.970907,-1.211481,2.313474,148.421715,1.802509,-1.107970,2.115806,1.383147,-1.854471,-5.447982,,13.153282,1008.428751,1.227047,9.569587,390000.000000,VFR,barnes,envelope,False
2026-04-30T03:30:51Z,38.908896,-74.964270,106.680000,95.138927,662.666667,1.981004,-1.219570,2.326312,148.382210,1.799009,-1.107528,2.112593,1.392108,-1.863803,-5.475231,,13.152880,1008.425860,1.227046,9.558180,390000.000000,VFR,barnes,envelope,False
2026-04-30T03:31:01Z,38.908738,-74.962032,106.680000,95.138927,662.861111,1.991129,-1.227678,2.339185,148.343097,1.866411,-1.150780,2.192666,1.401091,-1.873161,-5.502551,,13.152480,1008.422964,1.227044,9.546722,390000.000000,VFR,barnes,envelope,False
2026-04-30T03:31:11Z,38.908580,-74.959794,106.680000,95.138927,663.055556,2.001280,-1.235805,2.352092,148.304370,1.851133,-1.143088,2.175625,1.410094,-1.882543,-5.529943,,13.152082,1008.420064,1.227042,9.535214,390000.000000,VFR,barnes,envelope,False
2026-04-30T03:31:21Z,38.908422,-74.957556,106.680000,95.138927,663.250000,2.011458,-1.243950,2.365032,148.266026,1.951265,-1.206725,2.294258,1.419118,-1.891951,-5.557406,,13.151687,1008.417160,1.227040,9.523655,390000.000000,VFR,barnes,envelope,False
2026-04-30T03:31:31Z,38.908264,-74.955318,106.680000,95.138927,663.444444,2.021664,-1.252114,2.378007,148.228059,1.911969,-1.184175,2.248977,1.428164,-1.901385,-5.584940,,13.151293,1008.414251,1.227038,9.512046,390000.000000,VFR,barnes,envelope,False
2026-04-30T03:31:41Z,38.908106,-74.953080,106.680000,95.138927,663.638889,2.031896,-1.260297,2.391015,148.190467,1.934988,-1.200189,2.276979,1.437230,-1.910843,-5.612546,,13.150902,1008.411337,1.227036,9.500386,390000.000000,VFR,barnes,envelope,False
2026-04-30T03:31:51Z,38.907948,-74.950842,106.680000,95.138927,663.833333,2.042156,-1.268499,2.404057,148.153244,2.085177,-1.295221,2.454702,1.446318,-1.920327,-5.640222,,13.150513,1008.408419,1.227035,9.488676,390000.000000,VFR,barnes,envelope,False
2026-04-30T03:32:01Z,38.907790,-74.948604,106.680000,95.138927,664.027778,2.052443,-1.276719,2.417133,148.116387,2.076188,-1.291489,2.445097,1.455426,-1.929836,-5.667970,,13.150127,1008.405497,1.227033,9.476915,390000.000000,VFR,barnes,envelope,False
2026-04-30T03:32:11Z,38.907632,-74.946366,106.680000,95.138927,664.222222,2.062757,-1.284958,2.430243,148.079892,2.003120,-1.247808,2.359982,1.464556,-1.939370,-5.695789,,13.149742,1008.402570,1.227031,9.465103,390000.000000,VFR,barnes,envelope,False
2026-04-30T03:32:21Z,38.907474,-74.944128,106.680000,95.138927,664.416667,2.073098,-1.293215,2.443387,148.043755,2.052715,-1.280500,2.419364,1.473706,-1.948930,-5.723679,,13.149360,1008.399639,1.227029,9.453241,390000.000000,VFR,barnes,envelope,False
2026-04-30T03:32:31Z,38.907316,-74.941890,106.680000,95.138927,664.611111,2.083465,-1.301491,2.456564,148.007972,1.992295,-1.244539,2.349067,1.482877,-1.958515,-5.751641,,13.148980,1008.396703,1.227027,9.441328,390000.000000,VFR,barnes,envelope,False
2026-04-30T03:32:41Z,38.907158,-74.939652,106.680000,95.138927,664.805556,2.093860,-1.309785,2.469775,147.972539,2.064732,-1.291564,2.435417,1.492069,-1.968125,-5.779673,,13.148603,1008.393763,1.227025,9.429364,390000.000000,VFR,barnes,envelope,False
2026-04-30T03:32:51Z,38.907000,-74.937415,106.680000,95.138927,665.000000,2.104282,-1.318098,2.483020,147.937453,2.084003,-1.305395,2.459090,1.501282,-1.977761,-5.807776,,13.148227,1008.390819,1.227023,9.417349,390000.000000,VFR,barnes,envelope,False
2026-04-30T03:33:01Z,38.906842,-74.935177,106.680000,95.138927,665.194444,2.114731,-1.326429,2.496298,147.902710,2.013977,-1.263233,2.377364,1.510516,-1.987421,-5.835950,,13.147854,1008.387870,1.227021,9.405284,390000.000000,VFR,barnes,envelope,False
2026-04-30T03:33:11Z,38.906683,-74.932939,106.680000,95.138927,665.388889,2.125207,-1.334779,2.509610,147.868305,2.032667,-1.276657,2.400331,1.519771,-1.997108,-5.864194,,13.147483,1008.384917,1.227019,9.393168,390000.000000,VFR,barnes,envelope,False
2026-04-30T03:33:21Z,38.906525,-74.930701,106.680000,95.138927,665.583333,2.135710,-1.343147,2.522955,147.834236,2.033739,-1.279017,2.402494,1.529046,-2.006819,-5.892510,,13.147114,1008.381959,1.227017,9.381001,390000.000000,VFR,barnes,envelope,False
2026-04-30T03:33:31Z,38.906367,-74.928463,106.680000,95.138927,665.777778,2.146241,-1.351534,2.536334,147.800499,2.071175,-1.304264,2.447626,1.538342,-2.016555,-5.920896,,13.146747,1008.378997,1.227015,9.368784,390000.000000,VFR,barnes,envelope,False
2026-04-30T03:33:41Z,38.906209,-74.926225,106.680000,95.138927,665.972222,2.156798,-1.359939,2.549747,147.767091,2.112726,-1.332150,2.497646,1.547659,-2.026317,-5.949353,,13.146382,1008.376031,1.227013,9.356515,390000.000000,VFR,barnes,envelope,False
2026-04-30T03:33:51Z,38.906051,-74.923987,106.680000,95.138927,666.166667,2.167382,-1.368362,2.563193,147.734007,2.235815,-1.411567,2.644123,1.556996,-2.036104,-5.977881,,13.146020,1008.373060,1.227011,9.344196,390000.000000,VFR,barnes,envelope,False
2026-04-30T03:34:01Z,38.905893,-74.921749,106.680000,95.138927,666.361111,2.177717,-1.376697,2.576382,147.699967,2.184538,-1.381009,2.584452,1.566224,-2.045651,-6.005706,,13.145660,1008.370226,1.227009,9.331826,390000.000000,VFR,barnes,envelope,False
2026-04-30T03:34:11Z,38.905735,-74.919511,106.680000,95.138927,666.555556,2.185597,-1.384093,2.586996,147.654771,2.244930,-1.421667,2.657226,1.574296,-2.052837,-6.026647,,13.145302,1008.368654,1.227008,9.319405,390000.000000,VFR,barnes,envelope,False
2026-04-30T03:34:21Z,38.905577,-74.917273,106.680000,95.138927,666.750000,2.193507,-1.391508,2.597646,147.609935,2.241987,-1.422263,2.655059,1.582389,-2.060051,-6.047669,,13.144946,1008.367077,1.227008,9.306933,390000.000000,VFR,barnes,envelope,False
2026-04-30T03:34:31Z,38.905419,-74.915035,106.680000,95.138927,666.944444,2.201446,-1.398943,2.608334,147.565457,2.263760,-1.438541,2.682165,1.590505,-2.067292,-6.068769,,13.144592,1008.365494,1.227008,9.294411,390000.000000,VFR,barnes,envelope,False
2026-04-30T03:34:41Z,38.905261,-74.912797,106.680000,95.138927,667.138889,2.209415,-1.406396,2.619058,147.521334,2.252964,-1.434117,2.670681,1.598643,-2.074562,-6.089949,,13.144240,1008.363905,1.227007,9.281837,390000.000000,VFR,barnes,envelope,False
2026-04-30T03:34:51Z,38.905103,-74.910559,106.680000,95.138927,667.333333,2.217413,-1.413869,2.629819,147.477565,2.218290,-1.414428,2.630859,1.606802,-2.081859,-6.111208,,13.143891,1008.362310,1.227007,9.269212,390000.000000,VFR,barnes,envelope,False
2026-04-30T03:35:01Z,38.904945,-74.908322,106.680000,95.138927,667.527778,2.225418,-1.420691,2.640236,147.446123,2.136189,-1.363728,2.534376,1.614314,-2.089220,-6.132652,,13.641111,1008.360843,1.224878,9.256865,390000.000000,VFR,barnes,envelope,False
2026-04-30T03:35:11Z,38.904787,-74.906084,106.680000,95.138927,667.722222,2.233228,-1.421503,2.647258,147.522264,2.128228,-1.354668,2.522792,1.615822,-2.096926,-6.155098,,13.640523,1008.360574,1.224880,9.247429,390000.000000,VFR,barnes,envelope,False
2026-04-30T03:35:21Z,38.904629,-74.903846,106.680000,95.138927,667.916667,2.241049,-1.422336,2.654306,147.597768,2.122781,-1.347273,2.514228,1.617351,-2.104641,-6.177571,,13.639936,1008.360303,1.224882,9.237963,390000.000000,VFR,barnes,envelope,False
2026-04-30T03:35:31Z,38.904471,-74.901608,106.680000,95.138927,668.111111,2.248883,-1.423189,2.661380,147.672638,2.158701,-1.366118,2.554656,1.618903,-2.112367,-6.200072,,13.639350,1008.360031,1.224884,9.228468,390000.000000,VFR,barnes,envelope,False
2026-04-30T03:35:41Z,38.904313,-74.899370,106.680000,95.138927,668.305556,2.256729,-1.424062,2.668479,147.746878,2.278963,-1.438092,2.694769,1.620475,-2.120104,-6.222601,,13.638766,1008.359757,1.224886,9.218944,390000.000000,VFR,barnes,envelope,False
2026-04-30T03:35:51Z,38.904155,-74.897132,106.680000,95.138927,668.500000,2.264588,-1.424956,2.675604,147.820490,2.267631,-1.426871,2.679199,1.622070,-2.127850,-6.245158,,13.638183,1008.359481,1.224889,9.209390,390000.000000,VFR,barnes,envelope,False
2026-04-30T03:36:01Z,38.903997,-74.894894,106.680000,95.138927,668.694444,2.272458,-1.425871,2.682755,147.893478,2.212245,-1.388090,2.611670,1.623686,-2.135607,-6.267744,,13.637601,1008.359205,1.224891,9.199806,390000.000000,VFR,barnes,envelope,False
2026-04-30T03:36:11Z,38.903839,-74.892656,106.680000,95.138927,668.888889,2.280341,-1.426806,2.689931,147.965846,2.302140,-1.440445,2.715645,1.625323,-2.143374,-6.290357,,13.637020,1008.358927,1.224893,9.190193,390000.000000,VFR,barnes,envelope,False
2026-04-30T03:36:21Z,38.903681,-74.890418,106.680000,95.138927,669.083333,2.288236,-1.427761,2.697133,148.037596,2.265010,-1.413270,2.669757,1.626982,-2.151152,-6.312999,,13.636441,1008.358647,1.224895,9.180551,390000.000000,VFR,barnes,envelope,False
2026-04-30T03:36:31Z,38.903523,-74.888180,106.680000,95.138927,669.277778,2.296143,-1.428738,2.704360,148.108734,2.309639,-1.437135,2.720255,1.628662,-2.158940,-6.335669,,13.635863,1008.358366,1.224897,9.170878,390000.000000,VFR,barnes,envelope,False
2026-04-30T03:36:41Z,38.903365,-74.885942,106.680000,95.138927,669.472222,2.304063,-1.429734,2.711613,148.179260,2.251181,-1.396920,2.649377,1.630364,-2.166739,-6.358368,,13.635286,1008.358083,1.224899,9.161176,390000.000000,VFR,barnes,envelope,False
2026-04-30T03:36:51Z,38.903207,-74.883704,106.680000,95.138927,669.666667,2.311995,-1.430751,2.718891,148.249180,2.287748,-1.415746,2.690377,1.632088,-2.174548,-6.381095,,13.634710,1008.357799,1.224901,9.151445,390000.000000,VFR,barnes,envelope,False
2026-04-30T03:37:01Z,38.903049,-74.881466,106.680000,95.138927,669.861111,2.319939,-1.431789,2.726195,148.318497,2.237653,-1.381005,2.629500,1.633833,-2.182367,-6.403850,,13.634136,1008.357514,1.224903,9.141684,390000.000000,VFR,barnes,envelope,False
2026-04-30T03:37:11Z,38.902890,-74.879229,106.680000,95.138927,670.055556,2.327896,-1.432847,2.733523,148.387213,2.265290,-1.394313,2.660009,1.635600,-2.190197,-6.426635,,13.633562,1008.357227,1.224906,9.131893,390000.000000,VFR,barnes,envelope,False
2026-04-30T03:37:21Z,38.902732,-74.876991,106.680000,95.138927,670.250000,2.335865,-1.433926,2.740878,148.455333,2.258650,-1.386526,2.650274,1.637388,-2.198038,-6.449448,,13.632990,1008.356938,1.224908,9.122072,390000.000000,VFR,barnes,envelope,False
2026-04-30T03:37:31Z,38.902574,-74.874753,106.680000,95.138927,670.444444,2.343847,-1.435025,2.748257,148.522860,2.316864,-1.418505,2.716618,1.639198,-2.205889,-6.472290,,13.632420,1008.356649,1.224910,9.112222,390000.000000,VFR,barnes,envelope,False
2026-04-30T03:37:41Z,38.902416,-74.872515,106.680000,95.138927,670.638889,2.351842,-1.436145,2.755662,148.589797,2.356835,-1.439194,2.761513,1.641029,-2.213751,-6.495161,,13.631850,1008.356358,1.224912,9.102342,390000.000000,VFR,barnes,envelope,False
2026-04-30T03:37:51Z,38.902258,-74.870277,106.680000,95.138927,670.833333,2.359849,-1.437285,2.763092,148.656147,2.358658,-1.436560,2.761697,1.642882,-2.221624,-6.518062,,13.631282,1008.356065,1.224914,9.092432,390000.000000,VFR,barnes,envelope,False
2026-04-30T03:38:01Z,38.902100,-74.868039,106.680000,95.138927,671.027778,2.367868,-1.438446,2.770547,148.721914,2.331792,-1.416531,2.728336,1.644757,-2.229507,-6.540991,,13.630714,1008.355771,1.224916,9.082492,390000.000000,VFR,barnes,envelope,False
2026-04-30T03:38:11Z,38.901942,-74.865801,106.680000,95.138927,671.222222,2.375901,-1.439628,2.778027,148.787102,2.379745,-1.441957,2.782521,1.646653,-2.237402,-6.563950,,13.630148,1008.355475,1.224918,9.072522,390000.000000,VFR,barnes,envelope,False
2026-04-30T03:38:21Z,38.901784,-74.863563,106.680000,95.138927,671.416667,2.383946,-1.440830,2.785532,148.851713,2.517030,-1.521264,2.941035,1.648570,-2.245307,-6.586937,,13.629583,1008.355179,1.224920,9.062523,390000.000000,VFR,barnes,envelope,False
2026-04-30T03:38:31Z,38.901626,-74.861325,106.680000,95.138927,671.611111,2.392003,-1.442052,2.793062,148.915752,2.478334,-1.494098,2.893867,1.650510,-2.253223,-6.609955,,13.629020,1008.354880,1.224922,9.052493,390000.000000,VFR,barnes,envelope,False
2026-04-30T03:38:41Z,38.901468,-74.859087,106.680000,95.138927,671.805556,2.400074,-1.443295,2.800617,148.979220,2.454187,-1.475836,2.863761,1.652470,-2.261149,-6.633001,,13.628457,1008.354581,1.224924,9.042434,390000.000000,VFR,barnes,envelope,False
2026-04-30T03:38:51Z,38.901310,-74.856849,106.680000,95.138927,672.000000,2.408157,-1.444558,2.808197,149.042123,2.368147,-1.420558,2.761540,1.654453,-2.269087,-6.656078,,13.627896,1008.354280,1.224926,9.032345,390000.000000,VFR,barnes,envelope,False
2026-04-30T03:39:01Z,38.901152,-74.854611,106.680000,95.138927,672.194444,2.416247,-1.445839,2.815795,149.104461,2.553902,-1.528209,2.976211,1.656453,-2.277030,-6.679167,,13.627357,1008.353977,1.224928,9.022226,390000.000000,VFR,barnes,envelope,False
2026-04-30T03:39:11Z,38.900994,-74.852373,106.680000,95.138927,672.388889,2.424296,-1.447108,2.823355,149.166220,2.591947,-1.547182,3.018603,1.658438,-2.284932,-6.702136,,13.627002,1008.353673,1.224929,9.012077,390000.000000,VFR,barnes,envelope,False
2026-04-30T03:39:21Z,38.900836,-74.850136,106.680000,95.138927,672.583333,2.432357,-1.448398,2.830939,149.227427,2.492777,-1.484376,2.901260,1.660445,-2.292846,-6.725135,,13.626648,1008.353368,1.224930,9.001897,390000.000000,VFR,barnes,envelope,False
2026-04-30T03:39:31Z,38.900678,-74.847898,106.680000,95.138927,672.777778,2.440432,-1.449709,2.838549,149.288084,2.383265,-1.415749,2.772056,1.662473,-2.300770,-6.748165,,13.626295,1008.353062,1.224932,8.991688,390000.000000,VFR,barnes,envelope,False
2026-04-30T03:39:41Z,38.900520,-74.845660,106.680000,95.138927,672.972222,2.448519,-1.451040,2.846184,149.348195,2.454797,-1.454761,2.853482,1.664524,-2.308706,-6.771226,,13.625941,1008.352754,1.224933,8.981449,390000.000000,VFR,barnes,envelope,False
2026-04-30T03:39:51Z,38.900362,-74.843422,106.680000,95.138927,673.166667,2.456621,-1.452392,2.853844,149.407762,2.593156,-1.533114,3.012457,1.666596,-2.316654,-6.794318,,13.625588,1008.352444,1.224934,8.971180,390000.000000,VFR,barnes,envelope,False
2026-04-30T03:40:01Z,38.900204,-74.841184,106.680000,95.138927,673.361111,2.462785,-1.452403,2.859158,149.470453,2.638350,-1.555940,3.062980,1.667159,-2.322793,-6.812153,,13.135354,1008.352317,1.227031,8.960881,390000.000000,VFR,barnes,envelope,False
2026-04-30T03:40:11Z,38.900046,-74.838946,106.680000,95.138927,673.555556,2.451375,-1.440146,2.843107,149.566400,2.603852,-1.529724,3.019951,1.653929,-2.312526,-6.782325,,13.135527,1008.353846,1.227032,8.950551,390000.000000,VFR,barnes,envelope,False
2026-04-30T03:40:21Z,38.899888,-74.836708,106.680000,95.138927,673.750000,2.439908,-1.427863,2.827002,149.663330,2.717088,-1.590072,3.148157,1.640668,-2.302205,-6.752335,,13.135703,1008.355379,1.227033,8.940192,390000.000000,VFR,barnes,envelope,False
2026-04-30T03:40:31Z,38.901203,-74.835438,106.680000,30.489071,673.944444,2.427088,-1.415326,2.809609,149.751927,2.690987,-1.569216,3.115101,-1.373385,-2.451065,-7.184512,,13.135194,1008.356960,1.227038,8.929324,390000.000000,VFR,barnes,envelope,False
2026-04-30T03:40:41Z,38.902708,-74.834293,106.680000,30.489071,674.138889,2.414049,-1.402728,2.792003,149.840470,2.594560,-1.507618,3.000776,-1.368541,-2.433593,-7.133830,,13.134599,1008.358552,1.227042,8.918361,390000.000000,VFR,barnes,envelope,False
2026-04-30T03:40:51Z,38.904214,-74.833148,106.680000,30.489071,674.333333,2.400960,-1.390097,2.774343,149.930203,2.534148,-1.467210,2.928244,-1.363670,-2.416068,-7.082979,,13.134006,1008.360151,1.227047,8.907364,390000.000000,VFR,barnes,envelope,False
2026-04-30T03:41:01Z,38.905720,-74.832003,106.680000,30.489071,674.527778,2.387820,-1.377433,2.756630,150.021153,2.662280,-1.535758,3.073481,-1.358773,-2.398488,-7.031959,,13.133416,1008.361756,1.227051,8.896333,390000.000000,VFR,barnes,envelope,False
2026-04-30T03:41:11Z,38.907226,-74.830858,106.680000,30.489071,674.722222,2.374629,-1.364736,2.738862,150.113351,2.671579,-1.535398,3.081360,-1.353848,-2.380853,-6.980770,,13.132828,1008.363368,1.227056,8.885269,390000.000000,VFR,barnes,envelope,False
2026-04-30T03:41:21Z,38.908732,-74.829714,106.680000,30.489071,674.916667,2.361387,-1.352006,2.721042,150.206825,2.641122,-1.512167,3.043382,-1.348896,-2.363165,-6.929412,,13.132243,1008.364986,1.227060,8.874172,390000.000000,VFR,barnes,envelope,False
2026-04-30T03:41:31Z,38.910237,-74.828569,106.680000,30.489071,675.111111,2.348094,-1.339242,2.703168,150.301606,2.606616,-1.486690,3.000782,-1.343917,-2.345422,-6.877885,,13.131660,1008.366610,1.227064,8.863040,390000.000000,VFR,barnes,envelope,False
2026-04-30T03:41:41Z,38.911743,-74.827424,106.680000,30.489071,675.305556,2.334750,-1.326445,2.685240,150.397728,2.435591,-1.383736,2.801219,-1.338911,-2.327624,-6.826188,,13.131080,1008.368241,1.227069,8.851875,390000.000000,VFR,barnes,envelope,False
2026-04-30T03:41:51Z,38.913249,-74.826279,106.680000,30.489071,675.500000,2.321355,-1.313615,2.667259,150.495222,2.480037,-1.403410,2.849586,-1.333878,-2.309771,-6.774320,,13.130503,1008.369879,1.227073,8.840676,390000.000000,VFR,barnes,envelope,False
2026-04-30T03:42:01Z,38.914755,-74.825134,106.680000,30.489071,675.694444,2.307864,-1.301194,2.649404,150.585309,2.414651,-1.361402,2.771995,-1.328554,-2.292223,-6.723325,,13.129928,1008.371523,1.227078,8.829443,390000.000000,VFR,barnes,envelope,False
2026-04-30T03:42:11Z,38.916260,-74.823989,106.680000,30.489071,675.888889,2.293918,-1.292728,2.633098,150.596748,2.458614,-1.385542,2.822146,-1.320832,-2.277852,-6.681556,,13.129355,1008.373174,1.227082,8.818176,390000.000000,VFR,barnes,envelope,False
2026-04-30T03:42:21Z,38.917766,-74.822844,106.680000,30.489071,676.083333,2.279920,-1.284237,2.616735,150.608241,2.512901,-1.415471,2.884134,-1.313078,-2.263433,-6.639639,,13.128785,1008.374831,1.227087,8.806875,390000.000000,VFR,barnes,envelope,False
2026-04-30T03:42:31Z,38.919272,-74.821700,106.680000,30.489071,676.277778,2.265870,-1.275721,2.600314,150.619791,2.579817,-1.452478,2.960599,-1.305291,-2.248965,-6.597576,,13.128217,1008.376495,1.227091,8.795540,390000.000000,VFR,barnes,envelope,False
2026-04-30T03:42:41Z,38.920778,-74.820555,106.680000,30.489071,676.472222,2.251767,-1.267180,2.583835,150.631399,2.480807,-1.396072,2.846650,-1.297472,-2.234450,-6.555366,,13.127652,1008.378165,1.227096,8.784170,390000.000000,VFR,barnes,envelope,False
2026-04-30T03:42:51Z,38.922284,-74.819410,106.680000,30.489071,676.666667,2.237612,-1.258614,2.567298,150.643068,2.380271,-1.338857,2.730976,-1.289620,-2.219887,-6.513009,,13.127090,1008.379842,1.227100,8.772767,390000.000000,VFR,barnes,envelope,False
2026-04-30T03:43:01Z,38.923789,-74.818265,106.680000,30.489071,676.861111,2.223404,-1.250024,2.550703,150.654799,2.315251,-1.301661,2.656071,-1.281735,-2.205275,-6.470504,,13.126530,1008.381525,1.227105,8.761330,390000.000000,VFR,barnes,envelope,False
2026-04-30T03:43:11Z,38.925295,-74.817120,106.680000,30.489071,677.055556,2.209143,-1.241408,2.534050,150.666594,2.396083,-1.346457,2.748483,-1.273818,-2.190615,-6.427851,,13.125972,1008.383215,1.227109,8.749858,390000.000000,VFR,barnes,envelope,False
2026-04-30T03:43:21Z,38.926801,-74.815975,106.680000,30.489071,677.250000,2.194830,-1.232767,2.517338,150.678455,2.336409,-1.312287,2.679721,-1.265868,-2.175907,-6.385050,,13.125417,1008.384911,1.227113,8.738352,390000.000000,VFR,barnes,envelope,False
2026-04-30T03:43:31Z,38.928307,-74.814831,106.680000,30.489071,677.444444,2.180464,-1.224100,2.500569,150.690385,2.302087,-1.292379,2.640047,-1.257885,-2.161150,-6.342100,,13.124864,1008.386614,1.227118,8.726811,390000.000000,VFR,barnes,envelope,False
2026-04-30T03:43:41Z,38.929812,-74.813686,106.680000,30.489071,677.638889,2.166044,-1.215409,2.483740,150.702386,2.243376,-1.258801,2.572415,-1.249870,-2.146344,-6.299002,,13.124314,1008.388324,1.227122,8.715236,390000.000000,VFR,barnes,envelope,False
2026-04-30T03:43:51Z,38.931318,-74.812541,106.680000,30.489071,677.833333,2.151572,-1.206692,2.466854,150.714459,2.322109,-1.302336,2.662380,-1.241821,-2.131490,-6.255755,,13.123766,1008.390041,1.227127,8.703627,390000.000000,VFR,barnes,envelope,False
2026-04-30T03:44:01Z,38.932824,-74.811396,106.680000,30.489071,678.027778,2.137047,-1.197950,2.449909,150.726608,2.187158,-1.226041,2.507357,-1.233740,-2.116587,-6.212359,,13.123221,1008.391763,1.227131,8.691983,390000.000000,VFR,barnes,envelope,False
2026-04-30T03:44:11Z,38.934330,-74.810251,106.680000,30.489071,678.222222,2.122468,-1.189183,2.432905,150.738835,2.076062,-1.163182,2.379712,-1.225626,-2.101635,-6.168814,,13.122679,1008.393493,1.227136,8.680304,390000.000000,VFR,barnes,envelope,False
2026-04-30T03:44:21Z,38.935836,-74.809106,106.680000,30.489071,678.416667,2.107836,-1.180390,2.415842,150.751142,2.047877,-1.146813,2.347121,-1.217478,-2.086634,-6.125118,,13.122138,1008.395229,1.227140,8.668591,390000.000000,VFR,barnes,envelope,False
2026-04-30T03:44:31Z,38.937341,-74.807961,106.680000,30.489071,678.611111,2.093151,-1.171572,2.398721,150.763532,2.027031,-1.134563,2.322948,-1.209298,-2.071584,-6.081273,,13.121601,1008.396972,1.227145,8.656843,390000.000000,VFR,barnes,envelope,False
2026-04-30T03:44:41Z,38.938847,-74.806817,106.680000,30.489071,678.805556,2.078412,-1.162728,2.381540,150.776008,2.014175,-1.126791,2.307934,-1.201084,-2.056485,-6.037278,,13.121065,1008.398722,1.227149,8.645061,390000.000000,VFR,barnes,envelope,False
2026-04-30T03:44:51Z,38.940353,-74.805672,106.680000,30.489071,679.000000,2.063620,-1.153859,2.364301,150.788573,2.094718,-1.171247,2.399929,-1.192837,-2.041337,-5.993132,,13.120533,1008.400478,1.227153,8.633243,390000.000000,VFR,barnes,envelope,False
2026-04-30T03:45:01Z,38.941859,-74.804527,106.680000,30.489071,679.194444,2.050056,-1.148804,2.349996,150.734728,2.203730,-1.234920,2.526154,-1.183713,-2.030100,-5.960379,,13.220529,1008.401282,1.226726,8.622138,390000.000000,VFR,barnes,envelope,False
2026-04-30T03:45:11Z,38.943365,-74.803382,106.680000,30.489071,679.388889,2.048011,-1.178356,2.362810,150.085349,2.207658,-1.270211,2.546996,-1.166958,-2.054528,-6.031573,,13.220095,1008.393436,1.226718,8.617729,390000.000000,VFR,barnes,envelope,False
2026-04-30T03:45:21Z,38.944870,-74.802237,106.680000,30.489071,679.583333,2.045987,-1.207999,2.375989,149.441384,2.155701,-1.272777,2.503399,-1.150172,-2.079045,-6.103010,,13.219665,1008.385561,1.226710,8.613312,390000.000000,VFR,barnes,envelope,False
2026-04-30T03:45:31Z,38.946376,-74.801092,106.680000,30.489071,679.777778,2.043981,-1.237735,2.389529,148.802953,2.151728,-1.302981,2.515491,-1.133357,-2.103651,-6.174687,,13.219236,1008.377658,1.226703,8.608885,390000.000000,VFR,barnes,envelope,False
2026-04-30T03:45:41Z,38.947882,-74.799948,106.680000,30.489071,679.972222,2.041995,-1.267563,2.403427,148.170170,2.288540,-1.420605,2.693610,-1.116512,-2.128347,-6.246606,,13.218811,1008.369726,1.226695,8.604450,390000.000000,VFR,barnes,envelope,False
2026-04-30T03:45:51Z,38.949388,-74.798803,106.680000,30.489071,680.166667,2.040029,-1.297484,2.417681,147.543139,2.232588,-1.419953,2.645886,-1.099637,-2.153133,-6.318766,,13.218387,1008.361764,1.226687,8.600005,390000.000000,VFR,barnes,envelope,False
2026-04-30T03:46:01Z,38.950893,-74.797658,106.680000,30.489071,680.361111,2.038083,-1.327497,2.432289,146.921957,2.079738,-1.354628,2.482001,-1.082731,-2.178009,-6.391167,,13.217966,1008.353774,1.226679,8.595551,390000.000000,VFR,barnes,envelope,False
2026-04-30T03:46:11Z,38.952399,-74.796513,106.680000,30.489071,680.555556,2.036156,-1.357603,2.447247,146.306713,2.080639,-1.387262,2.500711,-1.065796,-2.202974,-6.463809,,13.217548,1008.345755,1.226671,8.591088,390000.000000,VFR,barnes,envelope,False
2026-04-30T03:46:21Z,38.953905,-74.795368,106.680000,30.489071,680.750000,2.034249,-1.387801,2.462552,145.697488,1.992522,-1.359334,2.412039,-1.048831,-2.228029,-6.536692,,13.217131,1008.337706,1.226663,8.586616,390000.000000,VFR,barnes,envelope,False
2026-04-30T03:46:31Z,38.955411,-74.794223,106.680000,30.489071,680.944444,2.032362,-1.418093,2.478201,145.094355,1.956086,-1.364871,2.385193,-1.031835,-2.253175,-6.609816,,13.216718,1008.329629,1.226655,8.582135,390000.000000,VFR,barnes,envelope,False
2026-04-30T03:46:41Z,38.956917,-74.793078,106.680000,30.489071,681.138889,2.030494,-1.448477,2.494192,144.497381,1.930407,-1.377079,2.371248,-1.014810,-2.278410,-6.683180,,13.216306,1008.321522,1.226647,8.577644,390000.000000,VFR,barnes,envelope,False
2026-04-30T03:46:51Z,38.958422,-74.791934,106.680000,30.489071,681.333333,2.028646,-1.478955,2.510521,143.906625,1.988995,-1.450048,2.461450,-0.997754,-2.303736,-6.756784,,13.215897,1008.313387,1.226639,8.573145,390000.000000,VFR,barnes,envelope,False
2026-04-30T03:47:01Z,38.959928,-74.790789,106.680000,30.489071,681.527778,2.026818,-1.509526,2.527185,143.322137,2.053365,-1.529298,2.560285,-0.980668,-2.329153,-6.830629,,13.215491,1008.305222,1.226631,8.568636,390000.000000,VFR,barnes,envelope,False
2026-04-30T03:47:11Z,38.961434,-74.789644,106.680000,30.489071,681.722222,2.025010,-1.540190,2.544180,142.743964,2.059978,-1.566786,2.588113,-0.963551,-2.354660,-6.904714,,13.215087,1008.297027,1.226622,8.564118,390000.000000,VFR,barnes,envelope,False
2026-04-30T03:47:21Z,38.962940,-74.788499,106.680000,30.489071,681.916667,2.023222,-1.570948,2.561505,142.172143,2.101477,-1.631710,2.660579,-0.946405,-2.380257,-6.979039,,13.214685,1008.288804,1.226614,8.559590,390000.000000,VFR,barnes,envelope,False
2026-04-30T03:47:31Z,38.964446,-74.787354,106.680000,30.489071,682.111111,2.021454,-1.601800,2.579155,141.606705,2.040154,-1.616617,2.603013,-0.929228,-2.405946,-7.053604,,13.214285,1008.280551,1.226606,8.555054,390000.000000,VFR,barnes,envelope,False
2026-04-30T03:47:41Z,38.965951,-74.786209,106.680000,30.489071,682.305556,2.019706,-1.632745,2.597127,141.047676,2.052693,-1.659412,2.639545,-0.912021,-2.431725,-7.128409,,13.213888,1008.272268,1.226597,8.550508,390000.000000,VFR,barnes,envelope,False
2026-04-30T03:47:51Z,38.967457,-74.785065,106.680000,30.489071,682.500000,2.017978,-1.663784,2.615418,140.495075,2.076029,-1.711646,2.690656,-0.894783,-2.457595,-7.203453,,13.213494,1008.263956,1.226589,8.545953,390000.000000,VFR,barnes,envelope,False
2026-04-30T03:48:01Z,38.968963,-74.783920,106.680000,30.489071,682.694444,2.016269,-1.694917,2.634024,139.948916,2.017878,-1.696269,2.636126,-0.877515,-2.483556,-7.278736,,13.213102,1008.255615,1.226580,8.541388,390000.000000,VFR,barnes,envelope,False
2026-04-30T03:48:11Z,38.970469,-74.782775,106.680000,30.489071,682.888889,2.014581,-1.726144,2.652944,139.409206,1.945855,-1.667257,2.562440,-0.860217,-2.509609,-7.354258,,13.212712,1008.247244,1.226572,8.536814,390000.000000,VFR,barnes,envelope,False
2026-04-30T03:48:21Z,38.971974,-74.781630,106.680000,30.489071,683.083333,2.012913,-1.757465,2.672172,138.875949,2.043731,-1.784371,2.713082,-0.842888,-2.535753,-7.430020,,13.212324,1008.238844,1.226563,8.532231,390000.000000,VFR,barnes,envelope,False
2026-04-30T03:48:31Z,38.973480,-74.780485,106.680000,30.489071,683.277778,2.011265,-1.788880,2.691706,138.349140,1.919013,-1.706828,2.568243,-0.825528,-2.561988,-7.506020,,13.211939,1008.230414,1.226555,8.527639,390000.000000,VFR,barnes,envelope,False
2026-04-30T03:48:41Z,38.974986,-74.779340,106.680000,30.489071,683.472222,2.009637,-1.820390,2.711542,137.828774,1.949179,-1.765625,2.629968,-0.808138,-2.588315,-7.582258,,13.211557,1008.221954,1.226546,8.523037,390000.000000,VFR,barnes,envelope,False
2026-04-30T03:48:51Z,38.976492,-74.778195,106.680000,30.489071,683.666667,2.008030,-1.851994,2.731678,137.314837,1.973118,-1.819795,2.684185,-0.790718,-2.614733,-7.658735,,13.211177,1008.213464,1.226537,8.518426,440000.000000,VFR,barnes,envelope,False
2026-04-30T03:49:01Z,38.977998,-74.777051,106.680000,30.489071,683.861111,2.005583,-1.883978,2.751679,136.790736,2.038141,-1.914562,2.796349,-0.772381,-2.641053,-7.734899,,13.210799,1008.204945,1.226529,8.513805,440000.000000,VFR,barnes,envelope,False
2026-04-30T03:49:11Z,38.979503,-74.775906,106.680000,30.489071,684.055556,1.995411,-1.918625,2.768174,136.123896,1.960929,-1.885469,2.720337,-0.746037,-2.665749,-7.806338,,13.210423,1008.196396,1.226520,8.509175,440000.000000,VFR,barnes,envelope,False
2026-04-30T03:49:21Z,38.981009,-74.774761,106.680000,30.489071,684.250000,1.985245,-1.953372,2.785114,135.463644,1.877875,-1.847727,2.634485,-0.719647,-2.690533,-7.878008,,13.210050,1008.187817,1.226511,8.504536,440000.000000,VFR,barnes,envelope,False
2026-04-30T03:49:31Z,38.982515,-74.773616,106.680000,30.489071,684.444444,1.975083,-1.988220,2.802493,134.810085,1.967108,-1.980192,2.791178,-0.693209,-2.715406,-7.949910,,13.209679,1008.179209,1.226502,8.499887,440000.000000,VFR,barnes,envelope,False
2026-04-30T03:49:41Z,38.984021,-74.772471,106.680000,30.489071,684.638889,1.964925,-2.023167,2.820308,134.163314,1.950927,-2.008755,2.800217,-0.666725,-2.740368,-8.022043,,13.209311,1008.170570,1.226493,8.495229,440000.000000,VFR,barnes,envelope,False
2026-04-30T03:49:51Z,38.985526,-74.771326,106.680000,30.489071,684.833333,1.954772,-2.058215,2.838553,133.523418,1.963963,-2.067891,2.851898,-0.640193,-2.765418,-8.094408,,13.208945,1008.161902,1.226484,8.490561,440000.000000,VFR,barnes,envelope,False
2026-04-30T03:50:01Z,38.987032,-74.770182,106.680000,30.489071,685.027778,1.946601,-2.089338,2.855624,132.974493,2.037528,-2.186932,2.989012,-0.617361,-2.788091,-8.159882,,11.820900,1008.154020,1.232449,8.486473,440000.000000,VFR,barnes,envelope,False
2026-04-30T03:50:11Z,38.988538,-74.769037,106.680000,30.489071,685.222222,1.956235,-2.084267,2.858500,133.185059,2.037482,-2.170832,2.977221,-0.628235,-2.788610,-8.161380,,11.819658,1008.153479,1.232453,8.487690,440000.000000,VFR,barnes,envelope,False
2026-04-30T03:50:21Z,38.990044,-74.767892,106.680000,30.489071,685.416667,1.965901,-2.079179,2.861425,133.395905,2.030480,-2.147480,2.955422,-0.639146,-2.789130,-8.162881,,11.818417,1008.152938,1.232458,8.488918,440000.000000,VFR,barnes,envelope,False
2026-04-30T03:50:31Z,38.991550,-74.766747,106.680000,30.489071,685.611111,1.975599,-2.074074,2.864398,133.607022,2.016128,-2.116624,2.923161,-0.650094,-2.789651,-8.164386,,11.817178,1008.152398,1.232463,8.490157,440000.000000,VFR,barnes,envelope,False
2026-04-30T03:50:41Z,38.993055,-74.765602,106.680000,30.489071,685.805556,1.985329,-2.068951,2.867419,133.818403,1.936051,-2.017598,2.796247,-0.661078,-2.790174,-8.165894,,11.815940,1008.151859,1.232467,8.491406,440000.000000,VFR,barnes,envelope,False
2026-04-30T03:50:51Z,38.994561,-74.764457,106.680000,30.489071,686.000000,1.995092,-2.063811,2.870489,134.030040,1.948716,-2.015838,2.803764,-0.672098,-2.790697,-8.167407,,11.814704,1008.151320,1.232472,8.492665,440000.000000,VFR,barnes,envelope,False
2026-04-30T03:51:01Z,38.996067,-74.763312,106.680000,30.489071,686.194444,2.005220,-2.059232,2.874256,134.238649,2.061657,-2.117189,2.955152,-0.683150,-2.791891,-8.170852,,11.813469,1008.150782,1.232477,8.493935,440000.000000,VFR,barnes,envelope,False
2026-04-30T03:51:11Z,38.997573,-74.762168,106.680000,30.489071,686.388889,2.018392,-2.059850,2.883901,134.417571,2.067959,-2.110435,2.954724,-0.694186,-2.799105,-8.191681,,11.812235,1008.150245,1.232481,8.495216,440000.000000,VFR,barnes,envelope,False
2026-04-30T03:51:21Z,38.999079,-74.761023,106.680000,30.489071,686.583333,2.031601,-2.060460,2.893596,134.595938,2.156987,-2.187626,3.072182,-0.705260,-2.806333,-8.212545,,11.811003,1008.149708,1.232486,8.496507,440000.000000,VFR,barnes,envelope,False
2026-04-30T03:51:31Z,39.000584,-74.759878,106.680000,30.489071,686.777778,2.044849,-2.061063,2.903341,134.773749,2.229451,-2.247128,3.165444,-0.716370,-2.813575,-8.233447,,11.809772,1008.149172,1.232491,8.497808,440000.000000,VFR,barnes,envelope,False
2026-04-30T03:51:41Z,39.002090,-74.758733,106.680000,30.489071,686.972222,2.058136,-2.061659,2.913136,134.951003,2.159473,-2.163170,3.056571,-0.727517,-2.820829,-8.254384,,11.808542,1008.148637,1.232495,8.499120,440000.000000,VFR,barnes,envelope,False
2026-04-30T03:51:51Z,39.003596,-74.757588,106.680000,30.489071,687.166667,2.071461,-2.062248,2.922980,135.127699,2.173872,-2.164204,3.067490,-0.738701,-2.828098,-8.275358,,11.807314,1008.148102,1.232500,8.500443,440000.000000,VFR,barnes,envelope,False
2026-04-30T03:52:01Z,39.005102,-74.756443,106.680000,30.489071,687.361111,2.084824,-2.062829,2.932875,135.303837,2.157106,-2.134349,3.034559,-0.749921,-2.835379,-8.296368,,11.806088,1008.147569,1.232505,8.501777,440000.000000,VFR,barnes,envelope,False
2026-04-30T03:52:11Z,39.006607,-74.755299,106.680000,30.489071,687.555556,2.098226,-2.063404,2.942820,135.479415,2.145832,-2.110219,3.009588,-0.761179,-2.842674,-8.317415,,11.804862,1008.147036,1.232509,8.503120,440000.000000,VFR,barnes,envelope,False
2026-04-30T03:52:21Z,39.008113,-74.754154,106.680000,30.489071,687.750000,2.111667,-2.063971,2.952815,135.654433,2.210059,-2.160140,3.090399,-0.772473,-2.849982,-8.338498,,11.803639,1008.146503,1.232514,8.504475,440000.000000,VFR,barnes,envelope,False
2026-04-30T03:52:31Z,39.009619,-74.753009,106.680000,30.489071,687.944444,2.125147,-2.064531,2.962859,135.828890,2.074718,-2.015540,2.892552,-0.783805,-2.857304,-8.359618,,11.802416,1008.145972,1.232519,8.505840,440000.000000,VFR,barnes,envelope,False
2026-04-30T03:52:41Z,39.011125,-74.751864,106.680000,30.489071,688.138889,2.138665,-2.065084,2.972954,136.002786,1.965808,-1.898174,2.732667,-0.795173,-2.864639,-8.380774,,11.801195,1008.145441,1.232523,8.507216,440000.000000,VFR,barnes,envelope,False
2026-04-30T03:52:51Z,39.012631,-74.750719,106.680000,30.489071,688.333333,2.152222,-2.065629,2.983100,136.176120,2.073303,-1.989885,2.873713,-0.806579,-2.871988,-8.401967,,11.799975,1008.144911,1.232528,8.508603,440000.000000,VFR,barnes,envelope,False
2026-04-30T03:53:01Z,39.014136,-74.749574,106.680000,30.489071,688.527778,2.165818,-2.066168,2.993295,136.348892,2.107827,-2.010845,2.913148,-0.818022,-2.879350,-8.423196,,11.798757,1008.144381,1.232533,8.510000,440000.000000,VFR,barnes,envelope,False
2026-04-30T03:53:11Z,39.015642,-74.748429,106.680000,30.489071,688.722222,2.179453,-2.066699,3.003541,136.521101,2.070674,-1.963547,2.853631,-0.829502,-2.886726,-8.444462,,11.797540,1008.143852,1.232537,8.511408,440000.000000,VFR,barnes,envelope,False
2026-04-30T03:53:21Z,39.017148,-74.747285,106.680000,30.489071,688.916667,2.193127,-2.067222,3.013837,136.692746,2.123862,-2.001934,2.918652,-0.841019,-2.894115,-8.465765,,11.796324,1008.143324,1.232542,8.512826,440000.000000,VFR,barnes,envelope,False
2026-04-30T03:53:31Z,39.018654,-74.746140,106.680000,30.489071,689.111111,2.206840,-2.067739,3.024183,136.863828,2.150851,-2.015279,2.947458,-0.852574,-2.901517,-8.487103,,11.795110,1008.142797,1.232546,8.514256,440000.000000,VFR,barnes,envelope,False
2026-04-30T03:53:41Z,39.020160,-74.744995,106.680000,30.489071,689.305556,2.220592,-2.068248,3.034580,137.034345,2.208054,-2.056571,3.017447,-0.864166,-2.908934,-8.508479,,11.793897,1008.142271,1.232551,8.515696,440000.000000,VFR,barnes,envelope,False
2026-04-30T03:53:51Z,39.021665,-74.743850,106.680000,30.489071,689.500000,2.234383,-2.068750,3.045028,137.204298,2.171998,-2.010990,2.960009,-0.875796,-2.916363,-8.529891,,11.792685,1008.141745,1.232556,8.517146,440000.000000,VFR,barnes,envelope,False
2026-04-30T03:54:01Z,39.023171,-74.742705,106.680000,30.489071,689.694444,2.245864,-2.067377,3.052533,137.369618,2.148960,-1.978174,2.920822,-0.886386,-2.921006,-8.543269,,11.791475,1008.141571,1.232561,8.519176,440000.000000,VFR,barnes,envelope,False
2026-04-30T03:54:11Z,39.024677,-74.741560,106.680000,30.489071,689.888889,2.236233,-2.049164,3.033119,137.499518,2.132730,-1.954320,2.892733,-0.887327,-2.900424,-8.483953,,11.790266,1008.144567,1.232570,8.526339,440000.000000,VFR,barnes,envelope,False
2026-04-30T03:54:21Z,39.026183,-74.740416,106.680000,30.489071,690.083333,2.226616,-2.030893,3.013693,137.632100,2.150825,-1.961765,2.911112,-0.888310,-2.879801,-8.424496,,11.789058,1008.147573,1.232578,8.533532,440000.000000,VFR,barnes,envelope,False
2026-04-30T03:54:31Z,39.027688,-74.739271,106.680000,30.489071,690.277778,2.217015,-2.012565,2.994257,137.767420,2.120849,-1.925267,2.864376,-0.889336,-2.859135,-8.364900,,11.787852,1008.150590,1.232587,8.540755,440000.000000,VFR,barnes,envelope,False
2026-04-30T03:54:41Z,39.029194,-74.738126,106.680000,30.489071,690.472222,2.207429,-1.994178,2.974809,137.905535,2.174981,-1.964864,2.931080,-0.890405,-2.838427,-8.305164,,11.786647,1008.153616,1.232596,8.548008,440000.000000,VFR,barnes,envelope,False
2026-04-30T03:54:51Z,39.030700,-74.736981,106.680000,30.489071,690.666667,2.197859,-1.975733,2.955352,138.046503,2.224533,-1.999712,2.991219,-0.891516,-2.817677,-8.245287,,11.785443,1008.156653,1.232605,8.555290,440000.000000,VFR,barnes,envelope,False
2026-04-30T03:55:01Z,39.032206,-74.735836,106.680000,30.489071,690.861111,2.188382,-1.957328,2.936009,138.189980,2.207207,-1.974165,2.961265,-0.892688,-2.797009,-8.185628,,12.797744,1008.159722,1.228245,8.562548,440000.000000,VFR,barnes,envelope,False
2026-04-30T03:55:11Z,39.033712,-74.734691,106.680000,30.489071,691.055556,2.179620,-1.939745,2.917765,138.332621,2.127307,-1.893190,2.847737,-0.894058,-2.777411,-8.129044,,12.796198,1008.163003,1.228256,8.569353,440000.000000,VFR,barnes,envelope,False
2026-04-30T03:55:21Z,39.035217,-74.733546,106.680000,30.489071,691.250000,2.170865,-1.922107,2.899509,138.477986,2.078084,-1.839958,2.775586,-0.895464,-2.757770,-8.072318,,12.794651,1008.166294,1.228267,8.576190,440000.000000,VFR,barnes,envelope,False
2026-04-30T03:55:31Z,39.036723,-74.732402,106.680000,30.489071,691.444444,2.162120,-1.904413,2.881242,138.626132,2.073287,-1.826168,2.762862,-0.896905,-2.738086,-8.015451,,12.793105,1008.169595,1.228277,8.583059,440000.000000,VFR,barnes,envelope,False
2026-04-30T03:55:41Z,39.038229,-74.731257,106.680000,30.489071,691.638889,2.153383,-1.886664,2.862964,138.777116,2.092561,-1.833375,2.782099,-0.898382,-2.718358,-7.958443,,12.791559,1008.172906,1.228288,8.589961,440000.000000,VFR,barnes,envelope,False
2026-04-30T03:55:51Z,39.039735,-74.730112,106.680000,30.489071,691.833333,2.144655,-1.868859,2.844676,138.930997,2.139799,-1.864628,2.838235,-0.899894,-2.698587,-7.901293,,12.790013,1008.176228,1.228299,8.596894,440000.000000,VFR,barnes,envelope,False
2026-04-30T03:56:01Z,39.041240,-74.728967,106.680000,30.489071,692.027778,2.135935,-1.850999,2.826379,139.087836,2.138898,-1.853567,2.830300,-0.901442,-2.678772,-7.844001,,12.788468,1008.179560,1.228309,8.603861,440000.000000,VFR,barnes,envelope,False
2026-04-30T03:56:11Z,39.042746,-74.727822,106.680000,30.489071,692.222222,2.127224,-1.833083,2.808073,139.247694,2.140332,-1.844378,2.825376,-0.903026,-2.658913,-7.786567,,12.786923,1008.182902,1.228320,8.610859,440000.000000,VFR,barnes,envelope,False
2026-04-30T03:56:21Z,39.044252,-74.726677,106.680000,30.489071,692.416667,2.118522,-1.815111,2.789761,139.410636,2.060354,-1.765274,2.713162,-0.904645,-2.639011,-7.728991,,12.785378,1008.186255,1.228331,8.617890,440000.000000,VFR,barnes,envelope,False
2026-04-30T03:56:31Z,39.045758,-74.725533,106.680000,30.489071,692.611111,2.109829,-1.797083,2.771441,139.576727,2.126514,-1.811295,2.793359,-0.906301,-2.619066,-7.671273,,12.783833,1008.189617,1.228341,8.624954,440000.000000,VFR,barnes,envelope,False
2026-04-30T03:56:41Z,39.047264,-74.724388,106.680000,30.489071,692.805556,2.101144,-1.779000,2.753116,139.746034,2.151218,-1.821396,2.818727,-0.907992,-2.599076,-7.613413,,12.782288,1008.192990,1.228352,8.632049,440000.000000,VFR,barnes,envelope,False
2026-04-30T03:56:51Z,39.048769,-74.723243,106.680000,30.489071,693.000000,2.092468,-1.760860,2.734785,139.918625,2.076832,-1.747701,2.714349,-0.909720,-2.579043,-7.555410,,12.780744,1008.196374,1.228363,8.639178,440000.000000,VFR,barnes,envelope,False
2026-04-30T03:57:01Z,39.050275,-74.722098,106.680000,30.489071,693.194444,2.083801,-1.742664,2.716451,140.094572,2.023883,-1.692555,2.638341,-0.911483,-2.558965,-7.497265,,12.779199,1008.199768,1.228374,8.646339,410000.000000,VFR,barnes,envelope,False
2026-04-30T03:57:11Z,39.051781,-74.720953,106.680000,30.489071,693.388889,2.075143,-1.724412,2.698113,140.273947,2.065704,-1.716568,2.685840,-0.913283,-2.538844,-7.438976,,12.777655,1008.203172,1.228385,8.653533,410000.000000,VFR,barnes,envelope,False
2026-04-30T03:57:21Z,39.053287,-74.719808,106.680000,30.489071,693.583333,2.066494,-1.706103,2.679774,140.456824,2.133500,-1.761423,2.766665,-0.915119,-2.518679,-7.380545,,12.776112,1008.206586,1.228395,8.660759,410000.000000,VFR,barnes,envelope,False
2026-04-30T03:57:31Z,39.054793,-74.718663,106.680000,30.489071,693.777778,2.057854,-1.687739,2.661433,140.643280,2.165024,-1.775634,2.800036,-0.916991,-2.498470,-7.321971,,12.774568,1008.210011,1.228406,8.668018,410000.000000,VFR,barnes,envelope,False
2026-04-30T03:57:41Z,39.056298,-74.717519,106.680000,30.489071,693.972222,2.049223,-1.669317,2.643092,140.833393,2.197086,-1.789769,2.833806,-0.918900,-2.478216,-7.263253,,12.773025,1008.213446,1.228417,8.675309,410000.000000,VFR,barnes,envelope,False
2026-04-30T03:57:51Z,39.057804,-74.716374,106.680000,30.489071,694.166667,2.040600,-1.650840,2.624752,141.027244,2.168593,-1.754385,2.789384,-0.920845,-2.457919,-7.204392,,12.771482,1008.216892,1.228428,8.682633,410000.000000,VFR,barnes,envelope,False
2026-04-30T03:58:01Z,39.059310,-74.715229,106.680000,30.489071,694.361111,2.031987,-1.632305,2.606414,141.224914,2.179191,-1.750555,2.795231,-0.922827,-2.437577,-7.145388,,12.769939,1008.220348,1.228439,8.689990,410000.000000,VFR,barnes,envelope,False
2026-04-30T03:58:11Z,39.060816,-74.714084,106.680000,30.489071,694.555556,2.023383,-1.613714,2.588079,141.426490,2.171598,-1.731920,2.777658,-0.924845,-2.417191,-7.086240,,12.768397,1008.223815,1.228449,8.697380,410000.000000,VFR,barnes,envelope,False
2026-04-30T03:58:21Z,39.062321,-74.712939,106.680000,30.489071,694.750000,2.014788,-1.595067,2.569749,141.632057,2.140949,-1.694946,2.730660,-0.926900,-2.396761,-7.026948,,12.766855,1008.227292,1.228460,8.704803,410000.000000,VFR,barnes,envelope,False
2026-04-30T03:58:31Z,39.063827,-74.711794,106.680000,30.489071,694.944444,2.006202,-1.576362,2.551424,141.841705,2.076009,-1.631213,2.640202,-0.928991,-2.376287,-6.967512,,12.765313,1008.230779,1.228471,8.712258,410000.000000,VFR,barnes,envelope,False
2026-04-30T03:58:41Z,39.065333,-74.710650,106.680000,30.489071,695.138889,1.997625,-1.557600,2.533106,142.055527,2.006199,-1.564286,2.543978,-0.931119,-2.355768,-6.907932,,12.763771,1008.234277,1.228482,8.719747,410000.000000,VFR,barnes,envelope,False
2026-04-30T03:58:51Z,39.066839,-74.709505,106.680000,30.489071,695.333333,1.989057,-1.538782,2.514796,142.273615,1.956739,-1.513780,2.473935,-0.933284,-2.335204,-6.848208,,12.762229,1008.237786,1.228493,8.727268,410000.000000,VFR,barnes,envelope,False
2026-04-30T03:59:01Z,39.068345,-74.708360,106.680000,30.489071,695.527778,1.980499,-1.519906,2.496496,142.496067,1.951572,-1.497707,2.460033,-0.935486,-2.314596,-6.788340,,12.760688,1008.241305,1.228504,8.734822,410000.000000,VFR,barnes,envelope,False
2026-04-30T03:59:11Z,39.069850,-74.707215,106.680000,30.489071,695.722222,1.971950,-1.500973,2.478206,142.722982,1.880223,-1.431155,2.362931,-0.937725,-2.293944,-6.728327,,12.759147,1008.244835,1.228515,8.742409,410000.000000,VFR,barnes,envelope,False
2026-04-30T03:59:21Z,39.071356,-74.706070,106.680000,30.489071,695.916667,1.963410,-1.481983,2.459929,142.954461,1.900431,-1.434447,2.381024,-0.940001,-2.273246,-6.668169,,12.757606,1008.248375,1.228526,8.750029,410000.000000,VFR,barnes,envelope,False
2026-04-30T03:59:31Z,39.072862,-74.704925,106.680000,30.489071,696.111111,1.954879,-1.462936,2.441666,143.190609,1.933408,-1.446868,2.414849,-0.942314,-2.252505,-6.607867,,12.756066,1008.251925,1.228537,8.757683,410000.000000,VFR,barnes,envelope,False
2026-04-30T03:59:41Z,39.074368,-74.703780,106.680000,30.489071,696.305556,1.946357,-1.443831,2.423418,143.431534,1.988677,-1.475224,2.476110,-0.944664,-2.231718,-6.547420,,12.754526,1008.255487,1.228548,8.765369,410000.000000,VFR,barnes,envelope,False
2026-04-30T03:59:51Z,39.075873,-74.702636,106.680000,30.489071,696.500000,1.937845,-1.424669,2.405187,143.677345,1.952189,-1.435214,2.422990,-0.947052,-2.210886,-6.486828,,12.752986,1008.259058,1.228559,8.773088,410000.000000,VFR,barnes,envelope,False
2026-04-30T04:00:01Z,39.077379,-74.701491,106.680000,30.489071,696.694444,1.929627,-1.405519,2.387247,143.930825,1.992090,-1.451016,2.464522,-0.949686,-2.190215,-6.426687,,13.619107,1008.262624,1.224852,8.782191,410000.000000,VFR,barnes,envelope,False
2026-04-30T04:00:11Z,39.078885,-74.700346,106.680000,30.489071,696.888889,1.923949,-1.386944,2.371749,144.212780,1.956688,-1.410545,2.412108,-0.954218,-2.171327,-6.371722,,13.618542,1008.266050,1.224859,8.803498,410000.000000,VFR,barnes,envelope,False
2026-04-30T04:00:21Z,39.080391,-74.699201,106.680000,30.489071,697.083333,1.918217,-1.368315,2.356235,144.498745,1.977534,-1.410627,2.429097,-0.958731,-2.152366,-6.316533,,13.617979,1008.269485,1.224866,8.824882,410000.000000,VFR,barnes,envelope,False
2026-04-30T04:00:31Z,39.081897,-74.698056,106.680000,30.489071,697.277778,1.912433,-1.349632,2.340706,144.788813,1.953390,-1.378537,2.390836,-0.963225,-2.133332,-6.261119,,13.617420,1008.272929,1.224872,8.846343,410000.000000,VFR,barnes,envelope,False
2026-04-30T04:00:41Z,39.083402,-74.696911,106.680000,30.489071,697.472222,1.906595,-1.330896,2.325164,145.083078,2.018918,-1.409304,2.462147,-0.967700,-2.114225,-6.205481,,13.616863,1008.276383,1.224879,8.867882,410000.000000,VFR,barnes,envelope,False
2026-04-30T04:00:51Z,39.084908,-74.695767,106.680000,30.489071,697.666667,1.900704,-1.312107,2.309610,145.381638,2.064707,-1.425323,2.508896,-0.972157,-2.095044,-6.149618,,13.616309,1008.279846,1.224885,8.889497,410000.000000,VFR,barnes,envelope,False
2026-04-30T04:01:01Z,39.086414,-74.694622,106.680000,30.489071,697.861111,1.894759,-1.293264,2.294045,145.684594,2.024482,-1.381806,2.451104,-0.976595,-2.075791,-6.093529,,13.615757,1008.283318,1.224892,8.911189,410000.000000,VFR,barnes,envelope,False
2026-04-30T04:01:11Z,39.087920,-74.693477,106.680000,30.489071,698.055556,1.888761,-1.274367,2.278471,145.992048,2.134626,-1.440254,2.575065,-0.981014,-2.056464,-6.037216,,13.615208,1008.286799,1.224898,8.932959,410000.000000,VFR,barnes,envelope,False
2026-04-30T04:01:21Z,39.089426,-74.692332,106.680000,30.489071,698.250000,1.882710,-1.255417,2.262890,146.304104,1.996883,-1.331549,2.400117,-0.985414,-2.037064,-5.980677,,13.614662,1008.290290,1.224905,8.954807,410000.000000,VFR,barnes,envelope,False
2026-04-30T04:01:31Z,39.090931,-74.691187,106.680000,30.489071,698.444444,1.876606,-1.236413,2.247302,146.620872,2.043408,-1.346311,2.447053,-0.989796,-2.017590,-5.923912,,13.614118,1008.293790,1.224912,8.976731,410000.000000,VFR,barnes,envelope,False
2026-04-30T04:01:41Z,39.092437,-74.690042,106.680000,30.489071,698.638889,1.870447,-1.217355,2.231709,146.942462,2.000534,-1.302020,2.386921,-0.994159,-1.998043,-5.866921,,13.613577,1008.297300,1.224918,8.998734,410000.000000,VFR,barnes,envelope,False
2026-04-30T04:01:51Z,39.093943,-74.688897,106.680000,30.489071,698.833333,1.864236,-1.198243,2.216114,147.268988,1.995232,-1.282441,2.371836,-0.998503,-1.978422,-5.809704,,13.613039,1008.300818,1.224925,9.020814,410000.000000,VFR,barnes,envelope,False
2026-04-30T04:02:01Z,39.095449,-74.687753,106.680000,30.489071,699.027778,1.857970,-1.179078,2.200518,147.600567,1.932833,-1.226586,2.289183,-1.002828,-1.958728,-5.752261,,13.612503,1008.304346,1.224931,9.042971,410000.000000,VFR,barnes,envelope,False
2026-04-30T04:02:11Z,39.096954,-74.686608,106.680000,30.489071,699.222222,1.851651,-1.159859,2.184922,147.937318,1.856222,-1.162722,2.190316,-1.007134,-1.938960,-5.694592,,13.611970,1008.307884,1.224938,9.065207,410000.000000,VFR,barnes,envelope,False
2026-04-30T04:02:21Z,39.098460,-74.685463,106.680000,30.489071,699.416667,1.845278,-1.140585,2.169329,148.279364,1.741637,-1.076523,2.047487,-1.011421,-1.919118,-5.636695,,13.611439,1008.311430,1.224944,9.087520,410000.000000,VFR,barnes,envelope,False
2026-04-30T04:02:31Z,39.099966,-74.684318,106.680000,30.489071,699.611111,1.838852,-1.121258,2.153740,148.626830,1.796674,-1.095540,2.104339,-1.015689,-1.899203,-5.578572,,13.610911,1008.314986,1.224951,9.109912,700000.000000,VFR,barnes,envelope,False
2026-04-30T04:02:41Z,39.101472,-74.683173,106.680000,30.489071,699.805556,1.832371,-1.101877,2.138157,148.979846,1.862761,-1.120152,2.173619,-1.019938,-1.879213,-5.520221,,13.610386,1008.318551,1.224958,9.132381,700000.000000,VFR,barnes,envelope,False
2026-04-30T04:02:51Z,39.102978,-74.682028,106.680000,30.489071,700.000000,1.825837,-1.082442,2.122583,149.338545,1.907173,-1.130662,2.217139,-1.024168,-1.859150,-5.461644,,13.609863,1008.322126,1.224964,9.154929,700000.000000,VFR,barnes,envelope,False
2026-04-30T04:03:01Z,39.104483,-74.680884,106.680000,30.489071,700.194444,1.819248,-1.062953,2.107020,149.703061,1.941401,-1.134324,2.248495,-1.028379,-1.839013,-5.402839,,13.609343,1008.325710,1.224971,9.177555,700000.000000,VFR,barnes,envelope,False
2026-04-30T04:03:11Z,39.105989,-74.679739,106.680000,30.489071,700.388889,1.812606,-1.043409,2.091469,150.073533,1.842301,-1.060503,2.125733,-1.032571,-1.818802,-5.343806,,13.608826,1008.329303,1.224977,9.200260,700000.000000,VFR,barnes,envelope,False
2026-04-30T04:03:21Z,39.107495,-74.678594,106.680000,30.489071,700.583333,1.805910,-1.023812,2.075934,150.450104,1.772735,-1.005004,2.037798,-1.036744,-1.798517,-5.284545,,13.608311,1008.332906,1.224984,9.223042,700000.000000,VFR,barnes,envelope,False
2026-04-30T04:03:31Z,39.109001,-74.677449,106.680000,30.489071,700.777778,1.799159,-1.004160,2.060415,150.832920,1.657648,-0.925179,1.898356,-1.040898,-1.778157,-5.225056,,13.607799,1008.336518,1.224990,9.245904,700000.000000,VFR,barnes,envelope,False
2026-04-30T04:03:41Z,39.110507,-74.676304,106.680000,30.489071,700.972222,1.792355,-0.984454,2.044917,151.222129,1.539580,-0.845617,1.756523,-1.045032,-1.757724,-5.165340,,13.607289,1008.340140,1.224997,9.268844,700000.000000,VFR,barnes,envelope,False
2026-04-30T04:03:51Z,39.112012,-74.675159,106.680000,30.489071,701.166667,1.785496,-0.964694,2.029441,151.617885,1.663004,-0.898512,1.890213,-1.049147,-1.737216,-5.105394,,13.606782,1008.343770,1.225004,9.291862,700000.000000,VFR,barnes,envelope,False
2026-04-30T04:04:01Z,39.113518,-74.674014,106.680000,30.489071,701.361111,1.778583,-0.944879,2.013989,152.020344,1.567885,-0.832946,1.775405,-1.053244,-1.716633,-5.045221,,13.606277,1008.347411,1.225010,9.314960,700000.000000,VFR,barnes,envelope,False
2026-04-30T04:04:11Z,39.115024,-74.672870,106.680000,30.489071,701.555556,1.771615,-0.925010,1.998566,152.429665,1.627010,-0.849508,1.835436,-1.057321,-1.695977,-4.984818,,13.605775,1008.351060,1.225017,9.338136,700000.000000,VFR,barnes,envelope,False
2026-04-30T04:04:21Z,39.116530,-74.671725,106.680000,30.489071,701.750000,1.764593,-0.905087,1.983172,152.846014,1.825333,-0.936241,2.051435,-1.061378,-1.675246,-4.924187,,13.605276,1008.354719,1.225023,9.361391,700000.000000,VFR,barnes,envelope,False
2026-04-30T04:04:31Z,39.118035,-74.670580,106.680000,30.489071,701.944444,1.757517,-0.885109,1.967812,153.269555,1.793966,-0.903466,2.008623,-1.065417,-1.654440,-4.863327,,13.604779,1008.358388,1.225030,9.384725,700000.000000,VFR,barnes,envelope,False
2026-04-30T04:04:41Z,39.119541,-74.669435,106.680000,30.489071,702.138889,1.750386,-0.865077,1.952489,153.700462,1.730011,-0.855007,1.929761,-1.069436,-1.633560,-4.802237,,13.604285,1008.362065,1.225037,9.408139,700000.000000,VFR,barnes,envelope,False
2026-04-30T04:04:51Z,39.121047,-74.668290,106.680000,30.489071,702.333333,1.743201,-0.844991,1.937204,154.138907,1.711454,-0.829602,1.901923,-1.073436,-1.612605,-4.740918,,13.603793,1008.365753,1.225043,9.431631,700000.000000,VFR,barnes,envelope,False
2026-04-30T04:05:01Z,39.122553,-74.667145,106.680000,30.489071,702.527778,1.733749,-0.825443,1.920220,154.540737,1.700463,-0.809596,1.883353,-1.075208,-1.590965,-4.677582,,13.107637,1008.369529,1.227171,9.453383,700000.000000,VFR,barnes,envelope,False
2026-04-30T04:05:11Z,39.124059,-74.666001,106.680000,30.489071,702.722222,1.704322,-0.811199,1.887527,154.547164,1.767841,-0.841431,1.957874,-1.057078,-1.563760,-4.597941,,13.106758,1008.374038,1.227180,9.458797,700000.000000,VFR,barnes,envelope,False
2026-04-30T04:05:21Z,39.125564,-74.664856,106.680000,30.489071,702.916667,1.674824,-0.796923,1.854757,154.553729,1.663987,-0.791767,1.842756,-1.038902,-1.536492,-4.518100,,13.105883,1008.378566,1.227190,9.464232,700000.000000,VFR,barnes,envelope,False
2026-04-30T04:05:31Z,39.127070,-74.663711,106.680000,30.489071,703.111111,1.645256,-0.782618,1.821911,154.560440,1.758526,-0.836498,1.947342,-1.020680,-1.509162,-4.438060,,13.105010,1008.383112,1.227199,9.469690,700000.000000,VFR,barnes,envelope,False
2026-04-30T04:05:41Z,39.128576,-74.662566,106.680000,30.489071,703.305556,1.615617,-0.768282,1.788987,154.567304,1.632558,-0.776337,1.807746,-1.002413,-1.481770,-4.357821,,13.104141,1008.387678,1.227208,9.475170,700000.000000,VFR,barnes,envelope,False
2026-04-30T04:05:51Z,39.130082,-74.661421,106.680000,30.489071,703.500000,1.585907,-0.753915,1.755987,154.574332,1.682444,-0.799807,1.862877,-0.984101,-1.454316,-4.277383,,13.103274,1008.392262,1.227217,9.480671,700000.000000,VFR,barnes,envelope,False
2026-04-30T04:06:01Z,39.131587,-74.660276,106.680000,30.489071,703.694444,1.556127,-0.739518,1.722910,154.581532,1.710617,-0.812936,1.893958,-0.965743,-1.426800,-4.196746,,13.102410,1008.396866,1.227227,9.486195,700000.000000,VFR,barnes,envelope,False
2026-04-30T04:06:11Z,39.133093,-74.659131,106.680000,30.489071,703.888889,1.526276,-0.725091,1.689756,154.588915,1.567905,-0.744868,1.735844,-0.947339,-1.399222,-4.115910,,13.101548,1008.401488,1.227236,9.491740,700000.000000,VFR,barnes,envelope,False
2026-04-30T04:06:21Z,39.134599,-74.657987,106.680000,30.489071,704.083333,1.496354,-0.710633,1.656525,154.596494,1.607474,-0.763406,1.779540,-0.928890,-1.371582,-4.034876,,13.100690,1008.406130,1.227245,9.497308,700000.000000,VFR,barnes,envelope,False
2026-04-30T04:06:31Z,39.136105,-74.656842,106.680000,30.489071,704.277778,1.466361,-0.696145,1.623217,154.604279,1.560740,-0.740951,1.727691,-0.910396,-1.343880,-3.953644,,13.099834,1008.410790,1.227255,9.502898,700000.000000,VFR,barnes,envelope,False
2026-04-30T04:06:41Z,39.137611,-74.655697,106.680000,30.489071,704.472222,1.436298,-0.681627,1.589832,154.612285,1.488696,-0.706494,1.647832,-0.891855,-1.316116,-3.872214,,13.098981,1008.415470,1.227264,9.508509,700000.000000,VFR,barnes,envelope,False
2026-04-30T04:06:51Z,39.139116,-74.654552,106.680000,30.489071,704.666667,1.406164,-0.667078,1.556371,154.620526,1.452513,-0.689066,1.607671,-0.873269,-1.288290,-3.790586,,13.098131,1008.420168,1.227273,9.514143,700000.000000,VFR,barnes,envelope,False
2026-04-30T04:07:01Z,39.140622,-74.653407,106.680000,30.489071,704.861111,1.375958,-0.652499,1.522832,154.629019,1.470562,-0.697361,1.627533,-0.854638,-1.260401,-3.708760,,13.097284,1008.424886,1.227283,9.519798,700000.000000,VFR,barnes,envelope,False
2026-04-30T04:07:11Z,39.142128,-74.652262,106.680000,30.489071,705.055556,1.345682,-0.637890,1.489216,154.637782,1.469787,-0.696719,1.626558,-0.835961,-1.232450,-3.626736,,13.096440,1008.429623,1.227292,9.525476,700000.000000,VFR,barnes,envelope,False
2026-04-30T04:07:21Z,39.143634,-74.651118,106.680000,30.489071,705.250000,1.315335,-0.623250,1.455523,154.646833,1.496488,-0.709086,1.655983,-0.817238,-1.204438,-3.544515,,13.095598,1008.434378,1.227302,9.531176,700000.000000,VFR,barnes,envelope,False
2026-04-30T04:07:31Z,39.145140,-74.649973,106.680000,30.489071,705.444444,1.284917,-0.608580,1.421753,154.656194,1.463968,-0.693384,1.619872,-0.798469,-1.176363,-3.462097,,13.094759,1008.439153,1.227311,9.536898,400000.000000,VFR,barnes,envelope,False
2026-04-30T04:07:41Z,39.146645,-74.648828,106.680000,30.489071,705.638889,1.254428,-0.593879,1.387906,154.665889,1.492242,-0.706467,1.651024,-0.779654,-1.148226,-3.379483,,13.093924,1008.443947,1.227320,9.542642,400000.000000,VFR,barnes,envelope,False
2026-04-30T04:07:51Z,39.148151,-74.647683,106.680000,30.489071,705.833333,1.223868,-0.579149,1.353982,154.675943,1.484028,-0.702259,1.641800,-0.760794,-1.120026,-3.296671,,13.093090,1008.448761,1.227330,9.548409,400000.000000,VFR,barnes,envelope,False
2026-04-30T04:08:01Z,39.149657,-74.646538,106.680000,30.489071,706.027778,1.193712,-0.564388,1.320410,154.695195,1.429621,-0.675926,1.581358,-0.742297,-1.092006,-3.214371,,13.092280,1008.453593,1.227339,9.554197,400000.000000,VFR,barnes,envelope,False
2026-04-30T04:08:11Z,39.151163,-74.645393,106.680000,30.489071,706.222222,1.167759,-0.549596,1.290626,154.796367,1.294861,-0.609415,1.431101,-0.727437,-1.066092,-3.138247,,13.091657,1008.458444,1.227348,9.560008,400000.000000,VFR,barnes,envelope,False
2026-04-30T04:08:21Z,39.152668,-74.644248,106.680000,30.489071,706.416667,1.141736,-0.534774,1.260772,154.902223,1.372370,-0.642800,1.515451,-0.712533,-1.040116,-3.061930,,13.091037,1008.463315,1.227356,9.565840,400000.000000,VFR,barnes,envelope,False
2026-04-30T04:08:31Z,39.154174,-74.643104,106.680000,30.489071,706.611111,1.115644,-0.519922,1.230845,155.013122,1.326953,-0.618399,1.463975,-0.697584,-1.014079,-2.985422,,13.090420,1008.468205,1.227365,9.571695,400000.000000,VFR,barnes,envelope,False
2026-04-30T04:08:41Z,39.155680,-74.641959,106.680000,30.489071,706.805556,1.089482,-0.505040,1.200848,155.129459,1.279166,-0.592970,1.409921,-0.682591,-0.987981,-2.908722,,13.089805,1008.473114,1.227374,9.577573,400000.000000,VFR,barnes,envelope,False
2026-04-30T04:08:51Z,39.157186,-74.640814,106.680000,30.489071,707.000000,1.063250,-0.490127,1.170780,155.251672,1.285984,-0.592801,1.416039,-0.667552,-0.961821,-2.831832,,13.089193,1008.478042,1.227382,9.583472,400000.000000,VFR,barnes,envelope,False
2026-04-30T04:09:01Z,39.158692,-74.639669,106.680000,30.489071,707.194444,1.038254,-0.476280,1.142285,155.357570,1.137433,-0.521777,1.251401,-0.653038,-0.937206,-2.759474,,13.088584,1008.482829,1.227391,9.589394,400000.000000,VFR,barnes,envelope,False
2026-04-30T04:09:11Z,39.160197,-74.638524,106.680000,30.489071,707.388889,1.024953,-0.472275,1.128527,155.260846,1.106768,-0.509973,1.218609,-0.643609,-0.927006,-2.729487,,13.087978,1008.486192,1.227397,9.595338,400000.000000,VFR,barnes,envelope,False
2026-04-30T04:09:21Z,39.161703,-74.637379,106.680000,30.489071,707.583333,1.011603,-0.468256,1.114721,155.161288,1.115456,-0.516328,1.229160,-0.634143,-0.916769,-2.699389,,13.087375,1008.489571,1.227404,9.601304,400000.000000,VFR,barnes,envelope,False
2026-04-30T04:09:31Z,39.163209,-74.636235,106.680000,30.489071,707.777778,0.998202,-0.464223,1.100868,155.058776,0.893528,-0.415543,0.985428,-0.624642,-0.906495,-2.669181,,13.086774,1008.492967,1.227411,9.607293,400000.000000,VFR,barnes,envelope,False
2026-04-30T04:09:41Z,39.164715,-74.635090,106.680000,30.489071,707.972222,0.984751,-0.460177,1.086967,154.953183,0.935004,-0.436930,1.032056,-0.615103,-0.896183,-2.638861,,13.086177,1008.496379,1.227417,9.613303,400000.000000,VFR,barnes,envelope,False
2026-04-30T04:09:51Z,39.166221,-74.633945,106.680000,30.489071,708.166667,0.971249,-0.456117,1.073018,154.844372,0.922546,-0.433245,1.019212,-0.605529,-0.885834,-2.608431,,13.085582,1008.499809,1.227424,9.619337,400000.000000,VFR,barnes,envelope,False
2026-04-30T04:10:01Z,39.167726,-74.632800,106.680000,30.489071,708.361111,0.958793,-0.453847,1.060783,154.669368,0.962768,-0.455728,1.065181,-0.595947,-0.877558,-2.584094,,13.592284,1008.502527,1.225258,9.624777,400000.000000,VFR,barnes,envelope,False
2026-04-30T04:10:11Z,39.169232,-74.631655,106.680000,30.489071,708.555556,0.956157,-0.467829,1.064472,153.928380,0.974029,-0.476574,1.084369,-0.586581,-0.888270,-2.615593,,13.592156,1008.498694,1.225254,9.624694,400000.000000,VFR,barnes,envelope,False
2026-04-30T04:10:21Z,39.170738,-74.630510,106.680000,30.489071,708.750000,0.953493,-0.481863,1.068336,153.189491,0.972256,-0.491345,1.089358,-0.577165,-0.899012,-2.647179,,13.592030,1008.494848,1.225250,9.624613,400000.000000,VFR,barnes,envelope,False
2026-04-30T04:10:31Z,39.172244,-74.629365,106.680000,30.489071,708.944444,0.950801,-0.495949,1.072375,152.452917,1.044937,-0.545051,1.178547,-0.567698,-0.909784,-2.678852,,13.591906,1008.490991,1.225246,9.624533,400000.000000,VFR,barnes,envelope,False
2026-04-30T04:10:41Z,39.173749,-74.628221,106.680000,30.489071,709.138889,0.948081,-0.510086,1.076590,151.718866,0.957331,-0.515063,1.087093,-0.558181,-0.920586,-2.710613,,13.591785,1008.487123,1.225242,9.624455,400000.000000,VFR,barnes,envelope,False
2026-04-30T04:10:51Z,39.175255,-74.627076,106.680000,30.489071,709.333333,0.945333,-0.524275,1.080980,150.987546,0.926432,-0.513793,1.059368,-0.548614,-0.931419,-2.742460,,13.591665,1008.483243,1.225238,9.624379,400000.000000,VFR,barnes,envelope,False
2026-04-30T04:11:01Z,39.176761,-74.625931,106.680000,30.489071,709.527778,0.942557,-0.538516,1.085547,150.259157,0.895893,-0.511855,1.031805,-0.538997,-0.942282,-2.774394,,13.591548,1008.479351,1.225233,9.624305,400000.000000,VFR,barnes,envelope,False
2026-04-30T04:11:11Z,39.178267,-74.624786,106.680000,30.489071,709.722222,0.939752,-0.552808,1.090289,149.533893,0.900935,-0.529973,1.045254,-0.529328,-0.953174,-2.806415,,13.591433,1008.475448,1.225229,9.624232,400000.000000,VFR,barnes,envelope,False
2026-04-30T04:11:21Z,39.179773,-74.623641,106.680000,30.489071,709.916667,0.936919,-0.567151,1.095207,148.811946,0.939779,-0.568883,1.098550,-0.519610,-0.964097,-2.838523,,13.591320,1008.471533,1.225225,9.624162,400000.000000,VFR,barnes,envelope,False
2026-04-30T04:11:31Z,39.181278,-74.622496,106.680000,30.489071,710.111111,0.934057,-0.581547,1.100300,148.093500,0.933659,-0.581299,1.099831,-0.509840,-0.975050,-2.870717,,13.591209,1008.467607,1.225221,9.624092,400000.000000,VFR,barnes,envelope,False
2026-04-30T04:11:41Z,39.182784,-74.621352,106.680000,30.489071,710.305556,0.931167,-0.595993,1.105568,147.378732,0.900750,-0.576525,1.069454,-0.500019,-0.986033,-2.902998,,13.591100,1008.463669,1.225216,9.624025,400000.000000,VFR,barnes,envelope,False
2026-04-30T04:11:51Z,39.184290,-74.620207,106.680000,30.489071,710.500000,0.928249,-0.610492,1.111011,146.667815,0.890746,-0.585827,1.066124,-0.490148,-0.997046,-2.935365,,13.590993,1008.459720,1.225212,9.623959,400000.000000,VFR,barnes,envelope,False
2026-04-30T04:12:01Z,39.185796,-74.619062,106.680000,30.489071,710.694444,0.925301,-0.625042,1.116629,145.960914,0.923064,-0.623531,1.113929,-0.480226,-1.008089,-2.967818,,13.590888,1008.455759,1.225208,9.623896,400000.000000,VFR,barnes,envelope,False
2026-04-30T04:12:11Z,39.187301,-74.617917,106.680000,30.489071,710.888889,0.922325,-0.639644,1.122421,145.258190,0.930683,-0.645441,1.132593,-0.470252,-1.019162,-3.000358,,13.590785,1008.451786,1.225203,9.623833,400000.000000,VFR,barnes,envelope,False
2026-04-30T04:12:21Z,39.188807,-74.616772,106.680000,30.489071,711.083333,0.919320,-0.654298,1.128386,144.559793,0.801981,-0.570785,0.984362,-0.460228,-1.030265,-3.032983,,13.590685,1008.447802,1.225199,9.623773,400000.000000,VFR,barnes,envelope,False
2026-04-30T04:12:31Z,39.190313,-74.615627,106.680000,30.489071,711.277778,0.916286,-0.669004,1.134525,143.865870,0.855679,-0.624753,1.059482,-0.450152,-1.041398,-3.065695,,13.590586,1008.443807,1.225194,9.623714,360000.000000,VFR,barnes,envelope,False
2026-04-30T04:12:41Z,39.191819,-74.614482,106.680000,30.489071,711.472222,0.913223,-0.683761,1.140835,143.176560,0.883440,-0.661461,1.103629,-0.440025,-1.052560,-3.098492,,13.590490,1008.439799,1.225190,9.623657,360000.000000,VFR,barnes,envelope,False
2026-04-30T04:12:51Z,39.193325,-74.613338,106.680000,30.489071,711.666667,0.910131,-0.698570,1.147318,142.491994,0.870046,-0.667803,1.096787,-0.429847,-1.063753,-3.131375,,13.590395,1008.435780,1.225185,9.623602,360000.000000,VFR,barnes,envelope,False
2026-04-30T04:13:01Z,39.194830,-74.612193,106.680000,30.489071,711.861111,0.907009,-0.713431,1.153971,141.812299,0.828855,-0.651957,1.054537,-0.419617,-1.074975,-3.164343,,13.590303,1008.431750,1.225181,9.623548,360000.000000,VFR,barnes,envelope,False
2026-04-30T04:13:11Z,39.196336,-74.611048,106.680000,30.489071,712.055556,0.903859,-0.728344,1.160795,141.137591,0.871775,-0.702490,1.119591,-0.409336,-1.086227,-3.197397,,13.590213,1008.427708,1.225176,9.623496,360000.000000,VFR,barnes,envelope,False
2026-04-30T04:13:21Z,39.197616,-74.609543,106.680000,47.779129,712.250000,0.900981,-0.743404,1.168082,140.473798,0.864123,-0.712992,1.120297,-0.054916,-1.166791,-3.433995,,13.590114,1008.423708,1.225172,9.623591,360000.000000,VFR,barnes,envelope,False
2026-04-30T04:13:31Z,39.198790,-74.607868,106.680000,47.779129,712.444444,0.898206,-0.758559,1.175664,139.818012,0.885739,-0.748030,1.159345,-0.041827,-1.174920,-3.457861,,13.590012,1008.419721,1.225168,9.623757,360000.000000,VFR,barnes,envelope,False
2026-04-30T04:13:41Z,39.199963,-74.606193,106.680000,47.779129,712.638889,0.895388,-0.773763,1.183397,139.167548,0.988249,-0.854011,1.306128,-0.028674,-1.183050,-3.481729,,13.589913,1008.415724,1.225163,9.623924,360000.000000,VFR,barnes,envelope,False
2026-04-30T04:13:51Z,39.201136,-74.604517,106.680000,47.779129,712.833333,0.892526,-0.789017,1.191281,138.522464,0.966193,-0.854140,1.289606,-0.015455,-1.191181,-3.505599,,13.589815,1008.411715,1.225159,9.624094,360000.000000,VFR,barnes,envelope,False
2026-04-30T04:14:01Z,39.202310,-74.602842,106.680000,47.779129,713.027778,0.889621,-0.804319,1.199314,137.882811,0.959897,-0.867857,1.294055,-0.002170,-1.199312,-3.529471,,13.589720,1008.407695,1.225154,9.624265,360000.000000,VFR,barnes,envelope,False
2026-04-30T04:14:11Z,39.203483,-74.601167,106.680000,47.779129,713.222222,0.886673,-0.819671,1.207497,137.248635,0.968274,-0.895106,1.318625,0.011180,-1.207445,-3.553343,,13.589627,1008.403664,1.225150,9.624437,360000.000000,VFR,barnes,envelope,False
2026-04-30T04:14:21Z,39.204656,-74.599492,106.680000,47.779129,713.416667,0.883680,-0.835072,1.215827,136.619975,0.986364,-0.932107,1.357106,0.024596,-1.215578,-3.577217,,13.589535,1008.399622,1.225145,9.624612,360000.000000,VFR,barnes,envelope,False
2026-04-30T04:14:31Z,39.205829,-74.597816,106.680000,47.779129,713.611111,0.880645,-0.850522,1.224305,135.996868,0.988302,-0.954496,1.373973,0.038077,-1.223712,-3.601091,,13.589446,1008.395569,1.225141,9.624788,360000.000000,VFR,barnes,envelope,False
2026-04-30T04:14:41Z,39.207003,-74.596141,106.680000,47.779129,713.805556,0.877565,-0.866021,1.232928,135.379344,0.969133,-0.956384,1.361576,0.051625,-1.231847,-3.624965,,13.589359,1008.391504,1.225136,9.624966,360000.000000,VFR,barnes,envelope,False
2026-04-30T04:14:51Z,39.208176,-74.594466,106.680000,47.779129,714.000000,0.874441,-0.881569,1.241697,134.767427,0.900339,-0.907678,1.278471,0.065239,-1.239982,-3.648840,,13.589274,1008.387429,1.225131,9.625145,360000.000000,VFR,barnes,envelope,False
2026-04-30T04:15:01Z,39.209349,-74.592790,106.680000,47.779129,714.194444,0.871817,-0.894703,1.249223,134.257759,0.829941,-0.851727,1.189219,0.076728,-1.246865,-3.669039,,13.072669,1008.384016,1.227339,9.625394,360000.000000,VFR,barnes,envelope,False
2026-04-30T04:15:11Z,39.210522,-74.591115,106.680000,47.779129,714.388889,0.874071,-0.885680,1.244359,134.622052,0.872403,-0.883989,1.241983,0.068531,-1.242471,-3.656143,,13.072414,1008.386662,1.227343,9.626252,360000.000000,VFR,barnes,envelope,False
2026-04-30T04:15:21Z,39.211696,-74.589440,106.680000,47.779129,714.583333,0.876328,-0.876642,1.239538,134.989737,0.894716,-0.895036,1.265546,0.060322,-1.238069,-3.643225,,13.072162,1008.389316,1.227347,9.627108,360000.000000,VFR,barnes,envelope,False
2026-04-30T04:15:31Z,39.212869,-74.587765,106.680000,47.779129,714.777778,0.878588,-0.867591,1.234760,135.360832,0.943309,-0.931502,1.325718,0.052100,-1.233660,-3.630286,,13.071913,1008.391978,1.227351,9.627961,360000.000000,VFR,barnes,envelope,False
2026-04-30T04:15:41Z,39.214042,-74.586089,106.680000,47.779129,714.972222,0.880851,-0.858526,1.230026,135.735352,0.919246,-0.895948,1.283642,0.043867,-1.229244,-3.617325,,13.071666,1008.394648,1.227356,9.628811,360000.000000,VFR,barnes,envelope,False
2026-04-30T04:15:51Z,39.215216,-74.584414,106.680000,47.779129,715.166667,0.883116,-0.849446,1.225338,136.113314,0.903001,-0.868573,1.252928,0.035620,-1.224820,-3.604342,,13.071422,1008.397325,1.227360,9.629658,360000.000000,VFR,barnes,envelope,False
2026-04-30T04:16:01Z,39.216389,-74.582739,106.680000,47.779129,715.361111,0.885384,-0.840353,1.220696,136.494732,0.894164,-0.848686,1.232801,0.027362,-1.220389,-3.591338,,13.071180,1008.400174,1.227365,9.630503,360000.000000,VFR,barnes,envelope,False
2026-04-30T04:16:11Z,39.217562,-74.581064,106.680000,47.779129,715.555556,0.887656,-0.831246,1.216101,136.879620,0.942188,-0.882313,1.290812,0.019091,-1.215951,-3.578311,,13.070942,1008.404510,1.227371,9.631346,360000.000000,VFR,barnes,envelope,False
2026-04-30T04:16:21Z,39.218735,-74.579388,106.680000,47.779129,715.750000,0.889929,-0.822124,1.211554,137.267990,1.012199,-0.935078,1.378013,0.010808,-1.211506,-3.565262,,13.070706,1008.408854,1.227377,9.632186,360000.000000,VFR,barnes,envelope,False
2026-04-30T04:16:31Z,39.219909,-74.577713,106.680000,47.779129,715.944444,0.892206,-0.812989,1.207055,137.659855,0.997620,-0.909043,1.349669,0.002513,-1.207053,-3.552192,,13.070473,1008.413208,1.227383,9.633023,360000.000000,VFR,barnes,envelope,False
2026-04-30T04:16:41Z,39.221082,-74.576038,106.680000,47.779129,716.138889,0.894486,-0.803839,1.202606,138.055225,0.977324,-0.878283,1.313980,-0.005795,-1.202592,-3.539099,,13.070242,1008.417570,1.227390,9.633858,360000.000000,VFR,barnes,envelope,False
2026-04-30T04:16:51Z,39.222255,-74.574362,106.680000,47.779129,716.333333,0.896768,-0.794675,1.198208,138.454110,0.991490,-0.878613,1.324769,-0.014115,-1.198125,-3.525984,,13.070015,1008.421941,1.227396,9.634690,360000.000000,VFR,barnes,envelope,False
2026-04-30T04:17:01Z,39.223428,-74.572687,106.680000,47.779129,716.527778,0.898939,-0.785339,1.193670,138.858617,1.040134,-0.908690,1.381158,-0.022488,-1.193458,-3.512285,,13.069899,1008.426284,1.227402,9.635520,360000.000000,VFR,barnes,envelope,False
2026-04-30T04:17:11Z,39.224602,-74.571012,106.680000,47.779129,716.722222,0.900081,-0.774564,1.187475,139.286375,0.911372,-0.784281,1.202371,-0.031235,-1.187064,-3.493514,,13.070767,1008.430303,1.227403,9.636347,360000.000000,VFR,barnes,envelope,False
2026-04-30T04:17:21Z,39.225775,-74.569337,106.680000,47.779129,716.916667,0.901226,-0.763776,1.181340,139.719210,0.877199,-0.743414,1.149845,-0.039993,-1.180662,-3.474721,,13.071638,1008.434331,1.227404,9.637172,360000.000000,VFR,barnes,envelope,False
2026-04-30T04:17:31Z,39.226948,-74.567661,106.680000,47.779129,717.111111,0.902375,-0.752974,1.175266,140.157160,0.822858,-0.686623,1.071703,-0.048765,-1.174254,-3.455906,,13.072511,1008.438367,1.227405,9.637994,360000.000000,VFR,barnes,envelope,False
2026-04-30T04:17:41Z,39.228122,-74.565986,106.680000,47.779129,717.305556,0.903526,-0.742157,1.169255,140.600261,0.853647,-0.701187,1.104707,-0.057549,-1.167838,-3.437068,,13.073387,1008.442413,1.227407,9.638813,360000.000000,VFR,barnes,envelope,False
2026-04-30T04:17:51Z,39.229295,-74.564311,106.680000,47.779129,717.500000,0.904680,-0.731327,1.163308,141.048550,0.885220,-0.715596,1.138285,-0.066345,-1.161414,-3.418208,,13.074266,1008.446467,1.227408,9.639630,360000.000000,VFR,barnes,envelope,False
2026-04-30T04:18:01Z,39.230468,-74.562636,106.680000,47.779129,717.694444,0.905837,-0.720482,1.157426,141.502060,0.886316,-0.704956,1.132483,-0.075154,-1.154984,-3.399327,,13.075147,1008.450530,1.227409,9.640445,360000.000000,VFR,barnes,envelope,False
2026-04-30T04:18:11Z,39.231641,-74.560960,106.680000,47.779129,717.888889,0.906997,-0.709623,1.151611,141.960821,0.866315,-0.677794,1.099958,-0.083975,-1.148546,-3.380422,,13.076030,1008.454602,1.227410,9.641257,360000.000000,VFR,barnes,envelope,False
2026-04-30T04:18:21Z,39.232815,-74.559285,106.680000,47.779129,718.083333,0.908160,-0.698750,1.145865,142.424863,0.924561,-0.711369,1.166558,-0.092809,-1.142100,-3.361496,,13.076916,1008.458683,1.227411,9.642067,360000.000000,VFR,barnes,envelope,False
2026-04-30T04:18:31Z,39.233988,-74.557610,106.680000,47.779129,718.277778,0.909326,-0.687862,1.140188,142.894215,0.887675,-0.671484,1.113039,-0.101655,-1.135647,-3.342547,,13.077805,1008.462773,1.227412,9.642874,360000.000000,VFR,barnes,envelope,False
2026-04-30T04:18:41Z,39.235161,-74.555934,106.680000,47.779129,718.472222,0.910495,-0.676961,1.134583,143.368900,0.857947,-0.637891,1.069102,-0.110514,-1.129187,-3.323576,,13.078696,1008.466872,1.227414,9.643679,360000.000000,VFR,barnes,envelope,False
2026-04-30T04:18:51Z,39.236335,-74.554259,106.680000,47.779129,718.666667,0.911667,-0.666045,1.129050,143.848943,0.821190,-0.599944,1.016999,-0.119386,-1.122720,-3.304582,,13.079590,1008.470979,1.227415,9.644481,360000.000000,VFR,barnes,envelope,False
2026-04-30T04:19:01Z,39.237508,-74.552584,106.680000,47.779129,718.861111,0.912843,-0.655114,1.123591,144.334362,0.809860,-0.581207,0.996832,-0.128270,-1.116245,-3.285566,,13.080486,1008.475095,1.227416,9.645281,360000.000000,VFR,barnes,envelope,False
2026-04-30T04:19:11Z,39.238681,-74.550909,106.680000,47.779129,719.055556,0.914021,-0.644169,1.118208,144.825175,0.864587,-0.609330,1.057730,-0.137167,-1.109763,-3.266528,,13.081384,1008.479221,1.227417,9.646079,360000.000000,VFR,barnes,envelope,False
2026-04-30T04:19:21Z,39.239854,-74.549233,106.680000,47.779129,719.250000,0.915202,-0.633210,1.112901,145.321397,0.932191,-0.644965,1.133560,-0.146077,-1.103273,-3.247466,,13.082285,1008.483355,1.227418,9.646874,360000.000000,VFR,barnes,envelope,False
2026-04-30T04:19:31Z,39.241028,-74.547558,106.680000,47.779129,719.444444,0.916386,-0.622237,1.107674,145.823039,0.908979,-0.617208,1.098721,-0.154999,-1.096776,-3.228383,,13.083189,1008.487498,1.227419,9.647667,360000.000000,VFR,barnes,envelope,False
2026-04-30T04:19:41Z,39.242201,-74.545883,106.680000,47.779129,719.638889,0.917573,-0.611249,1.102527,146.330111,0.909810,-0.606077,1.093199,-0.163934,-1.090271,-3.209276,,13.084095,1008.491649,1.227421,9.648457,360000.000000,VFR,barnes,envelope,False
2026-04-30T04:19:51Z,39.243374,-74.544208,106.680000,47.779129,719.833333,0.918763,-0.600246,1.097462,146.842617,0.895912,-0.585317,1.070166,-0.172882,-1.083759,-3.190147,,13.085003,1008.495810,1.227422,9.649245,360000.000000,VFR,barnes,envelope,False
2026-04-30T04:20:01Z,39.244547,-74.542532,106.680000,47.779129,720.027778,0.919420,-0.590275,1.092592,147.299193,0.933586,-0.599370,1.109426,-0.180707,-1.077545,-3.171892,,13.508428,1008.499595,1.225613,9.649972,360000.000000,VFR,barnes,envelope,False
2026-04-30T04:20:11Z,39.245721,-74.540857,106.680000,47.779129,720.222222,0.915245,-0.589696,1.088767,147.206167,0.948162,-0.610904,1.127925,-0.178331,-1.074063,-3.161665,,13.509687,1008.499931,1.225608,9.650171,360000.000000,VFR,barnes,envelope,False
2026-04-30T04:20:21Z,39.246894,-74.539182,106.680000,47.779129,720.416667,0.911068,-0.589090,1.084929,147.113580,1.032499,-0.667607,1.229534,-0.175972,-1.070563,-3.151381,,13.510947,1008.500278,1.225603,9.650371,360000.000000,VFR,barnes,envelope,False
2026-04-30T04:20:31Z,39.248067,-74.537506,106.680000,47.779129,720.611111,0.906888,-0.588458,1.081078,147.021437,0.993092,-0.644393,1.183838,-0.173632,-1.067043,-3.141042,,13.512208,1008.500637,1.225598,9.650573,360000.000000,VFR,barnes,envelope,False
2026-04-30T04:20:41Z,39.249241,-74.535831,106.680000,47.779129,720.805556,0.902707,-0.587800,1.077213,146.929742,1.035653,-0.674368,1.235859,-0.171310,-1.063505,-3.130646,,13.513471,1008.501008,1.225593,9.650776,360000.000000,VFR,barnes,envelope,False
2026-04-30T04:20:51Z,39.250414,-74.534156,106.680000,47.779129,721.000000,0.898524,-0.587116,1.073336,146.838497,0.897950,-0.586741,1.072650,-0.169005,-1.059947,-3.120194,,13.514735,1008.501390,1.225589,9.650981,360000.000000,VFR,barnes,envelope,False
2026-04-30T04:21:01Z,39.251587,-74.532481,106.680000,47.779129,721.194444,0.894339,-0.586405,1.069445,146.747709,0.890068,-0.583605,1.064338,-0.166719,-1.056370,-3.109685,,13.516001,1008.501784,1.225584,9.651187,360000.000000,VFR,barnes,envelope,False
2026-04-30T04:21:11Z,39.252760,-74.530805,106.680000,47.779129,721.388889,0.890151,-0.585669,1.065541,146.657380,0.858364,-0.564754,1.027490,-0.164451,-1.052774,-3.099120,,13.517269,1008.502189,1.225579,9.651394,360000.000000,VFR,barnes,envelope,False
2026-04-30T04:21:21Z,39.253934,-74.529130,106.680000,47.779129,721.583333,0.885962,-0.584906,1.061623,146.567515,0.813746,-0.537229,0.975088,-0.162201,-1.049159,-3.088499,,13.518537,1008.502606,1.225574,9.651603,360000.000000,VFR,barnes,envelope,False
2026-04-30T04:21:31Z,39.255107,-74.527455,106.680000,47.779129,721.777778,0.881771,-0.584116,1.057692,146.478119,0.834070,-0.552517,1.000474,-0.159969,-1.045525,-3.077822,,13.519808,1008.503035,1.225569,9.651813,360000.000000,VFR,barnes,envelope,False
2026-04-30T04:21:41Z,39.256280,-74.525779,106.680000,47.779129,721.972222,0.877578,-0.583300,1.053747,146.389195,0.752415,-0.500108,0.903458,-0.157755,-1.041872,-3.067088,,13.521079,1008.503476,1.225564,9.652024,360000.000000,VFR,barnes,envelope,False
2026-04-30T04:21:51Z,39.257453,-74.524104,106.680000,47.779129,722.166667,0.873384,-0.582458,1.049789,146.300748,0.688220,-0.458973,0.827226,-0.155560,-1.038199,-3.056297,,13.522352,1008.503928,1.225559,9.652237,360000.000000,VFR,barnes,envelope,False
2026-04-30T04:22:01Z,39.258627,-74.522429,106.680000,47.779129,722.361111,0.869187,-0.581376,1.045698,146.222487,0.615884,-0.411949,0.740955,-0.153542,-1.034364,-3.045029,,13.523627,1008.504439,1.225554,9.652451,360000.000000,VFR,barnes,envelope,False
2026-04-30T04:22:11Z,39.259800,-74.520754,106.680000,47.779129,722.555556,0.864989,-0.578354,1.040528,146.232255,0.728102,-0.486829,0.875863,-0.152958,-1.029224,-3.029926,,13.524903,1008.505381,1.225550,9.652666,360000.000000,VFR,barnes,envelope,False
2026-04-30T04:22:21Z,39.260973,-74.519078,106.680000,47.779129,722.750000,0.860788,-0.575314,1.035347,146.242908,0.760374,-0.508202,0.914569,-0.152387,-1.024071,-3.014783,,13.526181,1008.506334,1.225546,9.652883,360000.000000,VFR,barnes,envelope,False
2026-04-30T04:22:31Z,39.262147,-74.517403,106.680000,47.779129,722.944444,0.856586,-0.572256,1.030154,146.254462,0.795158,-0.531218,0.956279,-0.151828,-1.018904,-2.999600,,13.527459,1008.507296,1.225541,9.653100,360000.000000,VFR,barnes,envelope,False
2026-04-30T04:22:41Z,39.263320,-74.515728,106.680000,47.779129,723.138889,0.852382,-0.569179,1.024949,146.266935,0.726974,-0.485438,0.874152,-0.151281,-1.013723,-2.984376,,13.528740,1008.508269,1.225537,9.653320,360000.000000,VFR,barnes,envelope,False
2026-04-30T04:22:51Z,39.264493,-74.514053,106.680000,47.779129,723.333333,0.848177,-0.566084,1.019733,146.280345,0.807670,-0.539049,0.971033,-0.150748,-1.008529,-2.969111,,13.530021,1008.509251,1.225533,9.653540,360000.000000,VFR,barnes,envelope,False
2026-04-30T04:23:01Z,39.265666,-74.512377,106.680000,47.779129,723.527778,0.843973,-0.562968,1.014507,146.294911,0.798479,-0.532622,0.959820,-0.150230,-1.003322,-2.953809,,13.531299,1008.510244,1.225528,9.653756,360000.000000,VFR,barnes,envelope,False
2026-04-30T04:23:11Z,39.266840,-74.510702,106.680000,47.779129,723.722222,0.839798,-0.559816,1.009284,146.312260,0.807321,-0.538167,0.970253,-0.149759,-0.998112,-2.938498,,13.532532,1008.511246,1.225524,9.653928,360000.000000,VFR,barnes,envelope,False
2026-04-30T04:23:21Z,39.268013,-74.509027,106.680000,47.779129,723.916667,0.835621,-0.556646,1.004051,146.330608,0.856144,-0.570317,1.028710,-0.149300,-0.992888,-2.923145,,13.533766,1008.512259,1.225520,9.654102,360000.000000,VFR,barnes,envelope,False
2026-04-30T04:23:31Z,39.269186,-74.507351,106.680000,47.779129,724.111111,0.831443,-0.553456,0.998805,146.349975,0.911085,-0.606471,1.094478,-0.148854,-0.987651,-2.907752,,13.535002,1008.513282,1.225516,9.654277,360000.000000,VFR,barnes,envelope,False
2026-04-30T04:23:41Z,39.270359,-74.505676,106.680000,47.779129,724.305556,0.827262,-0.550248,0.993547,146.370383,0.883159,-0.587428,1.060679,-0.148420,-0.982399,-2.892317,,13.536240,1008.514314,1.225512,9.654453,360000.000000,VFR,barnes,envelope,False
2026-04-30T04:23:51Z,39.271533,-74.504001,106.680000,47.779129,724.500000,0.823080,-0.547022,0.988278,146.391852,0.859454,-0.571196,1.031953,-0.147999,-0.977133,-2.876841,,13.537479,1008.515358,1.225508,9.654632,360000.000000,VFR,barnes,envelope,False
2026-04-30T04:24:01Z,39.272706,-74.502326,106.680000,47.779129,724.694444,0.818896,-0.543776,0.982997,146.414404,0.786464,-0.522240,0.944066,-0.147591,-0.971854,-2.861323,,13.538721,1008.516411,1.225504,9.654812,360000.000000,VFR,barnes,envelope,False
2026-04-30T04:24:11Z,39.273879,-74.500650,106.680000,47.779129,724.888889,0.814710,-0.540512,0.977704,146.438061,0.812145,-0.538811,0.974627,-0.147196,-0.966561,-2.845764,,13.539964,1008.517474,1.225500,9.654993,360000.000000,VFR,barnes,envelope,False
2026-04-30T04:24:21Z,39.275053,-74.498975,106.680000,47.779129,725.083333,0.810522,-0.537229,0.972400,146.462845,0.742807,-0.492347,0.891161,-0.146813,-0.961253,-2.830163,,13.541208,1008.518548,1.225496,9.655176,360000.000000,VFR,barnes,envelope,False
2026-04-30T04:24:31Z,39.276226,-74.497300,106.680000,47.779129,725.277778,0.806333,-0.533927,0.967084,146.488781,0.822058,-0.544340,0.985943,-0.146443,-0.955931,-2.814520,,13.542455,1008.519632,1.225492,9.655361,360000.000000,VFR,barnes,envelope,False
2026-04-30T04:24:41Z,39.277399,-74.495625,106.680000,47.779129,725.472222,0.802141,-0.530606,0.961756,146.515892,0.849326,-0.561818,1.018329,-0.146086,-0.950596,-2.798836,,13.543703,1008.520726,1.225488,9.655547,360000.000000,VFR,barnes,envelope,False
2026-04-30T04:24:51Z,39.278572,-74.493949,106.680000,47.779129,725.666667,0.797949,-0.527266,0.956416,146.544203,0.784170,-0.518161,0.939900,-0.145742,-0.945246,-2.783109,,13.544952,1008.521830,1.225484,9.655735,360000.000000,VFR,barnes,envelope,False
2026-04-30T04:25:01Z,39.279746,-74.492274,106.680000,47.779129,725.861111,0.795347,-0.526830,0.954005,146.479922,0.770791,-0.510564,0.924551,-0.144317,-0.943027,-2.776584,,13.639492,1008.522142,1.225081,9.650612,360000.000000,VFR,barnes,envelope,False
2026-04-30T04:25:11Z,39.280919,-74.490599,106.680000,47.779129,726.055556,0.807104,-0.552745,0.978236,145.594708,0.795816,-0.545014,0.964554,-0.133025,-0.969149,-2.853371,,13.640560,1008.515220,1.225068,9.597616,360000.000000,VFR,barnes,envelope,False
2026-04-30T04:25:21Z,39.282092,-74.488923,106.680000,47.779129,726.250000,0.818900,-0.578755,1.002774,144.749374,0.858746,-0.606915,1.051566,-0.121690,-0.995362,-2.930417,,13.641631,1008.508274,1.225055,9.544514,360000.000000,VFR,barnes,envelope,False
2026-04-30T04:25:31Z,39.283266,-74.487248,106.680000,47.779129,726.444444,0.830735,-0.604859,1.027606,143.941625,0.795693,-0.579345,0.984260,-0.110312,-1.021668,-3.007723,,13.642703,1008.501304,1.225042,9.491307,360000.000000,VFR,barnes,envelope,False
2026-04-30T04:25:41Z,39.284439,-74.485573,106.680000,47.779129,726.638889,0.842609,-0.631056,1.052721,143.169306,0.825363,-0.618140,1.031175,-0.098890,-1.048066,-3.085289,,13.643777,1008.494311,1.225028,9.437994,360000.000000,VFR,barnes,envelope,False
2026-04-30T04:25:51Z,39.285612,-74.483898,106.680000,47.779129,726.833333,0.854522,-0.657349,1.078107,142.430397,0.830164,-0.638611,1.047376,-0.087425,-1.074557,-3.163114,,13.644853,1008.487293,1.225015,9.384576,360000.000000,VFR,barnes,envelope,False
2026-04-30T04:26:01Z,39.286785,-74.482222,106.680000,47.779129,727.027778,0.866474,-0.683735,1.103753,141.723002,0.809271,-0.638597,1.030886,-0.075915,-1.101139,-3.241199,,13.645931,1008.480252,1.225002,9.331052,360000.000000,VFR,barnes,envelope,False
2026-04-30T04:26:11Z,39.287959,-74.480547,106.680000,47.779129,727.222222,0.878465,-0.710216,1.129649,141.045348,0.795225,-0.642919,1.022608,-0.064362,-1.127814,-3.319543,,13.647011,1008.473188,1.224989,9.277423,360000.000000,VFR,barnes,envelope,False
2026-04-30T04:26:21Z,39.289132,-74.478872,106.680000,47.779129,727.416667,0.890494,-0.736792,1.155786,140.395773,0.760214,-0.628999,0.986694,-0.052765,-1.154581,-3.398146,,13.648093,1008.466099,1.224976,9.223687,360000.000000,VFR,barnes,envelope,False
2026-04-30T04:26:31Z,39.290305,-74.477196,106.680000,47.779129,727.611111,0.902563,-0.763462,1.182157,139.772721,0.808416,-0.683824,1.058844,-0.041125,-1.181441,-3.477008,,13.649176,1008.458987,1.224962,9.169846,360000.000000,VFR,barnes,envelope,False
2026-04-30T04:26:41Z,39.291478,-74.475521,106.680000,47.779129,727.805556,0.914671,-0.790227,1.208752,139.174737,0.841811,-0.727280,1.112467,-0.029440,-1.208394,-3.556128,,13.650262,1008.451850,1.224949,9.115899,360000.000000,VFR,barnes,envelope,False
2026-04-30T04:26:51Z,39.292652,-74.473846,106.680000,47.779129,728.000000,0.926818,-0.817087,1.235566,138.600458,0.849848,-0.749230,1.132955,-0.017711,-1.235439,-3.635507,,13.651349,1008.444690,1.224936,9.061846,360000.000000,VFR,barnes,envelope,False
2026-04-30T04:27:01Z,39.293825,-74.472171,106.680000,47.779129,728.194444,0.939004,-0.844042,1.262591,138.048607,0.853684,-0.767350,1.147869,-0.005938,-1.262577,-3.715145,,13.652438,1008.437506,1.224922,9.007688,360000.000000,VFR,barnes,envelope,False
2026-04-30T04:27:11Z,39.294998,-74.470495,106.680000,47.779129,728.388889,0.951230,-0.871092,1.289822,137.517991,0.898171,-0.822504,1.217877,0.005879,-1.289808,-3.795041,,13.653528,1008.430298,1.224909,8.953424,360000.000000,VFR,barnes,envelope,False
2026-04-30T04:27:21Z,39.296172,-74.468820,106.680000,47.779129,728.583333,0.963494,-0.898238,1.317252,137.007491,0.879152,-0.819607,1.201941,0.017740,-1.317132,-3.875195,,13.654621,1008.423066,1.224896,8.899054,360000.000000,VFR,barnes,envelope,False
2026-04-30T04:27:31Z,39.297345,-74.467145,106.680000,47.779129,728.777778,0.975798,-0.925478,1.344876,136.516057,0.893176,-0.847117,1.231003,0.029645,-1.344549,-3.955606,,13.655715,1008.415809,1.224882,8.844578,360000.000000,VFR,barnes,envelope,False
2026-04-30T04:27:41Z,39.298518,-74.465470,106.680000,47.779129,728.972222,0.988141,-0.952814,1.372690,136.042709,0.919324,-0.886457,1.277092,0.041595,-1.372060,-4.036276,,13.656811,1008.408529,1.224869,8.789996,360000.000000,VFR,barnes,envelope,False
2026-04-30T04:27:51Z,39.299691,-74.463794,106.680000,47.779129,729.166667,1.000523,-0.980246,1.400689,135.586523,0.915630,-0.897073,1.281842,0.053589,-1.399663,-4.117202,,13.657909,1008.401225,1.224855,8.735308,360000.000000,VFR,barnes,envelope,False
2026-04-30T04:28:01Z,39.300865,-74.462119,106.680000,47.779129,729.361111,1.012945,-1.007773,1.428868,135.146637,0.934510,-0.929739,1.318228,0.065627,-1.427360,-4.198386,,13.659008,1008.393897,1.224841,8.680514,360000.000000,VFR,barnes,envelope,False
2026-04-30T04:28:11Z,39.302038,-74.460444,106.680000,47.779129,729.555556,1.025406,-1.035396,1.457224,134.722239,0.924852,-0.933863,1.314326,0.077710,-1.455150,-4.279827,,13.660110,1008.386544,1.224828,8.625614,360000.000000,VFR,barnes,envelope,False
2026-04-30T04:28:21Z,39.303211,-74.458768,106.680000,47.779129,729.750000,1.037906,-1.063115,1.485753,134.312566,0.882069,-0.903494,1.262675,0.089838,-1.483034,-4.361524,,13.661213,1008.379168,1.224814,8.570609,360000.000000,VFR,barnes,envelope,False
2026-04-30T04:28:31Z,39.304384,-74.457093,106.680000,47.779129,729.944444,1.050445,-1.090930,1.514451,133.916905,0.925773,-0.961453,1.334709,0.102010,-1.511012,-4.443478,,13.662317,1008.371767,1.224800,8.515497,360000.000000,VFR,barnes,envelope,False
2026-04-30T04:28:41Z,39.305558,-74.455418,106.680000,47.779129,730.138889,1.063024,-1.118841,1.543316,133.534581,0.937647,-0.986880,1.361292,0.114226,-1.539083,-4.525688,,13.663424,1008.364342,1.224787,8.460279,360000.000000,VFR,barnes,envelope,False
2026-04-30T04:28:51Z,39.306731,-74.453743,106.680000,47.779129,730.333333,1.075642,-1.146847,1.572344,133.164962,0.933815,-0.995632,1.365025,0.126488,-1.567248,-4.608154,,13.664532,1008.356893,1.224773,8.404956,360000.000000,VFR,barnes,envelope,False
2026-04-30T04:29:01Z,39.307904,-74.452067,106.680000,47.779129,730.527778,1.088300,-1.174951,1.601533,132.807453,0.926898,-1.000697,1.364014,0.138794,-1.595507,-4.690876,,13.665642,1008.349420,1.224759,8.349526,360000.000000,VFR,barnes,envelope,False
2026-04-30T04:29:11Z,39.309078,-74.450392,106.680000,47.779129,730.722222,1.100997,-1.203150,1.630879,132.461492,0.942992,-1.030484,1.396829,0.151145,-1.623860,-4.773853,,13.666753,1008.341922,1.224745,8.293990,360000.000000,VFR,barnes,envelope,False
2026-04-30T04:29:21Z,39.310251,-74.448717,106.680000,47.779129,730.916667,1.113734,-1.231446,1.660381,132.126552,0.973737,-1.076652,1.451669,0.163541,-1.652307,-4.857085,,13.667867,1008.334400,1.224731,8.238348,360000.000000,VFR,barnes,envelope,False
2026-04-30T04:29:31Z,39.311424,-74.447042,106.680000,47.779129,731.111111,1.126510,-1.259839,1.690035,131.802133,1.058532,-1.183815,1.588052,0.175982,-1.680848,-4.940572,,13.668981,1008.326854,1.224717,8.182600,360000.000000,VFR,barnes,envelope,False
2026-04-30T04:29:41Z,39.312597,-74.445366,106.680000,47.779129,731.305556,1.139326,-1.288328,1.719841,131.487765,1.106846,-1.251600,1.670811,0.188468,-1.709483,-5.024313,,13.670098,1008.319284,1.224703,8.126746,360000.000000,VFR,barnes,envelope,False
2026-04-30T04:29:51Z,39.313771,-74.443691,106.680000,47.779129,731.500000,1.152181,-1.316914,1.749795,131.183006,1.126137,-1.287146,1.710242,0.200999,-1.738213,-5.108309,,13.671216,1008.311689,1.224689,8.070785,360000.000000,VFR,barnes,envelope,False
2026-04-30T04:30:01Z,39.314944,-74.442016,106.680000,47.779129,731.694444,1.165924,-1.343730,1.779041,130.947440,1.106603,-1.275362,1.688525,0.211623,-1.766410,-5.190726,,12.988880,1008.304906,1.227602,8.018642,360000.000000,VFR,barnes,envelope,False
2026-04-30T04:30:11Z,39.316117,-74.440340,106.680000,47.779129,731.888889,1.187347,-1.353813,1.800723,131.252033,1.188324,-1.354926,1.802204,0.204694,-1.789051,-5.256889,,12.990336,1008.305644,1.227596,8.001731,360000.000000,VFR,barnes,envelope,False
2026-04-30T04:30:21Z,39.317291,-74.438665,106.680000,47.779129,732.083333,1.208831,-1.363950,1.822535,131.549675,1.196851,-1.350433,1.804472,0.197764,-1.811773,-5.323274,,12.991794,1008.306380,1.227591,7.984774,360000.000000,VFR,barnes,envelope,False
2026-04-30T04:30:31Z,39.318464,-74.436990,106.680000,47.779129,732.277778,1.230376,-1.374141,1.844475,131.840558,1.193333,-1.332771,1.788944,0.190833,-1.834576,-5.389881,,12.993254,1008.307115,1.227586,7.967769,360000.000000,VFR,barnes,envelope,False
2026-04-30T04:30:41Z,39.319637,-74.435315,106.680000,47.779129,732.472222,1.251980,-1.384386,1.866542,132.124868,1.253417,-1.385974,1.868684,0.183902,-1.857460,-5.456709,,12.994717,1008.307848,1.227580,7.950717,360000.000000,VFR,barnes,envelope,False
2026-04-30T04:30:51Z,39.320810,-74.433639,106.680000,47.779129,732.666667,1.273646,-1.394684,1.888734,132.402785,1.292320,-1.415133,1.916427,0.176969,-1.880425,-5.523760,,12.996182,1008.308580,1.227575,7.933617,360000.000000,VFR,barnes,envelope,False
2026-04-30T04:31:01Z,39.321984,-74.431964,106.680000,47.779129,732.861111,1.295372,-1.405036,1.911051,132.674481,1.302733,-1.413020,1.921910,0.170036,-1.903472,-5.591031,,12.997649,1008.309310,1.227569,7.916470,360000.000000,VFR,barnes,envelope,False
2026-04-30T04:31:11Z,39.323157,-74.430289,106.680000,47.779129,733.055556,1.317159,-1.415443,1.933490,132.940126,1.307248,-1.404793,1.918943,0.163102,-1.926599,-5.658525,,12.999118,1008.310038,1.227564,7.899276,360000.000000,VFR,barnes,envelope,False
2026-04-30T04:31:21Z,39.324330,-74.428613,106.680000,47.779129,733.250000,1.339006,-1.425903,1.956051,133.199884,1.335107,-1.421750,1.950354,0.156167,-1.949807,-5.726239,,13.000589,1008.310765,1.227559,7.882034,360000.000000,VFR,barnes,envelope,False
2026-04-30T04:31:31Z,39.325503,-74.426938,106.680000,47.779129,733.444444,1.360915,-1.436417,1.978733,133.453913,1.348567,-1.423384,1.960779,0.149231,-1.973097,-5.794175,,13.002063,1008.311490,1.227553,7.864745,360000.000000,VFR,barnes,envelope,False
2026-04-30T04:31:41Z,39.326677,-74.425263,106.680000,47.779129,733.638889,1.382884,-1.446986,2.001533,133.702365,1.370515,-1.434043,1.983631,0.142295,-1.996469,-5.862332,,13.003539,1008.312214,1.227548,7.847408,360000.000000,VFR,barnes,envelope,False
2026-04-30T04:31:51Z,39.327850,-74.423588,106.680000,47.779129,733.833333,1.404914,-1.457609,2.024452,133.945391,1.354584,-1.405391,1.951928,0.135358,-2.019922,-5.930710,,13.005017,1008.312936,1.227542,7.830023,360000.000000,VFR,barnes,envelope,False
2026-04-30T04:32:01Z,39.329023,-74.421912,106.680000,47.779129,734.027778,1.427005,-1.468286,2.047488,134.183133,1.328693,-1.367130,1.906429,0.128420,-2.043457,-5.999310,,13.006497,1008.313657,1.227537,7.812591,360000.000000,VFR,barnes,envelope,False
2026-04-30T04:32:11Z,39.330197,-74.420237,106.680000,47.779129,734.222222,1.449157,-1.479018,2.070640,134.415732,1.328872,-1.356254,1.898769,0.121482,-2.067073,-6.068129,,13.007979,1008.314376,1.227531,7.795110,360000.000000,VFR,barnes,envelope,False
2026-04-30T04:32:21Z,39.331370,-74.418562,106.680000,47.779129,734.416667,1.471370,-1.489804,2.093906,134.643322,1.372023,-1.389212,1.952526,0.114543,-2.090771,-6.137170,,13.009463,1008.315093,1.227526,7.777582,360000.000000,VFR,barnes,envelope,False
2026-04-30T04:32:31Z,39.332543,-74.416887,106.680000,47.779129,734.611111,1.493643,-1.500644,2.117287,134.866035,1.357636,-1.363999,1.924492,0.107603,-2.114551,-6.206431,,13.010950,1008.315809,1.227520,7.760006,360000.000000,VFR,barnes,envelope,False
2026-04-30T04:32:41Z,39.333716,-74.415211,106.680000,47.779129,734.805556,1.515978,-1.511540,2.140781,135.083998,1.358572,-1.354594,1.918500,0.100663,-2.138413,-6.275913,,13.012439,1008.316523,1.227515,7.742382,360000.000000,VFR,barnes,envelope,False
2026-04-30T04:32:51Z,39.334890,-74.413536,106.680000,47.779129,735.000000,1.538374,-1.522490,2.164387,135.297333,1.451728,-1.436738,2.042481,0.093722,-2.162357,-6.345615,,13.013930,1008.317236,1.227509,7.724710,360000.000000,VFR,barnes,envelope,False
2026-04-30T04:33:01Z,39.336063,-74.411861,106.680000,47.779129,735.194444,1.560832,-1.533495,2.188105,135.506161,1.480622,-1.454690,2.075660,0.086781,-2.186383,-6.415537,,13.015423,1008.317947,1.227504,7.706989,360000.000000,VFR,barnes,envelope,False
2026-04-30T04:33:11Z,39.337236,-74.410185,106.680000,47.779129,735.388889,1.583350,-1.544555,2.211933,135.710596,1.472596,-1.436515,2.057210,0.079839,-2.210492,-6.485679,,13.016918,1008.318656,1.227498,7.689221,360000.000000,VFR,barnes,envelope,False
2026-04-30T04:33:21Z,39.338409,-74.408510,106.680000,47.779129,735.583333,1.605930,-1.555670,2.235871,135.910750,1.545481,-1.497113,2.151711,0.072897,-2.234682,-6.556041,,13.018415,1008.319364,1.227493,7.671404,360000.000000,VFR,barnes,envelope,False
2026-04-30T04:33:31Z,39.339583,-74.406835,106.680000,47.779129,735.777778,1.628571,-1.566840,2.259918,136.106734,1.524620,-1.466829,2.115669,0.065955,-2.258955,-6.626623,,13.019915,1008.320070,1.227487,7.653539,360000.000000,VFR,barnes,envelope,False
2026-04-30T04:33:41Z,39.340756,-74.405160,106.680000,47.779129,735.972222,1.651273,-1.578065,2.284073,136.298651,1.591570,-1.521009,2.201491,0.059012,-2.283311,-6.697424,,13.021416,1008.320775,1.227481,7.635626,360000.000000,VFR,barnes,envelope,False
2026-04-30T04:33:51Z,39.341929,-74.403484,106.680000,47.779129,736.166667,1.674037,-1.589345,2.308336,136.486604,1.605007,-1.523808,2.213151,0.052069,-2.307749,-6.768445,,13.022919,1008.321478,1.227476,7.617664,360000.000000,VFR,barnes,envelope,False
2026-04-30T04:34:01Z,39.343103,-74.401809,106.680000,47.779129,736.361111,1.696862,-1.600681,2.332706,136.670692,1.619153,-1.527377,2.225879,0.045125,-2.332270,-6.839684,,13.024425,1008.322180,1.227470,7.599654,360000.000000,VFR,barnes,envelope,False
2026-04-30T04:34:11Z,39.344276,-74.400134,106.680000,47.779129,736.555556,1.719748,-1.612072,2.357183,136.851011,1.638719,-1.536117,2.246120,0.038182,-2.356873,-6.911143,,13.025933,1008.322880,1.227465,7.581596,360000.000000,VFR,barnes,envelope,False
2026-04-30T04:34:21Z,39.345449,-74.398459,106.680000,47.779129,736.750000,1.742696,-1.623519,2.381764,137.027654,1.677754,-1.563017,2.293007,0.031238,-2.381560,-6.982820,,13.027442,1008.323578,1.227459,7.563488,360000.000000,VFR,barnes,envelope,False
2026-04-30T04:34:31Z,39.346622,-74.396783,106.680000,47.779129,736.944444,1.765706,-1.635021,2.406451,137.200713,1.719416,-1.592157,2.343364,0.024293,-2.406329,-7.054716,,13.028954,1008.324275,1.227453,7.545332,360000.000000,VFR,barnes,envelope,False
2026-04-30T04:34:41Z,39.347796,-74.395108,106.680000,47.779129,737.138889,1.788777,-1.646578,2.431243,137.370274,1.763734,-1.623526,2.397206,0.017349,-2.431181,-7.126831,,13.030468,1008.324970,1.227448,7.527128,360000.000000,VFR,barnes,envelope,False
2026-04-30T04:34:51Z,39.348969,-74.393433,106.680000,47.779129,737.333333,1.811909,-1.658191,2.456138,137.536423,1.796847,-1.644407,2.435720,0.010404,-2.456116,-7.199163,,13.031983,1008.325664,1.227442,7.508875,360000.000000,VFR,barnes,envelope,False
2026-04-30T04:35:01Z,39.350142,-74.391757,106.680000,47.779129,737.527778,1.834990,-1.669298,2.480674,137.707073,1.821272,-1.656819,2.462130,0.003120,-2.480672,-7.270373,,13.715227,1008.325816,1.224519,7.493816,360000.000000,VFR,barnes,envelope,False
2026-04-30T04:35:11Z,39.351316,-74.390082,106.680000,47.779129,737.722222,1.857096,-1.675380,2.501140,137.944778,1.813064,-1.635657,2.441838,-0.007231,-2.501130,-7.329682,,13.716680,1008.321098,1.224507,7.507946,360000.000000,VFR,barnes,envelope,False
2026-04-30T04:35:21Z,39.352489,-74.388407,106.680000,47.779129,737.916667,1.879245,-1.681481,2.521694,138.178976,1.810205,-1.619706,2.429051,-0.017598,-2.521632,-7.389104,,13.718135,1008.316371,1.224495,7.522103,360000.000000,VFR,barnes,envelope,False
2026-04-30T04:35:31Z,39.353662,-74.386732,106.680000,47.779129,738.111111,1.901439,-1.687599,2.542334,138.409734,1.781615,-1.581250,2.382121,-0.027981,-2.542180,-7.448641,,13.719591,1008.311634,1.224483,7.536287,360000.000000,VFR,barnes,envelope,False
2026-04-30T04:35:41Z,39.354835,-74.385056,106.680000,47.779129,738.305556,1.923677,-1.693736,2.563059,138.637115,1.781085,-1.568189,2.373074,-0.038380,-2.562772,-7.508290,,13.721048,1008.306889,1.224471,7.550499,360000.000000,VFR,barnes,envelope,False
2026-04-30T04:35:51Z,39.356009,-74.383381,106.680000,47.779129,738.500000,1.945958,-1.699891,2.583870,138.861182,1.843919,-1.610754,2.448380,-0.048794,-2.583409,-7.568053,,13.722507,1008.302135,1.224459,7.564737,360000.000000,VFR,barnes,envelope,False
2026-04-30T04:36:01Z,39.357182,-74.381706,106.680000,47.779129,738.694444,1.968284,-1.706064,2.604764,139.081995,1.885101,-1.633963,2.494683,-0.059225,-2.604091,-7.627930,,13.723967,1008.297372,1.224447,7.579003,360000.000000,VFR,barnes,envelope,False
2026-04-30T04:36:11Z,39.358355,-74.380030,106.680000,47.779129,738.888889,1.990654,-1.712255,2.625742,139.299616,1.940857,-1.669423,2.560058,-0.069672,-2.624817,-7.687919,,13.725429,1008.292600,1.224435,7.593297,360000.000000,VFR,barnes,envelope,False
2026-04-30T04:36:21Z,39.359528,-74.378355,106.680000,47.779129,739.083333,2.013067,-1.718465,2.646802,139.514103,1.967322,-1.679415,2.586656,-0.080136,-2.645589,-7.748021,,13.726892,1008.287819,1.224423,7.607617,360000.000000,VFR,barnes,envelope,False
2026-04-30T04:36:31Z,39.360702,-74.376680,106.680000,47.779129,739.277778,2.035525,-1.724693,2.667944,139.725514,1.973731,-1.672335,2.586951,-0.090615,-2.666405,-7.808235,,13.728356,1008.283029,1.224411,7.621965,360000.000000,VFR,barnes,envelope,False
2026-04-30T04:36:41Z,39.361875,-74.375005,106.680000,47.779129,739.472222,2.058026,-1.730939,2.689167,139.933904,1.968764,-1.655863,2.572531,-0.101110,-2.687266,-7.868562,,13.729822,1008.278230,1.224399,7.636340,360000.000000,VFR,barnes,envelope,False
2026-04-30T04:36:51Z,39.363048,-74.373329,106.680000,47.779129,739.666667,2.080572,-1.737203,2.710471,140.139330,1.956278,-1.633422,2.548546,-0.111622,-2.708172,-7.929001,,13.731289,1008.273422,1.224387,7.650742,360000.000000,VFR,barnes,envelope,False
2026-04-30T04:37:01Z,39.364222,-74.371654,106.680000,47.779129,739.861111,2.103157,-1.743484,2.731850,140.341792,2.006339,-1.663224,2.606091,-0.122146,-2.729118,-7.989539,,13.732761,1008.268605,1.224374,7.665171,360000.000000,VFR,barnes,envelope,False
2026-04-30T04:37:11Z,39.365395,-74.369979,106.680000,47.779129,740.055556,2.125740,-1.749776,2.753268,140.540923,2.046720,-1.684732,2.650921,-0.132663,-2.750070,-8.050075,,13.734261,1008.263779,1.224362,7.679628,360000.000000,VFR,barnes,envelope,False
2026-04-30T04:37:21Z,39.366568,-74.368304,106.680000,47.779129,740.250000,2.148367,-1.756086,2.774765,140.737267,2.085961,-1.705075,2.694163,-0.143195,-2.771067,-8.110723,,13.735763,1008.258944,1.224350,7.694112,360000.000000,VFR,barnes,envelope,False
2026-04-30T04:37:31Z,39.367741,-74.366628,106.680000,47.779129,740.444444,2.171039,-1.762414,2.796339,140.930875,2.085609,-1.693063,2.686304,-0.153744,-2.792110,-8.171484,,13.737266,1008.254100,1.224338,7.708622,370000.000000,VFR,barnes,envelope,False
2026-04-30T04:37:41Z,39.368915,-74.364953,106.680000,47.779129,740.638889,2.193756,-1.768760,2.817992,141.121796,2.164281,-1.744996,2.780130,-0.164310,-2.813197,-8.232357,,13.738769,1008.249247,1.224325,7.723161,370000.000000,VFR,barnes,envelope,False
2026-04-30T04:37:51Z,39.370088,-74.363278,106.680000,47.779129,740.833333,2.216517,-1.775125,2.839721,141.310077,2.182104,-1.747565,2.795633,-0.174892,-2.834330,-8.293342,,13.740274,1008.244385,1.224313,7.737726,370000.000000,VFR,barnes,envelope,False
2026-04-30T04:38:01Z,39.371261,-74.361602,106.680000,47.779129,741.027778,2.239322,-1.781508,2.861526,141.495768,2.193335,-1.744922,2.802761,-0.185490,-2.855508,-8.354438,,13.741780,1008.239514,1.224301,7.752318,370000.000000,VFR,barnes,envelope,False
2026-04-30T04:38:11Z,39.372434,-74.359927,106.680000,47.779129,741.222222,2.262173,-1.787909,2.883408,141.678913,2.177018,-1.720606,2.774868,-0.196105,-2.876732,-8.415646,,13.743287,1008.234634,1.224288,7.766938,370000.000000,VFR,barnes,envelope,False
2026-04-30T04:38:21Z,39.373608,-74.358252,106.680000,47.779129,741.416667,2.285067,-1.794328,2.905365,141.859558,2.143824,-1.683418,2.725780,-0.206736,-2.898000,-8.476965,,13.744795,1008.229745,1.224276,7.781585,370000.000000,VFR,barnes,envelope,False
2026-04-30T04:38:31Z,39.374781,-74.356577,106.680000,47.779129,741.611111,2.308007,-1.800765,2.927397,142.037747,2.171271,-1.694080,2.753965,-0.217384,-2.919314,-8.538395,,13.746305,1008.224848,1.224263,7.796258,370000.000000,VFR,barnes,envelope,False
2026-04-30T04:38:41Z,39.375675,-74.357391,106.680000,295.706929,741.805556,2.329209,-1.804961,2.946710,142.227013,2.170239,-1.681772,2.745596,-2.636651,1.315740,3.871111,,13.747666,1008.219281,1.224251,7.811762,370000.000000,VFR,barnes,envelope,False
2026-04-30T04:38:51Z,39.376432,-74.359431,106.680000,295.706929,742.000000,2.349494,-1.808062,2.964661,142.419781,2.130674,-1.639669,2.688547,-2.648244,1.332673,3.920775,,13.748953,1008.213390,1.224238,7.827669,370000.000000,VFR,barnes,envelope,False
2026-04-30T04:39:01Z,39.377188,-74.361472,106.680000,295.706929,742.194444,2.369668,-1.811548,2.982790,142.603049,2.167813,-1.657236,2.728708,-2.660136,1.349337,3.969648,,13.750129,1008.207490,1.224226,7.843471,370000.000000,VFR,barnes,envelope,False
2026-04-30T04:39:11Z,39.377945,-74.363513,106.680000,295.706929,742.388889,2.389272,-1.818352,3.002504,142.727106,2.225439,-1.693667,2.796621,-2.674770,1.364050,4.012791,,13.750316,1008.201471,1.224218,7.858290,370000.000000,VFR,barnes,envelope,False
2026-04-30T04:39:21Z,39.378701,-74.365553,106.680000,295.706929,742.583333,2.408823,-1.825181,3.022203,142.848550,2.264614,-1.715913,2.841274,-2.689403,1.378703,4.055754,,13.750500,1008.195455,1.224210,7.873109,370000.000000,VFR,barnes,envelope,False
2026-04-30T04:39:31Z,39.379458,-74.367594,106.680000,295.706929,742.777778,2.428318,-1.832034,3.041888,142.967433,2.244555,-1.693395,2.811693,-2.704035,1.393297,4.098539,,13.750681,1008.189444,1.224202,7.887928,370000.000000,VFR,barnes,envelope,False
2026-04-30T04:39:41Z,39.380215,-74.369635,106.680000,295.706929,742.972222,2.447760,-1.838912,3.061556,143.083806,2.312054,-1.736961,2.891821,-2.718665,1.407831,4.141144,,13.750860,1008.183436,1.224194,7.902747,370000.000000,VFR,barnes,envelope,False
2026-04-30T04:39:51Z,39.380971,-74.371675,106.680000,295.706929,743.166667,2.467147,-1.845815,3.081209,143.197720,2.400649,-1.796064,2.998160,-2.733295,1.422305,4.183570,,13.751036,1008.177432,1.224186,7.917567,370000.000000,VFR,barnes,envelope,False
2026-04-30T04:40:01Z,39.381728,-74.373716,106.680000,295.706929,743.361111,2.484244,-1.852433,3.098867,143.289099,2.419546,-1.804190,3.018163,-2.746674,1.434838,4.220302,,12.367838,1008.171708,1.230109,7.931529,370000.000000,VFR,barnes,envelope,False
2026-04-30T04:40:11Z,39.382484,-74.375757,106.680000,295.706929,743.555556,2.481180,-1.856271,3.098709,143.198351,2.423804,-1.813346,3.027053,-2.748803,1.430413,4.207334,,12.368916,1008.168478,1.230101,7.937756,370000.000000,VFR,barnes,envelope,False
2026-04-30T04:40:21Z,39.383241,-74.377798,106.680000,295.706929,743.750000,2.478110,-1.860097,3.098546,143.107700,2.394755,-1.797530,2.994322,-2.750918,1.425987,4.194363,,12.369993,1008.165253,1.230092,7.943948,370000.000000,VFR,barnes,envelope,False
2026-04-30T04:40:31Z,39.383997,-74.379838,106.680000,295.706929,743.944444,2.475033,-1.863910,3.098378,143.017145,2.419012,-1.821722,3.028249,-2.753019,1.421561,4.181389,,12.371068,1008.162034,1.230084,7.950104,370000.000000,VFR,barnes,envelope,False
2026-04-30T04:40:41Z,39.384754,-74.381879,106.680000,295.706929,744.138889,2.471949,-1.867711,3.098205,142.926688,2.386240,-1.802952,2.990782,-2.755106,1.417133,4.168412,,12.372143,1008.158819,1.230075,7.956225,370000.000000,VFR,barnes,envelope,False
2026-04-30T04:40:51Z,39.385511,-74.383920,106.680000,295.706929,744.333333,2.468858,-1.871499,3.098027,142.836327,2.384516,-1.807565,2.992191,-2.757178,1.412705,4.155432,,12.373216,1008.155610,1.230067,7.962309,370000.000000,VFR,barnes,envelope,False
2026-04-30T04:41:01Z,39.386267,-74.385960,106.680000,295.706929,744.527778,2.465760,-1.875275,3.097843,142.746062,2.347731,-1.785511,2.949558,-2.759237,1.408276,4.142450,,12.374288,1008.152406,1.230058,7.968358,370000.000000,VFR,barnes,envelope,False
2026-04-30T04:41:11Z,39.387024,-74.388001,106.680000,295.706929,744.722222,2.462656,-1.879039,3.097654,142.655893,2.371023,-1.809122,2.982394,-2.761281,1.403846,4.129465,,12.375358,1008.149207,1.230049,7.974371,370000.000000,VFR,barnes,envelope,False
2026-04-30T04:41:21Z,39.387780,-74.390042,106.680000,295.706929,744.916667,2.459544,-1.882789,3.097459,142.565821,2.385034,-1.825752,3.003624,-2.763311,1.399416,4.116477,,12.376428,1008.146014,1.230041,7.980348,370000.000000,VFR,barnes,envelope,False
2026-04-30T04:41:31Z,39.388537,-74.392082,106.680000,295.706929,745.111111,2.456426,-1.886528,3.097259,142.475843,2.419930,-1.858499,3.051243,-2.765327,1.394984,4.103487,,12.377496,1008.142825,1.230032,7.986290,370000.000000,VFR,barnes,envelope,False
2026-04-30T04:41:41Z,39.389293,-74.394123,106.680000,295.706929,745.305556,2.453300,-1.890253,3.097054,142.385962,2.433913,-1.875315,3.072578,-2.767328,1.390552,4.090494,,12.378563,1008.139642,1.230024,7.992195,370000.000000,VFR,barnes,envelope,False
2026-04-30T04:41:51Z,39.390050,-74.396164,106.680000,295.706929,745.500000,2.450168,-1.893967,3.096843,142.296175,2.439085,-1.885399,3.082834,-2.769315,1.386120,4.077498,,12.379628,1008.136464,1.230016,7.998065,370000.000000,VFR,barnes,envelope,False
2026-04-30T04:42:01Z,39.390807,-74.398205,106.680000,295.706929,745.694444,2.447029,-1.897667,3.096626,142.206483,2.410855,-1.869614,3.050849,-2.771288,1.381686,4.064500,,12.380692,1008.133292,1.230007,8.003898,370000.000000,VFR,barnes,envelope,False
2026-04-30T04:42:11Z,39.391563,-74.400245,106.680000,295.706929,745.888889,2.443883,-1.901355,3.096404,142.116886,2.398691,-1.866195,3.039145,-2.773246,1.377252,4.051500,,12.381756,1008.130124,1.229999,8.009696,370000.000000,VFR,barnes,envelope,False
2026-04-30T04:42:21Z,39.392320,-74.402286,106.680000,295.706929,746.083333,2.440731,-1.905030,3.096176,142.027383,2.395658,-1.869850,3.039000,-2.775190,1.372817,4.038497,,12.382817,1008.126962,1.229990,8.015457,370000.000000,VFR,barnes,envelope,False
2026-04-30T04:42:31Z,39.393076,-74.404327,106.680000,295.706929,746.277778,2.437571,-1.908692,3.095942,141.937974,2.416828,-1.892450,3.069597,-2.777119,1.368382,4.025491,,12.383878,1008.123806,1.229982,8.021183,370000.000000,VFR,barnes,envelope,False
2026-04-30T04:42:41Z,39.393833,-74.406367,106.680000,295.706929,746.472222,2.434404,-1.912342,3.095703,141.848659,2.412898,-1.895448,3.068355,-2.779034,1.363945,4.012484,,12.384937,1008.120654,1.229973,8.026872,370000.000000,VFR,barnes,envelope,False
2026-04-30T04:42:51Z,39.394589,-74.408408,106.680000,295.706929,746.666667,2.431231,-1.915979,3.095458,141.759438,2.399704,-1.891133,3.055317,-2.780934,1.359508,3.999474,,12.385995,1008.117508,1.229965,8.032525,370000.000000,VFR,barnes,envelope,False
2026-04-30T04:43:01Z,39.395346,-74.410449,106.680000,295.706929,746.861111,2.428051,-1.919603,3.095207,141.670310,2.417159,-1.910992,3.081323,-2.782820,1.355071,3.986461,,12.387051,1008.114367,1.229957,8.038142,370000.000000,VFR,barnes,envelope,False
2026-04-30T04:43:11Z,39.396103,-74.412489,106.680000,295.706929,747.055556,2.424863,-1.923214,3.094950,141.581275,2.400946,-1.904245,3.064423,-2.784691,1.350633,3.973447,,12.388107,1008.111232,1.229948,8.043723,370000.000000,VFR,barnes,envelope,False
2026-04-30T04:43:21Z,39.396859,-74.414530,106.680000,295.706929,747.250000,2.421669,-1.926812,3.094687,141.492333,2.385383,-1.897941,3.048316,-2.786548,1.346194,3.960430,,12.389160,1008.108102,1.229940,8.049268,370000.000000,VFR,barnes,envelope,False
2026-04-30T04:43:31Z,39.397616,-74.416571,106.680000,295.706929,747.444444,2.418468,-1.930397,3.094418,141.403484,2.403826,-1.918710,3.075683,-2.788389,1.341755,3.947411,,12.390213,1008.104977,1.229932,8.054776,370000.000000,VFR,barnes,envelope,False
2026-04-30T04:43:41Z,39.398372,-74.418612,106.680000,295.706929,747.638889,2.415260,-1.933969,3.094143,141.314727,2.409839,-1.929629,3.087198,-2.790217,1.337315,3.934390,,12.391264,1008.101858,1.229923,8.060248,370000.000000,VFR,barnes,envelope,False
2026-04-30T04:43:51Z,39.399129,-74.420652,106.680000,295.706929,747.833333,2.412045,-1.937529,3.093862,141.226062,2.377434,-1.909727,3.049467,-2.792029,1.332874,3.921366,,12.392314,1008.098744,1.229915,8.065684,370000.000000,VFR,barnes,envelope,False
2026-04-30T04:44:01Z,39.399885,-74.422693,106.680000,295.706929,748.027778,2.408824,-1.941075,3.093575,141.137488,2.326619,-1.874833,2.988002,-2.793827,1.328433,3.908341,,12.393363,1008.095636,1.229907,8.071084,370000.000000,VFR,barnes,envelope,False
2026-04-30T04:44:11Z,39.400642,-74.424734,106.680000,295.706929,748.222222,2.405595,-1.944608,3.093281,141.049007,2.332122,-1.885214,2.998804,-2.795610,1.323991,3.895314,,12.394410,1008.092533,1.229898,8.076447,370000.000000,VFR,barnes,envelope,False
2026-04-30T04:44:21Z,39.401399,-74.426774,106.680000,295.706929,748.416667,2.402360,-1.948128,3.092982,140.960616,2.360002,-1.913779,3.038447,-2.797378,1.319549,3.882284,,12.395455,1008.089435,1.229890,8.081774,370000.000000,VFR,barnes,envelope,False
2026-04-30T04:44:31Z,39.402155,-74.428815,106.680000,295.706929,748.611111,2.399117,-1.951635,3.092676,140.872316,2.384669,-1.939882,3.074051,-2.799132,1.315107,3.869253,,12.396500,1008.086343,1.229882,8.087064,370000.000000,VFR,barnes,envelope,False
2026-04-30T04:44:41Z,39.402912,-74.430856,106.680000,295.706929,748.805556,2.395868,-1.955129,3.092364,140.784107,2.355603,-1.922271,3.040394,-2.800870,1.310663,3.856220,,12.397543,1008.083257,1.229873,8.092318,370000.000000,VFR,barnes,envelope,False
2026-04-30T04:44:51Z,39.403668,-74.432897,106.680000,295.706929,749.000000,2.392612,-1.958610,3.092045,140.695988,2.347473,-1.921659,3.033711,-2.802594,1.306220,3.843185,,12.398584,1008.080176,1.229865,8.097536,370000.000000,VFR,barnes,envelope,False
2026-04-30T04:45:01Z,39.404425,-74.434937,106.680000,295.706929,749.194444,2.389837,-1.962261,3.092214,140.611069,2.339326,-1.920787,3.026858,-2.804680,1.302136,3.831205,,12.399625,1008.077049,1.229857,8.103136,370000.000000,VFR,barnes,envelope,False
2026-04-30T04:45:11Z,39.405181,-74.436978,106.680000,295.706929,749.388889,2.391455,-1.967563,3.096831,140.554253,2.356016,-1.938406,3.050939,-2.810159,1.301294,3.828735,,12.400663,1008.073463,1.229848,8.112484,370000.000000,VFR,barnes,envelope,False
2026-04-30T04:45:21Z,39.405938,-74.439019,106.680000,295.706929,749.583333,2.393074,-1.972869,3.101453,140.497565,2.376303,-1.959043,3.079718,-2.815642,1.300451,3.826263,,12.401701,1008.069881,1.229839,8.121806,370000.000000,VFR,barnes,envelope,False
2026-04-30T04:45:31Z,39.406695,-74.441059,106.680000,295.706929,749.777778,2.394694,-1.978178,3.106082,140.441005,2.383901,-1.969262,3.092083,-2.821128,1.299607,3.823788,,12.402736,1008.066300,1.229830,8.131100,370000.000000,VFR,barnes,envelope,False
2026-04-30T04:45:41Z,39.407451,-74.443100,106.680000,295.706929,749.972222,2.396314,-1.983491,3.110717,140.384574,2.414408,-1.998467,3.134204,-2.826619,1.298763,3.821312,,12.403771,1008.062723,1.229822,8.140368,370000.000000,VFR,barnes,envelope,False
2026-04-30T04:45:51Z,39.408208,-74.445141,106.680000,295.706929,750.166667,2.397936,-1.988807,3.115358,140.328270,2.373769,-1.968763,3.083960,-2.832112,1.297918,3.818834,,12.404804,1008.059148,1.229813,8.149609,370000.000000,VFR,barnes,envelope,False
2026-04-30T04:46:01Z,39.408964,-74.447181,106.680000,295.706929,750.361111,2.399559,-1.994127,3.120004,140.272094,2.364772,-1.965218,3.074773,-2.837610,1.297073,3.816353,,12.405835,1008.055575,1.229804,8.158824,370000.000000,VFR,barnes,envelope,False
2026-04-30T04:46:11Z,39.409721,-74.449222,106.680000,295.706929,750.555556,2.401183,-1.999451,3.124657,140.216044,2.370664,-1.974039,3.084944,-2.843111,1.296227,3.813870,,12.406865,1008.052006,1.229795,8.168011,370000.000000,VFR,barnes,envelope,False
2026-04-30T04:46:21Z,39.410477,-74.451263,106.680000,295.706929,750.750000,2.402807,-2.004779,3.129316,140.160120,2.386976,-1.991570,3.108698,-2.848616,1.295379,3.811385,,12.407894,1008.048438,1.229786,8.177172,370000.000000,VFR,barnes,envelope,False
2026-04-30T04:46:31Z,39.411234,-74.453304,106.680000,295.706929,750.944444,2.404433,-2.010110,3.133981,140.104322,2.381423,-1.990874,3.103990,-2.854124,1.294532,3.808898,,12.408921,1008.044874,1.229778,8.186305,370000.000000,VFR,barnes,envelope,False
2026-04-30T04:46:41Z,39.411991,-74.455344,106.680000,295.706929,751.138889,2.406059,-2.015444,3.138652,140.048650,2.372853,-1.987630,3.095336,-2.859637,1.293683,3.806408,,12.409947,1008.041312,1.229769,8.195412,370000.000000,VFR,barnes,envelope,False
2026-04-30T04:46:51Z,39.412747,-74.457385,106.680000,295.706929,751.333333,2.407686,-2.020783,3.143329,139.993102,2.415695,-2.027504,3.153784,-2.865152,1.292834,3.803916,,12.410971,1008.037752,1.229760,8.204492,370000.000000,VFR,barnes,envelope,False
2026-04-30T04:47:01Z,39.413504,-74.459426,106.680000,295.706929,751.527778,2.409315,-2.026125,3.148012,139.937678,2.458876,-2.067804,3.212769,-2.870672,1.291983,3.801422,,12.411994,1008.034195,1.229751,8.213545,420000.000000,VFR,barnes,envelope,False
2026-04-30T04:47:11Z,39.414260,-74.461466,106.680000,295.706929,751.722222,2.410944,-2.031471,3.152701,139.882379,2.424242,-2.042676,3.170090,-2.876195,1.291132,3.798926,,12.413015,1008.030641,1.229743,8.222571,420000.000000,VFR,barnes,envelope,False
2026-04-30T04:47:21Z,39.415017,-74.463507,106.680000,295.706929,751.916667,2.412573,-2.036820,3.157395,139.827203,2.376681,-2.006517,3.110422,-2.881722,1.290280,3.796426,,12.414034,1008.027089,1.229734,8.231569,420000.000000,VFR,barnes,envelope,False
2026-04-30T04:47:31Z,39.415773,-74.465548,106.680000,295.706929,752.111111,2.414204,-2.042173,3.162096,139.772150,2.380271,-2.013469,3.117650,-2.887253,1.289428,3.793925,,12.415052,1008.023540,1.229725,8.240541,420000.000000,VFR,barnes,envelope,False
2026-04-30T04:47:41Z,39.416530,-74.467588,106.680000,295.706929,752.305556,2.415835,-2.047530,3.166803,139.717220,2.391593,-2.026983,3.135024,-2.892787,1.288574,3.791421,,12.416069,1008.019993,1.229716,8.249486,420000.000000,VFR,barnes,envelope,False
2026-04-30T04:47:51Z,39.417287,-74.469629,106.680000,295.706929,752.500000,2.417468,-2.052890,3.171515,139.662412,2.360064,-2.004143,3.096207,-2.898324,1.287720,3.788914,,12.417084,1008.016450,1.229708,8.258404,420000.000000,VFR,barnes,envelope,False
2026-04-30T04:48:01Z,39.418043,-74.471670,106.680000,295.706929,752.694444,2.419156,-2.058278,3.176291,139.608041,2.383229,-2.027711,3.129120,-2.903912,1.286904,3.786520,,12.418159,1008.012908,1.229699,8.267361,420000.000000,VFR,barnes,envelope,False
2026-04-30T04:48:11Z,39.418800,-74.473711,106.680000,295.706929,752.888889,2.421343,-2.063886,3.181592,139.556643,2.407076,-2.051725,3.162846,-2.909914,1.286442,3.785165,,12.419786,1008.009370,1.229688,8.276890,420000.000000,VFR,barnes,envelope,False
2026-04-30T04:48:21Z,39.419556,-74.475751,106.680000,295.706929,753.083333,2.423533,-2.069499,3.186901,139.505385,2.428921,-2.074099,3.193986,-2.915921,1.285980,3.783811,,12.421414,1008.005833,1.229676,8.286394,420000.000000,VFR,barnes,envelope,False
2026-04-30T04:48:31Z,39.420313,-74.477792,106.680000,295.706929,753.277778,2.425726,-2.075116,3.192218,139.454268,2.444092,-2.090828,3.216387,-2.921933,1.285519,3.782458,,12.423042,1008.002300,1.229665,8.295873,420000.000000,VFR,barnes,envelope,False
2026-04-30T04:48:41Z,39.421069,-74.479833,106.680000,295.706929,753.472222,2.427921,-2.080738,3.197541,139.403291,2.417736,-2.072009,3.184128,-2.927951,1.285059,3.781107,,12.424671,1007.998769,1.229654,8.305327,420000.000000,VFR,barnes,envelope,False
2026-04-30T04:48:51Z,39.421826,-74.481873,106.680000,295.706929,753.666667,2.430119,-2.086364,3.202873,139.352452,2.397714,-2.058544,3.160164,-2.933973,1.284598,3.779757,,12.426300,1007.995241,1.229642,8.314756,420000.000000,VFR,barnes,envelope,False
2026-04-30T04:49:01Z,39.422583,-74.483914,106.680000,295.706929,753.861111,2.432319,-2.091995,3.208211,139.301753,2.393759,-2.058830,3.157351,-2.940001,1.284139,3.778408,,12.427930,1007.991715,1.229631,8.324160,420000.000000,VFR,barnes,envelope,False
2026-04-30T04:49:11Z,39.423339,-74.485955,106.680000,295.706929,754.055556,2.434522,-2.097630,3.213557,139.251191,2.407758,-2.074570,3.178228,-2.946034,1.283679,3.777060,,12.429560,1007.988192,1.229620,8.333540,420000.000000,VFR,barnes,envelope,False
2026-04-30T04:49:21Z,39.424096,-74.487995,106.680000,295.706929,754.250000,2.436728,-2.103270,3.218911,139.200767,2.427547,-2.095346,3.206783,-2.952073,1.283220,3.775713,,12.431191,1007.984672,1.229608,8.342894,420000.000000,VFR,barnes,envelope,False
2026-04-30T04:49:31Z,39.424852,-74.490036,106.680000,295.706929,754.444444,2.438936,-2.108914,3.224272,139.150480,2.414465,-2.087755,3.191921,-2.958116,1.282761,3.774367,,12.432822,1007.981154,1.229597,8.352223,420000.000000,VFR,barnes,envelope,False
2026-04-30T04:49:41Z,39.425609,-74.492077,106.680000,295.706929,754.638889,2.441147,-2.114563,3.229640,139.100329,2.434377,-2.108699,3.220683,-2.964165,1.282303,3.773023,,12.434454,1007.977639,1.229586,8.361527,420000.000000,VFR,barnes,envelope,False
2026-04-30T04:49:51Z,39.426365,-74.494118,106.680000,295.706929,754.833333,2.443360,-2.120216,3.235015,139.050314,2.446212,-2.122691,3.238791,-2.970218,1.281845,3.771679,,12.436086,1007.974127,1.229574,8.370806,420000.000000,VFR,barnes,envelope,False
2026-04-30T04:50:01Z,39.427122,-74.496158,106.680000,295.706929,755.027778,2.444986,-2.126098,3.240100,138.990599,2.487515,-2.163080,3.296460,-2.976224,1.280759,3.768492,,11.103782,1007.970620,1.235333,8.380060,420000.000000,VFR,barnes,envelope,False
2026-04-30T04:50:11Z,39.427879,-74.498199,106.680000,295.706929,755.222222,2.441316,-2.133998,3.242526,138.842715,2.468629,-2.157872,3.278802,-2.981750,1.274026,3.748737,,11.104624,1007.967141,1.235325,8.389288,420000.000000,VFR,barnes,envelope,False
2026-04-30T04:50:21Z,39.428635,-74.500240,106.680000,295.706929,755.416667,2.437665,-2.141891,3.244982,138.695368,2.480775,-2.179769,3.302368,-2.987277,1.267313,3.729040,,11.105467,1007.963668,1.235317,8.398492,420000.000000,VFR,barnes,envelope,False
2026-04-30T04:50:31Z,39.429392,-74.502280,106.680000,295.706929,755.611111,2.434033,-2.149776,3.247469,138.548562,2.473478,-2.184614,3.300096,-2.992807,1.260620,3.709402,,11.106311,1007.960199,1.235309,8.407670,420000.000000,VFR,barnes,envelope,False
2026-04-30T04:50:41Z,39.430148,-74.504321,106.680000,295.706929,755.805556,2.430421,-2.157654,3.249987,138.402298,2.459725,-2.183669,3.289173,-2.998338,1.253947,3.689822,,11.107156,1007.956736,1.235301,8.416823,420000.000000,VFR,barnes,envelope,False
2026-04-30T04:50:51Z,39.430905,-74.506362,106.680000,295.706929,756.000000,2.426827,-2.165525,3.252535,138.256579,2.447956,-2.184379,3.280854,-3.003871,1.247295,3.670300,,11.108001,1007.953277,1.235293,8.425951,420000.000000,VFR,barnes,envelope,False
2026-04-30T04:51:01Z,39.431661,-74.508402,106.680000,295.706929,756.194444,2.422724,-2.173142,3.254556,138.108429,2.448223,-2.196015,3.288811,-3.008955,1.240294,3.649755,,11.108848,1007.949824,1.235286,8.435600,420000.000000,VFR,barnes,envelope,False
2026-04-30T04:51:11Z,39.432418,-74.510443,106.680000,295.706929,756.388889,2.413882,-2.178534,3.251590,137.933678,2.447097,-2.208510,3.296331,-3.009977,1.229989,3.619511,,11.109695,1007.946375,1.235278,8.450153,420000.000000,VFR,barnes,envelope,False
2026-04-30T04:51:21Z,39.433175,-74.512484,106.680000,295.706929,756.583333,2.405048,-2.183912,3.248650,137.758863,2.451359,-2.225966,3.311206,-3.010992,1.219695,3.589301,,11.110543,1007.942931,1.235270,8.464692,420000.000000,VFR,barnes,envelope,False
2026-04-30T04:51:31Z,39.433931,-74.514525,106.680000,295.706929,756.777778,2.396220,-2.189278,3.245737,137.583989,2.427495,-2.217852,3.288099,-3.011997,1.209415,3.559124,,11.111391,1007.939493,1.235262,8.479218,420000.000000,VFR,barnes,envelope,False
2026-04-30T04:51:41Z,39.434688,-74.516565,106.680000,295.706929,756.972222,2.387401,-2.194631,3.242852,137.409057,2.400845,-2.206990,3.261113,-3.012995,1.199146,3.528982,,11.112241,1007.936059,1.235254,8.493731,420000.000000,VFR,barnes,envelope,False
2026-04-30T04:51:51Z,39.435444,-74.518606,106.680000,295.706929,757.166667,2.378588,-2.199971,3.239993,137.234071,2.417387,-2.235856,3.292843,-3.013983,1.188889,3.498873,,11.113091,1007.932630,1.235246,8.508231,420000.000000,VFR,barnes,envelope,False
2026-04-30T04:52:01Z,39.436201,-74.520647,106.680000,295.706929,757.361111,2.369715,-2.205277,3.237096,137.058483,2.420233,-2.252290,3.306106,-3.014915,1.178592,3.468644,,11.113898,1007.929168,1.235238,8.522821,420000.000000,VFR,barnes,envelope,False
2026-04-30T04:52:11Z,39.436957,-74.522687,106.680000,295.706929,757.555556,2.360231,-2.210379,3.233647,136.877827,2.399823,-2.247457,3.287889,-3.015399,1.167835,3.437059,,11.114306,1007.925363,1.235232,8.538328,420000.000000,VFR,barnes,envelope,False
2026-04-30T04:52:21Z,39.437714,-74.524728,106.680000,295.706929,757.750000,2.350754,-2.215468,3.230223,136.697027,2.388545,-2.251085,3.282154,-3.015873,1.157087,3.405504,,11.114713,1007.921561,1.235225,8.553826,420000.000000,VFR,barnes,envelope,False
2026-04-30T04:52:31Z,39.438471,-74.526769,106.680000,295.706929,757.944444,2.341281,-2.220544,3.226827,136.516085,2.377132,-2.254546,3.276237,-3.016337,1.146351,3.373977,,11.115120,1007.917764,1.235219,8.569314,420000.000000,VFR,barnes,envelope,False
2026-04-30T04:52:41Z,39.439227,-74.528810,106.680000,295.706929,758.138889,2.331813,-2.225605,3.223456,136.335005,2.326872,-2.220889,3.216626,-3.016791,1.135625,3.342480,,11.115526,1007.913970,1.235213,8.584792,420000.000000,VFR,barnes,envelope,False
2026-04-30T04:52:51Z,39.439984,-74.530850,106.680000,295.706929,758.333333,2.322351,-2.230653,3.220112,136.153791,2.303569,-2.212613,3.194071,-3.017234,1.124909,3.311012,,11.115931,1007.910180,1.235206,8.600260,420000.000000,VFR,barnes,envelope,False
2026-04-30T04:53:01Z,39.440740,-74.532891,106.680000,295.706929,758.527778,2.313729,-2.234022,3.216240,136.004102,2.316643,-2.236835,3.220290,-3.016531,1.115679,3.283905,,11.116335,1007.906393,1.235200,8.615718,420000.000000,VFR,barnes,envelope,False
2026-04-30T04:53:11Z,39.441497,-74.534932,106.680000,295.706929,758.722222,2.312625,-2.222416,3.207392,136.139553,2.337691,-2.246504,3.242157,-3.005594,1.119719,3.295769,,11.116739,1007.902610,1.235193,8.631166,420000.000000,VFR,barnes,envelope,False
2026-04-30T04:53:21Z,39.442253,-74.536972,106.680000,295.706929,758.916667,2.311513,-2.210821,3.198566,136.275509,2.340895,-2.238923,3.239223,-2.994665,1.123747,3.307598,,11.117142,1007.898831,1.235187,8.646604,420000.000000,VFR,barnes,envelope,False
2026-04-30T04:53:31Z,39.443010,-74.539013,106.680000,295.706929,759.111111,2.310394,-2.199238,3.189760,136.411972,2.279232,-2.169575,3.146737,-2.983743,1.127762,3.319391,,11.117544,1007.895056,1.235181,8.662033,420000.000000,VFR,barnes,envelope,False
2026-04-30T04:53:41Z,39.443767,-74.541054,106.680000,295.706929,759.305556,2.309267,-2.187667,3.180975,136.548944,2.290061,-2.169472,3.154519,-2.972828,1.131766,3.331150,,11.117946,1007.891285,1.235174,8.677451,420000.000000,VFR,barnes,envelope,False
2026-04-30T04:53:51Z,39.444523,-74.543094,106.680000,295.706929,759.500000,2.308133,-2.176107,3.172210,136.686428,2.321633,-2.188835,3.190765,-2.961920,1.135759,3.342874,,11.118346,1007.887517,1.235168,8.692859,420000.000000,VFR,barnes,envelope,False
2026-04-30T04:54:01Z,39.445280,-74.545135,106.680000,295.706929,759.694444,2.306265,-2.163667,3.162327,136.827215,2.286636,-2.145251,3.135412,-2.949901,1.139472,3.353779,,11.118746,1007.884032,1.235162,8.707801,420000.000000,VFR,barnes,envelope,False
2026-04-30T04:54:11Z,39.446036,-74.547176,106.680000,295.706929,759.888889,2.297863,-2.143222,3.142224,136.994266,2.284373,-2.130639,3.123777,-2.927835,1.140770,3.357589,,11.119145,1007.883060,1.235159,8.718629,420000.000000,VFR,barnes,envelope,False
2026-04-30T04:54:21Z,39.446793,-74.549217,106.680000,295.706929,760.083333,2.289456,-2.122806,3.122165,137.163007,2.295906,-2.128788,3.130962,-2.905793,1.142050,3.361349,,11.119544,1007.882087,1.235156,8.729456,420000.000000,VFR,barnes,envelope,False
2026-04-30T04:54:31Z,39.447549,-74.551257,106.680000,295.706929,760.277778,2.281044,-2.102421,3.102150,137.333467,2.329921,-2.147471,3.168622,-2.883777,1.143313,3.365059,,11.119941,1007.881111,1.235153,8.740282,420000.000000,VFR,barnes,envelope,False
2026-04-30T04:54:41Z,39.448306,-74.553298,106.680000,295.706929,760.472222,2.272628,-2.082066,3.082180,137.505671,2.313364,-2.119386,3.137427,-2.861786,1.144560,3.368719,,11.120338,1007.880134,1.235150,8.751107,420000.000000,VFR,barnes,envelope,False
2026-04-30T04:54:51Z,39.449063,-74.555339,106.680000,295.706929,760.666667,2.264207,-2.061741,3.062256,137.679647,2.289452,-2.084728,3.096398,-2.839820,1.145789,3.372328,,11.120734,1007.879155,1.235147,8.761932,420000.000000,VFR,barnes,envelope,False
2026-04-30T04:55:01Z,39.449819,-74.557379,106.680000,295.706929,760.861111,2.256108,-2.042404,3.043261,137.846167,2.281632,-2.065510,3.077690,-2.818884,1.146879,3.375530,,12.478493,1007.878223,1.229275,8.772043,420000.000000,VFR,barnes,envelope,False
2026-04-30T04:55:11Z,39.450576,-74.559420,106.680000,295.706929,761.055556,2.250949,-2.031715,3.032266,137.930471,2.249841,-2.030715,3.030773,-2.807015,1.146867,3.375494,,12.479401,1007.877736,1.229270,8.775745,420000.000000,VFR,barnes,envelope,False
2026-04-30T04:55:21Z,39.451332,-74.561461,106.680000,295.706929,761.250000,2.245804,-2.021047,3.021302,138.015278,2.246821,-2.021962,3.022670,-2.795171,1.146859,3.375470,,12.480308,1007.877248,1.229266,8.779439,420000.000000,VFR,barnes,envelope,False
2026-04-30T04:55:31Z,39.452089,-74.563501,106.680000,295.706929,761.444444,2.240672,-2.010399,3.010368,138.100591,2.156743,-1.935095,2.897609,-2.783351,1.146854,3.375456,,12.481216,1007.876758,1.229261,8.783124,420000.000000,VFR,barnes,envelope,False
2026-04-30T04:55:41Z,39.452845,-74.565542,106.680000,295.706929,761.638889,2.235555,-1.999771,2.999465,138.186414,2.178699,-1.948911,2.923180,-2.771555,1.146853,3.375453,,12.482123,1007.876266,1.229257,8.786801,420000.000000,VFR,barnes,envelope,False
2026-04-30T04:55:51Z,39.453602,-74.567583,106.680000,295.706929,761.833333,2.230452,-1.989164,2.988593,138.272748,2.200278,-1.962254,2.948163,-2.759784,1.146856,3.375462,,12.483029,1007.875774,1.229252,8.790469,420000.000000,VFR,barnes,envelope,False
2026-04-30T04:56:01Z,39.454358,-74.569624,106.680000,295.706929,762.027778,2.225363,-1.978577,2.977752,138.359597,2.203374,-1.959028,2.948330,-2.748038,1.146863,3.375481,,12.483936,1007.875279,1.229248,8.794129,420000.000000,VFR,barnes,envelope,False
2026-04-30T04:56:11Z,39.455115,-74.571664,106.680000,295.706929,762.222222,2.220287,-1.968011,2.966942,138.446963,2.226305,-1.973345,2.974984,-2.736316,1.146873,3.375511,,12.484842,1007.874784,1.229243,8.797780,420000.000000,VFR,barnes,envelope,False
2026-04-30T04:56:21Z,39.455872,-74.573705,106.680000,295.706929,762.416667,2.215226,-1.957466,2.956163,138.534848,2.302807,-2.034856,3.073038,-2.724619,1.146887,3.375552,,12.485747,1007.874287,1.229239,8.801422,420000.000000,VFR,barnes,envelope,False
2026-04-30T04:56:31Z,39.456628,-74.575746,106.680000,295.706929,762.611111,2.210179,-1.946941,2.945415,138.623256,2.287333,-2.014906,3.048236,-2.712947,1.146905,3.375604,,12.486653,1007.873788,1.229234,8.805057,420000.000000,VFR,barnes,envelope,False
2026-04-30T04:56:41Z,39.457385,-74.577786,106.680000,295.706929,762.805556,2.205145,-1.936437,2.934698,138.712188,2.263712,-1.987867,3.012641,-2.701299,1.146926,3.375667,,12.487558,1007.873288,1.229230,8.808683,420000.000000,VFR,barnes,envelope,False
2026-04-30T04:56:49Z,39.458064,-74.579618,106.680000,295.706929,762.980121,2.200639,-1.927024,2.925104,138.792478,2.255701,-1.975240,2.998293,-2.690863,1.146948,3.375732,,12.488370,1007.872838,1.229226,8.811931,420000.000000,VFR,barnes,envelope,False
