time,lat_deg,lon_deg,alt_agl_m,heading_deg,dist_from_start_km,wind_n_ms,wind_e_ms,wind_speed_ms,wind_dir_deg,gust_n_ms,gust_e_ms,gust_speed_ms,headwind_ms,crosswind_ms,delta_beta_deg,delta_alpha_deg,temp_c,pressure_hpa,density_kgm3,visibility_sm,ceiling_ft,flight_category,interp_method,gust_mode,log_profile_applied
2026-04-21T05:00:00Z,36.890886,-76.202990,106.680000,18.545368,0.000000,-3.144349,-1.577326,3.517796,26.640098,-3.154931,-1.582635,3.529635,3.482747,-0.495341,-1.459277,,7.704270,1027.373898,1.274354,10.000000,,VFR,barnes,envelope,False
2026-04-21T05:00:10Z,36.892544,-76.202294,106.680000,18.545368,0.194444,-3.141913,-1.575089,3.514615,26.625311,-3.153035,-1.580665,3.527057,3.479726,-0.493996,-1.455314,,7.703722,1027.374103,1.274356,10.000000,,VFR,barnes,envelope,False
2026-04-21T05:00:20Z,36.894202,-76.201597,106.680000,18.545368,0.388889,-3.139479,-1.572853,3.511437,26.610487,-3.145368,-1.575803,3.518025,3.476706,-0.492649,-1.451350,,7.703174,1027.374308,1.274359,10.000000,,VFR,barnes,envelope,False
2026-04-21T05:00:30Z,36.895860,-76.200900,106.680000,18.545368,0.583333,-3.137046,-1.570616,3.508261,26.595625,-3.143821,-1.574008,3.515837,3.473689,-0.491303,-1.447384,,7.702625,1027.374512,1.274362,10.000000,,VFR,barnes,envelope,False
2026-04-21T05:00:40Z,36.897517,-76.200204,106.680000,18.545368,0.777778,-3.134616,-1.568380,3.505087,26.580727,-3.133925,-1.568035,3.504315,3.470674,-0.489956,-1.443418,,7.702075,1027.374717,1.274365,10.000000,,VFR,barnes,envelope,False
2026-04-21T05:00:50Z,36.899175,-76.199507,106.680000,18.545368,0.972222,-3.132188,-1.566145,3.501915,26.565792,-3.121733,-1.560917,3.490226,3.467661,-0.488609,-1.439451,,7.701525,1027.374922,1.274367,10.000000,,VFR,barnes,envelope,False
2026-04-21T05:01:00Z,36.900833,-76.198810,106.680000,18.545368,1.166667,-3.129762,-1.563909,3.498745,26.550820,-3.124331,-1.561196,3.492675,3.464649,-0.487261,-1.435482,,7.700975,1027.375127,1.274370,10.000000,,VFR,barnes,envelope,False
2026-04-21T05:01:10Z,36.902490,-76.198113,106.680000,18.545368,1.361111,-3.127337,-1.561674,3.495578,26.535810,-3.116884,-1.556454,3.483894,3.461640,-0.485913,-1.431513,,7.700424,1027.375333,1.274373,10.000000,,VFR,barnes,envelope,False
2026-04-21T05:01:20Z,36.904148,-76.197417,106.680000,18.545368,1.555556,-3.124915,-1.559439,3.492412,26.520763,-3.112425,-1.553206,3.478454,3.458633,-0.484565,-1.427542,,7.699873,1027.375538,1.274376,10.000000,,VFR,barnes,envelope,False
2026-04-21T05:01:30Z,36.905806,-76.196720,106.680000,18.545368,1.750000,-3.122494,-1.557205,3.489249,26.505679,-3.116775,-1.554352,3.482858,3.455627,-0.483216,-1.423571,,7.699322,1027.375744,1.274378,10.000000,,VFR,barnes,envelope,False
2026-04-21T05:01:40Z,36.907463,-76.196023,106.680000,18.545368,1.944444,-3.120076,-1.554971,3.486088,26.490558,-3.119093,-1.554481,3.484990,3.452624,-0.481867,-1.419598,,7.698770,1027.375950,1.274381,10.000000,,VFR,barnes,envelope,False
2026-04-21T05:01:50Z,36.909121,-76.195327,106.680000,18.545368,2.138889,-3.117660,-1.552737,3.482929,26.475400,-3.116690,-1.552254,3.481846,3.449622,-0.480518,-1.415625,,7.698218,1027.376156,1.274384,10.000000,,VFR,barnes,envelope,False
2026-04-21T05:02:00Z,36.910779,-76.194630,106.680000,18.545368,2.333333,-3.115245,-1.550503,3.479772,26.460205,-3.121938,-1.553835,3.487248,3.446623,-0.479168,-1.411650,,7.697665,1027.376362,1.274387,10.000000,,VFR,barnes,envelope,False
2026-04-21T05:02:10Z,36.912437,-76.193933,106.680000,18.545368,2.527778,-3.112833,-1.548270,3.476617,26.444972,-3.118945,-1.551310,3.483444,3.443626,-0.477818,-1.407675,,7.697112,1027.376568,1.274389,10.000000,,VFR,barnes,envelope,False
2026-04-21T05:02:20Z,36.914094,-76.193237,106.680000,18.545368,2.722222,-3.110422,-1.546037,3.473465,26.429702,-3.116459,-1.549038,3.480206,3.440630,-0.476468,-1.403699,,7.696559,1027.376774,1.274392,10.000000,,VFR,barnes,envelope,False
2026-04-21T05:02:30Z,36.915752,-76.192540,106.680000,18.545368,2.916667,-3.108014,-1.543805,3.470315,26.414394,-3.116985,-1.548261,3.480331,3.437637,-0.475118,-1.399722,,7.696005,1027.376981,1.274395,10.000000,,VFR,barnes,envelope,False
2026-04-21T05:02:40Z,36.917410,-76.191843,106.680000,18.545368,3.111111,-3.105608,-1.541573,3.467167,26.399050,-3.113085,-1.545284,3.475515,3.434646,-0.473767,-1.395744,,7.695450,1027.377187,1.274398,10.000000,,VFR,barnes,envelope,False
2026-04-21T05:02:50Z,36.919067,-76.191146,106.680000,18.545368,3.305556,-3.103203,-1.539341,3.464021,26.383668,-3.129449,-1.552360,3.493318,3.431656,-0.472416,-1.391765,,7.694896,1027.377394,1.274400,10.000000,,VFR,barnes,envelope,False
2026-04-21T05:03:00Z,36.920725,-76.190450,106.680000,18.545368,3.500000,-3.100801,-1.537110,3.460878,26.368248,-3.122039,-1.547638,3.484582,3.428669,-0.471064,-1.387785,,7.694341,1027.377601,1.274403,10.000000,,VFR,barnes,envelope,False
2026-04-21T05:03:10Z,36.922383,-76.189753,106.680000,18.545368,3.694444,-3.098401,-1.534879,3.457737,26.352791,-3.129063,-1.550068,3.491955,3.425684,-0.469713,-1.383805,,7.693785,1027.377808,1.274406,10.000000,,VFR,barnes,envelope,False
2026-04-21T05:03:20Z,36.924040,-76.189056,106.680000,18.545368,3.888889,-3.096003,-1.532648,3.454598,26.337297,-3.112300,-1.540716,3.472782,3.422701,-0.468361,-1.379823,,7.693230,1027.378015,1.274409,10.000000,,VFR,barnes,envelope,False
2026-04-21T05:03:30Z,36.925698,-76.188360,106.680000,18.545368,4.083333,-3.093607,-1.530418,3.451461,26.321765,-3.096688,-1.531942,3.454898,3.419720,-0.467008,-1.375841,,7.692674,1027.378223,1.274412,10.000000,,VFR,barnes,envelope,False
2026-04-21T05:03:40Z,36.927356,-76.187663,106.680000,18.545368,4.277778,-3.091213,-1.528189,3.448327,26.306196,-3.097748,-1.531419,3.455617,3.416741,-0.465656,-1.371858,,7.692117,1027.378430,1.274414,10.000000,,VFR,barnes,envelope,False
2026-04-21T05:03:50Z,36.929014,-76.186966,106.680000,18.545368,4.472222,-3.088821,-1.525959,3.445195,26.290589,-3.092673,-1.527862,3.449492,3.413765,-0.464303,-1.367874,,7.691560,1027.378638,1.274417,10.000000,,VFR,barnes,envelope,False
2026-04-21T05:04:00Z,36.930671,-76.186269,106.680000,18.545368,4.666667,-3.086431,-1.523730,3.442065,26.274945,-3.090381,-1.525680,3.446470,3.410790,-0.462950,-1.363889,,7.691003,1027.378846,1.274420,10.000000,,VFR,barnes,envelope,False
2026-04-21T05:04:10Z,36.932329,-76.185573,106.680000,18.545368,4.861111,-3.084044,-1.521502,3.438938,26.259264,-3.083757,-1.521361,3.438619,3.407818,-0.461597,-1.359904,,7.690445,1027.379054,1.274423,10.000000,,VFR,barnes,envelope,False
2026-04-21T05:04:20Z,36.933987,-76.184876,106.680000,18.545368,5.055556,-3.081658,-1.519274,3.435813,26.243545,-3.085266,-1.521053,3.439835,3.404848,-0.460243,-1.355918,,7.689887,1027.379262,1.274426,10.000000,,VFR,barnes,envelope,False
2026-04-21T05:04:30Z,36.935644,-76.184179,106.680000,18.545368,5.250000,-3.079275,-1.517046,3.432690,26.227788,-3.082186,-1.518481,3.435936,3.401879,-0.458889,-1.351931,,7.689329,1027.379470,1.274428,10.000000,,VFR,barnes,envelope,False
2026-04-21T05:04:40Z,36.937302,-76.183483,106.680000,18.545368,5.444444,-3.076893,-1.514819,3.429570,26.211994,-3.093101,-1.522798,3.447635,3.398913,-0.457535,-1.347943,,7.688770,1027.379679,1.274431,10.000000,,VFR,barnes,envelope,False
2026-04-21T05:04:50Z,36.938960,-76.182786,106.680000,18.545368,5.638889,-3.074514,-1.512593,3.426452,26.196162,-3.094916,-1.522630,3.449189,3.395950,-0.456181,-1.343955,,7.688211,1027.379887,1.274434,10.000000,,VFR,barnes,envelope,False
2026-04-21T05:05:00Z,36.940617,-76.182089,106.680000,18.545368,5.833333,-3.072137,-1.510367,3.423337,26.180292,-3.088768,-1.518543,3.441869,3.392988,-0.454826,-1.339965,,7.687651,1027.380096,1.274437,10.000000,,VFR,barnes,envelope,False
2026-04-21T05:05:10Z,36.942275,-76.181392,106.680000,18.545368,6.027778,-3.074700,-1.512294,3.426486,26.190306,-3.080484,-1.515139,3.432933,3.396030,-0.455838,-1.342946,,7.687092,1027.380270,1.274439,10.000000,,VFR,barnes,envelope,False
2026-04-21T05:05:20Z,36.943933,-76.180696,106.680000,18.545368,6.222222,-3.077263,-1.514219,3.429636,26.200268,-3.074394,-1.512807,3.426439,3.399072,-0.456848,-1.345920,,7.686532,1027.380444,1.274442,10.000000,,VFR,barnes,envelope,False
2026-04-21T05:05:30Z,36.945591,-76.179999,106.680000,18.545368,6.416667,-3.079827,-1.516142,3.432786,26.210178,-3.074211,-1.513378,3.426527,3.402115,-0.457856,-1.348889,,7.685971,1027.380618,1.274445,10.000000,,VFR,barnes,envelope,False
2026-04-21T05:05:40Z,36.947248,-76.179302,106.680000,18.545368,6.611111,-3.082391,-1.518064,3.435936,26.220037,-3.080785,-1.517273,3.434146,3.405158,-0.458863,-1.351852,,7.685410,1027.380792,1.274448,10.000000,,VFR,barnes,envelope,False
2026-04-21T05:05:50Z,36.948906,-76.178606,106.680000,18.545368,6.805556,-3.084957,-1.519983,3.439085,26.229845,-3.083113,-1.519075,3.437030,3.408200,-0.459867,-1.354809,,7.684849,1027.380967,1.274450,10.000000,,VFR,barnes,envelope,False
2026-04-21T05:06:00Z,36.950564,-76.177909,106.680000,18.545368,7.000000,-3.087523,-1.521901,3.442235,26.239601,-3.079346,-1.517870,3.433118,3.411243,-0.460869,-1.357760,,7.684287,1027.381141,1.274453,10.000000,,VFR,barnes,envelope,False
2026-04-21T05:06:10Z,36.952221,-76.177212,106.680000,18.545368,7.194444,-3.090090,-1.523817,3.445385,26.249305,-3.083372,-1.520504,3.437894,3.414287,-0.461869,-1.360705,,7.683726,1027.381316,1.274456,10.000000,,VFR,barnes,envelope,False
2026-04-21T05:06:20Z,36.953879,-76.176515,106.680000,18.545368,7.388889,-3.092658,-1.525731,3.448534,26.258958,-3.086513,-1.522700,3.441682,3.417330,-0.462867,-1.363644,,7.683163,1027.381491,1.274459,10.000000,,VFR,barnes,envelope,False
2026-04-21T05:06:30Z,36.955537,-76.175819,106.680000,18.545368,7.583333,-3.095226,-1.527643,3.451684,26.268561,-3.087302,-1.523732,3.442847,3.420373,-0.463863,-1.366577,,7.682601,1027.381666,1.274462,10.000000,,VFR,barnes,envelope,False
2026-04-21T05:06:40Z,36.957194,-76.175122,106.680000,18.545368,7.777778,-3.097796,-1.529554,3.454833,26.278112,-3.095830,-1.528583,3.452640,3.423417,-0.464856,-1.369504,,7.682038,1027.381841,1.274464,10.000000,,VFR,barnes,envelope,False
2026-04-21T05:06:50Z,36.958852,-76.174425,106.680000,18.545368,7.972222,-3.100366,-1.531462,3.457983,26.287612,-3.094208,-1.528420,3.451114,3.426460,-0.465848,-1.372425,,7.681475,1027.382017,1.274467,10.000000,,VFR,barnes,envelope,False
2026-04-21T05:07:00Z,36.960510,-76.173729,106.680000,18.545368,8.166667,-3.102937,-1.533369,3.461132,26.297061,-3.093004,-1.528460,3.450053,3.429504,-0.466838,-1.375340,,7.680911,1027.382192,1.274470,10.000000,,VFR,barnes,envelope,False
2026-04-21T05:07:10Z,36.962168,-76.173032,106.680000,18.545368,8.361111,-3.105509,-1.535274,3.464282,26.306459,-3.098460,-1.531789,3.456419,3.432548,-0.467826,-1.378249,,7.680347,1027.382368,1.274473,10.000000,,VFR,barnes,envelope,False
2026-04-21T05:07:20Z,36.963825,-76.172335,106.680000,18.545368,8.555556,-3.108081,-1.537176,3.467431,26.315807,-3.101200,-1.533773,3.459755,3.435592,-0.468812,-1.381152,,7.679783,1027.382544,1.274475,10.000000,,VFR,barnes,envelope,False
2026-04-21T05:07:30Z,36.965483,-76.171638,106.680000,18.545368,8.750000,-3.110654,-1.539077,3.470580,26.325104,-3.106742,-1.537141,3.466215,3.438636,-0.469796,-1.384050,,7.679219,1027.382720,1.274478,10.000000,,VFR,barnes,envelope,False
2026-04-21T05:07:40Z,36.967141,-76.170942,106.680000,18.545368,8.944444,-3.113228,-1.540976,3.473729,26.334351,-3.104566,-1.536689,3.464064,3.441680,-0.470777,-1.386941,,7.678654,1027.382896,1.274481,10.000000,,VFR,barnes,envelope,False
2026-04-21T05:07:50Z,36.968798,-76.170245,106.680000,18.545368,9.138889,-3.115803,-1.542873,3.476878,26.343547,-3.115686,-1.542816,3.476749,3.444725,-0.471757,-1.389826,,7.678089,1027.383072,1.274484,10.000000,,VFR,barnes,envelope,False
2026-04-21T05:08:00Z,36.970456,-76.169548,106.680000,18.545368,9.333333,-3.118378,-1.544768,3.480027,26.352692,-3.117612,-1.544389,3.479173,3.447769,-0.472735,-1.392704,,7.677524,1027.383249,1.274487,10.000000,,VFR,barnes,envelope,False
2026-04-21T05:08:10Z,36.972114,-76.168852,106.680000,18.545368,9.527778,-3.120954,-1.546661,3.483176,26.361787,-3.112180,-1.542313,3.473384,3.450814,-0.473710,-1.395577,,7.676958,1027.383425,1.274489,10.000000,,VFR,barnes,envelope,False
2026-04-21T05:08:20Z,36.973771,-76.168155,106.680000,18.545368,9.722222,-3.123531,-1.548553,3.486325,26.370832,-3.119627,-1.546617,3.481967,3.453858,-0.474684,-1.398444,,7.676392,1027.383602,1.274492,10.000000,,VFR,barnes,envelope,False
2026-04-21T05:08:30Z,36.975429,-76.167458,106.680000,18.545368,9.916667,-3.126108,-1.550442,3.489473,26.379827,-3.121259,-1.548037,3.484061,3.456903,-0.475655,-1.401305,,7.675826,1027.383779,1.274495,10.000000,,VFR,barnes,envelope,False
2026-04-21T05:08:40Z,36.977087,-76.166761,106.680000,18.545368,10.111111,-3.128687,-1.552329,3.492622,26.388772,-3.124979,-1.550490,3.488483,3.459947,-0.476624,-1.404159,,7.675259,1027.383956,1.274498,10.000000,,VFR,barnes,envelope,False
2026-04-21T05:08:50Z,36.978745,-76.166065,106.680000,18.545368,10.305556,-3.131265,-1.554215,3.495770,26.397667,-3.133397,-1.555273,3.498149,3.462992,-0.477592,-1.407008,,7.674692,1027.384133,1.274501,10.000000,,VFR,barnes,envelope,False
2026-04-21T05:09:00Z,36.980402,-76.165368,106.680000,18.545368,10.500000,-3.133845,-1.556098,3.498918,26.406512,-3.130526,-1.554450,3.495212,3.466037,-0.478557,-1.409850,,7.674125,1027.384310,1.274503,10.000000,,VFR,barnes,envelope,False
2026-04-21T05:09:10Z,36.982060,-76.164671,106.680000,18.545368,10.694444,-3.136425,-1.557980,3.502066,26.415307,-3.113903,-1.546792,3.476918,3.469081,-0.479520,-1.412686,,7.673558,1027.384488,1.274506,10.000000,,VFR,barnes,envelope,False
2026-04-21T05:09:20Z,36.983718,-76.163975,106.680000,18.545368,10.888889,-3.139006,-1.559859,3.505214,26.424052,-3.118794,-1.549815,3.482643,3.472126,-0.480481,-1.415516,,7.672990,1027.384666,1.274509,10.000000,,VFR,barnes,envelope,False
2026-04-21T05:09:30Z,36.985375,-76.163278,106.680000,18.545368,11.083333,-3.141588,-1.561737,3.508361,26.432748,-3.117513,-1.549768,3.481475,3.475171,-0.481440,-1.418340,,7.672422,1027.384844,1.274512,10.000000,,VFR,barnes,envelope,False
2026-04-21T05:09:40Z,36.987033,-76.162581,106.680000,18.545368,11.277778,-3.144171,-1.563612,3.511508,26.441394,-3.127233,-1.555189,3.492592,3.478216,-0.482396,-1.421157,,7.671853,1027.385022,1.274514,10.000000,,VFR,barnes,envelope,False
2026-04-21T05:09:50Z,36.988691,-76.161885,106.680000,18.545368,11.472222,-3.146754,-1.565486,3.514656,26.449990,-3.126353,-1.555337,3.491870,3.481261,-0.483351,-1.423968,,7.671285,1027.385200,1.274517,10.000000,,VFR,barnes,envelope,False
2026-04-21T05:10:00Z,36.990349,-76.161188,106.680000,18.545368,11.666667,-3.149337,-1.567357,3.517802,26.458538,-3.136416,-1.560927,3.503370,3.484305,-0.484304,-1.426774,,7.670716,1027.385378,1.274520,10.000000,,VFR,barnes,envelope,False
2026-04-21T05:10:10Z,36.992006,-76.160491,106.680000,18.545368,11.861111,-3.149465,-1.566715,3.517631,26.448250,-3.137985,-1.561004,3.504808,3.484222,-0.483654,-1.424862,,7.670220,1027.385628,1.274523,10.000000,,VFR,barnes,envelope,False
2026-04-21T05:10:20Z,36.993664,-76.159794,106.680000,18.545368,12.055556,-3.149593,-1.566076,3.517460,26.437995,-3.143525,-1.563058,3.510684,3.484140,-0.483007,-1.422956,,7.669723,1027.385877,1.274525,10.000000,,VFR,barnes,envelope,False
2026-04-21T05:10:30Z,36.995322,-76.159098,106.680000,18.545368,12.250000,-3.149720,-1.565438,3.517291,26.427776,-3.154433,-1.567781,3.522554,3.484058,-0.482363,-1.421058,,7.669225,1027.386127,1.274528,10.000000,,VFR,barnes,envelope,False
2026-04-21T05:10:40Z,36.996979,-76.158401,106.680000,18.545368,12.444444,-3.149847,-1.564803,3.517122,26.417591,-3.152396,-1.566070,3.519968,3.483976,-0.481720,-1.419166,,7.668727,1027.386376,1.274530,10.000000,,VFR,barnes,envelope,False
2026-04-21T05:10:50Z,36.998637,-76.157704,106.680000,18.545368,12.638889,-3.149974,-1.564171,3.516954,26.407440,-3.160919,-1.569605,3.529174,3.483896,-0.481080,-1.417281,,7.668227,1027.386626,1.274533,10.000000,,VFR,barnes,envelope,False
2026-04-21T05:11:00Z,37.000295,-76.157008,106.680000,18.545368,12.833333,-3.150101,-1.563540,3.516788,26.397325,-3.164615,-1.570745,3.532992,3.483816,-0.480442,-1.415402,,7.667727,1027.386875,1.274536,10.000000,,VFR,barnes,envelope,False
2026-04-21T05:11:10Z,37.001952,-76.156311,106.680000,18.545368,13.027778,-3.150228,-1.562913,3.516622,26.387245,-3.165874,-1.570675,3.534088,3.483736,-0.479807,-1.413531,,7.667226,1027.387124,1.274538,10.000000,,VFR,barnes,envelope,False
2026-04-21T05:11:20Z,37.003610,-76.155614,106.680000,18.545368,13.222222,-3.150354,-1.562287,3.516457,26.377201,-3.166143,-1.570117,3.534081,3.483657,-0.479174,-1.411666,,7.666725,1027.387373,1.274541,10.000000,,VFR,barnes,envelope,False
2026-04-21T05:11:30Z,37.005268,-76.154917,106.680000,18.545368,13.416667,-3.150480,-1.561664,3.516294,26.367192,-3.162654,-1.567699,3.529881,3.483578,-0.478543,-1.409809,,7.666222,1027.387622,1.274543,10.000000,,VFR,barnes,envelope,False
2026-04-21T05:11:40Z,37.006926,-76.154221,106.680000,18.545368,13.611111,-3.150606,-1.561043,3.516131,26.357219,-3.164306,-1.567831,3.531420,3.483500,-0.477914,-1.407958,,7.665719,1027.387870,1.274546,10.000000,,VFR,barnes,envelope,False
2026-04-21T05:11:50Z,37.008583,-76.153524,106.680000,18.545368,13.805556,-3.150732,-1.560425,3.515969,26.347283,-3.161536,-1.565776,3.528025,3.483423,-0.477288,-1.406114,,7.665215,1027.388119,1.274548,10.000000,,VFR,barnes,envelope,False
2026-04-21T05:12:00Z,37.010241,-76.152827,106.680000,18.545368,14.000000,-3.150857,-1.559809,3.515808,26.337383,-3.152955,-1.560848,3.518149,3.483346,-0.476664,-1.404277,,7.664711,1027.388368,1.274551,10.000000,,VFR,barnes,envelope,False
2026-04-21T05:12:10Z,37.011899,-76.152131,106.680000,18.545368,14.194444,-3.150982,-1.559196,3.515648,26.327520,-3.162318,-1.564805,3.528296,3.483269,-0.476043,-1.402448,,7.664205,1027.388616,1.274554,10.000000,,VFR,barnes,envelope,False
2026-04-21T05:12:20Z,37.013556,-76.151434,106.680000,18.545368,14.388889,-3.151107,-1.558585,3.515489,26.317694,-3.164747,-1.565332,3.530707,3.483193,-0.475424,-1.400625,,7.663699,1027.388864,1.274556,10.000000,,VFR,barnes,envelope,False
2026-04-21T05:12:30Z,37.015214,-76.150737,106.680000,18.545368,14.583333,-3.151232,-1.557977,3.515331,26.307905,-3.162490,-1.563543,3.527890,3.483118,-0.474808,-1.398810,,7.663192,1027.389113,1.274559,10.000000,,VFR,barnes,envelope,False
2026-04-21T05:12:40Z,37.016872,-76.150040,106.680000,18.545368,14.777778,-3.151356,-1.557371,3.515174,26.298154,-3.158119,-1.560713,3.522717,3.483043,-0.474194,-1.397002,,7.662685,1027.389361,1.274561,10.000000,,VFR,barnes,envelope,False
2026-04-21T05:12:50Z,37.018529,-76.149344,106.680000,18.545368,14.972222,-3.151479,-1.556767,3.515017,26.288440,-3.162918,-1.562418,3.527776,3.482968,-0.473582,-1.395200,,7.662177,1027.389609,1.274564,10.000000,,VFR,barnes,envelope,False
2026-04-21T05:13:00Z,37.020187,-76.148647,106.680000,18.545368,15.166667,-3.151603,-1.556166,3.514862,26.278764,-3.157361,-1.559009,3.521283,3.482894,-0.472973,-1.393407,,7.661668,1027.389857,1.274567,10.000000,,VFR,barnes,envelope,False
2026-04-21T05:13:10Z,37.021845,-76.147950,106.680000,18.545368,15.361111,-3.151726,-1.555567,3.514707,26.269127,-3.163093,-1.561178,3.527383,3.482820,-0.472366,-1.391620,,7.661158,1027.390105,1.274569,10.000000,,VFR,barnes,envelope,False
2026-04-21T05:13:20Z,37.023503,-76.147254,106.680000,18.545368,15.555556,-3.151848,-1.554971,3.514553,26.259528,-3.163043,-1.560494,3.527037,3.482747,-0.471762,-1.389841,,7.660648,1027.390353,1.274572,10.000000,,VFR,barnes,envelope,False
2026-04-21T05:13:30Z,37.025160,-76.146557,106.680000,18.545368,15.750000,-3.151970,-1.554378,3.514400,26.249968,-3.166827,-1.561704,3.530965,3.482674,-0.471161,-1.388069,,7.660136,1027.390601,1.274575,10.000000,,VFR,barnes,envelope,False
2026-04-21T05:13:40Z,37.026818,-76.145860,106.680000,18.545368,15.944444,-3.152092,-1.553786,3.514248,26.240446,-3.159357,-1.557368,3.522347,3.482601,-0.470561,-1.386305,,7.659625,1027.390848,1.274577,10.000000,,VFR,barnes,envelope,False
2026-04-21T05:13:50Z,37.028476,-76.145163,106.680000,18.545368,16.138889,-3.152213,-1.553198,3.514096,26.230964,-3.154132,-1.554143,3.516235,3.482529,-0.469965,-1.384548,,7.659112,1027.391096,1.274580,10.000000,,VFR,barnes,envelope,False
2026-04-21T05:14:00Z,37.030133,-76.144467,106.680000,18.545368,16.333333,-3.152334,-1.552612,3.513946,26.221521,-3.156086,-1.554459,3.518128,3.482457,-0.469371,-1.382798,,7.658599,1027.391343,1.274582,10.000000,,VFR,barnes,envelope,False
2026-04-21T05:14:10Z,37.031791,-76.143770,106.680000,18.545368,16.527778,-3.152455,-1.552028,3.513796,26.212118,-3.158507,-1.555008,3.520542,3.482385,-0.468779,-1.381056,,7.658086,1027.391591,1.274585,10.000000,,VFR,barnes,envelope,False
2026-04-21T05:14:20Z,37.032777,-76.143865,106.680000,248.039891,16.722222,-3.151687,-1.551395,3.512827,26.208378,-3.157559,-1.554285,3.519373,-2.617440,-2.342853,-6.870426,,7.656992,1027.391919,1.274591,10.000000,,VFR,barnes,envelope,False
2026-04-21T05:14:30Z,37.032120,-76.145894,106.680000,248.039891,16.916667,-3.148750,-1.550631,3.509855,26.218371,-3.153503,-1.552972,3.515154,-2.615634,-2.340415,-6.863343,,7.654478,1027.392444,1.274603,10.000000,,VFR,barnes,envelope,False
2026-04-21T05:14:40Z,37.031463,-76.147923,106.680000,248.039891,17.111111,-3.145811,-1.549864,3.506880,26.228337,-3.146655,-1.550280,3.507820,-2.613823,-2.337976,-6.856260,,7.651960,1027.392970,1.274615,10.000000,,VFR,barnes,envelope,False
2026-04-21T05:14:50Z,37.030807,-76.149952,106.680000,248.039891,17.305556,-3.142872,-1.549093,3.503903,26.238276,-3.151626,-1.553408,3.513662,-2.612010,-2.335539,-6.849179,,7.649437,1027.393498,1.274627,10.000000,,VFR,barnes,envelope,False
2026-04-21T05:15:00Z,37.030150,-76.151981,106.680000,248.039891,17.500000,-3.139932,-1.548319,3.500923,26.248186,-3.151368,-1.553959,3.513674,-2.610192,-2.333101,-6.842099,,7.646908,1027.394027,1.274639,10.000000,,VFR,barnes,envelope,False
2026-04-21T05:15:10Z,37.029494,-76.154010,106.680000,248.039891,17.694444,-3.135727,-1.546717,3.496443,26.255110,-3.155534,-1.556487,3.518529,-2.607133,-2.329800,-6.832511,,7.642897,1027.394461,1.274658,10.000000,,VFR,barnes,envelope,False
2026-04-21T05:15:20Z,37.028837,-76.156039,106.680000,248.039891,17.888889,-3.131518,-1.545112,3.491959,26.262037,-3.157426,-1.557895,3.520849,-2.604071,-2.326497,-6.822915,,7.638876,1027.394895,1.274676,10.000000,,VFR,barnes,envelope,False
2026-04-21T05:15:30Z,37.028181,-76.158067,106.680000,248.039891,18.083333,-3.127305,-1.543504,3.487469,26.268968,-3.155808,-1.557571,3.519254,-2.601004,-2.323192,-6.813313,,7.634848,1027.395330,1.274695,10.000000,,VFR,barnes,envelope,False
2026-04-21T05:15:40Z,37.027524,-76.160096,106.680000,248.039891,18.277778,-3.123089,-1.541893,3.482976,26.275902,-3.147241,-1.553817,3.509910,-2.597933,-2.319884,-6.803703,,7.630811,1027.395766,1.274714,10.000000,,VFR,barnes,envelope,False
2026-04-21T05:15:50Z,37.026867,-76.162125,106.680000,248.039891,18.472222,-3.118870,-1.540279,3.478478,26.282839,-3.141812,-1.551610,3.504066,-2.594859,-2.316574,-6.794086,,7.626765,1027.396202,1.274733,10.000000,,VFR,barnes,envelope,False
2026-04-21T05:16:00Z,37.026211,-76.164154,106.680000,248.039891,18.666667,-3.114646,-1.538663,3.473975,26.289779,-3.132898,-1.547679,3.494333,-2.591780,-2.313261,-6.784461,,7.622710,1027.396639,1.274752,10.000000,,VFR,barnes,envelope,False
2026-04-21T05:16:10Z,37.025554,-76.166183,106.680000,248.039891,18.861111,-3.110419,-1.537043,3.469468,26.296723,-3.142276,-1.552786,3.505003,-2.588698,-2.309947,-6.774830,,7.618647,1027.397077,1.274771,10.000000,,VFR,barnes,envelope,False
2026-04-21T05:16:20Z,37.024898,-76.168212,106.680000,248.039891,19.055556,-3.106188,-1.535421,3.464957,26.303670,-3.117985,-1.541252,3.478115,-2.585611,-2.306629,-6.765191,,7.614576,1027.397515,1.274790,10.000000,,VFR,barnes,envelope,False
2026-04-21T05:16:30Z,37.024241,-76.170241,106.680000,248.039891,19.250000,-3.101954,-1.533796,3.460441,26.310620,-3.113321,-1.539417,3.473122,-2.582521,-2.303310,-6.755545,,7.610496,1027.397953,1.274809,10.000000,,VFR,barnes,envelope,False
2026-04-21T05:16:40Z,37.023585,-76.172270,106.680000,248.039891,19.444444,-3.097716,-1.532169,3.455920,26.317574,-3.114126,-1.540286,3.474228,-2.579426,-2.299988,-6.745891,,7.606407,1027.398393,1.274828,10.000000,,VFR,barnes,envelope,False
2026-04-21T05:16:50Z,37.022928,-76.174299,106.680000,248.039891,19.638889,-3.093474,-1.530538,3.451395,26.324530,-3.108361,-1.537904,3.468005,-2.576328,-2.296663,-6.736231,,7.602309,1027.398832,1.274847,10.000000,,VFR,barnes,envelope,False
2026-04-21T05:17:00Z,37.022271,-76.176328,106.680000,248.039891,19.833333,-3.089228,-1.528905,3.446865,26.331491,-3.102669,-1.535557,3.461863,-2.573225,-2.293337,-6.726563,,7.598203,1027.399273,1.274867,10.000000,,VFR,barnes,envelope,False
2026-04-21T05:17:10Z,37.021615,-76.178357,106.680000,248.039891,20.027778,-3.084979,-1.527269,3.442331,26.338454,-3.104240,-1.536804,3.463824,-2.570119,-2.290008,-6.716888,,7.594089,1027.399713,1.274886,10.000000,,VFR,barnes,envelope,False
2026-04-21T05:17:20Z,37.020958,-76.180386,106.680000,248.039891,20.222222,-3.080726,-1.525630,3.437793,26.345421,-3.106236,-1.538262,3.466259,-2.567008,-2.286676,-6.707206,,7.589965,1027.400155,1.274905,10.000000,,VFR,barnes,envelope,False
2026-04-21T05:17:30Z,37.020302,-76.182415,106.680000,248.039891,20.416667,-3.076470,-1.523988,3.433250,26.352391,-3.097834,-1.534571,3.457092,-2.563894,-2.283343,-6.697516,,7.585833,1027.400597,1.274924,10.000000,,VFR,barnes,envelope,False
2026-04-21T05:17:40Z,37.019645,-76.184443,106.680000,248.039891,20.611111,-3.072209,-1.522343,3.428702,26.359364,-3.104937,-1.538560,3.465227,-2.560775,-2.280007,-6.687819,,7.581692,1027.401039,1.274944,10.000000,,VFR,barnes,envelope,False
2026-04-21T05:17:50Z,37.018988,-76.186472,106.680000,248.039891,20.805556,-3.067945,-1.520696,3.424150,26.366341,-3.097233,-1.535213,3.456839,-2.557652,-2.276668,-6.678115,,7.577543,1027.401482,1.274963,10.000000,,VFR,barnes,envelope,False
2026-04-21T05:18:00Z,37.018332,-76.188501,106.680000,248.039891,21.000000,-3.063678,-1.519045,3.419594,26.373321,-3.090820,-1.532503,3.449889,-2.554526,-2.273327,-6.668404,,7.573384,1027.401926,1.274983,10.000000,,VFR,barnes,envelope,False
2026-04-21T05:18:10Z,37.017675,-76.190530,106.680000,248.039891,21.194444,-3.059406,-1.517392,3.415032,26.380304,-3.086349,-1.530755,3.445106,-2.551395,-2.269984,-6.658686,,7.569217,1027.402370,1.275002,10.000000,,VFR,barnes,envelope,False
2026-04-21T05:18:20Z,37.017019,-76.192559,106.680000,248.039891,21.388889,-3.055132,-1.515736,3.410467,26.387291,-3.080689,-1.528415,3.438996,-2.548261,-2.266639,-6.648960,,7.565041,1027.402815,1.275022,10.000000,,VFR,barnes,envelope,False
2026-04-21T05:18:30Z,37.016362,-76.194588,106.680000,248.039891,21.583333,-3.050853,-1.514077,3.405897,26.394281,-3.084130,-1.530592,3.443046,-2.545122,-2.263291,-6.639227,,7.560857,1027.403260,1.275041,10.000000,,VFR,barnes,envelope,False
2026-04-21T05:18:40Z,37.015706,-76.196617,106.680000,248.039891,21.777778,-3.046570,-1.512415,3.401322,26.401274,-3.071847,-1.524963,3.429542,-2.541979,-2.259941,-6.629487,,7.556663,1027.403705,1.275061,10.000000,,VFR,barnes,envelope,False
2026-04-21T05:18:50Z,37.015049,-76.198646,106.680000,248.039891,21.972222,-3.042284,-1.510751,3.396743,26.408271,-3.068010,-1.523525,3.425466,-2.538833,-2.256588,-6.619740,,7.552461,1027.404152,1.275080,10.000000,,VFR,barnes,envelope,False
2026-04-21T05:19:00Z,37.014392,-76.200675,106.680000,248.039891,22.166667,-3.037995,-1.509083,3.392159,26.415271,-3.067599,-1.523789,3.425215,-2.535682,-2.253233,-6.609985,,7.548250,1027.404598,1.275100,10.000000,,VFR,barnes,envelope,False
2026-04-21T05:19:10Z,37.013736,-76.202704,106.680000,248.039891,22.361111,-3.033701,-1.507413,3.387571,26.422274,-3.074046,-1.527460,3.432622,-2.532527,-2.249876,-6.600224,,7.544030,1027.405046,1.275120,10.000000,,VFR,barnes,envelope,False
2026-04-21T05:19:20Z,37.013079,-76.204733,106.680000,248.039891,22.555556,-3.029404,-1.505739,3.382978,26.429281,-3.071669,-1.526747,3.430176,-2.529369,-2.246516,-6.590455,,7.539801,1027.405494,1.275140,10.000000,,VFR,barnes,envelope,False
2026-04-21T05:19:30Z,37.012423,-76.206762,106.680000,248.039891,22.750000,-3.025103,-1.504063,3.378381,26.436291,-3.065230,-1.524014,3.423193,-2.526206,-2.243154,-6.580678,,7.535564,1027.405942,1.275159,10.000000,,VFR,barnes,envelope,False
2026-04-21T05:19:40Z,37.011766,-76.208791,106.680000,248.039891,22.944444,-3.020799,-1.502384,3.373779,26.443304,-3.049876,-1.516846,3.406253,-2.523039,-2.239790,-6.570895,,7.531317,1027.406391,1.275179,10.000000,,VFR,barnes,envelope,False
2026-04-21T05:19:50Z,37.011110,-76.210820,106.680000,248.039891,23.138889,-3.016491,-1.500703,3.369173,26.450321,-3.037742,-1.511275,3.392909,-2.519868,-2.236423,-6.561104,,7.527062,1027.406840,1.275199,10.000000,,VFR,barnes,envelope,False
2026-04-21T05:20:00Z,37.010453,-76.212848,106.680000,248.039891,23.333333,-3.012179,-1.499018,3.364562,26.457341,-3.028554,-1.507167,3.382852,-2.516693,-2.233054,-6.551307,,7.522798,1027.407290,1.275219,10.000000,,VFR,barnes,envelope,False
2026-04-21T05:20:10Z,37.009796,-76.214877,106.680000,248.039891,23.527778,-3.008931,-1.498305,3.361336,26.471132,-3.030761,-1.509175,3.385723,-2.514817,-2.230309,-6.543321,,7.518461,1027.406834,1.275238,10.000000,,VFR,barnes,envelope,False
2026-04-21T05:20:20Z,37.009140,-76.216906,106.680000,248.039891,23.722222,-3.005681,-1.497591,3.358110,26.484945,-3.030698,-1.510056,3.386060,-2.512940,-2.227562,-6.535332,,7.514115,1027.406376,1.275257,10.000000,,VFR,barnes,envelope,False
2026-04-21T05:20:30Z,37.008483,-76.218935,106.680000,248.039891,23.916667,-3.002430,-1.496877,3.354881,26.498781,-3.014314,-1.502801,3.368160,-2.511062,-2.224814,-6.527339,,7.509760,1027.405917,1.275277,10.000000,,VFR,barnes,envelope,False
2026-04-21T05:20:40Z,37.007827,-76.220964,106.680000,248.039891,24.111111,-2.999177,-1.496161,3.351651,26.512640,-3.013324,-1.503218,3.367460,-2.509181,-2.222065,-6.519343,,7.505397,1027.405455,1.275296,10.000000,,VFR,barnes,envelope,False
2026-04-21T05:20:50Z,37.007170,-76.222993,106.680000,248.039891,24.305556,-2.995923,-1.495444,3.348419,26.526523,-3.004689,-1.499820,3.358216,-2.507300,-2.219315,-6.511344,,7.501025,1027.404992,1.275315,10.000000,,VFR,barnes,envelope,False
2026-04-21T05:21:00Z,37.006514,-76.225022,106.680000,248.039891,24.500000,-2.992667,-1.494726,3.345185,26.540428,-2.999184,-1.497981,3.352469,-2.505417,-2.216563,-6.503342,,7.496644,1027.404527,1.275334,10.000000,,VFR,barnes,envelope,False
2026-04-21T05:21:10Z,37.005857,-76.227051,106.680000,248.039891,24.694444,-2.989410,-1.494008,3.341950,26.554356,-2.992000,-1.495302,3.344845,-2.503532,-2.213811,-6.495336,,7.492254,1027.404061,1.275354,10.000000,,VFR,barnes,envelope,False
2026-04-21T05:21:20Z,37.005200,-76.229080,106.680000,248.039891,24.888889,-2.986151,-1.493288,3.338713,26.568308,-2.988784,-1.494604,3.341657,-2.501645,-2.211058,-6.487327,,7.487855,1027.403592,1.275373,10.000000,,VFR,barnes,envelope,False
2026-04-21T05:21:30Z,37.004544,-76.231109,106.680000,248.039891,25.083333,-2.982891,-1.492567,3.335475,26.582282,-2.984874,-1.493559,3.337692,-2.499758,-2.208304,-6.479314,,7.483448,1027.403122,1.275393,10.000000,,VFR,barnes,envelope,False
2026-04-21T05:21:40Z,37.003887,-76.233138,106.680000,248.039891,25.277778,-2.979629,-1.491845,3.332235,26.596280,-2.985538,-1.494804,3.338843,-2.497868,-2.205548,-6.471298,,7.479031,1027.402650,1.275412,10.000000,,VFR,barnes,envelope,False
2026-04-21T05:21:50Z,37.003231,-76.235167,106.680000,248.039891,25.472222,-2.976365,-1.491122,3.328993,26.610301,-2.978071,-1.491977,3.330901,-2.495977,-2.202792,-6.463279,,7.474606,1027.402176,1.275432,10.000000,,VFR,barnes,envelope,False
2026-04-21T05:22:00Z,37.002574,-76.237196,106.680000,248.039891,25.666667,-2.973100,-1.490398,3.325749,26.624345,-2.981263,-1.494490,3.334880,-2.494084,-2.200034,-6.455256,,7.470172,1027.401700,1.275451,10.000000,,VFR,barnes,envelope,False
2026-04-21T05:22:10Z,37.001917,-76.239225,106.680000,248.039891,25.861111,-2.969833,-1.489673,3.322504,26.638412,-2.972825,-1.491174,3.325852,-2.492190,-2.197276,-6.447230,,7.465729,1027.401223,1.275471,10.000000,,VFR,barnes,envelope,False
2026-04-21T05:22:20Z,37.001261,-76.241253,106.680000,248.039891,26.055556,-2.966564,-1.488946,3.319257,26.652502,-2.966537,-1.488932,3.319226,-2.490294,-2.194516,-6.439201,,7.461277,1027.400743,1.275490,10.000000,,VFR,barnes,envelope,False
2026-04-21T05:22:30Z,37.000604,-76.243282,106.680000,248.039891,26.250000,-2.963294,-1.488219,3.316008,26.666615,-2.968261,-1.490713,3.321565,-2.488397,-2.191755,-6.431168,,7.456816,1027.400262,1.275510,10.000000,,VFR,barnes,envelope,False
2026-04-21T05:22:40Z,36.999948,-76.245311,106.680000,248.039891,26.444444,-2.960023,-1.487491,3.312758,26.680752,-2.974779,-1.494906,3.329272,-2.486498,-2.188993,-6.423132,,7.452346,1027.399779,1.275530,10.000000,,VFR,barnes,envelope,False
2026-04-21T05:22:50Z,36.999291,-76.247340,106.680000,248.039891,26.638889,-2.956750,-1.486761,3.309505,26.694912,-2.975447,-1.496163,3.330433,-2.484597,-2.186230,-6.415092,,7.447868,1027.399294,1.275550,10.000000,,VFR,barnes,envelope,False
2026-04-21T05:23:00Z,36.998635,-76.249369,106.680000,248.039891,26.833333,-2.953475,-1.486030,3.306252,26.709095,-2.968206,-1.493442,3.322742,-2.482695,-2.183466,-6.407049,,7.443380,1027.398808,1.275569,10.000000,,VFR,barnes,envelope,False
2026-04-21T05:23:10Z,36.997978,-76.251398,106.680000,248.039891,27.027778,-2.950198,-1.485299,3.302996,26.723301,-2.958320,-1.489388,3.312089,-2.480791,-2.180701,-6.399003,,7.438883,1027.398319,1.275589,10.000000,,VFR,barnes,envelope,False
2026-04-21T05:23:20Z,36.997321,-76.253427,106.680000,248.039891,27.222222,-2.946920,-1.484566,3.299739,26.737530,-2.962334,-1.492331,3.316998,-2.478886,-2.177935,-6.390953,,7.434378,1027.397829,1.275609,10.000000,,VFR,barnes,envelope,False
2026-04-21T05:23:30Z,36.996665,-76.255456,106.680000,248.039891,27.416667,-2.943641,-1.483832,3.296480,26.751783,-2.965852,-1.495028,3.321353,-2.476978,-2.175168,-6.382900,,7.429863,1027.397337,1.275629,10.000000,,VFR,barnes,envelope,False
2026-04-21T05:23:40Z,36.996008,-76.257485,106.680000,248.039891,27.611111,-2.940359,-1.483097,3.293219,26.766059,-2.953186,-1.489567,3.307585,-2.475069,-2.172400,-6.374844,,7.425339,1027.396843,1.275649,10.000000,,VFR,barnes,envelope,False
2026-04-21T05:23:50Z,36.995352,-76.259514,106.680000,248.039891,27.805556,-2.937076,-1.482360,3.289956,26.780358,-2.948951,-1.488354,3.303257,-2.473159,-2.169630,-6.366784,,7.420807,1027.396348,1.275669,10.000000,,VFR,barnes,envelope,False
2026-04-21T05:24:00Z,36.994695,-76.261543,106.680000,248.039891,28.000000,-2.933792,-1.481623,3.286692,26.794680,-2.943336,-1.486443,3.297384,-2.471247,-2.166860,-6.358721,,7.416265,1027.395850,1.275689,10.000000,,VFR,barnes,envelope,False
2026-04-21T05:24:10Z,36.994039,-76.263572,106.680000,248.039891,28.194444,-2.930506,-1.480885,3.283426,26.809026,-2.946026,-1.488727,3.300815,-2.469333,-2.164088,-6.350654,,7.411715,1027.395351,1.275709,10.000000,,VFR,barnes,envelope,False
2026-04-21T05:24:20Z,36.993382,-76.265601,106.680000,248.039891,28.388889,-2.927218,-1.480145,3.280158,26.823395,-2.948615,-1.490964,3.304135,-2.467417,-2.161316,-6.342584,,7.407155,1027.394850,1.275729,10.000000,,VFR,barnes,envelope,False
2026-04-21T05:24:30Z,36.992725,-76.267630,106.680000,248.039891,28.583333,-2.923929,-1.479404,3.276888,26.837788,-2.941336,-1.488211,3.296396,-2.465500,-2.158542,-6.334511,,7.402586,1027.394347,1.275749,10.000000,,VFR,barnes,envelope,False
2026-04-21T05:24:40Z,36.992069,-76.269658,106.680000,248.039891,28.777778,-2.920638,-1.478662,3.273617,26.852203,-2.937893,-1.487398,3.292958,-2.463581,-2.155767,-6.326434,,7.398008,1027.393842,1.275770,10.000000,,VFR,barnes,envelope,False
2026-04-21T05:24:50Z,36.991412,-76.271687,106.680000,248.039891,28.972222,-2.917345,-1.477919,3.270343,26.866642,-2.929965,-1.484312,3.284490,-2.461661,-2.152992,-6.318354,,7.393421,1027.393335,1.275790,10.000000,,VFR,barnes,envelope,False
2026-04-21T05:25:00Z,36.990756,-76.273716,106.680000,248.039891,29.166667,-2.914051,-1.477174,3.267068,26.881105,-2.920954,-1.480673,3.274808,-2.459738,-2.150215,-6.310271,,6.620689,1027.392827,1.279313,10.000000,,VFR,barnes,envelope,False
2026-04-21T05:25:10Z,36.990099,-76.275745,106.680000,248.039891,29.361111,-2.909842,-1.474503,3.262107,26.872680,-2.915169,-1.477202,3.268078,-2.455687,-2.147310,-6.301815,,6.616700,1027.394013,1.279333,10.000000,,VFR,barnes,envelope,False
2026-04-21T05:25:20Z,36.989443,-76.277774,106.680000,248.039891,29.555556,-2.905631,-1.471827,3.257141,26.864180,-2.916924,-1.477548,3.269801,-2.451631,-2.144405,-6.293358,,6.612704,1027.395203,1.279352,10.000000,,VFR,barnes,envelope,False
2026-04-21T05:25:30Z,36.988786,-76.279803,106.680000,248.039891,29.750000,-2.901417,-1.469147,3.252171,26.855605,-2.912382,-1.474699,3.264461,-2.447569,-2.141499,-6.284898,,6.608700,1027.396396,1.279372,10.000000,,VFR,barnes,envelope,False
2026-04-21T05:25:40Z,36.988129,-76.281832,106.680000,248.039891,29.944444,-2.897201,-1.466463,3.247196,26.846953,-2.905544,-1.470686,3.256548,-2.443503,-2.138593,-6.276437,,6.604689,1027.397591,1.279392,10.000000,,VFR,barnes,envelope,False
2026-04-21T05:25:50Z,36.987473,-76.283861,106.680000,248.039891,30.138889,-2.892982,-1.463774,3.242218,26.838226,-2.889492,-1.462008,3.238307,-2.439431,-2.135686,-6.267973,,6.600670,1027.398790,1.279412,10.000000,,VFR,barnes,envelope,False
2026-04-21T05:26:00Z,36.986816,-76.285890,106.680000,248.039891,30.333333,-2.888761,-1.461080,3.237236,26.829422,-2.885468,-1.459415,3.233546,-2.435355,-2.132778,-6.259507,,6.596644,1027.399991,1.279432,10.000000,,VFR,barnes,envelope,False
2026-04-21T05:26:10Z,36.986160,-76.287919,106.680000,248.039891,30.527778,-2.884537,-1.458383,3.232249,26.820540,-2.874370,-1.453242,3.220856,-2.431273,-2.129870,-6.251038,,6.592611,1027.401195,1.279452,10.000000,,VFR,barnes,envelope,False
2026-04-21T05:26:20Z,36.985503,-76.289948,106.680000,248.039891,30.722222,-2.880311,-1.455680,3.227258,26.811582,-2.873771,-1.452375,3.219930,-2.427187,-2.126960,-6.242567,,6.588570,1027.402402,1.279472,10.000000,,VFR,barnes,envelope,False
2026-04-21T05:26:30Z,36.984846,-76.291977,106.680000,248.039891,30.916667,-2.876082,-1.452974,3.222263,26.802546,-2.872751,-1.451291,3.218532,-2.423095,-2.124051,-6.234094,,6.584522,1027.403611,1.279492,10.000000,,VFR,barnes,envelope,False
2026-04-21T05:26:40Z,36.984190,-76.294006,106.680000,248.039891,31.111111,-2.871851,-1.450263,3.217264,26.793432,-2.868811,-1.448728,3.213859,-2.418998,-2.121140,-6.225619,,6.580466,1027.404824,1.279512,10.000000,,VFR,barnes,envelope,False
2026-04-21T05:26:50Z,36.983533,-76.296035,106.680000,248.039891,31.305556,-2.867617,-1.447548,3.212261,26.784240,-2.856636,-1.442004,3.199960,-2.414897,-2.118229,-6.217142,,6.576402,1027.406039,1.279532,10.000000,,VFR,barnes,envelope,False
2026-04-21T05:27:00Z,36.982877,-76.298063,106.680000,248.039891,31.500000,-2.863380,-1.444828,3.207254,26.774969,-2.862532,-1.444400,3.206303,-2.410790,-2.115317,-6.208662,,6.572332,1027.407257,1.279552,10.000000,,VFR,barnes,envelope,False
2026-04-21T05:27:10Z,36.982220,-76.300092,106.680000,248.039891,31.694444,-2.859142,-1.442104,3.202242,26.765620,-2.855827,-1.440432,3.198529,-2.406678,-2.112405,-6.200180,,6.568253,1027.408478,1.279572,10.000000,,VFR,barnes,envelope,False
2026-04-21T05:27:20Z,36.981564,-76.302121,106.680000,248.039891,31.888889,-2.854900,-1.439375,3.197226,26.756191,-2.858738,-1.441310,3.201525,-2.402562,-2.109491,-6.191696,,6.564167,1027.409702,1.279592,10.000000,,VFR,barnes,envelope,False
2026-04-21T05:27:30Z,36.980907,-76.304150,106.680000,248.039891,32.083333,-2.850657,-1.436642,3.192207,26.746683,-2.854019,-1.438337,3.195972,-2.398440,-2.106577,-6.183210,,6.560074,1027.410929,1.279613,10.000000,,VFR,barnes,envelope,False
2026-04-21T05:27:40Z,36.980250,-76.306179,106.680000,248.039891,32.277778,-2.846410,-1.433905,3.187183,26.737094,-2.857517,-1.439500,3.199619,-2.394313,-2.103663,-6.174721,,6.555973,1027.412158,1.279633,10.000000,,VFR,barnes,envelope,False
2026-04-21T05:27:50Z,36.979594,-76.308208,106.680000,248.039891,32.472222,-2.842161,-1.431163,3.182155,26.727425,-2.850976,-1.435602,3.192024,-2.390182,-2.100748,-6.166230,,6.551864,1027.413390,1.279653,10.000000,,VFR,barnes,envelope,False
2026-04-21T05:28:00Z,36.978937,-76.310237,106.680000,248.039891,32.666667,-2.837910,-1.428417,3.177123,26.717676,-2.851810,-1.435413,3.192684,-2.386045,-2.097832,-6.157737,,6.547748,1027.414625,1.279674,10.000000,,VFR,barnes,envelope,False
2026-04-21T05:28:10Z,36.978281,-76.312266,106.680000,248.039891,32.861111,-2.833656,-1.425667,3.172087,26.707846,-2.838226,-1.427966,3.177202,-2.381904,-2.094915,-6.149241,,6.543624,1027.415863,1.279694,10.000000,,VFR,barnes,envelope,False
2026-04-21T05:28:20Z,36.977624,-76.314295,106.680000,248.039891,33.055556,-2.829400,-1.422912,3.167046,26.697934,-2.832239,-1.424340,3.170224,-2.377757,-2.091998,-6.140743,,6.539493,1027.417103,1.279714,10.000000,,VFR,barnes,envelope,False
2026-04-21T05:28:30Z,36.976968,-76.316324,106.680000,248.039891,33.250000,-2.825141,-1.420153,3.162002,26.687941,-2.840785,-1.428017,3.179512,-2.373605,-2.089079,-6.132243,,6.535354,1027.418347,1.279735,10.000000,,VFR,barnes,envelope,False
2026-04-21T05:28:40Z,36.976311,-76.318353,106.680000,248.039891,33.444444,-2.820880,-1.417389,3.156953,26.677865,-2.823414,-1.418663,3.159790,-2.369449,-2.086161,-6.123740,,6.531207,1027.419593,1.279756,10.000000,,VFR,barnes,envelope,False
2026-04-21T05:28:50Z,36.975654,-76.320382,106.680000,248.039891,33.638889,-2.816616,-1.414622,3.151901,26.667708,-2.818033,-1.415333,3.153486,-2.365287,-2.083241,-6.115235,,6.527053,1027.420842,1.279776,10.000000,,VFR,barnes,envelope,False
2026-04-21T05:29:00Z,36.974998,-76.322411,106.680000,248.039891,33.833333,-2.812349,-1.411849,3.146844,26.657467,-2.816378,-1.413872,3.151352,-2.361121,-2.080321,-6.106728,,6.522891,1027.422094,1.279797,10.000000,,VFR,barnes,envelope,False
2026-04-21T05:29:10Z,36.974341,-76.324440,106.680000,248.039891,34.027778,-2.808080,-1.409073,3.141783,26.647143,-2.812880,-1.411481,3.147153,-2.356949,-2.077400,-6.098219,,6.518722,1027.423348,1.279817,10.000000,,VFR,barnes,envelope,False
2026-04-21T05:29:20Z,36.973685,-76.326468,106.680000,248.039891,34.222222,-2.803809,-1.406292,3.136718,26.636736,-2.811102,-1.409950,3.144877,-2.352773,-2.074479,-6.089707,,6.514545,1027.424605,1.279838,10.000000,,VFR,barnes,envelope,False
2026-04-21T05:29:30Z,36.973028,-76.328497,106.680000,248.039891,34.416667,-2.799535,-1.403507,3.131649,26.626245,-2.807202,-1.407351,3.140226,-2.348592,-2.071556,-6.081192,,6.510360,1027.425865,1.279859,10.000000,,VFR,barnes,envelope,False
2026-04-21T05:29:40Z,36.972372,-76.330526,106.680000,248.039891,34.611111,-2.795258,-1.400717,3.126576,26.615670,-2.797323,-1.401752,3.128885,-2.344405,-2.068633,-6.072676,,6.506167,1027.427128,1.279879,10.000000,,VFR,barnes,envelope,False
2026-04-21T05:29:50Z,36.971715,-76.332555,106.680000,248.039891,34.805556,-2.790979,-1.397924,3.121499,26.605010,-2.792566,-1.398718,3.123274,-2.340214,-2.065709,-6.064157,,6.501967,1027.428394,1.279900,10.000000,,VFR,barnes,envelope,False
2026-04-21T05:30:00Z,36.971058,-76.334584,106.680000,248.039891,35.000000,-2.786698,-1.395126,3.116418,26.594266,-2.794164,-1.398864,3.124768,-2.336018,-2.062785,-6.055635,,6.497759,1027.429662,1.279921,10.000000,,VFR,barnes,envelope,False
2026-04-21T05:30:10Z,36.970402,-76.336613,106.680000,248.039891,35.194444,-2.782169,-1.392655,3.111262,26.590920,-2.787258,-1.395203,3.116953,-2.332033,-2.059509,-6.046089,,6.493573,1027.430232,1.279941,10.000000,,VFR,barnes,envelope,False
2026-04-21T05:30:20Z,36.969745,-76.338642,106.680000,248.039891,35.388889,-2.777637,-1.390183,3.106103,26.587567,-2.780423,-1.391578,3.109219,-2.328045,-2.056229,-6.036533,,6.489379,1027.430803,1.279961,10.000000,,VFR,barnes,envelope,False
2026-04-21T05:30:30Z,36.969089,-76.340671,106.680000,248.039891,35.583333,-2.773100,-1.387709,3.100939,26.584206,-2.770126,-1.386221,3.097613,-2.324054,-2.052947,-6.026968,,6.485177,1027.431374,1.279981,10.000000,,VFR,barnes,envelope,False
2026-04-21T05:30:40Z,36.968432,-76.342700,106.680000,248.039891,35.777778,-2.768560,-1.385233,3.095770,26.580836,-2.771027,-1.386468,3.098530,-2.320060,-2.049662,-6.017394,,6.480968,1027.431945,1.280001,10.000000,,VFR,barnes,envelope,False
2026-04-21T05:30:50Z,36.967776,-76.344729,106.680000,248.039891,35.972222,-2.764015,-1.382756,3.090598,26.577459,-2.779983,-1.390744,3.108452,-2.316063,-2.046374,-6.007811,,6.476750,1027.432517,1.280021,10.000000,,VFR,barnes,envelope,False
2026-04-21T05:31:00Z,36.967119,-76.346758,106.680000,248.039891,36.166667,-2.759467,-1.380277,3.085421,26.574073,-2.767466,-1.384278,3.094364,-2.312063,-2.043083,-5.998219,,6.472525,1027.433090,1.280041,10.000000,,VFR,barnes,envelope,False
2026-04-21T05:31:10Z,36.966462,-76.348787,106.680000,248.039891,36.361111,-2.754915,-1.377796,3.080239,26.570680,-2.766007,-1.383343,3.092642,-2.308059,-2.039788,-5.988619,,6.468292,1027.433662,1.280061,10.000000,,VFR,barnes,envelope,False
2026-04-21T05:31:20Z,36.965806,-76.350816,106.680000,248.039891,36.555556,-2.750358,-1.375313,3.075054,26.567278,-2.763808,-1.382038,3.090092,-2.304053,-2.036491,-5.979009,,6.464051,1027.434235,1.280081,10.000000,,VFR,barnes,envelope,False
2026-04-21T05:31:30Z,36.965149,-76.352845,106.680000,248.039891,36.750000,-2.745798,-1.372828,3.069864,26.563869,-2.755345,-1.377602,3.080538,-2.300043,-2.033191,-5.969390,,6.459802,1027.434808,1.280101,10.000000,,VFR,barnes,envelope,False
2026-04-21T05:31:40Z,36.964493,-76.354873,106.680000,248.039891,36.944444,-2.741234,-1.370342,3.064670,26.560451,-2.755336,-1.377391,3.080436,-2.296031,-2.029888,-5.959762,,6.455545,1027.435382,1.280121,10.000000,,VFR,barnes,envelope,False
2026-04-21T05:31:50Z,36.963836,-76.356902,106.680000,248.039891,37.138889,-2.736666,-1.367854,3.059472,26.557025,-2.750401,-1.374719,3.074827,-2.292015,-2.026582,-5.950125,,6.451280,1027.435956,1.280142,10.000000,,VFR,barnes,envelope,False
2026-04-21T05:32:00Z,36.963179,-76.358931,106.680000,248.039891,37.333333,-2.732094,-1.365364,3.054269,26.553590,-2.747723,-1.373175,3.071741,-2.287996,-2.023273,-5.940479,,6.447007,1027.436530,1.280162,10.000000,,VFR,barnes,envelope,False
2026-04-21T05:32:10Z,36.962523,-76.360960,106.680000,248.039891,37.527778,-2.727519,-1.362873,3.049062,26.550148,-2.740704,-1.369461,3.063802,-2.283974,-2.019961,-5.930824,,6.442727,1027.437105,1.280182,10.000000,,VFR,barnes,envelope,False
2026-04-21T05:32:20Z,36.961866,-76.362989,106.680000,248.039891,37.722222,-2.722939,-1.360379,3.043851,26.546697,-2.733059,-1.365435,3.055163,-2.279949,-2.016646,-5.921160,,6.438438,1027.437680,1.280203,10.000000,,VFR,barnes,envelope,False
2026-04-21T05:32:30Z,36.961210,-76.365018,106.680000,248.039891,37.916667,-2.718356,-1.357884,3.038636,26.543238,-2.732443,-1.364922,3.054383,-2.275921,-2.013328,-5.911487,,6.434142,1027.438255,1.280223,10.000000,,VFR,barnes,envelope,False
2026-04-21T05:32:40Z,36.960553,-76.367047,106.680000,248.039891,38.111111,-2.713768,-1.355388,3.033416,26.539771,-2.729178,-1.363084,3.050641,-2.271890,-2.010007,-5.901805,,6.429837,1027.438830,1.280243,10.000000,,VFR,barnes,envelope,False
2026-04-21T05:32:50Z,36.959897,-76.369076,106.680000,248.039891,38.305556,-2.709177,-1.352889,3.028192,26.536295,-2.727102,-1.361841,3.048228,-2.267856,-2.006683,-5.892114,,6.425525,1027.439406,1.280264,10.000000,,VFR,barnes,envelope,False
2026-04-21T05:33:00Z,36.959240,-76.371105,106.680000,248.039891,38.500000,-2.704582,-1.350389,3.022964,26.532811,-2.718124,-1.357151,3.038101,-2.263819,-2.003356,-5.882415,,6.421204,1027.439982,1.280284,10.000000,,VFR,barnes,envelope,False
2026-04-21T05:33:10Z,36.958583,-76.373134,106.680000,248.039891,38.694444,-2.699982,-1.347887,3.017732,26.529319,-2.712086,-1.353930,3.031260,-2.259778,-2.000027,-5.872706,,6.416876,1027.440559,1.280305,10.000000,,VFR,barnes,envelope,False
2026-04-21T05:33:20Z,36.957927,-76.375163,106.680000,248.039891,38.888889,-2.695379,-1.345383,3.012495,26.525818,-2.709079,-1.352221,3.027806,-2.255735,-1.996694,-5.862988,,6.412540,1027.441136,1.280326,10.000000,,VFR,barnes,envelope,False
2026-04-21T05:33:30Z,36.957270,-76.377192,106.680000,248.039891,39.083333,-2.690773,-1.342878,3.007254,26.522309,-2.707122,-1.351038,3.025527,-2.251689,-1.993358,-5.853261,,6.408195,1027.441713,1.280346,10.000000,,VFR,barnes,envelope,False
2026-04-21T05:33:40Z,36.956614,-76.379221,106.680000,248.039891,39.277778,-2.686162,-1.340371,3.002009,26.518791,-2.696034,-1.345297,3.013042,-2.247639,-1.990019,-5.843525,,6.403843,1027.442290,1.280367,10.000000,,VFR,barnes,envelope,False
2026-04-21T05:33:50Z,36.955957,-76.381250,106.680000,248.039891,39.472222,-2.681547,-1.337862,2.996760,26.515265,-2.692582,-1.343367,3.009091,-2.243587,-1.986678,-5.833781,,6.399482,1027.442868,1.280388,10.000000,,VFR,barnes,envelope,False
2026-04-21T05:34:00Z,36.955301,-76.383278,106.680000,248.039891,39.666667,-2.676929,-1.335352,2.991506,26.511730,-2.691440,-1.342591,3.007723,-2.239531,-1.983333,-5.824027,,6.395114,1027.443446,1.280408,10.000000,,VFR,barnes,envelope,False
2026-04-21T05:34:10Z,36.954644,-76.385307,106.680000,248.039891,39.861111,-2.672306,-1.332840,2.986249,26.508186,-2.697172,-1.345241,3.014035,-2.235473,-1.979986,-5.814264,,6.390737,1027.444024,1.280429,10.000000,,VFR,barnes,envelope,False
2026-04-21T05:34:20Z,36.953987,-76.387336,106.680000,248.039891,40.055556,-2.667680,-1.330326,2.980987,26.504634,-2.696707,-1.344801,3.013423,-2.231411,-1.976635,-5.804493,,6.386353,1027.444602,1.280450,10.000000,,VFR,barnes,envelope,False
2026-04-21T05:34:30Z,36.953331,-76.389365,106.680000,248.039891,40.250000,-2.663050,-1.327810,2.975721,26.501074,-2.686674,-1.339589,3.002119,-2.227347,-1.973282,-5.794712,,6.381960,1027.445181,1.280471,10.000000,,VFR,barnes,envelope,False
2026-04-21T05:34:40Z,36.952674,-76.391394,106.680000,248.039891,40.444444,-2.658416,-1.325293,2.970450,26.497505,-2.687810,-1.339946,3.003295,-2.223279,-1.969925,-5.784923,,6.377560,1027.445760,1.280492,10.000000,,VFR,barnes,envelope,False
2026-04-21T05:34:50Z,36.952018,-76.393423,106.680000,248.039891,40.638889,-2.653778,-1.322774,2.965176,26.493927,-2.686633,-1.339150,3.001887,-2.219208,-1.966566,-5.775124,,6.373151,1027.446339,1.280512,10.000000,,VFR,barnes,envelope,False
2026-04-21T05:35:00Z,36.951361,-76.395452,106.680000,248.039891,40.833333,-2.649136,-1.320253,2.959897,26.490340,-2.683346,-1.337302,2.998120,-2.215135,-1.963204,-5.765317,,6.368734,1027.446919,1.280533,10.000000,,VFR,barnes,envelope,False
2026-04-21T05:35:10Z,36.950705,-76.397481,106.680000,248.039891,41.027778,-2.646585,-1.318276,2.956732,26.478109,-2.680965,-1.335401,2.995141,-2.212347,-1.961576,-5.760571,,6.364257,1027.446089,1.280553,10.000000,,VFR,barnes,envelope,False
2026-04-21T05:35:20Z,36.950048,-76.399510,106.680000,248.039891,41.222222,-2.644040,-1.316297,2.953571,26.465749,-2.680394,-1.334395,2.994181,-2.209560,-1.959956,-5.755845,,6.359775,1027.445259,1.280572,10.000000,,VFR,barnes,envelope,False
2026-04-21T05:35:30Z,36.949391,-76.401539,106.680000,248.039891,41.416667,-2.641501,-1.314315,2.950416,26.453260,-2.678323,-1.332636,2.991543,-2.206772,-1.958343,-5.751140,,6.355289,1027.444430,1.280592,10.000000,,VFR,barnes,envelope,False
2026-04-21T05:35:40Z,36.948735,-76.403568,106.680000,248.039891,41.611111,-2.638970,-1.312330,2.947265,26.440641,-2.674739,-1.330117,2.987213,-2.203985,-1.956738,-5.746456,,6.350798,1027.443602,1.280611,10.000000,,VFR,barnes,envelope,False
2026-04-21T05:35:50Z,36.948078,-76.405597,106.680000,248.039891,41.805556,-2.636445,-1.310343,2.944120,26.427891,-2.662954,-1.323518,2.973722,-2.201198,-1.955139,-5.741793,,6.346302,1027.442774,1.280631,10.000000,,VFR,barnes,envelope,False
2026-04-21T05:36:00Z,36.947422,-76.407626,106.680000,248.039891,42.000000,-2.633927,-1.308353,2.940979,26.415010,-2.656812,-1.319721,2.966532,-2.198411,-1.953548,-5.737151,,6.341801,1027.441946,1.280651,10.000000,,VFR,barnes,envelope,False
2026-04-21T05:36:10Z,36.946765,-76.409655,106.680000,248.039891,42.194444,-2.631416,-1.306360,2.937844,26.401997,-2.656446,-1.318787,2.965789,-2.195623,-1.951964,-5.732531,,6.337296,1027.441119,1.280670,10.000000,,VFR,barnes,envelope,False
2026-04-21T05:36:20Z,36.946108,-76.411683,106.680000,248.039891,42.388889,-2.628911,-1.304365,2.934713,26.388852,-2.649550,-1.314606,2.957753,-2.192837,-1.950387,-5.727931,,6.332786,1027.440292,1.280690,10.000000,,VFR,barnes,envelope,False
2026-04-21T05:36:30Z,36.945452,-76.413712,106.680000,248.039891,42.583333,-2.626414,-1.302368,2.931588,26.375574,-2.640529,-1.309367,2.947344,-2.190050,-1.948818,-5.723352,,6.328272,1027.439466,1.280710,10.000000,,VFR,barnes,envelope,False
2026-04-21T05:36:40Z,36.944795,-76.415741,106.680000,248.039891,42.777778,-2.623923,-1.300367,2.928468,26.362164,-2.631999,-1.304370,2.937482,-2.187263,-1.947256,-5.718795,,6.323753,1027.438640,1.280729,10.000000,,VFR,barnes,envelope,False
2026-04-21T05:36:50Z,36.944139,-76.417770,106.680000,248.039891,42.972222,-2.621439,-1.298365,2.925353,26.348619,-2.628532,-1.301878,2.933269,-2.184477,-1.945701,-5.714259,,6.319229,1027.437815,1.280749,10.000000,,VFR,barnes,envelope,False
2026-04-21T05:37:00Z,36.943482,-76.419799,106.680000,248.039891,43.166667,-2.618961,-1.296359,2.922243,26.334940,-2.623984,-1.298845,2.927848,-2.181690,-1.944153,-5.709744,,6.314700,1027.436990,1.280769,10.000000,,VFR,barnes,envelope,False
2026-04-21T05:37:10Z,36.942826,-76.421828,106.680000,248.039891,43.361111,-2.616491,-1.294351,2.919139,26.321127,-2.621124,-1.296643,2.924307,-2.178904,-1.942613,-5.705251,,6.310167,1027.436165,1.280788,10.000000,,VFR,barnes,envelope,False
2026-04-21T05:37:20Z,36.942169,-76.423857,106.680000,248.039891,43.555556,-2.614028,-1.292340,2.916039,26.307178,-2.625719,-1.298121,2.929081,-2.176118,-1.941081,-5.700779,,6.305629,1027.435341,1.280808,10.000000,,VFR,barnes,envelope,False
2026-04-21T05:37:30Z,36.941512,-76.425886,106.680000,248.039891,43.750000,-2.611571,-1.290327,2.912945,26.293093,-2.631607,-1.300226,2.935293,-2.173332,-1.939555,-5.696328,,6.301087,1027.434518,1.280828,10.000000,,VFR,barnes,envelope,False
2026-04-21T05:37:40Z,36.940856,-76.427915,106.680000,248.039891,43.944444,-2.609122,-1.288311,2.909856,26.278872,-2.631857,-1.299537,2.935212,-2.170547,-1.938037,-5.691900,,6.296539,1027.433695,1.280848,10.000000,,VFR,barnes,envelope,False
2026-04-21T05:37:50Z,36.940199,-76.429944,106.680000,248.039891,44.138889,-2.606679,-1.286293,2.906772,26.264514,-2.620398,-1.293063,2.922071,-2.167761,-1.936527,-5.687492,,6.291987,1027.432872,1.280868,10.000000,,VFR,barnes,envelope,False
2026-04-21T05:38:00Z,36.939543,-76.431973,106.680000,248.039891,44.333333,-2.604243,-1.284272,2.903694,26.250019,-2.627964,-1.295970,2.930142,-2.164976,-1.935023,-5.683106,,6.287431,1027.432050,1.280887,10.000000,,VFR,barnes,envelope,False
2026-04-21T05:38:10Z,36.938886,-76.434002,106.680000,248.039891,44.527778,-2.601815,-1.282248,2.900620,26.235385,-2.630886,-1.296575,2.933031,-2.162191,-1.933528,-5.678742,,6.282869,1027.431229,1.280907,10.000000,,VFR,barnes,envelope,False
2026-04-21T05:38:20Z,36.938230,-76.436031,106.680000,248.039891,44.722222,-2.599393,-1.280222,2.897553,26.220614,-2.632533,-1.296543,2.934494,-2.159406,-1.932039,-5.674400,,6.278303,1027.430408,1.280927,10.000000,,VFR,barnes,envelope,False
2026-04-21T05:38:30Z,36.937573,-76.438059,106.680000,248.039891,44.916667,-2.596978,-1.278193,2.894490,26.205703,-2.632393,-1.295623,2.933962,-2.156621,-1.930559,-5.670079,,6.273733,1027.429587,1.280947,10.000000,,VFR,barnes,envelope,False
2026-04-21T05:38:40Z,36.936916,-76.440088,106.680000,248.039891,45.111111,-2.594570,-1.276161,2.891433,26.190653,-2.625497,-1.291372,2.925897,-2.153837,-1.929085,-5.665780,,6.269157,1027.428767,1.280967,10.000000,,VFR,barnes,envelope,False
2026-04-21T05:38:50Z,36.936260,-76.442117,106.680000,248.039891,45.305556,-2.592170,-1.274127,2.888381,26.175462,-2.618343,-1.286992,2.917545,-2.151052,-1.927620,-5.661503,,6.264577,1027.427947,1.280987,10.000000,,VFR,barnes,envelope,False
2026-04-21T05:39:00Z,36.935603,-76.444146,106.680000,248.039891,45.500000,-2.589776,-1.272090,2.885334,26.160131,-2.613243,-1.283617,2.911479,-2.148268,-1.926161,-5.657248,,6.259992,1027.427128,1.281007,10.000000,,VFR,barnes,envelope,False
2026-04-21T05:39:10Z,36.934947,-76.446175,106.680000,248.039891,45.694444,-2.587390,-1.270051,2.882293,26.144659,-2.606848,-1.279602,2.903970,-2.145484,-1.924711,-5.653015,,6.255403,1027.426309,1.281027,10.000000,,VFR,barnes,envelope,False
2026-04-21T05:39:20Z,36.934290,-76.448204,106.680000,248.039891,45.888889,-2.585010,-1.268009,2.879258,26.129046,-2.602043,-1.276364,2.898229,-2.142701,-1.923268,-5.648804,,6.250809,1027.425491,1.281047,10.000000,,VFR,barnes,envelope,False
2026-04-21T05:39:30Z,36.933634,-76.450233,106.680000,248.039891,46.083333,-2.582638,-1.265964,2.876228,26.113290,-2.600820,-1.274877,2.896477,-2.139917,-1.921832,-5.644615,,6.246210,1027.424673,1.281067,10.000000,,VFR,barnes,envelope,False
2026-04-21T05:39:40Z,36.932977,-76.452262,106.680000,248.039891,46.277778,-2.580273,-1.263917,2.873203,26.097391,-2.589061,-1.268222,2.882988,-2.137134,-1.920404,-5.640448,,6.241606,1027.423856,1.281087,10.000000,,VFR,barnes,envelope,False
2026-04-21T05:39:50Z,36.933588,-76.453872,106.680000,321.927815,46.472222,-2.578063,-1.261602,2.870200,26.075291,-2.586473,-1.265717,2.879563,1.251569,-2.582949,-7.566721,,6.237200,1027.423139,1.281107,10.000000,,VFR,barnes,envelope,False
2026-04-21T05:40:00Z,36.934962,-76.455229,106.680000,321.927815,46.666667,-2.575947,-1.259130,2.867213,26.049502,-2.593299,-1.267611,2.886527,1.251428,-2.579698,-7.557307,,6.232916,1027.422481,1.281125,10.000000,,VFR,barnes,envelope,False
2026-04-21T05:40:10Z,36.936336,-76.456586,106.680000,321.927815,46.861111,-2.573280,-1.257894,2.864274,26.050733,-2.583640,-1.262959,2.875806,1.250089,-2.577080,-7.549728,,6.228659,1027.422957,1.281146,10.000000,,VFR,barnes,envelope,False
2026-04-21T05:40:20Z,36.937710,-76.457943,106.680000,321.927815,47.055556,-2.570619,-1.256659,2.861341,26.051913,-2.566088,-1.254444,2.856298,1.248756,-2.574467,-7.542161,,6.224403,1027.423432,1.281166,10.000000,,VFR,barnes,envelope,False
2026-04-21T05:40:30Z,36.939084,-76.459300,106.680000,321.927815,47.250000,-2.567964,-1.255424,2.858414,26.053041,-2.568702,-1.255784,2.859235,1.247428,-2.571858,-7.534604,,6.220146,1027.423907,1.281186,10.000000,,VFR,barnes,envelope,False
2026-04-21T05:40:40Z,36.940458,-76.460658,106.680000,321.927815,47.444444,-2.565315,-1.254189,2.855492,26.054117,-2.571037,-1.256986,2.861860,1.246105,-2.569252,-7.527058,,6.215889,1027.424382,1.281206,10.000000,,VFR,barnes,envelope,False
2026-04-21T05:40:50Z,36.941832,-76.462015,106.680000,321.927815,47.638889,-2.562673,-1.252954,2.852575,26.055143,-2.563836,-1.253522,2.853870,1.244786,-2.566650,-7.519523,,6.211633,1027.424857,1.281226,10.000000,,VFR,barnes,envelope,False
2026-04-21T05:41:00Z,36.943206,-76.463372,106.680000,321.927815,47.833333,-2.560037,-1.251719,2.849665,26.056118,-2.565362,-1.254322,2.855592,1.243472,-2.564053,-7.512000,,6.207377,1027.425331,1.281246,10.000000,,VFR,barnes,envelope,False
2026-04-21T05:41:10Z,36.944580,-76.464729,106.680000,321.927815,48.027778,-2.557407,-1.250484,2.846760,26.057043,-2.575482,-1.259322,2.866879,1.242163,-2.561459,-7.504487,,6.203121,1027.425805,1.281266,10.000000,,VFR,barnes,envelope,False
2026-04-21T05:41:20Z,36.945954,-76.466086,106.680000,321.927815,48.222222,-2.554783,-1.249250,2.843861,26.057919,-2.574495,-1.258889,2.865803,1.240859,-2.558869,-7.496986,,6.198865,1027.426278,1.281286,10.000000,,VFR,barnes,envelope,False
2026-04-21T05:41:30Z,36.947329,-76.467443,106.680000,321.927815,48.416667,-2.552166,-1.248015,2.840967,26.058745,-2.571895,-1.257663,2.862929,1.239560,-2.556283,-7.489496,,6.194609,1027.426751,1.281306,10.000000,,VFR,barnes,envelope,False
2026-04-21T05:41:40Z,36.948703,-76.468801,106.680000,321.927815,48.611111,-2.549555,-1.246781,2.838079,26.059523,-2.561855,-1.252796,2.851771,1.238265,-2.553702,-7.482018,,6.190353,1027.427224,1.281327,10.000000,,VFR,barnes,envelope,False
2026-04-21T05:41:50Z,36.950077,-76.470158,106.680000,321.927815,48.805556,-2.546949,-1.245547,2.835197,26.060252,-2.563244,-1.253516,2.853336,1.236975,-2.551124,-7.474551,,6.186097,1027.427696,1.281347,10.000000,,VFR,barnes,envelope,False
2026-04-21T05:42:00Z,36.951451,-76.471515,106.680000,321.927815,49.000000,-2.544350,-1.244314,2.832320,26.060933,-2.559781,-1.251860,2.849497,1.235690,-2.548550,-7.467095,,6.181842,1027.428168,1.281367,10.000000,,VFR,barnes,envelope,False
2026-04-21T05:42:10Z,36.952825,-76.472872,106.680000,321.927815,49.194444,-2.541758,-1.243081,2.829449,26.061567,-2.555349,-1.249728,2.844579,1.234409,-2.545980,-7.459651,,6.177586,1027.428640,1.281387,10.000000,,VFR,barnes,envelope,False
2026-04-21T05:42:20Z,36.954199,-76.474229,106.680000,321.927815,49.388889,-2.539171,-1.241848,2.826584,26.062153,-2.551547,-1.247901,2.840360,1.233133,-2.543415,-7.452218,,6.173331,1027.429111,1.281407,10.000000,,VFR,barnes,envelope,False
2026-04-21T05:42:30Z,36.955573,-76.475587,106.680000,321.927815,49.583333,-2.536590,-1.240615,2.823724,26.062693,-2.553150,-1.248714,2.842158,1.231861,-2.540853,-7.444797,,6.169076,1027.429582,1.281427,10.000000,,VFR,barnes,envelope,False
2026-04-21T05:42:40Z,36.956947,-76.476944,106.680000,321.927815,49.777778,-2.534016,-1.239383,2.820870,26.063186,-2.550911,-1.247647,2.839677,1.230594,-2.538296,-7.437388,,6.164820,1027.430052,1.281447,10.000000,,VFR,barnes,envelope,False
2026-04-21T05:42:50Z,36.958321,-76.478301,106.680000,321.927815,49.972222,-2.531448,-1.238152,2.818022,26.063633,-2.548326,-1.246407,2.836811,1.229332,-2.535742,-7.429990,,6.160565,1027.430523,1.281467,10.000000,,VFR,barnes,envelope,False
2026-04-21T05:43:00Z,36.959695,-76.479658,106.680000,321.927815,50.166667,-2.528886,-1.236920,2.815179,26.064034,-2.544044,-1.244335,2.832054,1.228074,-2.533193,-7.422604,,6.156310,1027.430993,1.281487,10.000000,,VFR,barnes,envelope,False
2026-04-21T05:43:10Z,36.961069,-76.481015,106.680000,321.927815,50.361111,-2.526330,-1.235690,2.812342,26.064390,-2.517726,-1.231481,2.802764,1.226821,-2.530648,-7.415229,,6.152055,1027.431462,1.281508,10.000000,,VFR,barnes,envelope,False
2026-04-21T05:43:20Z,36.962443,-76.482372,106.680000,321.927815,50.555556,-2.523780,-1.234459,2.809511,26.064701,-2.507636,-1.226563,2.791540,1.225572,-2.528107,-7.407867,,6.147800,1027.431932,1.281528,10.000000,,VFR,barnes,envelope,False
2026-04-21T05:43:30Z,36.963817,-76.483730,106.680000,321.927815,50.750000,-2.521236,-1.233230,2.806686,26.064968,-2.489110,-1.217516,2.770923,1.224328,-2.525570,-7.400516,,6.143545,1027.432401,1.281548,10.000000,,VFR,barnes,envelope,False
2026-04-21T05:43:40Z,36.965191,-76.485087,106.680000,321.927815,50.944444,-2.518698,-1.232001,2.803866,26.065190,-2.492017,-1.218950,2.774165,1.223088,-2.523038,-7.393177,,6.139290,1027.432869,1.281568,10.000000,,VFR,barnes,envelope,False
2026-04-21T05:43:50Z,36.966565,-76.486444,106.680000,321.927815,51.138889,-2.516166,-1.230772,2.801052,26.065369,-2.489263,-1.217612,2.771103,1.221853,-2.520510,-7.385850,,6.135035,1027.433338,1.281588,10.000000,,VFR,barnes,envelope,False
2026-04-21T05:44:00Z,36.967940,-76.487801,106.680000,321.927815,51.333333,-2.513641,-1.229544,2.798244,26.065504,-2.481901,-1.214018,2.762910,1.220622,-2.517985,-7.378535,,6.130780,1027.433806,1.281608,10.000000,,VFR,barnes,envelope,False
2026-04-21T05:44:10Z,36.969314,-76.489158,106.680000,321.927815,51.527778,-2.511121,-1.228316,2.795441,26.065596,-2.476913,-1.211583,2.757359,1.219395,-2.515465,-7.371232,,6.126525,1027.434273,1.281628,10.000000,,VFR,barnes,envelope,False
2026-04-21T05:44:20Z,36.970688,-76.490516,106.680000,321.927815,51.722222,-2.508608,-1.227090,2.792644,26.065645,-2.498587,-1.222188,2.781489,1.218173,-2.512950,-7.363941,,6.122271,1027.434741,1.281648,10.000000,,VFR,barnes,envelope,False
2026-04-21T05:44:30Z,36.972062,-76.491873,106.680000,321.927815,51.916667,-2.506100,-1.225863,2.789853,26.065652,-2.499465,-1.222618,2.782467,1.216955,-2.510438,-7.356662,,6.118016,1027.435208,1.281668,10.000000,,VFR,barnes,envelope,False
2026-04-21T05:44:40Z,36.973436,-76.493230,106.680000,321.927815,52.111111,-2.503599,-1.224638,2.787068,26.065617,-2.505660,-1.225646,2.789362,1.215742,-2.507931,-7.349395,,6.113761,1027.435675,1.281689,10.000000,,VFR,barnes,envelope,False
2026-04-21T05:44:50Z,36.974810,-76.494587,106.680000,321.927815,52.305556,-2.501104,-1.223413,2.784288,26.065540,-2.498415,-1.222098,2.781294,1.214533,-2.505428,-7.342140,,6.109506,1027.436141,1.281709,10.000000,,VFR,barnes,envelope,False
2026-04-21T05:45:00Z,36.976184,-76.495944,106.680000,321.927815,52.500000,-2.498614,-1.222189,2.781514,26.065422,-2.500451,-1.223088,2.783559,1.213328,-2.502929,-7.334898,,6.105252,1027.436607,1.281729,10.000000,,VFR,barnes,envelope,False
2026-04-21T05:45:10Z,36.977558,-76.497302,106.680000,321.927815,52.694444,-2.496465,-1.220253,2.778732,26.049026,-2.493757,-1.218929,2.775719,1.212830,-2.500079,-7.326636,,6.100997,1027.437570,1.281750,10.000000,,VFR,barnes,envelope,False
2026-04-21T05:45:20Z,36.978932,-76.498659,106.680000,321.927815,52.888889,-2.494320,-1.218315,2.775955,26.032536,-2.499722,-1.220954,2.781967,1.212336,-2.497231,-7.318381,,6.096742,1027.438532,1.281770,10.000000,,VFR,barnes,envelope,False
2026-04-21T05:45:30Z,36.980306,-76.500016,106.680000,321.927815,53.083333,-2.492181,-1.216377,2.773182,26.015952,-2.491927,-1.216253,2.772900,1.211847,-2.494386,-7.310134,,6.092487,1027.439493,1.281791,10.000000,,VFR,barnes,envelope,False
2026-04-21T05:45:40Z,36.981680,-76.501373,106.680000,321.927815,53.277778,-2.490047,-1.214438,2.770413,25.999274,-2.490300,-1.214561,2.770695,1.211363,-2.491544,-7.301893,,6.088233,1027.440454,1.281812,10.000000,,VFR,barnes,envelope,False
2026-04-21T05:45:50Z,36.983054,-76.502730,106.680000,321.927815,53.472222,-2.487917,-1.212498,2.767650,25.982503,-2.489919,-1.213473,2.769876,1.210883,-2.488704,-7.293660,,6.083978,1027.441413,1.281832,10.000000,,VFR,barnes,envelope,False
2026-04-21T05:46:00Z,36.984428,-76.504087,106.680000,321.927815,53.666667,-2.485793,-1.210558,2.764890,25.965640,-2.476125,-1.205849,2.754137,1.210407,-2.485867,-7.285434,,6.079723,1027.442372,1.281853,10.000000,,VFR,barnes,envelope,False
2026-04-21T05:46:10Z,36.985802,-76.505445,106.680000,321.927815,53.861111,-2.483674,-1.208617,2.762136,25.948684,-2.474501,-1.204153,2.751934,1.209936,-2.483032,-7.277215,,6.075468,1027.443330,1.281874,10.000000,,VFR,barnes,envelope,False
2026-04-21T05:46:20Z,36.987176,-76.506802,106.680000,321.927815,54.055556,-2.481561,-1.206675,2.759385,25.931636,-2.468392,-1.200272,2.744743,1.209469,-2.480200,-7.269004,,6.071213,1027.444287,1.281895,10.000000,,VFR,barnes,envelope,False
2026-04-21T05:46:30Z,36.988550,-76.508159,106.680000,321.927815,54.250000,-2.479452,-1.204732,2.756639,25.914498,-2.479927,-1.204964,2.757168,1.209007,-2.477370,-7.260799,,6.066958,1027.445244,1.281915,10.000000,,VFR,barnes,envelope,False
2026-04-21T05:46:40Z,36.989925,-76.509516,106.680000,321.927815,54.444444,-2.477348,-1.202789,2.753898,25.897268,-2.487692,-1.207812,2.765397,1.208549,-2.474543,-7.252602,,6.062703,1027.446199,1.281936,10.000000,,VFR,barnes,envelope,False
2026-04-21T05:46:50Z,36.991299,-76.510873,106.680000,321.927815,54.638889,-2.475249,-1.200846,2.751161,25.879947,-2.496750,-1.211277,2.775059,1.208095,-2.471719,-7.244413,,6.058448,1027.447154,1.281957,10.000000,,VFR,barnes,envelope,False
2026-04-21T05:47:00Z,36.992673,-76.512231,106.680000,321.927815,54.833333,-2.473155,-1.198902,2.748429,25.862536,-2.478648,-1.201565,2.754533,1.207646,-2.468897,-7.236230,,6.054193,1027.448107,1.281978,10.000000,,VFR,barnes,envelope,False
2026-04-21T05:47:10Z,36.994047,-76.513588,106.680000,321.927815,55.027778,-2.471066,-1.196957,2.745701,25.845035,-2.474436,-1.198589,2.749445,1.207200,-2.466078,-7.228055,,6.049938,1027.449060,1.281998,10.000000,,VFR,barnes,envelope,False
2026-04-21T05:47:20Z,36.995421,-76.514945,106.680000,321.927815,55.222222,-2.468982,-1.195012,2.742978,25.827445,-2.465848,-1.193495,2.739495,1.206759,-2.463262,-7.219887,,6.045683,1027.450012,1.282019,10.000000,,VFR,barnes,envelope,False
2026-04-21T05:47:30Z,36.996795,-76.516302,106.680000,321.927815,55.416667,-2.466903,-1.193066,2.740259,25.809766,-2.451368,-1.185553,2.723002,1.206322,-2.460448,-7.211727,,6.041428,1027.450963,1.282040,10.000000,,VFR,barnes,envelope,False
2026-04-21T05:47:40Z,36.998169,-76.517659,106.680000,321.927815,55.611111,-2.464829,-1.191120,2.737544,25.791998,-2.439767,-1.179009,2.709709,1.205889,-2.457637,-7.203574,,6.037172,1027.451913,1.282060,10.000000,,VFR,barnes,envelope,False
2026-04-21T05:47:50Z,36.999543,-76.519017,106.680000,321.927815,55.805556,-2.462759,-1.189174,2.734834,25.774142,-2.448333,-1.182208,2.718814,1.205461,-2.454828,-7.195428,,6.032917,1027.452862,1.282081,10.000000,,VFR,barnes,envelope,False
2026-04-21T05:48:00Z,37.000917,-76.520374,106.680000,321.927815,56.000000,-2.460695,-1.187227,2.732129,25.756198,-2.474519,-1.193896,2.747478,1.205036,-2.452022,-7.187290,,6.028661,1027.453810,1.282102,10.000000,,VFR,barnes,envelope,False
2026-04-21T05:48:10Z,37.002291,-76.521731,106.680000,321.927815,56.194444,-2.458635,-1.185279,2.729427,25.738167,-2.454944,-1.183499,2.725329,1.204616,-2.449219,-7.179159,,6.024406,1027.454757,1.282123,10.000000,,VFR,barnes,envelope,False
2026-04-21T05:48:20Z,37.003665,-76.523088,106.680000,321.927815,56.388889,-2.456580,-1.183331,2.726731,25.720049,-2.444781,-1.177647,2.713633,1.204199,-2.446419,-7.171036,,6.020150,1027.455704,1.282143,10.000000,,VFR,barnes,envelope,False
2026-04-21T05:48:30Z,37.005039,-76.524445,106.680000,321.927815,56.583333,-2.454530,-1.181383,2.724038,25.701843,-2.444445,-1.176529,2.712846,1.203787,-2.443621,-7.162920,,6.015894,1027.456649,1.282164,10.000000,,VFR,barnes,envelope,False
2026-04-21T05:48:40Z,37.006413,-76.525802,106.680000,321.927815,56.777778,-2.452485,-1.179434,2.721351,25.683552,-2.443905,-1.175308,2.711830,1.203378,-2.440826,-7.154811,,6.011639,1027.457593,1.282185,10.000000,,VFR,barnes,envelope,False
2026-04-21T05:48:50Z,37.007787,-76.527160,106.680000,321.927815,56.972222,-2.450445,-1.177485,2.718667,25.665175,-2.437252,-1.171146,2.704031,1.202974,-2.438033,-7.146710,,6.007383,1027.458536,1.282206,10.000000,,VFR,barnes,envelope,False
2026-04-21T05:49:00Z,37.009161,-76.528517,106.680000,321.927815,57.166667,-2.448409,-1.175536,2.715988,25.646712,-2.461388,-1.181768,2.730385,1.202573,-2.435243,-7.138616,,6.003127,1027.459479,1.282226,10.000000,,VFR,barnes,envelope,False
2026-04-21T05:49:10Z,37.010535,-76.529874,106.680000,321.927815,57.361111,-2.446378,-1.173587,2.713313,25.628164,-2.475589,-1.187600,2.745712,1.202176,-2.432456,-7.130530,,5.998870,1027.460420,1.282247,10.000000,,VFR,barnes,envelope,False
2026-04-21T05:49:20Z,37.011910,-76.531231,106.680000,321.927815,57.555556,-2.444351,-1.171637,2.710643,25.609531,-2.449065,-1.173896,2.715870,1.201783,-2.429671,-7.122451,,5.994614,1027.461360,1.282268,10.000000,,VFR,barnes,envelope,False
2026-04-21T05:49:30Z,37.013284,-76.532588,106.680000,321.927815,57.750000,-2.442330,-1.169687,2.707977,25.590814,-2.448643,-1.172711,2.714978,1.201394,-2.426890,-7.114380,,5.990358,1027.462299,1.282288,10.000000,,VFR,barnes,envelope,False
2026-04-21T05:49:40Z,37.014658,-76.533946,106.680000,321.927815,57.944444,-2.440313,-1.167737,2.705316,25.572012,-2.456061,-1.175272,2.722774,1.201009,-2.424110,-7.106316,,5.986101,1027.463237,1.282309,10.000000,,VFR,barnes,envelope,False
2026-04-21T05:49:50Z,37.016032,-76.535303,106.680000,321.927815,58.138889,-2.438300,-1.165786,2.702659,25.553128,-2.467082,-1.179547,2.734561,1.200628,-2.421334,-7.098260,,5.981845,1027.464174,1.282330,10.000000,,VFR,barnes,envelope,False
2026-04-21T05:50:00Z,37.017406,-76.536660,106.680000,321.927815,58.333333,-2.436292,-1.163835,2.700006,25.534160,-2.479924,-1.184679,2.748361,1.200250,-2.418560,-7.090211,,4.677142,1027.465110,1.288353,10.000000,,VFR,barnes,envelope,False
2026-04-21T05:50:10Z,37.018780,-76.538017,106.680000,321.927815,58.527778,-2.433223,-1.160008,2.695587,25.488879,-2.484207,-1.184314,2.752069,1.200194,-2.413654,-7.075975,,4.670638,1027.465363,1.288383,10.000000,,VFR,barnes,envelope,False
2026-04-21T05:50:20Z,37.020154,-76.539374,106.680000,321.927815,58.722222,-2.430154,-1.156180,2.691171,25.443421,-2.472851,-1.176493,2.738454,1.200138,-2.408748,-7.061737,,4.664132,1027.465615,1.288414,10.000000,,VFR,barnes,envelope,False
2026-04-21T05:50:30Z,37.021528,-76.540731,106.680000,321.927815,58.916667,-2.427086,-1.152350,2.686756,25.397785,-2.468037,-1.171793,2.732088,1.200085,-2.403842,-7.047498,,4.657625,1027.465865,1.288444,10.000000,,VFR,barnes,envelope,False
2026-04-21T05:50:40Z,37.022902,-76.542089,106.680000,321.927815,59.111111,-2.424019,-1.148520,2.682343,25.351971,-2.458132,-1.164683,2.720092,1.200032,-2.398935,-7.033257,,4.651115,1027.466114,1.288475,10.000000,,VFR,barnes,envelope,False
2026-04-21T05:50:50Z,37.024276,-76.543446,106.680000,321.927815,59.305556,-2.420953,-1.144688,2.677933,25.305978,-2.451101,-1.158943,2.711281,1.199981,-2.394028,-7.019014,,4.644603,1027.466363,1.288505,10.000000,,VFR,barnes,envelope,False
2026-04-21T05:51:00Z,37.025650,-76.544803,106.680000,321.927815,59.500000,-2.417888,-1.140856,2.673525,25.259805,-2.445926,-1.154085,2.704527,1.199932,-2.389121,-7.004770,,4.638089,1027.466610,1.288536,10.000000,,VFR,barnes,envelope,False
2026-04-21T05:51:10Z,37.027024,-76.546160,106.680000,321.927815,59.694444,-2.415139,-1.137287,2.669517,25.215709,-2.427729,-1.143216,2.683432,1.199968,-2.384616,-6.991694,,4.631573,1027.466856,1.288567,10.000000,,VFR,barnes,envelope,False
2026-04-21T05:51:20Z,37.028398,-76.547517,106.680000,321.927815,59.888889,-2.412390,-1.133716,2.665509,25.171444,-2.428985,-1.141515,2.683846,1.200006,-2.380110,-6.978612,,4.625055,1027.467101,1.288597,10.000000,,VFR,barnes,envelope,False
2026-04-21T05:51:30Z,37.029772,-76.548875,106.680000,321.927815,60.083333,-2.409641,-1.130144,2.661502,25.127011,-2.432840,-1.141025,2.687127,1.200045,-2.375602,-6.965524,,4.618536,1027.467345,1.288628,10.000000,,VFR,barnes,envelope,False
2026-04-21T05:51:40Z,37.031146,-76.550232,106.680000,321.927815,60.277778,-2.406891,-1.126569,2.657495,25.082408,-2.440071,-1.142100,2.694131,1.200084,-2.371092,-6.952431,,4.612014,1027.467587,1.288658,10.000000,,VFR,barnes,envelope,False
2026-04-21T05:51:50Z,37.032520,-76.551589,106.680000,321.927815,60.472222,-2.404141,-1.122992,2.653489,25.037635,-2.414089,-1.127639,2.664469,1.200125,-2.366581,-6.939331,,4.605489,1027.467829,1.288689,10.000000,,VFR,barnes,envelope,False
2026-04-21T05:52:00Z,37.033895,-76.552946,106.680000,321.927815,60.666667,-2.401390,-1.119414,2.649483,24.992693,-2.412192,-1.124449,2.661401,1.200166,-2.362067,-6.926226,,4.598963,1027.468069,1.288719,10.000000,,VFR,barnes,envelope,False
2026-04-21T05:52:10Z,37.035269,-76.554303,106.680000,321.927815,60.861111,-2.398743,-1.115693,2.645512,24.943875,-2.436190,-1.133110,2.686812,1.200377,-2.357505,-6.912978,,4.592435,1027.468309,1.288750,10.000000,,VFR,barnes,envelope,False
2026-04-21T05:52:20Z,37.036643,-76.555661,106.680000,321.927815,61.055556,-2.396095,-1.111969,2.641543,24.894856,-2.411292,-1.119022,2.658297,1.200589,-2.352941,-6.899724,,4.585905,1027.468547,1.288781,10.000000,,VFR,barnes,envelope,False
2026-04-21T05:52:30Z,37.038017,-76.557018,106.680000,321.927815,61.250000,-2.393448,-1.108242,2.637574,24.845635,-2.415497,-1.118452,2.661872,1.200803,-2.348375,-6.886464,,4.579372,1027.468784,1.288811,10.000000,,VFR,barnes,envelope,False
2026-04-21T05:52:40Z,37.039391,-76.558375,106.680000,321.927815,61.444444,-2.390801,-1.104513,2.633606,24.796212,-2.413108,-1.114819,2.658178,1.201019,-2.343807,-6.873197,,4.572838,1027.469019,1.288842,10.000000,,VFR,barnes,envelope,False
2026-04-21T05:52:50Z,37.040765,-76.559732,106.680000,321.927815,61.638889,-2.388154,-1.100781,2.629639,24.746585,-2.410674,-1.111162,2.654436,1.201236,-2.339237,-6.859923,,4.566301,1027.469254,1.288872,10.000000,,VFR,barnes,envelope,False
2026-04-21T05:53:00Z,37.042139,-76.561089,106.680000,321.927815,61.833333,-2.385507,-1.097047,2.625673,24.696754,-2.414633,-1.110441,2.657730,1.201455,-2.334665,-6.846642,,4.559763,1027.469487,1.288903,10.000000,,VFR,barnes,envelope,False
2026-04-21T05:53:10Z,37.043513,-76.562446,106.680000,321.927815,62.027778,-2.382860,-1.093310,2.621707,24.646719,-2.427201,-1.113654,2.670492,1.201676,-2.330091,-6.833355,,4.553222,1027.469720,1.288934,10.000000,,VFR,barnes,envelope,False
2026-04-21T05:53:20Z,37.044887,-76.563804,106.680000,321.927815,62.222222,-2.380214,-1.089570,2.617743,24.596478,-2.428235,-1.111552,2.670557,1.201899,-2.325515,-6.820061,,4.546679,1027.469951,1.288964,10.000000,,VFR,barnes,envelope,False
2026-04-21T05:53:30Z,37.046261,-76.565161,106.680000,321.927815,62.416667,-2.377567,-1.085828,2.613780,24.546031,-2.423837,-1.106959,2.664647,1.202123,-2.320937,-6.806761,,4.540134,1027.470181,1.288995,10.000000,,VFR,barnes,envelope,False
2026-04-21T05:53:40Z,37.047635,-76.566518,106.680000,321.927815,62.611111,-2.374921,-1.082082,2.609818,24.495378,-2.423019,-1.103998,2.662674,1.202349,-2.316356,-6.793454,,4.533587,1027.470410,1.289026,10.000000,,VFR,barnes,envelope,False
2026-04-21T05:53:50Z,37.049009,-76.567875,106.680000,321.927815,62.805556,-2.372274,-1.078335,2.605857,24.444518,-2.410910,-1.095897,2.648297,1.202577,-2.311774,-6.780140,,4.527037,1027.470637,1.289056,10.000000,,VFR,barnes,envelope,False
2026-04-21T05:54:00Z,37.050383,-76.569232,106.680000,321.927815,63.000000,-2.369628,-1.074584,2.601897,24.393449,-2.393237,-1.085290,2.627820,1.202806,-2.307190,-6.766819,,4.520486,1027.470863,1.289087,10.000000,,VFR,barnes,envelope,False
2026-04-21T05:54:10Z,37.051757,-76.570590,106.680000,321.927815,63.194444,-2.367604,-1.073317,2.599531,24.386438,-2.386059,-1.081683,2.619793,1.201995,-2.304944,-6.760295,,4.513933,1027.471089,1.289118,10.000000,,VFR,barnes,envelope,False
2026-04-21T05:54:20Z,37.053131,-76.571947,106.680000,321.927815,63.388889,-2.365580,-1.072055,2.597166,24.379517,-2.400371,-1.087822,2.635363,1.201180,-2.302703,-6.753782,,4.507377,1027.471313,1.289148,10.000000,,VFR,barnes,envelope,False
2026-04-21T05:54:30Z,37.054506,-76.573304,106.680000,321.927815,63.583333,-2.363557,-1.070799,2.594804,24.372689,-2.391839,-1.083612,2.625853,1.200361,-2.300466,-6.747281,,4.500819,1027.471535,1.289179,10.000000,,VFR,barnes,envelope,False
2026-04-21T05:54:40Z,37.055880,-76.574661,106.680000,321.927815,63.777778,-2.361533,-1.069547,2.592445,24.365954,-2.370672,-1.073686,2.602477,1.199540,-2.298233,-6.740791,,4.494259,1027.471757,1.289210,10.000000,,VFR,barnes,envelope,False
2026-04-21T05:54:50Z,37.057254,-76.576018,106.680000,321.927815,63.972222,-2.359509,-1.068301,2.590087,24.359311,-2.385716,-1.080167,2.618855,1.198715,-2.296004,-6.734313,,4.487697,1027.471977,1.289241,10.000000,,VFR,barnes,envelope,False
2026-04-21T05:55:00Z,37.058628,-76.577375,106.680000,321.927815,64.166667,-2.357485,-1.067060,2.587731,24.352763,-2.379702,-1.077116,2.612118,1.197887,-2.293779,-6.727847,,5.849119,1027.472196,1.282950,10.000000,,VFR,barnes,envelope,False
2026-04-21T05:55:10Z,37.060002,-76.578733,106.680000,321.927815,64.361111,-2.354555,-1.066746,2.584932,24.373194,-2.381858,-1.079115,2.614907,1.195774,-2.291724,-6.721876,,5.844364,1027.471565,1.282971,10.000000,,VFR,barnes,envelope,False
2026-04-21T05:55:20Z,37.061376,-76.580090,106.680000,321.927815,64.555556,-2.351628,-1.066433,2.582138,24.393674,-2.369285,-1.074440,2.601525,1.193663,-2.289673,-6.715915,,5.839612,1027.470931,1.282992,10.000000,,VFR,barnes,envelope,False
2026-04-21T05:55:30Z,37.062750,-76.581447,106.680000,321.927815,64.750000,-2.348705,-1.066122,2.579347,24.414204,-2.376889,-1.078915,2.610298,1.191553,-2.287625,-6.709964,,5.834864,1027.470294,1.283013,10.000000,,VFR,barnes,envelope,False
2026-04-21T05:55:40Z,37.064124,-76.582804,106.680000,321.927815,64.944444,-2.345784,-1.065813,2.576560,24.434784,-2.367289,-1.075583,2.600180,1.189445,-2.285581,-6.704022,,5.830119,1027.469655,1.283034,10.000000,,VFR,barnes,envelope,False
2026-04-21T05:55:50Z,37.065498,-76.584161,106.680000,321.927815,65.138889,-2.342867,-1.065505,2.573777,24.455414,-2.369628,-1.077675,2.603175,1.187338,-2.283540,-6.698090,,5.825378,1027.469013,1.283055,10.000000,,VFR,barnes,envelope,False
2026-04-21T05:56:00Z,37.066872,-76.585519,106.680000,321.927815,65.333333,-2.339953,-1.065199,2.570998,24.476095,-2.362311,-1.075377,2.595563,1.185233,-2.281503,-6.692168,,5.820640,1027.468368,1.283076,10.000000,,VFR,barnes,envelope,False
2026-04-21T05:56:10Z,37.068246,-76.586876,106.680000,321.927815,65.527778,-2.337043,-1.064895,2.568223,24.496827,-2.366543,-1.078338,2.600642,1.183129,-2.279468,-6.686255,,5.815905,1027.467721,1.283097,10.000000,,VFR,barnes,envelope,False
2026-04-21T05:56:20Z,37.069620,-76.588233,106.680000,321.927815,65.722222,-2.334135,-1.064593,2.565452,24.517611,-2.347650,-1.070757,2.580307,1.181026,-2.277438,-6.680352,,5.811174,1027.467071,1.283118,10.000000,,VFR,barnes,envelope,False
2026-04-21T05:56:30Z,37.070994,-76.589590,106.680000,321.927815,65.916667,-2.331231,-1.064293,2.562685,24.538445,-2.334938,-1.065985,2.566760,1.178925,-2.275410,-6.674459,,5.806446,1027.466418,1.283139,10.000000,,VFR,barnes,envelope,False
2026-04-21T05:56:40Z,37.072368,-76.590947,106.680000,321.927815,66.111111,-2.328330,-1.063994,2.559922,24.559332,-2.326116,-1.062983,2.557489,1.176825,-2.273386,-6.668575,,5.801722,1027.465763,1.283160,10.000000,,VFR,barnes,envelope,False
2026-04-21T05:56:50Z,37.073742,-76.592305,106.680000,321.927815,66.305556,-2.325432,-1.063697,2.557163,24.580270,-2.341547,-1.071069,2.574885,1.174727,-2.271365,-6.662701,,5.797001,1027.465106,1.283181,10.000000,,VFR,barnes,envelope,False
2026-04-21T05:57:00Z,37.075116,-76.593662,106.680000,321.927815,66.500000,-2.322537,-1.063402,2.554408,24.601261,-2.326499,-1.065216,2.558766,1.172630,-2.269348,-6.656836,,5.792283,1027.464445,1.283202,10.000000,,VFR,barnes,envelope,False
2026-04-21T05:57:10Z,37.076491,-76.595019,106.680000,321.927815,66.694444,-2.319645,-1.063109,2.551657,24.622304,-2.317743,-1.062237,2.549564,1.170534,-2.267334,-6.650981,,5.787569,1027.463783,1.283222,10.000000,,VFR,barnes,envelope,False
2026-04-21T05:57:20Z,37.077865,-76.596376,106.680000,321.927815,66.888889,-2.316756,-1.062817,2.548910,24.643400,-2.340761,-1.073829,2.575320,1.168440,-2.265323,-6.645136,,5.782859,1027.463117,1.283243,10.000000,,VFR,barnes,envelope,False
2026-04-21T05:57:30Z,37.079239,-76.597733,106.680000,321.927815,67.083333,-2.313871,-1.062528,2.546166,24.664549,-2.322860,-1.066656,2.556058,1.166347,-2.263316,-6.639299,,5.778152,1027.462449,1.283264,10.000000,,VFR,barnes,envelope,False
2026-04-21T05:57:40Z,37.080613,-76.599090,106.680000,321.927815,67.277778,-2.310988,-1.062240,2.543427,24.685752,-2.301910,-1.058067,2.533436,1.164256,-2.261311,-6.633473,,5.773449,1027.461779,1.283285,10.000000,,VFR,barnes,envelope,False
2026-04-21T05:57:50Z,37.081987,-76.600448,106.680000,321.927815,67.472222,-2.308109,-1.061954,2.540691,24.707008,-2.301440,-1.058885,2.533351,1.162165,-2.259311,-6.627655,,5.768749,1027.461105,1.283306,10.000000,,VFR,barnes,envelope,False
2026-04-21T05:58:00Z,37.083361,-76.601805,106.680000,321.927815,67.666667,-2.305233,-1.061669,2.537960,24.728318,-2.294011,-1.056501,2.525605,1.160076,-2.257313,-6.621848,,5.764053,1027.460430,1.283326,10.000000,,VFR,barnes,envelope,False
2026-04-21T05:58:10Z,37.084735,-76.603162,106.680000,321.927815,67.861111,-2.302359,-1.061387,2.535232,24.749682,-2.290085,-1.055728,2.521716,1.157989,-2.255319,-6.616049,,5.759360,1027.459752,1.283347,10.000000,,VFR,barnes,envelope,False
2026-04-21T05:58:20Z,37.086109,-76.604519,106.680000,321.927815,68.055556,-2.299489,-1.061106,2.532508,24.771101,-2.283689,-1.053815,2.515106,1.155902,-2.253328,-6.610260,,5.754671,1027.459071,1.283368,10.000000,,VFR,barnes,envelope,False
2026-04-21T05:58:30Z,37.087483,-76.605876,106.680000,321.927815,68.250000,-2.296622,-1.060827,2.529787,24.792574,-2.275862,-1.051238,2.506920,1.153817,-2.251340,-6.604481,,5.749985,1027.458388,1.283389,10.000000,,VFR,barnes,envelope,False
2026-04-21T05:58:40Z,37.088857,-76.607234,106.680000,321.927815,68.444444,-2.293757,-1.060550,2.527071,24.814103,-2.289362,-1.058517,2.522228,1.151733,-2.249355,-6.598710,,5.745304,1027.457702,1.283409,10.000000,,VFR,barnes,envelope,False
2026-04-21T05:58:50Z,37.090231,-76.608591,106.680000,321.927815,68.638889,-2.290896,-1.060275,2.524359,24.835687,-2.306475,-1.067485,2.541526,1.149650,-2.247374,-6.592949,,5.740625,1027.457013,1.283430,10.000000,,VFR,barnes,envelope,False
2026-04-21T05:59:00Z,37.091605,-76.609948,106.680000,321.927815,68.833333,-2.288037,-1.060001,2.521650,24.857326,-2.318759,-1.074234,2.555508,1.147568,-2.245396,-6.587198,,5.735950,1027.456323,1.283451,10.000000,,VFR,barnes,envelope,False
2026-04-21T05:59:10Z,37.092979,-76.611305,106.680000,321.927815,69.027778,-2.285182,-1.059729,2.518945,24.879022,-2.312452,-1.072375,2.549004,1.145488,-2.243422,-6.581455,,5.731279,1027.455629,1.283471,10.000000,,VFR,barnes,envelope,False
2026-04-21T05:59:20Z,37.094353,-76.612662,106.680000,321.927815,69.222222,-2.282329,-1.059459,2.516244,24.900773,-2.292383,-1.064126,2.527328,1.143409,-2.241450,-6.575722,,5.726612,1027.454933,1.283492,10.000000,,VFR,barnes,envelope,False
2026-04-21T05:59:30Z,37.095727,-76.614019,106.680000,321.927815,69.416667,-2.279480,-1.059191,2.513546,24.922581,-2.297705,-1.067660,2.533643,1.141331,-2.239482,-6.569998,,5.721948,1027.454235,1.283513,10.000000,,VFR,barnes,envelope,False
2026-04-21T05:59:40Z,37.097101,-76.615377,106.680000,321.927815,69.611111,-2.276633,-1.058925,2.510852,24.944446,-2.320488,-1.079323,2.559219,1.139254,-2.237517,-6.564284,,5.717288,1027.453534,1.283533,10.000000,,VFR,barnes,envelope,False
2026-04-21T05:59:50Z,37.098476,-76.616734,106.680000,321.927815,69.805556,-2.273789,-1.058661,2.508162,24.966368,-2.311101,-1.076033,2.549321,1.137178,-2.235555,-6.558578,,5.712631,1027.452831,1.283554,10.000000,,VFR,barnes,envelope,False
2026-04-21T06:00:00Z,37.099850,-76.618091,106.680000,321.927815,70.000000,-2.270948,-1.058398,2.505476,24.988348,-2.277162,-1.061294,2.512332,1.135103,-2.233596,-6.552882,,5.707978,1027.452125,1.283574,10.000000,,VFR,barnes,envelope,False
2026-04-21T06:00:10Z,37.101224,-76.619448,106.680000,321.927815,70.194444,-2.266686,-1.055360,2.500330,24.966506,-2.269164,-1.056514,2.503063,1.133621,-2.228576,-6.538283,,5.703342,1027.452262,1.283596,10.000000,,VFR,barnes,envelope,False
2026-04-21T06:00:20Z,37.102598,-76.620805,106.680000,321.927815,70.388889,-2.262429,-1.052317,2.495187,24.944421,-2.250001,-1.046537,2.481480,1.132147,-2.223556,-6.523682,,5.698709,1027.452396,1.283617,10.000000,,VFR,barnes,envelope,False
2026-04-21T06:00:30Z,37.103972,-76.622163,106.680000,321.927815,70.583333,-2.258178,-1.049270,2.490047,24.922092,-2.240639,-1.041120,2.470707,1.130679,-2.218535,-6.509077,,5.694079,1027.452530,1.283639,10.000000,,VFR,barnes,envelope,False
2026-04-21T06:00:40Z,37.105346,-76.623520,106.680000,321.927815,70.777778,-2.253931,-1.046217,2.484910,24.899516,-2.244905,-1.042027,2.474958,1.129219,-2.213513,-6.494469,,5.689453,1027.452661,1.283660,10.000000,,VFR,barnes,envelope,False
2026-04-21T06:00:50Z,37.106720,-76.624877,106.680000,321.927815,70.972222,-2.249690,-1.043159,2.479776,24.876692,-2.261809,-1.048779,2.493134,1.127766,-2.208491,-6.479859,,5.684831,1027.452791,1.283682,10.000000,,VFR,barnes,envelope,False
2026-04-21T06:01:00Z,37.108094,-76.626234,106.680000,321.927815,71.166667,-2.245454,-1.040097,2.474645,24.853619,-2.265490,-1.049377,2.496726,1.126319,-2.203468,-6.465245,,5.680212,1027.452919,1.283703,10.000000,,VFR,barnes,envelope,False
2026-04-21T06:01:10Z,37.109468,-76.627591,106.680000,321.927815,71.361111,-2.241224,-1.037029,2.469517,24.830294,-2.273621,-1.052020,2.505214,1.124881,-2.198444,-6.450630,,5.675597,1027.453045,1.283724,10.000000,,VFR,barnes,envelope,False
2026-04-21T06:01:20Z,37.110842,-76.628949,106.680000,321.927815,71.555556,-2.236998,-1.033957,2.464392,24.806717,-2.252494,-1.041119,2.481463,1.123449,-2.193420,-6.436011,,5.670985,1027.453170,1.283746,10.000000,,VFR,barnes,envelope,False
2026-04-21T06:01:30Z,37.112216,-76.630306,106.680000,321.927815,71.750000,-2.232778,-1.030879,2.459270,24.782887,-2.273061,-1.049478,2.503639,1.122024,-2.188395,-6.421390,,5.666377,1027.453292,1.283767,10.000000,,VFR,barnes,envelope,False
2026-04-21T06:01:40Z,37.113590,-76.631663,106.680000,321.927815,71.944444,-2.228563,-1.027797,2.454152,24.758800,-2.244791,-1.035281,2.472022,1.120607,-2.183369,-6.406766,,5.661773,1027.453414,1.283788,10.000000,,VFR,barnes,envelope,False
2026-04-21T06:01:50Z,37.114964,-76.633020,106.680000,321.927815,72.138889,-2.224354,-1.024710,2.449036,24.734456,-2.232369,-1.028402,2.457861,1.119197,-2.178343,-6.392140,,5.657173,1027.453533,1.283810,10.000000,,VFR,barnes,envelope,False
2026-04-21T06:02:00Z,37.116338,-76.634377,106.680000,321.927815,72.333333,-2.220150,-1.021617,2.443924,24.709853,-2.241292,-1.031346,2.467197,1.117794,-2.173316,-6.377511,,5.652576,1027.453651,1.283831,10.000000,,VFR,barnes,envelope,False
2026-04-21T06:02:10Z,37.117712,-76.635734,106.680000,321.927815,72.527778,-2.215951,-1.018520,2.438816,24.684990,-2.240005,-1.029576,2.465289,1.116399,-2.168289,-6.362880,,5.647982,1027.453767,1.283852,10.000000,,VFR,barnes,envelope,False
2026-04-21T06:02:20Z,37.119087,-76.637092,106.680000,321.927815,72.722222,-2.211758,-1.015418,2.433711,24.659865,-2.215750,-1.017251,2.438103,1.115010,-2.163261,-6.348247,,5.643393,1027.453881,1.283874,10.000000,,VFR,barnes,envelope,False
2026-04-21T06:02:30Z,37.120461,-76.638449,106.680000,321.927815,72.916667,-2.207570,-1.012312,2.428609,24.634476,-2.240504,-1.027414,2.464840,1.113629,-2.158233,-6.333611,,5.638807,1027.453993,1.283895,10.000000,,VFR,barnes,envelope,False
2026-04-21T06:02:40Z,37.121835,-76.639806,106.680000,321.927815,73.111111,-2.203388,-1.009200,2.423510,24.608822,-2.234919,-1.023642,2.458192,1.112256,-2.153204,-6.318973,,5.634225,1027.454104,1.283916,10.000000,,VFR,barnes,envelope,False
2026-04-21T06:02:50Z,37.123209,-76.641163,106.680000,321.927815,73.305556,-2.199211,-1.006084,2.418415,24.582900,-2.228704,-1.019576,2.450848,1.110889,-2.148175,-6.304334,,5.629647,1027.454213,1.283937,10.000000,,VFR,barnes,envelope,False
2026-04-21T06:03:00Z,37.124583,-76.642520,106.680000,321.927815,73.500000,-2.195040,-1.002962,2.413324,24.556710,-2.228558,-1.018278,2.450176,1.109530,-2.143146,-6.289692,,5.625072,1027.454321,1.283959,10.000000,,VFR,barnes,envelope,False
2026-04-21T06:03:10Z,37.125957,-76.643878,106.680000,321.927815,73.694444,-2.190874,-0.999836,2.408236,24.530250,-2.242957,-1.023605,2.465486,1.108179,-2.138116,-6.275048,,5.620502,1027.454426,1.283980,10.000000,,VFR,barnes,envelope,False
2026-04-21T06:03:20Z,37.127331,-76.645235,106.680000,321.927815,73.888889,-2.186714,-0.996705,2.403151,24.503518,-2.217007,-1.010513,2.436443,1.106834,-2.133086,-6.260402,,5.615935,1027.454530,1.284001,10.000000,,VFR,barnes,envelope,False
2026-04-21T06:03:30Z,37.128705,-76.646592,106.680000,321.927815,74.083333,-2.182559,-0.993569,2.398071,24.476512,-2.186843,-0.995519,2.402777,1.105498,-2.128055,-6.245755,,5.611371,1027.454632,1.284022,10.000000,,VFR,barnes,envelope,False
2026-04-21T06:03:40Z,37.130079,-76.647949,106.680000,321.927815,74.277778,-2.178410,-0.990428,2.392994,24.449231,-2.161778,-0.982867,2.374724,1.104168,-2.123024,-6.231105,,5.606812,1027.454732,1.284043,10.000000,,VFR,barnes,envelope,False
2026-04-21T06:03:50Z,37.131453,-76.649306,106.680000,321.927815,74.472222,-2.174267,-0.987283,2.387920,24.421673,-2.164880,-0.983021,2.377611,1.102846,-2.117993,-6.216454,,5.602257,1027.454831,1.284064,10.000000,,VFR,barnes,envelope,False
2026-04-21T06:04:00Z,37.132827,-76.650663,106.680000,321.927815,74.666667,-2.170129,-0.984133,2.382851,24.393836,-2.160689,-0.979852,2.372485,1.101531,-2.112961,-6.201802,,5.597705,1027.454928,1.284085,10.000000,,VFR,barnes,envelope,False
2026-04-21T06:04:10Z,37.134201,-76.652021,106.680000,321.927815,74.861111,-2.165997,-0.980978,2.377785,24.365719,-2.149066,-0.973310,2.359198,1.100224,-2.107930,-6.187148,,5.593157,1027.455023,1.284107,10.000000,,VFR,barnes,envelope,False
2026-04-21T06:04:20Z,37.135575,-76.653378,106.680000,321.927815,75.055556,-2.161871,-0.977818,2.372723,24.337319,-2.131276,-0.963980,2.339144,1.098924,-2.102898,-6.172492,,5.588613,1027.455116,1.284128,10.000000,,VFR,barnes,envelope,False
2026-04-21T06:04:30Z,37.136949,-76.654735,106.680000,321.927815,75.250000,-2.157750,-0.974653,2.367664,24.308636,-2.116059,-0.955821,2.321918,1.097632,-2.097865,-6.157835,,5.584073,1027.455208,1.284149,10.000000,,VFR,barnes,envelope,False
2026-04-21T06:04:40Z,37.138323,-76.656092,106.680000,321.927815,75.444444,-2.153635,-0.971484,2.362610,24.279667,-2.143130,-0.966745,2.351085,1.096347,-2.092833,-6.143176,,5.579537,1027.455298,1.284170,10.000000,,VFR,barnes,envelope,False
2026-04-21T06:04:50Z,37.139697,-76.657449,106.680000,321.927815,75.638889,-2.149526,-0.968310,2.357560,24.250411,-2.143072,-0.965402,2.350480,1.095070,-2.087800,-6.128516,,5.575005,1027.455386,1.284191,10.000000,,VFR,barnes,envelope,False
2026-04-21T06:05:00Z,37.141072,-76.658807,106.680000,321.927815,75.833333,-2.145423,-0.965131,2.352513,24.220865,-2.179891,-0.980636,2.390308,1.093800,-2.082768,-6.113855,,5.511735,1027.455472,1.284482,10.000000,,VFR,barnes,envelope,False
2026-04-21T06:05:10Z,37.142446,-76.660164,106.680000,321.927815,76.027778,-2.141820,-0.964868,2.349120,24.251069,-2.149261,-0.968220,2.357281,1.091125,-2.080339,-6.106780,,5.507335,1027.455806,1.284503,10.000000,,VFR,barnes,envelope,False
2026-04-21T06:05:20Z,37.143820,-76.661521,106.680000,321.927815,76.222222,-2.138218,-0.964604,2.345727,24.281330,-2.127294,-0.959676,2.333743,1.088452,-2.077910,-6.099703,,5.502939,1027.456139,1.284524,10.000000,,VFR,barnes,envelope,False
2026-04-21T06:05:30Z,37.145194,-76.662878,106.680000,321.927815,76.416667,-2.134616,-0.964339,2.342336,24.311649,-2.133193,-0.963696,2.340774,1.085780,-2.075480,-6.092624,,5.498546,1027.456472,1.284544,10.000000,,VFR,barnes,envelope,False
2026-04-21T06:05:40Z,37.146568,-76.664235,106.680000,321.927815,76.611111,-2.131015,-0.964073,2.338945,24.342026,-2.124161,-0.960972,2.331422,1.083110,-2.073050,-6.085544,,5.494157,1027.456805,1.284565,10.000000,,VFR,barnes,envelope,False
2026-04-21T06:05:50Z,37.147942,-76.665593,106.680000,321.927815,76.805556,-2.127415,-0.963806,2.335555,24.372461,-2.098214,-0.950577,2.303497,1.080440,-2.070620,-6.078463,,5.489772,1027.457139,1.284586,10.000000,,VFR,barnes,envelope,False
2026-04-21T06:06:00Z,37.149316,-76.666950,106.680000,321.927815,77.000000,-2.123816,-0.963538,2.332166,24.402954,-2.073193,-0.940571,2.276577,1.077772,-2.068189,-6.071381,,5.485391,1027.457472,1.284606,10.000000,,VFR,barnes,envelope,False
2026-04-21T06:06:10Z,37.150690,-76.668307,106.680000,321.927815,77.194444,-2.120217,-0.963268,2.328778,24.433506,-2.078428,-0.944283,2.282879,1.075105,-2.065758,-6.064297,,5.481014,1027.457805,1.284627,10.000000,,VFR,barnes,envelope,False
2026-04-21T06:06:20Z,37.152064,-76.669664,106.680000,321.927815,77.388889,-2.116619,-0.962998,2.325390,24.464118,-2.086373,-0.949237,2.292161,1.072439,-2.063326,-6.057213,,5.476641,1027.458138,1.284647,10.000000,,VFR,barnes,envelope,False
2026-04-21T06:06:30Z,37.153438,-76.671021,106.680000,321.927815,77.583333,-2.113021,-0.962727,2.322004,24.494788,-2.095338,-0.954670,2.302572,1.069774,-2.060894,-6.050126,,5.472271,1027.458471,1.284668,10.000000,,VFR,barnes,envelope,False
2026-04-21T06:06:40Z,37.154812,-76.672378,106.680000,321.927815,77.777778,-2.109424,-0.962455,2.318618,24.525518,-2.106401,-0.961076,2.315295,1.067110,-2.058462,-6.043039,,5.467906,1027.458804,1.284689,10.000000,,VFR,barnes,envelope,False
2026-04-21T06:06:50Z,37.156186,-76.673736,106.680000,321.927815,77.972222,-2.105828,-0.962182,2.315234,24.556307,-2.113921,-0.965879,2.324131,1.064448,-2.056030,-6.035951,,5.463545,1027.459138,1.284709,10.000000,,VFR,barnes,envelope,False
2026-04-21T06:07:00Z,37.157560,-76.675093,106.680000,321.927815,78.166667,-2.102233,-0.961908,2.311850,24.587157,-2.106021,-0.963641,2.316015,1.061786,-2.053597,-6.028861,,5.459188,1027.459471,1.284730,10.000000,,VFR,barnes,envelope,False
2026-04-21T06:07:10Z,37.158934,-76.676450,106.680000,321.927815,78.361111,-2.098639,-0.961632,2.308467,24.618067,-2.094528,-0.959749,2.303945,1.059126,-2.051163,-6.021770,,5.454834,1027.459804,1.284750,10.000000,,VFR,barnes,envelope,False
2026-04-21T06:07:20Z,37.160308,-76.677807,106.680000,321.927815,78.555556,-2.095045,-0.961356,2.305085,24.649037,-2.107654,-0.967142,2.318958,1.056468,-2.048730,-6.014678,,5.450485,1027.460137,1.284771,10.000000,,VFR,barnes,envelope,False
2026-04-21T06:07:30Z,37.161682,-76.679164,106.680000,321.927815,78.750000,-2.091452,-0.961079,2.301704,24.680068,-2.107582,-0.968491,2.319457,1.053810,-2.046296,-6.007585,,5.446140,1027.460470,1.284791,10.000000,,VFR,barnes,envelope,False
2026-04-21T06:07:40Z,37.163057,-76.680522,106.680000,321.927815,78.944444,-2.087859,-0.960801,2.298324,24.711160,-2.084738,-0.959364,2.294888,1.051154,-2.043862,-6.000491,,5.441798,1027.460803,1.284811,10.000000,,VFR,barnes,envelope,False
2026-04-21T06:07:50Z,37.164431,-76.681879,106.680000,321.927815,79.138889,-2.084268,-0.960522,2.294945,24.742314,-2.073159,-0.955402,2.282713,1.048498,-2.041427,-5.993396,,5.437461,1027.461137,1.284832,10.000000,,VFR,barnes,envelope,False
2026-04-21T06:08:00Z,37.165805,-76.683236,106.680000,321.927815,79.333333,-2.080677,-0.960242,2.291567,24.773529,-2.059743,-0.950580,2.268511,1.045844,-2.038993,-5.986300,,5.433128,1027.461470,1.284852,10.000000,,VFR,barnes,envelope,False
2026-04-21T06:08:10Z,37.167179,-76.684593,106.680000,321.927815,79.527778,-2.077087,-0.959960,2.288190,24.804806,-2.067460,-0.955511,2.277585,1.043191,-2.036558,-5.979202,,5.428799,1027.461803,1.284873,10.000000,,VFR,barnes,envelope,False
2026-04-21T06:08:20Z,37.168553,-76.685950,106.680000,321.927815,79.722222,-2.073498,-0.959678,2.284814,24.836144,-2.067524,-0.956913,2.278231,1.040540,-2.034122,-5.972104,,5.424474,1027.462137,1.284893,10.000000,,VFR,barnes,envelope,False
2026-04-21T06:08:30Z,37.169927,-76.687307,106.680000,321.927815,79.916667,-2.069910,-0.959395,2.281439,24.867546,-2.070214,-0.959537,2.281775,1.037890,-2.031687,-5.965005,,5.420153,1027.462470,1.284913,10.000000,,VFR,barnes,envelope,False
2026-04-21T06:08:40Z,37.171301,-76.688665,106.680000,321.927815,80.111111,-2.066322,-0.959111,2.278065,24.899010,-2.073194,-0.962301,2.285641,1.035240,-2.029251,-5.957905,,5.415837,1027.462804,1.284934,10.000000,,VFR,barnes,envelope,False
2026-04-21T06:08:50Z,37.172675,-76.690022,106.680000,321.927815,80.305556,-2.062735,-0.958826,2.274692,24.930536,-2.057466,-0.956377,2.268882,1.032593,-2.026815,-5.950804,,5.411524,1027.463137,1.284954,10.000000,,VFR,barnes,envelope,False
2026-04-21T06:09:00Z,37.174049,-76.691379,106.680000,321.927815,80.500000,-2.059150,-0.958541,2.271321,24.962126,-2.040469,-0.949845,2.250715,1.029946,-2.024379,-5.943702,,5.407216,1027.463471,1.284974,10.000000,,VFR,barnes,envelope,False
2026-04-21T06:09:10Z,37.175423,-76.692736,106.680000,321.927815,80.694444,-2.055564,-0.958254,2.267950,24.993780,-2.018019,-0.940751,2.226525,1.027300,-2.021942,-5.936599,,5.402912,1027.463804,1.284995,10.000000,,VFR,barnes,envelope,False
2026-04-21T06:09:20Z,37.176797,-76.694093,106.680000,321.927815,80.888889,-2.051980,-0.957966,2.264580,25.025497,-2.045054,-0.954733,2.256936,1.024656,-2.019505,-5.929496,,5.398612,1027.464138,1.285015,10.000000,,VFR,barnes,envelope,False
2026-04-21T06:09:30Z,37.178171,-76.695451,106.680000,321.927815,81.083333,-2.048397,-0.957677,2.261211,25.057278,-2.047096,-0.957069,2.259775,1.022013,-2.017068,-5.922391,,5.394316,1027.464472,1.285035,10.000000,,VFR,barnes,envelope,False
2026-04-21T06:09:40Z,37.179545,-76.696808,106.680000,321.927815,81.277778,-2.044814,-0.957388,2.257843,25.089123,-2.054939,-0.962128,2.269023,1.019372,-2.014631,-5.915286,,5.390024,1027.464806,1.285055,10.000000,,VFR,barnes,envelope,False
2026-04-21T06:09:50Z,37.180919,-76.698165,106.680000,321.927815,81.472222,-2.041232,-0.957097,2.254477,25.121033,-2.041722,-0.957327,2.255017,1.016731,-2.012194,-5.908180,,5.385737,1027.465140,1.285075,10.000000,,VFR,barnes,envelope,False
2026-04-21T06:10:00Z,37.182293,-76.699522,106.680000,321.927815,81.666667,-2.037652,-0.956806,2.251111,25.153008,-2.054963,-0.964934,2.270236,1.014092,-2.009756,-5.901073,,5.381453,1027.465474,1.285096,10.000000,,VFR,barnes,envelope,False
2026-04-21T06:10:10Z,37.183667,-76.700879,106.680000,321.927815,81.861111,-2.033591,-0.956049,2.247114,25.179543,-2.018899,-0.949141,2.230879,1.011362,-2.006656,-5.892036,,5.377166,1027.465720,1.285116,10.000000,,VFR,barnes,envelope,False
2026-04-21T06:10:20Z,37.185042,-76.702237,106.680000,321.927815,82.055556,-2.029531,-0.955287,2.243116,25.206065,-2.047821,-0.963896,2.263330,1.008635,-2.003553,-5.882987,,5.372883,1027.465965,1.285136,10.000000,,VFR,barnes,envelope,False
2026-04-21T06:10:30Z,37.186416,-76.703594,106.680000,321.927815,82.250000,-2.025470,-0.954521,2.239115,25.232576,-2.038032,-0.960441,2.253003,1.005911,-2.000445,-5.873926,,5.368605,1027.466209,1.285156,10.000000,,VFR,barnes,envelope,False
2026-04-21T06:10:40Z,37.187790,-76.704951,106.680000,321.927815,82.444444,-2.021408,-0.953749,2.235113,25.259075,-2.065609,-0.974604,2.283986,1.003189,-1.997333,-5.864853,,5.364331,1027.466453,1.285176,10.000000,,VFR,barnes,envelope,False
2026-04-21T06:10:50Z,37.189164,-76.706308,106.680000,321.927815,82.638889,-2.017346,-0.952973,2.231108,25.285562,-2.053121,-0.969873,2.270674,1.000470,-1.994218,-5.855768,,5.360061,1027.466696,1.285196,10.000000,,VFR,barnes,envelope,False
2026-04-21T06:11:00Z,37.190538,-76.707665,106.680000,321.927815,82.833333,-2.013284,-0.952193,2.227102,25.312039,-2.015107,-0.953055,2.229118,0.997754,-1.991098,-5.846671,,5.355796,1027.466938,1.285216,10.000000,,VFR,barnes,envelope,False
2026-04-21T06:11:10Z,37.191912,-76.709022,106.680000,321.927815,83.027778,-2.009222,-0.951407,2.223094,25.338503,-2.028706,-0.960633,2.244653,0.995040,-1.987975,-5.837563,,5.351535,1027.467180,1.285236,10.000000,,VFR,barnes,envelope,False
2026-04-21T06:11:20Z,37.193286,-76.710380,106.680000,321.927815,83.222222,-2.005159,-0.950617,2.219084,25.364957,-2.026722,-0.960840,2.242948,0.992329,-1.984847,-5.828442,,5.347278,1027.467422,1.285256,10.000000,,VFR,barnes,envelope,False
2026-04-21T06:11:30Z,37.194660,-76.711737,106.680000,321.927815,83.416667,-2.001096,-0.949822,2.215072,25.391399,-2.021694,-0.959599,2.237874,0.989620,-1.981716,-5.819310,,5.343027,1027.467662,1.285276,10.000000,,VFR,barnes,envelope,False
2026-04-21T06:11:40Z,37.196034,-76.713094,106.680000,321.927815,83.611111,-1.997032,-0.949022,2.211059,25.417831,-2.028085,-0.963779,2.245439,0.986914,-1.978581,-5.810167,,5.338779,1027.467902,1.285296,10.000000,,VFR,barnes,envelope,False
2026-04-21T06:11:50Z,37.197408,-76.714451,106.680000,321.927815,83.805556,-1.992968,-0.948218,2.207043,25.444251,-1.983238,-0.943588,2.196268,0.984211,-1.975441,-5.801011,,5.334536,1027.468142,1.285315,10.000000,,VFR,barnes,envelope,False
2026-04-21T06:12:00Z,37.198782,-76.715808,106.680000,321.927815,84.000000,-1.988904,-0.947409,2.203026,25.470661,-1.971355,-0.939049,2.183587,0.981511,-1.972298,-5.791844,,5.330298,1027.468381,1.285335,10.000000,,VFR,barnes,envelope,False
2026-04-21T06:12:10Z,37.200156,-76.717166,106.680000,321.927815,84.194444,-1.984840,-0.946595,2.199007,25.497060,-1.962065,-0.935733,2.173774,0.978813,-1.969151,-5.782664,,5.326064,1027.468619,1.285355,10.000000,,VFR,barnes,envelope,False
2026-04-21T06:12:20Z,37.201530,-76.718523,106.680000,321.927815,84.388889,-1.980775,-0.945776,2.194985,25.523448,-1.989859,-0.950114,2.205053,0.976118,-1.966000,-5.773474,,5.321835,1027.468856,1.285375,10.000000,,VFR,barnes,envelope,False
2026-04-21T06:12:30Z,37.202904,-76.719880,106.680000,321.927815,84.583333,-1.976710,-0.944953,2.190962,25.549826,-2.008154,-0.959985,2.225815,0.973425,-1.962845,-5.764271,,5.317610,1027.469093,1.285395,10.000000,,VFR,barnes,envelope,False
2026-04-21T06:12:40Z,37.204278,-76.721237,106.680000,321.927815,84.777778,-1.972644,-0.944125,2.186938,25.576193,-1.994154,-0.954420,2.210784,0.970735,-1.959686,-5.755057,,5.313390,1027.469330,1.285415,10.000000,,VFR,barnes,envelope,False
2026-04-21T06:12:50Z,37.205653,-76.722594,106.680000,321.927815,84.972222,-1.968578,-0.943292,2.182911,25.602550,-2.000553,-0.958614,2.218367,0.968048,-1.956523,-5.745831,,5.309174,1027.469566,1.285434,10.000000,,VFR,barnes,envelope,False
2026-04-21T06:13:00Z,37.207027,-76.723952,106.680000,321.927815,85.166667,-1.964512,-0.942455,2.178882,25.628896,-1.941028,-0.931189,2.152836,0.965363,-1.953357,-5.736593,,5.304963,1027.469801,1.285454,10.000000,,VFR,barnes,envelope,False
2026-04-21T06:13:10Z,37.208401,-76.725309,106.680000,321.927815,85.361111,-1.960445,-0.941613,2.174852,25.655233,-1.949738,-0.936470,2.162974,0.962681,-1.950186,-5.727344,,5.300757,1027.470036,1.285474,10.000000,,VFR,barnes,envelope,False
2026-04-21T06:13:20Z,37.209775,-76.726666,106.680000,321.927815,85.555556,-1.956379,-0.940766,2.170820,25.681559,-1.929155,-0.927675,2.140612,0.960002,-1.947012,-5.718083,,5.296555,1027.470270,1.285493,10.000000,,VFR,barnes,envelope,False
2026-04-21T06:13:30Z,37.211149,-76.728023,106.680000,321.927815,85.750000,-1.952311,-0.939915,2.166785,25.707876,-1.927348,-0.927896,2.139080,0.957325,-1.943833,-5.708810,,5.292358,1027.470503,1.285513,10.000000,,VFR,barnes,envelope,False
2026-04-21T06:13:40Z,37.212523,-76.729380,106.680000,321.927815,85.944444,-1.948244,-0.939058,2.162749,25.734182,-1.929530,-0.930038,2.141975,0.954651,-1.940651,-5.699526,,5.288165,1027.470736,1.285533,10.000000,,VFR,barnes,envelope,False
2026-04-21T06:13:50Z,37.213897,-76.730737,106.680000,321.927815,86.138889,-1.944176,-0.938198,2.158712,25.760479,-1.943484,-0.937864,2.157943,0.951979,-1.937465,-5.690230,,5.283977,1027.470969,1.285552,10.000000,,VFR,barnes,envelope,False
2026-04-21T06:14:00Z,37.215271,-76.732095,106.680000,321.927815,86.333333,-1.940108,-0.937332,2.154672,25.786766,-1.939902,-0.937232,2.154443,0.949311,-1.934275,-5.680923,,5.279794,1027.471200,1.285572,10.000000,,VFR,barnes,envelope,False
2026-04-21T06:14:10Z,37.216645,-76.733452,106.680000,321.927815,86.527778,-1.936040,-0.936462,2.150630,25.813043,-1.926297,-0.931749,2.139808,0.946644,-1.931081,-5.671604,,5.275615,1027.471432,1.285592,10.000000,,VFR,barnes,envelope,False
2026-04-21T06:14:20Z,37.218019,-76.734809,106.680000,321.927815,86.722222,-1.931971,-0.935587,2.146587,25.839311,-1.900778,-0.920482,2.111929,0.943981,-1.927884,-5.662273,,5.271442,1027.471662,1.285611,10.000000,,VFR,barnes,envelope,False
2026-04-21T06:14:30Z,37.219393,-76.736166,106.680000,321.927815,86.916667,-1.927902,-0.934708,2.142542,25.865569,-1.869822,-0.906549,2.077995,0.941320,-1.924682,-5.652931,,5.267273,1027.471892,1.285631,10.000000,,VFR,barnes,envelope,False
2026-04-21T06:14:40Z,37.220767,-76.737523,106.680000,321.927815,87.111111,-1.923833,-0.933823,2.138494,25.891818,-1.881650,-0.913348,2.091605,0.938662,-1.921477,-5.643578,,5.263108,1027.472122,1.285650,10.000000,,VFR,barnes,envelope,False
2026-04-21T06:14:50Z,37.222141,-76.738881,106.680000,321.927815,87.305556,-1.919763,-0.932935,2.134445,25.918057,-1.931064,-0.938426,2.147010,0.936006,-1.918267,-5.634213,,5.258949,1027.472351,1.285670,10.000000,,VFR,barnes,envelope,False
2026-04-21T06:15:00Z,37.223515,-76.740238,106.680000,321.927815,87.500000,-1.915693,-0.932041,2.130395,25.944287,-1.922004,-0.935112,2.137413,0.933353,-1.915054,-5.624836,,5.254794,1027.472579,1.285689,10.000000,,VFR,barnes,envelope,False
2026-04-21T06:15:10Z,37.224889,-76.741595,106.680000,321.927815,87.694444,-1.911770,-0.930915,2.126374,25.963247,-1.907633,-0.928901,2.121773,0.930959,-1.911748,-5.615188,,5.251481,1027.472280,1.285704,10.000000,,VFR,barnes,envelope,False
2026-04-21T06:15:20Z,37.226263,-76.742952,106.680000,321.927815,87.888889,-1.907843,-0.929782,2.122347,25.982169,-1.899628,-0.925779,2.113209,0.928566,-1.908435,-5.605517,,5.248171,1027.471978,1.285719,10.000000,,VFR,barnes,envelope,False
2026-04-21T06:15:30Z,37.227638,-76.744309,106.680000,321.927815,88.083333,-1.903911,-0.928643,2.118315,26.001055,-1.916153,-0.934614,2.131935,0.926174,-1.905114,-5.595825,,5.244864,1027.471673,1.285734,10.000000,,VFR,barnes,envelope,False
2026-04-21T06:15:40Z,37.229012,-76.745666,106.680000,321.927815,88.277778,-1.899976,-0.927498,2.114276,26.019903,-1.915576,-0.935113,2.131635,0.923782,-1.901786,-5.586111,,5.241559,1027.471365,1.285749,10.000000,,VFR,barnes,envelope,False
2026-04-21T06:15:50Z,37.230386,-76.747024,106.680000,321.927815,88.472222,-1.896037,-0.926346,2.110231,26.038715,-1.910202,-0.933266,2.125996,0.921391,-1.898450,-5.576374,,5.238257,1027.471055,1.285764,10.000000,,VFR,barnes,envelope,False
2026-04-21T06:16:00Z,37.231760,-76.748381,106.680000,321.927815,88.666667,-1.892094,-0.925187,2.106180,26.057491,-1.919618,-0.938646,2.136817,0.919002,-1.895107,-5.566616,,5.234958,1027.470741,1.285778,10.000000,,VFR,barnes,envelope,False
2026-04-21T06:16:10Z,37.233134,-76.749738,106.680000,321.927815,88.861111,-1.888147,-0.924023,2.102122,26.076229,-1.892799,-0.926299,2.107301,0.916613,-1.891756,-5.556835,,5.231661,1027.470424,1.285793,10.000000,,VFR,barnes,envelope,False
2026-04-21T06:16:20Z,37.234508,-76.751095,106.680000,321.927815,89.055556,-1.884196,-0.922852,2.098059,26.094931,-1.917952,-0.939384,2.135646,0.914224,-1.888397,-5.547032,,5.228367,1027.470104,1.285808,10.000000,,VFR,barnes,envelope,False
2026-04-21T06:16:30Z,37.235882,-76.752452,106.680000,321.927815,89.250000,-1.880241,-0.921674,2.093989,26.113596,-1.903128,-0.932893,2.119477,0.911837,-1.885032,-5.537206,,5.225076,1027.469782,1.285823,10.000000,,VFR,barnes,envelope,False
2026-04-21T06:16:40Z,37.237256,-76.753810,106.680000,321.927815,89.444444,-1.876282,-0.920490,2.089913,26.132225,-1.876679,-0.920685,2.090355,0.909450,-1.881658,-5.527358,,5.221787,1027.469456,1.285838,10.000000,,VFR,barnes,envelope,False
2026-04-21T06:16:50Z,37.238630,-76.755167,106.680000,321.927815,89.638889,-1.872319,-0.919300,2.085831,26.150817,-1.837758,-0.902331,2.047329,0.907065,-1.878277,-5.517488,,5.218501,1027.469128,1.285852,10.000000,,VFR,barnes,envelope,False
2026-04-21T06:17:00Z,37.240004,-76.756524,106.680000,321.927815,89.833333,-1.868352,-0.918103,2.081743,26.169373,-1.810280,-0.889567,2.017038,0.904680,-1.874889,-5.507596,,5.215218,1027.468796,1.285867,10.000000,,VFR,barnes,envelope,False
2026-04-21T06:17:10Z,37.241378,-76.757881,106.680000,321.927815,90.027778,-1.864381,-0.916900,2.077648,26.187892,-1.842217,-0.906000,2.052949,0.902295,-1.871493,-5.497681,,5.211938,1027.468462,1.285882,10.000000,,VFR,barnes,envelope,False
2026-04-21T06:17:20Z,37.242752,-76.759238,106.680000,321.927815,90.222222,-1.860406,-0.915690,2.073547,26.206376,-1.851315,-0.911216,2.063415,0.899912,-1.868089,-5.487744,,5.208660,1027.468124,1.285897,10.000000,,VFR,barnes,envelope,False
2026-04-21T06:17:30Z,37.244126,-76.760596,106.680000,321.927815,90.416667,-1.856426,-0.914474,2.069440,26.224823,-1.881033,-0.926595,2.096870,0.897529,-1.864678,-5.477784,,5.205385,1027.467784,1.285911,10.000000,,VFR,barnes,envelope,False
2026-04-21T06:17:40Z,37.245500,-76.761953,106.680000,321.927815,90.611111,-1.852443,-0.913252,2.065326,26.243233,-1.868606,-0.921220,2.083347,0.895147,-1.861259,-5.467801,,5.202112,1027.467441,1.285926,10.000000,,VFR,barnes,envelope,False
2026-04-21T06:17:50Z,37.246874,-76.763310,106.680000,321.927815,90.805556,-1.848455,-0.912023,2.061206,26.261608,-1.874964,-0.925102,2.090766,0.892765,-1.857833,-5.457796,,5.198842,1027.467094,1.285941,10.000000,,VFR,barnes,envelope,False
2026-04-21T06:18:00Z,37.248248,-76.764667,106.680000,321.927815,91.000000,-1.844463,-0.910787,2.057080,26.279946,-1.898056,-0.937251,2.116850,0.890385,-1.854399,-5.447769,,5.195575,1027.466745,1.285955,10.000000,,VFR,barnes,envelope,False
2026-04-21T06:18:10Z,37.249623,-76.766024,106.680000,321.927815,91.194444,-1.840467,-0.909546,2.052947,26.298249,-1.910240,-0.944027,2.130776,0.888005,-1.850957,-5.437718,,5.192311,1027.466393,1.285970,10.000000,,VFR,barnes,envelope,False
2026-04-21T06:18:20Z,37.250997,-76.767381,106.680000,321.927815,91.388889,-1.836467,-0.908297,2.048808,26.316515,-1.929413,-0.954268,2.152502,0.885625,-1.847507,-5.427645,,5.189049,1027.466038,1.285985,10.000000,,VFR,barnes,envelope,False
2026-04-21T06:18:30Z,37.252371,-76.768739,106.680000,321.927815,91.583333,-1.832463,-0.907043,2.044663,26.334745,-1.956349,-0.968364,2.182895,0.883247,-1.844050,-5.417549,,5.185790,1027.465679,1.285999,10.000000,,VFR,barnes,envelope,False
2026-04-21T06:18:40Z,37.253745,-76.770096,106.680000,321.927815,91.777778,-1.828454,-0.905781,2.040511,26.352940,-1.897147,-0.939810,2.117170,0.880869,-1.840585,-5.407431,,5.182533,1027.465318,1.286014,10.000000,,VFR,barnes,envelope,False
2026-04-21T06:18:50Z,37.255119,-76.771453,106.680000,321.927815,91.972222,-1.824441,-0.904514,2.036352,26.371098,-1.904297,-0.944104,2.125483,0.878491,-1.837113,-5.397289,,5.179280,1027.464954,1.286028,10.000000,,VFR,barnes,envelope,False
2026-04-21T06:19:00Z,37.256493,-76.772810,106.680000,321.927815,92.166667,-1.820424,-0.903240,2.032187,26.389220,-1.895028,-0.940256,2.115470,0.876115,-1.833633,-5.387125,,5.176028,1027.464587,1.286043,10.000000,,VFR,barnes,envelope,False
2026-04-21T06:19:10Z,37.257867,-76.774167,106.680000,321.927815,92.361111,-1.816403,-0.901959,2.028016,26.407307,-1.900939,-0.943937,2.122401,0.873739,-1.830145,-5.376937,,5.172780,1027.464217,1.286058,10.000000,,VFR,barnes,envelope,False
2026-04-21T06:19:20Z,37.259241,-76.775525,106.680000,321.927815,92.555556,-1.812377,-0.900672,2.023838,26.425358,-1.878304,-0.933435,2.097457,0.871363,-1.826649,-5.366727,,5.169534,1027.463844,1.286072,10.000000,,VFR,barnes,envelope,False
2026-04-21T06:19:30Z,37.260615,-76.776882,106.680000,321.927815,92.750000,-1.808347,-0.899378,2.019654,26.443373,-1.840281,-0.915260,2.055319,0.868988,-1.823146,-5.356494,,5.166291,1027.463468,1.286087,10.000000,,VFR,barnes,envelope,False
2026-04-21T06:19:40Z,37.261989,-76.778239,106.680000,321.927815,92.944444,-1.804313,-0.898078,2.015462,26.461352,-1.807991,-0.899909,2.019571,0.866614,-1.819634,-5.346237,,5.163051,1027.463089,1.286101,10.000000,,VFR,barnes,envelope,False
2026-04-21T06:19:50Z,37.263363,-76.779596,106.680000,321.927815,93.138889,-1.800274,-0.896771,2.011265,26.479295,-1.819959,-0.906577,2.033256,0.864240,-1.816115,-5.335958,,5.159813,1027.462707,1.286116,10.000000,,VFR,barnes,envelope,False
2026-04-21T06:20:00Z,37.264737,-76.780953,106.680000,321.927815,93.333333,-1.796231,-0.895458,2.007061,26.497203,-1.788193,-0.891451,1.998079,0.861867,-1.812588,-5.325655,,5.156578,1027.462322,1.286130,10.000000,,VFR,barnes,envelope,False
2026-04-21T06:20:10Z,37.266111,-76.782310,106.680000,321.927815,93.527778,-1.793014,-0.893860,2.003468,26.497336,-1.774913,-0.884836,1.983243,0.860320,-1.809346,-5.316182,,5.153345,1027.461971,1.286145,10.000000,,VFR,barnes,envelope,False
2026-04-21T06:20:20Z,37.267485,-76.783668,106.680000,321.927815,93.722222,-1.789796,-0.892255,1.999872,26.497338,-1.749991,-0.872412,1.955395,0.858776,-1.806099,-5.306696,,5.150116,1027.461618,1.286159,10.000000,,VFR,barnes,envelope,False
2026-04-21T06:20:30Z,37.268859,-76.785025,106.680000,321.927815,93.916667,-1.786578,-0.890646,1.996274,26.497208,-1.774273,-0.884512,1.982525,0.857235,-1.802847,-5.297197,,5.146888,1027.461262,1.286173,10.000000,,VFR,barnes,envelope,False
2026-04-21T06:20:40Z,37.270233,-76.786382,106.680000,321.927815,94.111111,-1.783359,-0.889031,1.992673,26.496946,-1.791120,-0.892900,2.001345,0.855697,-1.799591,-5.287684,,5.143664,1027.460903,1.286188,10.000000,,VFR,barnes,envelope,False
2026-04-21T06:20:50Z,37.271608,-76.787739,106.680000,321.927815,94.305556,-1.780140,-0.887411,1.989069,26.496548,-1.806518,-0.900561,2.018543,0.854162,-1.796330,-5.278158,,5.140442,1027.460541,1.286202,10.000000,,VFR,barnes,envelope,False
2026-04-21T06:21:00Z,37.272982,-76.789096,106.680000,321.927815,94.500000,-1.776920,-0.885785,1.985463,26.496016,-1.813340,-0.903941,2.026157,0.852630,-1.793065,-5.268618,,5.137223,1027.460176,1.286217,10.000000,,VFR,barnes,envelope,False
2026-04-21T06:21:10Z,37.274356,-76.790454,106.680000,321.927815,94.694444,-1.773700,-0.884155,1.981853,26.495347,-1.797570,-0.896053,2.008524,0.851101,-1.789796,-5.259065,,5.134007,1027.459809,1.286231,10.000000,,VFR,barnes,envelope,False
2026-04-21T06:21:20Z,37.275730,-76.791811,106.680000,321.927815,94.888889,-1.770480,-0.882518,1.978241,26.494540,-1.768550,-0.881556,1.976085,0.849575,-1.786522,-5.249499,,5.130793,1027.459439,1.286246,10.000000,,VFR,barnes,envelope,False
2026-04-21T06:21:30Z,37.277104,-76.793168,106.680000,321.927815,95.083333,-1.767259,-0.880876,1.974626,26.493595,-1.738233,-0.866408,1.942193,0.848052,-1.783243,-5.239919,,5.127582,1027.459067,1.286260,10.000000,,VFR,barnes,envelope,False
2026-04-21T06:21:40Z,37.278478,-76.794525,106.680000,321.927815,95.277778,-1.764038,-0.879229,1.971009,26.492509,-1.728122,-0.861328,1.930879,0.846532,-1.779960,-5.230326,,5.124373,1027.458691,1.286274,10.000000,,VFR,barnes,envelope,False
2026-04-21T06:21:50Z,37.279852,-76.795882,106.680000,321.927815,95.472222,-1.760817,-0.877577,1.967388,26.491283,-1.715163,-0.854823,1.916378,0.845015,-1.776673,-5.220719,,5.121168,1027.458313,1.286289,10.000000,,VFR,barnes,envelope,False
2026-04-21T06:22:00Z,37.281226,-76.797240,106.680000,321.927815,95.666667,-1.757595,-0.875918,1.963765,26.489914,-1.728272,-0.861305,1.931002,0.843501,-1.773381,-5.211099,,5.117964,1027.457933,1.286303,10.000000,,VFR,barnes,envelope,False
2026-04-21T06:22:10Z,37.282600,-76.798597,106.680000,321.927815,95.861111,-1.754373,-0.874255,1.960139,26.488401,-1.726196,-0.860213,1.928657,0.841990,-1.770084,-5.201465,,5.114764,1027.457549,1.286317,10.000000,,VFR,barnes,envelope,False
2026-04-21T06:22:20Z,37.283974,-76.799954,106.680000,321.927815,96.055556,-1.751151,-0.872586,1.956511,26.486744,-1.742335,-0.868193,1.946661,0.840483,-1.766783,-5.191817,,5.111566,1027.457163,1.286332,10.000000,,VFR,barnes,envelope,False
2026-04-21T06:22:30Z,37.285348,-76.801311,106.680000,321.927815,96.250000,-1.747928,-0.870911,1.952879,26.484941,-1.694474,-0.844278,1.893158,0.838978,-1.763477,-5.182156,,5.108371,1027.456774,1.286346,10.000000,,VFR,barnes,envelope,False
2026-04-21T06:22:40Z,37.286722,-76.802668,106.680000,321.927815,96.444444,-1.744705,-0.869231,1.949245,26.482990,-1.702082,-0.847996,1.901626,0.837477,-1.760167,-5.172482,,5.105179,1027.456382,1.286360,10.000000,,VFR,barnes,envelope,False
2026-04-21T06:22:50Z,37.288096,-76.804025,106.680000,321.927815,96.638889,-1.741481,-0.867545,1.945608,26.480892,-1.759624,-0.876583,1.965877,0.835979,-1.756852,-5.162793,,5.101989,1027.455988,1.286374,10.000000,,VFR,barnes,envelope,False
2026-04-21T06:23:00Z,37.289470,-76.805383,106.680000,321.927815,96.833333,-1.738257,-0.865854,1.941968,26.478643,-1.787486,-0.890376,1.996967,0.834484,-1.753533,-5.153092,,5.098802,1027.455591,1.286389,10.000000,,VFR,barnes,envelope,False
2026-04-21T06:23:10Z,37.290844,-76.806740,106.680000,321.927815,97.027778,-1.735033,-0.864157,1.938326,26.476244,-1.809716,-0.901354,2.021760,0.832992,-1.750209,-5.143376,,5.095617,1027.455191,1.286403,10.000000,,VFR,barnes,envelope,False
2026-04-21T06:23:20Z,37.292219,-76.808097,106.680000,321.927815,97.222222,-1.731808,-0.862455,1.934681,26.473693,-1.812286,-0.902534,2.024586,0.831503,-1.746881,-5.133647,,5.092435,1027.454788,1.286417,10.000000,,VFR,barnes,envelope,False
2026-04-21T06:23:30Z,37.293593,-76.809454,106.680000,321.927815,97.416667,-1.728583,-0.860747,1.931033,26.470988,-1.763188,-0.877978,1.969689,0.830017,-1.743548,-5.123904,,5.089256,1027.454383,1.286431,10.000000,,VFR,barnes,envelope,False
2026-04-21T06:23:40Z,37.294967,-76.810811,106.680000,321.927815,97.611111,-1.725358,-0.859034,1.927382,26.468129,-1.789908,-0.891172,1.999489,0.828535,-1.740210,-5.114147,,5.086080,1027.453975,1.286445,10.000000,,VFR,barnes,envelope,False
2026-04-21T06:23:50Z,37.296341,-76.812169,106.680000,321.927815,97.805556,-1.722133,-0.857315,1.923728,26.465114,-1.798767,-0.895465,2.009333,0.827056,-1.736867,-5.104376,,5.082906,1027.453564,1.286460,10.000000,,VFR,barnes,envelope,False
2026-04-21T06:24:00Z,37.297715,-76.813526,106.680000,321.927815,98.000000,-1.718907,-0.855590,1.920072,26.461942,-1.789175,-0.890567,1.998564,0.825580,-1.733521,-5.094592,,5.079734,1027.453151,1.286474,10.000000,,VFR,barnes,envelope,False
2026-04-21T06:24:10Z,37.299089,-76.814883,106.680000,321.927815,98.194444,-1.715681,-0.853860,1.916413,26.458611,-1.762531,-0.877176,1.968744,0.824107,-1.730169,-5.084794,,5.076566,1027.452735,1.286488,10.000000,,VFR,barnes,envelope,False
2026-04-21T06:24:20Z,37.300463,-76.816240,106.680000,321.927815,98.388889,-1.712454,-0.852124,1.912751,26.455121,-1.772215,-0.881861,1.979501,0.822638,-1.726813,-5.074982,,5.073400,1027.452316,1.286502,10.000000,,VFR,barnes,envelope,False
2026-04-21T06:24:30Z,37.301837,-76.817597,106.680000,321.927815,98.583333,-1.709227,-0.850383,1.909086,26.451469,-1.781883,-0.886530,1.990237,0.821171,-1.723452,-5.065156,,5.070237,1027.451894,1.286516,10.000000,,VFR,barnes,envelope,False
2026-04-21T06:24:40Z,37.303211,-76.818954,106.680000,321.927815,98.777778,-1.706000,-0.848635,1.905418,26.447655,-1.780817,-0.885852,1.988980,0.819708,-1.720087,-5.055317,,5.067076,1027.451470,1.286530,10.000000,,VFR,barnes,envelope,False
2026-04-21T06:24:50Z,37.304585,-76.820312,106.680000,321.927815,98.972222,-1.702773,-0.846882,1.901748,26.443678,-1.756847,-0.873776,1.962141,0.818248,-1.716716,-5.045463,,5.063918,1027.451043,1.286544,10.000000,,VFR,barnes,envelope,False
2026-04-21T06:25:00Z,37.305959,-76.821669,106.680000,321.927815,99.166667,-1.699545,-0.845124,1.898075,26.439535,-1.738221,-0.864356,1.941268,0.816792,-1.713342,-5.035596,,5.060763,1027.450613,1.286558,10.000000,,VFR,barnes,envelope,False
2026-04-21T06:25:10Z,37.307333,-76.823026,106.680000,321.927815,99.361111,-1.695539,-0.844266,1.894106,26.470257,-1.710878,-0.851904,1.911242,0.814167,-1.710196,-5.026397,,5.057611,1027.449927,1.286572,10.000000,,VFR,barnes,envelope,False
2026-04-21T06:25:20Z,37.308707,-76.824383,106.680000,321.927815,99.555556,-1.691529,-0.843408,1.890134,26.501144,-1.719616,-0.857412,1.921519,0.811540,-1.707047,-5.017191,,5.054461,1027.449236,1.286586,10.000000,,VFR,barnes,envelope,False
2026-04-21T06:25:30Z,37.310081,-76.825740,106.680000,321.927815,99.750000,-1.687516,-0.842549,1.886160,26.532198,-1.727942,-0.862733,1.931345,0.808910,-1.703896,-5.007977,,5.051313,1027.448542,1.286599,10.000000,,VFR,barnes,envelope,False
2026-04-21T06:25:40Z,37.311455,-76.827098,106.680000,321.927815,99.944444,-1.683499,-0.841689,1.882182,26.563420,-1.723079,-0.861478,1.926434,0.806277,-1.700743,-4.998755,,5.048169,1027.447844,1.286613,10.000000,,VFR,barnes,envelope,False
2026-04-21T06:25:50Z,37.312829,-76.828455,106.680000,321.927815,100.138889,-1.679478,-0.840830,1.878201,26.594811,-1.738721,-0.870490,1.944454,0.803642,-1.697587,-4.989525,,5.045027,1027.447143,1.286627,10.000000,,VFR,barnes,envelope,False
2026-04-21T06:26:00Z,37.314204,-76.829812,106.680000,321.927815,100.333333,-1.675454,-0.839969,1.874218,26.626373,-1.710893,-0.857737,1.913862,0.801004,-1.694428,-4.980288,,5.041887,1027.446438,1.286640,10.000000,,VFR,barnes,envelope,False
2026-04-21T06:26:10Z,37.315578,-76.831169,106.680000,321.927815,100.527778,-1.671425,-0.839109,1.870232,26.658108,-1.704204,-0.855565,1.906909,0.798364,-1.691266,-4.971042,,5.038751,1027.445729,1.286654,10.000000,,VFR,barnes,envelope,False
2026-04-21T06:26:20Z,37.316952,-76.832526,106.680000,321.927815,100.722222,-1.667394,-0.838248,1.866243,26.690016,-1.715478,-0.862421,1.920061,0.795721,-1.688102,-4.961789,,5.035617,1027.445016,1.286668,10.000000,,VFR,barnes,envelope,False
2026-04-21T06:26:30Z,37.318326,-76.833884,106.680000,321.927815,100.916667,-1.663358,-0.837386,1.862250,26.722099,-1.693101,-0.852359,1.895549,0.793076,-1.684935,-4.952527,,5.032486,1027.444299,1.286681,10.000000,,VFR,barnes,envelope,False
2026-04-21T06:26:40Z,37.319700,-76.835241,106.680000,321.927815,101.111111,-1.659319,-0.836524,1.858255,26.754359,-1.710171,-0.862161,1.915204,0.790428,-1.681766,-4.943258,,5.029357,1027.443579,1.286695,10.000000,,VFR,barnes,envelope,False
2026-04-21T06:26:50Z,37.321074,-76.836598,106.680000,321.927815,101.305556,-1.655277,-0.835662,1.854258,26.786796,-1.687182,-0.851769,1.889998,0.787777,-1.678594,-4.933981,,5.026231,1027.442855,1.286708,10.000000,,VFR,barnes,envelope,False
2026-04-21T06:27:00Z,37.322448,-76.837955,106.680000,321.927815,101.500000,-1.651230,-0.834799,1.850257,26.819413,-1.676593,-0.847621,1.878677,0.785124,-1.675420,-4.924696,,5.023107,1027.442128,1.286722,10.000000,,VFR,barnes,envelope,False
2026-04-21T06:27:10Z,37.323822,-76.839312,106.680000,321.927815,101.694444,-1.647180,-0.833936,1.846253,26.852210,-1.660810,-0.840836,1.861530,0.782468,-1.672243,-4.915403,,5.019987,1027.441396,1.286735,10.000000,,VFR,barnes,envelope,False
2026-04-21T06:27:20Z,37.325196,-76.840669,106.680000,321.927815,101.888889,-1.643127,-0.833072,1.842247,26.885190,-1.657692,-0.840457,1.858578,0.779809,-1.669063,-4.906103,,5.016869,1027.440661,1.286749,10.000000,,VFR,barnes,envelope,False
2026-04-21T06:27:30Z,37.326570,-76.842027,106.680000,321.927815,102.083333,-1.639070,-0.832208,1.838238,26.918353,-1.666993,-0.846385,1.869555,0.777148,-1.665881,-4.896794,,5.013753,1027.439922,1.286762,10.000000,,VFR,barnes,envelope,False
2026-04-21T06:27:40Z,37.327944,-76.843384,106.680000,321.927815,102.277778,-1.635009,-0.831343,1.834226,26.951702,-1.603625,-0.815386,1.799018,0.774484,-1.662696,-4.887478,,5.010641,1027.439180,1.286776,10.000000,,VFR,barnes,envelope,False
2026-04-21T06:27:50Z,37.329318,-76.844741,106.680000,321.927815,102.472222,-1.630944,-0.830478,1.830211,26.985237,-1.647070,-0.838690,1.848308,0.771818,-1.659509,-4.878154,,5.007530,1027.438433,1.286789,10.000000,,VFR,barnes,envelope,False
2026-04-21T06:28:00Z,37.330692,-76.846098,106.680000,321.927815,102.666667,-1.626876,-0.829613,1.826193,27.018961,-1.672133,-0.852691,1.876995,0.769149,-1.656319,-4.868822,,5.004423,1027.437683,1.286803,10.000000,,VFR,barnes,envelope,False
2026-04-21T06:28:10Z,37.332066,-76.847455,106.680000,321.927815,102.861111,-1.622804,-0.828747,1.822173,27.052875,-1.659692,-0.847586,1.863593,0.766477,-1.653126,-4.859483,,5.001318,1027.436930,1.286816,10.000000,,VFR,barnes,envelope,False
2026-04-21T06:28:20Z,37.333440,-76.848813,106.680000,321.927815,103.055556,-1.618728,-0.827881,1.818150,27.086980,-1.653889,-0.845864,1.857643,0.763803,-1.649931,-4.850136,,4.998216,1027.436172,1.286830,10.000000,,VFR,barnes,envelope,False
2026-04-21T06:28:30Z,37.334814,-76.850170,106.680000,321.927815,103.250000,-1.614649,-0.827014,1.814124,27.121278,-1.620184,-0.829849,1.820342,0.761126,-1.646734,-4.840781,,4.995117,1027.435411,1.286843,10.000000,,VFR,barnes,envelope,False
2026-04-21T06:28:40Z,37.336189,-76.851527,106.680000,321.927815,103.444444,-1.610566,-0.826148,1.810095,27.155770,-1.614236,-0.828030,1.814219,0.758446,-1.643534,-4.831418,,4.992020,1027.434646,1.286856,10.000000,,VFR,barnes,envelope,False
2026-04-21T06:28:50Z,37.337563,-76.852884,106.680000,321.927815,103.638889,-1.606480,-0.825280,1.806063,27.190459,-1.608975,-0.826562,1.808869,0.755764,-1.640331,-4.822048,,4.988926,1027.433878,1.286870,10.000000,,VFR,barnes,envelope,False
2026-04-21T06:29:00Z,37.338937,-76.854241,106.680000,321.927815,103.833333,-1.602390,-0.824413,1.802029,27.225346,-1.602177,-0.824304,1.801790,0.753079,-1.637126,-4.812670,,4.985834,1027.433105,1.286883,10.000000,,VFR,barnes,envelope,False
2026-04-21T06:29:10Z,37.340311,-76.855598,106.680000,321.927815,104.027778,-1.598296,-0.823545,1.797992,27.260432,-1.622190,-0.835857,1.824872,0.750392,-1.633918,-4.803284,,4.982745,1027.432329,1.286896,10.000000,,VFR,barnes,envelope,False
2026-04-21T06:29:20Z,37.341685,-76.856956,106.680000,321.927815,104.222222,-1.594198,-0.822676,1.793952,27.295720,-1.611728,-0.831722,1.813679,0.747701,-1.630708,-4.793890,,4.979659,1027.431549,1.286910,10.000000,,VFR,barnes,envelope,False
2026-04-21T06:29:30Z,37.343059,-76.858313,106.680000,321.927815,104.416667,-1.590097,-0.821808,1.789910,27.331210,-1.585565,-0.819465,1.784808,0.745009,-1.627495,-4.784489,,4.976575,1027.430766,1.286923,10.000000,,VFR,barnes,envelope,False
2026-04-21T06:29:40Z,37.344433,-76.859670,106.680000,321.927815,104.611111,-1.585993,-0.820939,1.785865,27.366905,-1.556877,-0.805868,1.753080,0.742313,-1.624279,-4.775081,,4.973495,1027.429979,1.286936,10.000000,,VFR,barnes,envelope,False
2026-04-21T06:29:50Z,37.345807,-76.861027,106.680000,321.927815,104.805556,-1.581884,-0.820069,1.781817,27.402807,-1.550451,-0.803774,1.746411,0.739615,-1.621062,-4.765664,,4.970416,1027.429188,1.286949,10.000000,,VFR,barnes,envelope,False
2026-04-21T06:30:00Z,37.347181,-76.862384,106.680000,321.927815,105.000000,-1.577772,-0.819199,1.777766,27.438916,-1.552114,-0.805878,1.748856,0.736914,-1.617841,-4.756240,,4.967341,1027.428393,1.286963,10.000000,,VFR,barnes,envelope,False
2026-04-21T06:30:10Z,37.348555,-76.863742,106.680000,321.927815,105.194444,-1.573862,-0.818253,1.773860,27.469979,-1.547346,-0.804467,1.743975,0.734420,-1.614685,-4.747003,,4.964270,1027.427864,1.286976,10.000000,,VFR,barnes,envelope,False
2026-04-21T06:30:20Z,37.349929,-76.865099,106.680000,321.927815,105.388889,-1.569950,-0.817305,1.769952,27.501169,-1.554431,-0.809226,1.752456,0.731925,-1.611526,-4.737760,,4.961201,1027.427333,1.286990,10.000000,,VFR,barnes,envelope,False
2026-04-21T06:30:30Z,37.351303,-76.866456,106.680000,321.927815,105.583333,-1.566036,-0.816356,1.766042,27.532487,-1.608287,-0.838381,1.813690,0.729429,-1.608365,-4.728509,,4.958135,1027.426799,1.287003,10.000000,,VFR,barnes,envelope,False
2026-04-21T06:30:40Z,37.352677,-76.867813,106.680000,321.927815,105.777778,-1.562120,-0.815405,1.762131,27.563935,-1.602545,-0.836506,1.807732,0.726932,-1.605202,-4.719252,,4.955072,1027.426262,1.287017,10.000000,,VFR,barnes,envelope,False
2026-04-21T06:30:50Z,37.354051,-76.869170,106.680000,321.927815,105.972222,-1.558202,-0.814453,1.758217,27.595513,-1.588229,-0.830148,1.792098,0.724435,-1.602037,-4.709988,,4.952011,1027.425723,1.287030,10.000000,,VFR,barnes,envelope,False
2026-04-21T06:31:00Z,37.355425,-76.870528,106.680000,321.927815,106.166667,-1.554283,-0.813500,1.754302,27.627222,-1.586205,-0.830208,1.790332,0.721937,-1.598870,-4.700718,,4.948954,1027.425180,1.287044,10.000000,,VFR,barnes,envelope,False
2026-04-21T06:31:10Z,37.356799,-76.871885,106.680000,321.927815,106.361111,-1.550361,-0.812545,1.750386,27.659064,-1.556258,-0.815636,1.757044,0.719439,-1.595700,-4.691441,,4.945898,1027.424636,1.287057,10.000000,,VFR,barnes,envelope,False
2026-04-21T06:31:20Z,37.358174,-76.873242,106.680000,321.927815,106.555556,-1.546438,-0.811590,1.746467,27.691041,-1.587384,-0.833078,1.792709,0.716940,-1.592528,-4.682157,,4.942845,1027.424088,1.287071,10.000000,,VFR,barnes,envelope,False
2026-04-21T06:31:30Z,37.359548,-76.874599,106.680000,321.927815,106.750000,-1.542513,-0.810633,1.742547,27.723152,-1.585510,-0.833229,1.791120,0.714440,-1.589354,-4.672867,,4.939795,1027.423538,1.287084,10.000000,,VFR,barnes,envelope,False
2026-04-21T06:31:40Z,37.360922,-76.875956,106.680000,321.927815,106.944444,-1.538586,-0.809674,1.738625,27.755400,-1.607944,-0.846174,1.817001,0.711939,-1.586178,-4.663570,,4.936748,1027.422985,1.287097,10.000000,,VFR,barnes,envelope,False
2026-04-21T06:31:50Z,37.362296,-76.877313,106.680000,321.927815,107.138889,-1.534657,-0.808715,1.734702,27.787786,-1.570101,-0.827393,1.774767,0.709438,-1.583000,-4.654267,,4.933703,1027.422430,1.287111,10.000000,,VFR,barnes,envelope,False
2026-04-21T06:32:00Z,37.363670,-76.878671,106.680000,321.927815,107.333333,-1.530726,-0.807754,1.730777,27.820310,-1.579857,-0.833680,1.786329,0.706936,-1.579820,-4.644957,,4.930661,1027.421872,1.287124,10.000000,,VFR,barnes,envelope,False
2026-04-21T06:32:10Z,37.365044,-76.880028,106.680000,321.927815,107.527778,-1.526793,-0.806792,1.726850,27.852975,-1.561436,-0.825098,1.766032,0.704433,-1.576637,-4.635641,,4.927621,1027.421311,1.287138,10.000000,,VFR,barnes,envelope,False
2026-04-21T06:32:20Z,37.366418,-76.881385,106.680000,321.927815,107.722222,-1.522859,-0.805828,1.722922,27.885781,-1.554323,-0.822478,1.758519,0.701930,-1.573453,-4.626318,,4.924584,1027.420748,1.287151,10.000000,,VFR,barnes,envelope,False
2026-04-21T06:32:30Z,37.367792,-76.882742,106.680000,321.927815,107.916667,-1.518923,-0.804864,1.718991,27.918729,-1.541283,-0.816712,1.744297,0.699426,-1.570266,-4.616989,,4.921550,1027.420182,1.287164,10.000000,,VFR,barnes,envelope,False
2026-04-21T06:32:40Z,37.369166,-76.884099,106.680000,321.927815,108.111111,-1.514984,-0.803898,1.715060,27.951822,-1.555987,-0.825656,1.761478,0.696921,-1.567077,-4.607654,,4.918518,1027.419613,1.287178,10.000000,,VFR,barnes,envelope,False
2026-04-21T06:32:50Z,37.370540,-76.885457,106.680000,321.927815,108.305556,-1.511044,-0.802931,1.711126,27.985060,-1.512721,-0.803822,1.713024,0.694416,-1.563886,-4.598312,,4.915489,1027.419042,1.287191,10.000000,,VFR,barnes,envelope,False
2026-04-21T06:33:00Z,37.371914,-76.886814,106.680000,321.927815,108.500000,-1.507103,-0.801963,1.707191,28.018445,-1.516632,-0.807034,1.717986,0.691910,-1.560693,-4.588964,,4.912463,1027.418468,1.287204,10.000000,,VFR,barnes,envelope,False
2026-04-21T06:33:10Z,37.373288,-76.888171,106.680000,321.927815,108.694444,-1.503159,-0.800994,1.703255,28.051977,-1.510385,-0.804844,1.711443,0.689403,-1.557498,-4.579610,,4.909439,1027.417891,1.287217,10.000000,,VFR,barnes,envelope,False
2026-04-21T06:33:20Z,37.374662,-76.889528,106.680000,321.927815,108.888889,-1.499213,-0.800023,1.699317,28.085659,-1.512356,-0.807036,1.714213,0.686895,-1.554301,-4.570249,,4.906418,1027.417312,1.287231,10.000000,,VFR,barnes,envelope,False
2026-04-21T06:33:30Z,37.376036,-76.890885,106.680000,321.927815,109.083333,-1.495266,-0.799052,1.695377,28.119491,-1.504258,-0.803857,1.705572,0.684387,-1.551102,-4.560883,,4.903399,1027.416730,1.287244,10.000000,,VFR,barnes,envelope,False
2026-04-21T06:33:40Z,37.377410,-76.892242,106.680000,321.927815,109.277778,-1.491317,-0.798079,1.691436,28.153475,-1.580134,-0.845609,1.792172,0.681878,-1.547901,-4.551510,,4.900383,1027.416145,1.287257,10.000000,,VFR,barnes,envelope,False
2026-04-21T06:33:50Z,37.378785,-76.893600,106.680000,321.927815,109.472222,-1.487366,-0.797105,1.687493,28.187612,-1.536107,-0.823226,1.742793,0.679368,-1.544698,-4.542131,,4.897370,1027.415558,1.287270,10.000000,,VFR,barnes,envelope,False
2026-04-21T06:34:00Z,37.380159,-76.894957,106.680000,321.927815,109.666667,-1.483413,-0.796130,1.683549,28.221904,-1.498641,-0.804302,1.700831,0.676858,-1.541493,-4.532746,,4.894359,1027.414968,1.287284,10.000000,,VFR,barnes,envelope,False
2026-04-21T06:34:10Z,37.381533,-76.896314,106.680000,321.927815,109.861111,-1.479459,-0.795153,1.679603,28.256352,-1.461193,-0.785336,1.658867,0.674347,-1.538286,-4.523354,,4.891351,1027.414376,1.287297,10.000000,,VFR,barnes,envelope,False
2026-04-21T06:34:20Z,37.382907,-76.897671,106.680000,321.927815,110.055556,-1.475503,-0.794176,1.675656,28.290957,-1.473995,-0.793364,1.673944,0.671835,-1.535077,-4.513957,,4.888346,1027.413780,1.287310,10.000000,,VFR,barnes,envelope,False
2026-04-21T06:34:30Z,37.384281,-76.899028,106.680000,321.927815,110.250000,-1.471545,-0.793197,1.671707,28.325722,-1.456780,-0.785239,1.654935,0.669322,-1.531866,-4.504554,,4.885343,1027.413183,1.287323,10.000000,,VFR,barnes,envelope,False
2026-04-21T06:34:40Z,37.385655,-76.900386,106.680000,321.927815,110.444444,-1.467585,-0.792218,1.667757,28.360646,-1.461403,-0.788881,1.660732,0.666809,-1.528653,-4.495144,,4.882343,1027.412582,1.287336,10.000000,,VFR,barnes,envelope,False
2026-04-21T06:34:50Z,37.387029,-76.901743,106.680000,321.927815,110.638889,-1.463623,-0.791237,1.663806,28.395733,-1.441750,-0.779412,1.638941,0.664295,-1.525438,-4.485729,,4.879346,1027.411979,1.287349,10.000000,,VFR,barnes,envelope,False
2026-04-21T06:35:00Z,37.388403,-76.903100,106.680000,321.927815,110.833333,-1.459660,-0.790255,1.659852,28.430982,-1.439467,-0.779323,1.636890,0.661781,-1.522221,-4.476308,,4.876351,1027.411374,1.287363,10.000000,,VFR,barnes,envelope,False
2026-04-21T06:35:10Z,37.389532,-76.904714,106.680000,297.173240,111.027778,-1.454846,-0.790652,1.655810,28.522337,-1.460910,-0.793947,1.662711,-0.038984,-1.655351,-4.865992,,4.873383,1027.410704,1.287375,10.000000,,VFR,barnes,envelope,False
2026-04-21T06:35:20Z,37.390324,-76.906680,106.680000,297.173240,111.222222,-1.449694,-0.790860,1.651385,28.614038,-1.432329,-0.781387,1.631604,-0.041522,-1.650862,-4.852860,,4.869957,1027.410120,1.287391,10.000000,,VFR,barnes,envelope,False
2026-04-21T06:35:30Z,37.391116,-76.908647,106.680000,297.173240,111.416667,-1.444546,-0.791068,1.646967,28.706176,-1.429561,-0.782862,1.629883,-0.044059,-1.646378,-4.839739,,4.866533,1027.409534,1.287406,10.000000,,VFR,barnes,envelope,False
2026-04-21T06:35:40Z,37.391907,-76.910614,106.680000,297.173240,111.611111,-1.439402,-0.791277,1.642558,28.798753,-1.422100,-0.781766,1.622815,-0.046594,-1.641897,-4.826629,,4.863110,1027.408948,1.287421,10.000000,,VFR,barnes,envelope,False
2026-04-21T06:35:50Z,37.392699,-76.912580,106.680000,297.173240,111.805556,-1.434262,-0.791487,1.638157,28.891771,-1.445952,-0.797937,1.651508,-0.049128,-1.637420,-4.813532,,4.859689,1027.408360,1.287436,10.000000,,VFR,barnes,envelope,False
2026-04-21T06:36:00Z,37.393491,-76.914547,106.680000,297.173240,112.000000,-1.429127,-0.791697,1.633765,28.985233,-1.412186,-0.782312,1.614398,-0.051660,-1.632948,-4.800447,,4.856270,1027.407772,1.287451,10.000000,,VFR,barnes,envelope,False
2026-04-21T06:36:10Z,37.394283,-76.916513,106.680000,297.173240,112.194444,-1.423997,-0.791908,1.629382,29.079141,-1.373549,-0.763852,1.571657,-0.054190,-1.628480,-4.787373,,4.852851,1027.407182,1.287466,10.000000,,VFR,barnes,envelope,False
2026-04-21T06:36:20Z,37.395075,-76.918480,106.680000,297.173240,112.388889,-1.418871,-0.792119,1.625007,29.173496,-1.405381,-0.784588,1.609557,-0.056719,-1.624017,-4.774311,,4.849435,1027.406591,1.287481,10.000000,,VFR,barnes,envelope,False
2026-04-21T06:36:30Z,37.395867,-76.920447,106.680000,297.173240,112.583333,-1.413749,-0.792331,1.620640,29.268301,-1.417161,-0.794243,1.624551,-0.059247,-1.619557,-4.761262,,4.846020,1027.406000,1.287496,10.000000,,VFR,barnes,envelope,False
2026-04-21T06:36:40Z,37.396659,-76.922413,106.680000,297.173240,112.777778,-1.408632,-0.792544,1.616283,29.363558,-1.419369,-0.798584,1.628602,-0.061773,-1.615102,-4.748225,,4.842606,1027.405407,1.287511,10.000000,,VFR,barnes,envelope,False
2026-04-21T06:36:50Z,37.397451,-76.924380,106.680000,297.173240,112.972222,-1.403520,-0.792757,1.611934,29.459269,-1.411790,-0.797428,1.621433,-0.064297,-1.610651,-4.735200,,4.839194,1027.404813,1.287526,10.000000,,VFR,barnes,envelope,False
2026-04-21T06:37:00Z,37.398243,-76.926347,106.680000,297.173240,113.166667,-1.398412,-0.792971,1.607594,29.555437,-1.365175,-0.774124,1.569386,-0.066820,-1.606205,-4.722187,,4.835783,1027.404219,1.287541,10.000000,,VFR,barnes,envelope,False
2026-04-21T06:37:10Z,37.399034,-76.928313,106.680000,297.173240,113.361111,-1.393309,-0.793185,1.603263,29.652063,-1.362134,-0.775438,1.567391,-0.069341,-1.601763,-4.709187,,4.832374,1027.403623,1.287556,10.000000,,VFR,barnes,envelope,False
2026-04-21T06:37:20Z,37.399826,-76.930280,106.680000,297.173240,113.555556,-1.388211,-0.793401,1.598941,29.749149,-1.373074,-0.784749,1.581506,-0.071861,-1.597326,-4.696199,,4.828967,1027.403026,1.287571,10.000000,,VFR,barnes,envelope,False
2026-04-21T06:37:30Z,37.400618,-76.932246,106.680000,297.173240,113.750000,-1.383117,-0.793616,1.594628,29.846698,-1.393915,-0.799812,1.607077,-0.074379,-1.592893,-4.683224,,4.825561,1027.402428,1.287587,10.000000,,VFR,barnes,envelope,False
2026-04-21T06:37:40Z,37.401410,-76.934213,106.680000,297.173240,113.944444,-1.378028,-0.793833,1.590325,29.944712,-1.369615,-0.788987,1.580616,-0.076896,-1.588464,-4.670262,,4.822156,1027.401829,1.287602,10.000000,,VFR,barnes,envelope,False
2026-04-21T06:37:50Z,37.402202,-76.936180,106.680000,297.173240,114.138889,-1.372944,-0.794050,1.586030,30.043193,-1.363680,-0.788692,1.575328,-0.079411,-1.584040,-4.657313,,4.818753,1027.401229,1.287617,10.000000,,VFR,barnes,envelope,False
2026-04-21T06:38:00Z,37.402994,-76.938146,106.680000,297.173240,114.333333,-1.367864,-0.794268,1.581744,30.142142,-1.359318,-0.789305,1.571861,-0.081925,-1.579621,-4.644376,,4.815352,1027.400628,1.287632,10.000000,,VFR,barnes,envelope,False
2026-04-21T06:38:10Z,37.403786,-76.940113,106.680000,297.173240,114.527778,-1.362790,-0.794487,1.577468,30.241563,-1.362193,-0.794139,1.576777,-0.084437,-1.575206,-4.631452,,4.811952,1027.400026,1.287647,10.000000,,VFR,barnes,envelope,False
2026-04-21T06:38:20Z,37.404578,-76.942079,106.680000,297.173240,114.722222,-1.357720,-0.794706,1.573201,30.341457,-1.318606,-0.771812,1.527879,-0.086947,-1.570796,-4.618542,,4.808553,1027.399423,1.287662,10.000000,,VFR,barnes,envelope,False
2026-04-21T06:38:30Z,37.405369,-76.944046,106.680000,297.173240,114.916667,-1.352655,-0.794926,1.568943,30.441827,-1.338160,-0.786408,1.552131,-0.089456,-1.566391,-4.605644,,4.805156,1027.398819,1.287677,10.000000,,VFR,barnes,envelope,False
2026-04-21T06:38:40Z,37.406161,-76.946013,106.680000,297.173240,115.111111,-1.347595,-0.795147,1.564695,30.542674,-1.337935,-0.789447,1.553479,-0.091963,-1.561990,-4.592760,,4.801761,1027.398214,1.287691,10.000000,,VFR,barnes,envelope,False
2026-04-21T06:38:50Z,37.406953,-76.947979,106.680000,297.173240,115.305556,-1.342540,-0.795368,1.560456,30.644001,-1.330903,-0.788474,1.546930,-0.094469,-1.557594,-4.579889,,4.798367,1027.397607,1.287706,10.000000,,VFR,barnes,envelope,False
2026-04-21T06:39:00Z,37.407745,-76.949946,106.680000,297.173240,115.500000,-1.337489,-0.795590,1.556227,30.745809,-1.318246,-0.784144,1.533837,-0.096973,-1.553202,-4.567031,,4.794974,1027.397000,1.287721,10.000000,,VFR,barnes,envelope,False
2026-04-21T06:39:10Z,37.408537,-76.951913,106.680000,297.173240,115.694444,-1.332444,-0.795813,1.552007,30.848102,-1.365048,-0.815286,1.589984,-0.099475,-1.548816,-4.554187,,4.791583,1027.396392,1.287736,10.000000,,VFR,barnes,envelope,False
2026-04-21T06:39:20Z,37.409329,-76.953879,106.680000,297.173240,115.888889,-1.327404,-0.796037,1.547797,30.950880,-1.386706,-0.831600,1.616945,-0.101976,-1.544434,-4.541356,,4.788194,1027.395782,1.287751,10.000000,,VFR,barnes,envelope,False
2026-04-21T06:39:30Z,37.410121,-76.955846,106.680000,297.173240,116.083333,-1.322368,-0.796261,1.543596,31.054147,-1.363959,-0.821304,1.592145,-0.104475,-1.540057,-4.528539,,4.784806,1027.395171,1.287766,10.000000,,VFR,barnes,envelope,False
2026-04-21T06:39:40Z,37.410913,-76.957812,106.680000,297.173240,116.277778,-1.317338,-0.796486,1.539406,31.157903,-1.333634,-0.806339,1.558449,-0.106972,-1.535684,-4.515736,,4.781419,1027.394560,1.287781,10.000000,,VFR,barnes,envelope,False
2026-04-21T06:39:50Z,37.411704,-76.959779,106.680000,297.173240,116.472222,-1.312313,-0.796712,1.535225,31.262152,-1.288852,-0.782469,1.507779,-0.109468,-1.531317,-4.502946,,4.778034,1027.393947,1.287796,10.000000,,VFR,barnes,envelope,False
2026-04-21T06:40:00Z,37.412496,-76.961746,106.680000,297.173240,116.666667,-1.307293,-0.796939,1.531054,31.366896,-1.293753,-0.788684,1.515196,-0.111963,-1.526955,-4.490171,,4.774651,1027.393333,1.287811,10.000000,,VFR,barnes,envelope,False
2026-04-21T06:40:10Z,37.413288,-76.963712,106.680000,297.173240,116.861111,-1.299222,-0.791599,1.521383,31.353426,-1.298040,-0.790880,1.520000,-0.110899,-1.517336,-4.462000,,4.771269,1027.393088,1.287826,10.000000,,VFR,barnes,envelope,False
2026-04-21T06:40:20Z,37.414080,-76.965679,106.680000,297.173240,117.055556,-1.291153,-0.786252,1.511710,31.339477,-1.274293,-0.775985,1.491970,-0.109826,-1.507715,-4.433823,,4.767888,1027.392844,1.287842,10.000000,,VFR,barnes,envelope,False
2026-04-21T06:40:30Z,37.414872,-76.967645,106.680000,297.173240,117.250000,-1.283086,-0.780897,1.502035,31.325039,-1.239596,-0.754428,1.451124,-0.108746,-1.498093,-4.405638,,4.764509,1027.392602,1.287857,10.000000,,VFR,barnes,envelope,False
2026-04-21T06:40:40Z,37.415664,-76.969612,106.680000,297.173240,117.444444,-1.275022,-0.775533,1.492358,31.310104,-1.278782,-0.777821,1.496759,-0.107657,-1.488470,-4.377448,,4.761132,1027.392360,1.287872,10.000000,,VFR,barnes,envelope,False
2026-04-21T06:40:50Z,37.416456,-76.971579,106.680000,297.173240,117.638889,-1.266960,-0.770162,1.482679,31.294661,-1.265846,-0.769485,1.481375,-0.106561,-1.478845,-4.349250,,4.757756,1027.392119,1.287888,10.000000,,VFR,barnes,envelope,False
2026-04-21T06:41:00Z,37.417248,-76.973545,106.680000,297.173240,117.833333,-1.258901,-0.764783,1.472998,31.278702,-1.265724,-0.768928,1.480982,-0.105456,-1.469218,-4.321047,,4.754381,1027.391879,1.287903,10.000000,,VFR,barnes,envelope,False
2026-04-21T06:41:10Z,37.418040,-76.975512,106.680000,297.173240,118.027778,-1.250844,-0.759396,1.463316,31.262215,-1.244270,-0.755405,1.455625,-0.104342,-1.459591,-4.292838,,4.751008,1027.391640,1.287918,10.000000,,VFR,barnes,envelope,False
2026-04-21T06:41:20Z,37.418831,-76.977478,106.680000,297.173240,118.222222,-1.242790,-0.754001,1.453631,31.245191,-1.226950,-0.744391,1.435104,-0.103221,-1.449962,-4.264623,,4.747636,1027.391403,1.287934,10.000000,,VFR,barnes,envelope,False
2026-04-21T06:41:30Z,37.419623,-76.979445,106.680000,297.173240,118.416667,-1.234739,-0.748598,1.443946,31.227618,-1.232545,-0.747268,1.441380,-0.102092,-1.440332,-4.236403,,4.744266,1027.391166,1.287949,10.000000,,VFR,barnes,envelope,False
2026-04-21T06:41:40Z,37.420415,-76.981412,106.680000,297.173240,118.611111,-1.226690,-0.743188,1.434258,31.209487,-1.245251,-0.754433,1.455960,-0.100954,-1.430701,-4.208178,,4.740898,1027.390930,1.287964,10.000000,,VFR,barnes,envelope,False
2026-04-21T06:41:50Z,37.421207,-76.983378,106.680000,297.173240,118.805556,-1.218645,-0.737770,1.424570,31.190785,-1.256857,-0.760903,1.469239,-0.099808,-1.421069,-4.179947,,4.737531,1027.390696,1.287980,10.000000,,VFR,barnes,envelope,False
2026-04-21T06:42:00Z,37.421999,-76.985345,106.680000,297.173240,119.000000,-1.210602,-0.732344,1.414879,31.171501,-1.246308,-0.753944,1.456610,-0.098654,-1.411436,-4.151712,,4.734165,1027.390462,1.287995,10.000000,,VFR,barnes,envelope,False
2026-04-21T06:42:10Z,37.422791,-76.987312,106.680000,297.173240,119.194444,-1.202562,-0.726910,1.405188,31.151623,-1.246945,-0.753738,1.457050,-0.097492,-1.401802,-4.123472,,4.730801,1027.390229,1.288010,10.000000,,VFR,barnes,envelope,False
2026-04-21T06:42:20Z,37.423583,-76.989278,106.680000,297.173240,119.388889,-1.194525,-0.721469,1.395495,31.131140,-1.238495,-0.748026,1.446863,-0.096322,-1.392167,-4.095228,,4.727438,1027.389998,1.288026,10.000000,,VFR,barnes,envelope,False
2026-04-21T06:42:30Z,37.424375,-76.991245,106.680000,297.173240,119.583333,-1.186491,-0.716021,1.385802,31.110039,-1.226526,-0.740181,1.432562,-0.095144,-1.382532,-4.066980,,4.724077,1027.389767,1.288041,10.000000,,VFR,barnes,envelope,False
2026-04-21T06:42:40Z,37.425166,-76.993211,106.680000,297.173240,119.777778,-1.178460,-0.710565,1.376107,31.088306,-1.194017,-0.719945,1.394273,-0.093957,-1.372896,-4.038727,,4.720718,1027.389538,1.288056,10.000000,,VFR,barnes,envelope,False
2026-04-21T06:42:50Z,37.425958,-76.995178,106.680000,297.173240,119.972222,-1.170433,-0.705101,1.366411,31.065929,-1.170822,-0.705336,1.366866,-0.092763,-1.363259,-4.010471,,4.717359,1027.389309,1.288071,10.000000,,VFR,barnes,envelope,False
2026-04-21T06:43:00Z,37.426750,-76.997145,106.680000,297.173240,120.166667,-1.162408,-0.699630,1.356715,31.042894,-1.192317,-0.717632,1.391623,-0.091560,-1.353622,-3.982212,,4.714003,1027.389082,1.288087,10.000000,,VFR,barnes,envelope,False
2026-04-21T06:43:10Z,37.427542,-76.999111,106.680000,297.173240,120.361111,-1.154387,-0.694152,1.347018,31.019188,-1.194903,-0.718515,1.394294,-0.090350,-1.343984,-3.953949,,4.710647,1027.388856,1.288102,10.000000,,VFR,barnes,envelope,False
2026-04-21T06:43:20Z,37.428334,-77.001078,106.680000,297.173240,120.555556,-1.146369,-0.688667,1.337320,30.994795,-1.215847,-0.730404,1.418371,-0.089131,-1.334346,-3.925684,,4.707294,1027.388630,1.288117,10.000000,,VFR,barnes,envelope,False
2026-04-21T06:43:30Z,37.429126,-77.003044,106.680000,297.173240,120.750000,-1.138355,-0.683174,1.327621,30.969701,-1.187787,-0.712840,1.385272,-0.087905,-1.324708,-3.897415,,4.703941,1027.388406,1.288133,10.000000,,VFR,barnes,envelope,False
2026-04-21T06:43:40Z,37.429918,-77.005011,106.680000,297.173240,120.944444,-1.130344,-0.677674,1.317922,30.943891,-1.129264,-0.677026,1.316663,-0.086670,-1.315070,-3.869144,,4.700591,1027.388183,1.288148,10.000000,,VFR,barnes,envelope,False
2026-04-21T06:43:50Z,37.430710,-77.006978,106.680000,297.173240,121.138889,-1.122337,-0.672166,1.308223,30.917349,-1.151148,-0.689421,1.341806,-0.085428,-1.305431,-3.840871,,4.697241,1027.387961,1.288163,10.000000,,VFR,barnes,envelope,False
2026-04-21T06:44:00Z,37.431501,-77.008944,106.680000,297.173240,121.333333,-1.114333,-0.666652,1.298523,30.890059,-1.159751,-0.693823,1.351448,-0.084177,-1.295792,-3.812596,,4.693894,1027.387740,1.288178,10.000000,,VFR,barnes,envelope,False
2026-04-21T06:44:10Z,37.432293,-77.010911,106.680000,297.173240,121.527778,-1.106333,-0.661130,1.288823,30.862005,-1.153949,-0.689585,1.344293,-0.082919,-1.286153,-3.784318,,4.690547,1027.387520,1.288194,10.000000,,VFR,barnes,envelope,False
2026-04-21T06:44:20Z,37.433085,-77.012877,106.680000,297.173240,121.722222,-1.098336,-0.655602,1.279123,30.833169,-1.132054,-0.675728,1.318391,-0.081652,-1.276515,-3.756039,,4.687203,1027.387301,1.288209,10.000000,,VFR,barnes,envelope,False
2026-04-21T06:44:30Z,37.433877,-77.014844,106.680000,297.173240,121.916667,-1.090344,-0.650066,1.269423,30.803534,-1.128506,-0.672819,1.313853,-0.080378,-1.266876,-3.727759,,4.683859,1027.387083,1.288224,10.000000,,VFR,barnes,envelope,False
2026-04-21T06:44:40Z,37.434669,-77.016811,106.680000,297.173240,122.111111,-1.082355,-0.644524,1.259723,30.773081,-1.086115,-0.646763,1.264100,-0.079095,-1.257238,-3.699477,,4.680517,1027.386867,1.288239,10.000000,,VFR,barnes,envelope,False
2026-04-21T06:44:50Z,37.435461,-77.018777,106.680000,297.173240,122.305556,-1.074370,-0.638974,1.250023,30.741793,-1.070260,-0.636530,1.245241,-0.077805,-1.247599,-3.671194,,4.677177,1027.386651,1.288254,10.000000,,VFR,barnes,envelope,False
2026-04-21T06:45:00Z,37.436253,-77.020744,106.680000,297.173240,122.500000,-1.066388,-0.633418,1.240324,30.709649,-1.075561,-0.638867,1.250993,-0.076507,-1.237962,-3.642911,,4.673838,1027.386437,1.288270,10.000000,,VFR,barnes,envelope,False
2026-04-21T06:45:10Z,37.437045,-77.022711,106.680000,297.173240,122.694444,-1.062834,-0.632395,1.236745,30.753014,-1.083697,-0.644809,1.261023,-0.077220,-1.234332,-3.632259,,4.670501,1027.385046,1.288283,10.000000,,VFR,barnes,envelope,False
2026-04-21T06:45:20Z,37.437837,-77.024677,106.680000,297.173240,122.888889,-1.059287,-0.631375,1.233176,30.796529,-1.089981,-0.649670,1.268909,-0.077932,-1.230711,-3.621632,,4.667165,1027.383655,1.288297,10.000000,,VFR,barnes,envelope,False
2026-04-21T06:45:30Z,37.438628,-77.026644,106.680000,297.173240,123.083333,-1.055749,-0.630357,1.229616,30.840196,-1.092616,-0.652369,1.272555,-0.078642,-1.227099,-3.611030,,4.663830,1027.382264,1.288311,10.000000,,VFR,barnes,envelope,False
2026-04-21T06:45:40Z,37.439420,-77.028610,106.680000,297.173240,123.277778,-1.052219,-0.629342,1.226065,30.884016,-1.088538,-0.651064,1.268385,-0.079351,-1.223495,-3.600452,,4.660498,1027.380873,1.288325,10.000000,,VFR,barnes,envelope,False
2026-04-21T06:45:50Z,37.440212,-77.030577,106.680000,297.173240,123.472222,-1.048698,-0.628329,1.222523,30.927990,-1.093747,-0.655320,1.275040,-0.080058,-1.219899,-3.589899,,4.657166,1027.379482,1.288338,10.000000,,VFR,barnes,envelope,False
2026-04-21T06:46:00Z,37.441004,-77.032544,106.680000,297.173240,123.666667,-1.045184,-0.627318,1.218991,30.972121,-1.083112,-0.650082,1.263225,-0.080764,-1.216312,-3.579371,,4.653836,1027.378091,1.288352,10.000000,,VFR,barnes,envelope,False
2026-04-21T06:46:10Z,37.441796,-77.034510,106.680000,297.173240,123.861111,-1.041679,-0.626310,1.215467,31.016409,-1.091890,-0.656500,1.274055,-0.081468,-1.212734,-3.568868,,4.650508,1027.376701,1.288366,10.000000,,VFR,barnes,envelope,False
2026-04-21T06:46:20Z,37.442588,-77.036477,106.680000,297.173240,124.055556,-1.038183,-0.625305,1.211953,31.060856,-1.063194,-0.640369,1.241150,-0.082170,-1.209164,-3.558390,,4.647181,1027.375310,1.288379,10.000000,,VFR,barnes,envelope,False
2026-04-21T06:46:30Z,37.443380,-77.038443,106.680000,297.173240,124.250000,-1.034695,-0.624302,1.208448,31.105463,-1.058913,-0.638915,1.236734,-0.082871,-1.205603,-3.547937,,4.643855,1027.373920,1.288393,10.000000,,VFR,barnes,envelope,False
2026-04-21T06:46:40Z,37.444172,-77.040410,106.680000,297.173240,124.444444,-1.031215,-0.623302,1.204952,31.150233,-1.051464,-0.635542,1.228613,-0.083571,-1.202051,-3.537509,,4.640531,1027.372529,1.288407,10.000000,,VFR,barnes,envelope,False
2026-04-21T06:46:50Z,37.444963,-77.042377,106.680000,297.173240,124.638889,-1.027743,-0.622305,1.201466,31.195165,-1.061779,-0.642914,1.241255,-0.084269,-1.198507,-3.527106,,4.637209,1027.371139,1.288420,10.000000,,VFR,barnes,envelope,False
2026-04-21T06:47:00Z,37.445755,-77.044343,106.680000,297.173240,124.833333,-1.024280,-0.621310,1.197989,31.240263,-1.036163,-0.628518,1.211886,-0.084965,-1.194972,-3.516729,,4.633887,1027.369749,1.288434,10.000000,,VFR,barnes,envelope,False
2026-04-21T06:47:10Z,37.446547,-77.046310,106.680000,297.173240,125.027778,-1.020826,-0.620319,1.194521,31.285527,-1.017721,-0.618432,1.190888,-0.085661,-1.191446,-3.506378,,4.630568,1027.368359,1.288448,10.000000,,VFR,barnes,envelope,False
2026-04-21T06:47:20Z,37.447339,-77.048277,106.680000,297.173240,125.222222,-1.017380,-0.619330,1.191063,31.330959,-1.004806,-0.611675,1.176342,-0.086355,-1.187928,-3.496051,,4.627250,1027.366969,1.288461,10.000000,,VFR,barnes,envelope,False
2026-04-21T06:47:30Z,37.448131,-77.050243,106.680000,297.173240,125.416667,-1.013942,-0.618343,1.187614,31.376561,-0.989653,-0.603531,1.159164,-0.087047,-1.184419,-3.485751,,4.623933,1027.365579,1.288475,10.000000,,VFR,barnes,envelope,False
2026-04-21T06:47:40Z,37.448923,-77.052210,106.680000,297.173240,125.611111,-1.010512,-0.617360,1.184174,31.422333,-1.023359,-0.625209,1.199229,-0.087739,-1.180919,-3.475476,,4.620618,1027.364190,1.288489,10.000000,,VFR,barnes,envelope,False
2026-04-21T06:47:50Z,37.449715,-77.054176,106.680000,297.173240,125.805556,-1.007091,-0.616380,1.180744,31.468279,-1.008470,-0.617224,1.182361,-0.088429,-1.177428,-3.465226,,4.617305,1027.362801,1.288502,10.000000,,VFR,barnes,envelope,False
2026-04-21T06:48:00Z,37.450507,-77.056143,106.680000,297.173240,126.000000,-1.003679,-0.615402,1.177324,31.514398,-1.014948,-0.622312,1.190543,-0.089118,-1.173946,-3.455003,,4.613992,1027.361412,1.288516,10.000000,,VFR,barnes,envelope,False
2026-04-21T06:48:10Z,37.451298,-77.058110,106.680000,297.173240,126.194444,-1.000275,-0.614428,1.173913,31.560693,-1.018506,-0.625626,1.195309,-0.089805,-1.170473,-3.444805,,4.610682,1027.360023,1.288529,10.000000,,VFR,barnes,envelope,False
2026-04-21T06:48:20Z,37.452090,-77.060076,106.680000,297.173240,126.388889,-0.996880,-0.613456,1.170512,31.607165,-1.042985,-0.641828,1.224647,-0.090492,-1.167008,-3.434634,,4.607373,1027.358634,1.288543,10.000000,,VFR,barnes,envelope,False
2026-04-21T06:48:30Z,37.452882,-77.062043,106.680000,297.173240,126.583333,-0.993493,-0.612488,1.167120,31.653816,-1.045867,-0.644777,1.228647,-0.091177,-1.163553,-3.424488,,4.604065,1027.357246,1.288557,10.000000,,VFR,barnes,envelope,False
2026-04-21T06:48:40Z,37.453674,-77.064009,106.680000,297.173240,126.777778,-0.990114,-0.611522,1.163738,31.700648,-1.018186,-0.628860,1.196732,-0.091861,-1.160107,-3.414369,,4.600759,1027.355858,1.288570,10.000000,,VFR,barnes,envelope,False
2026-04-21T06:48:50Z,37.454466,-77.065976,106.680000,297.173240,126.972222,-0.986744,-0.610560,1.160365,31.747662,-1.026967,-0.635449,1.207666,-0.092544,-1.156669,-3.404276,,4.597454,1027.354470,1.288584,10.000000,,VFR,barnes,envelope,False
2026-04-21T06:49:00Z,37.455258,-77.067943,106.680000,297.173240,127.166667,-0.983383,-0.609601,1.157003,31.794859,-0.991994,-0.614939,1.167134,-0.093226,-1.153241,-3.394209,,4.594151,1027.353083,1.288597,10.000000,,VFR,barnes,envelope,False
2026-04-21T06:49:10Z,37.456050,-77.069909,106.680000,297.173240,127.361111,-0.980030,-0.608645,1.153650,31.842242,-0.955550,-0.593442,1.124833,-0.093906,-1.149821,-3.384168,,4.590849,1027.351696,1.288611,10.000000,,VFR,barnes,envelope,False
2026-04-21T06:49:20Z,37.456842,-77.071876,106.680000,297.173240,127.555556,-0.976686,-0.607692,1.150306,31.889812,-0.977069,-0.607931,1.150758,-0.094586,-1.146411,-3.374154,,4.587549,1027.350309,1.288625,10.000000,,VFR,barnes,envelope,False
2026-04-21T06:49:30Z,37.457634,-77.073842,106.680000,297.173240,127.750000,-0.973350,-0.606743,1.146973,31.937570,-0.998273,-0.622279,1.176342,-0.095265,-1.143010,-3.364167,,4.584250,1027.348923,1.288638,10.000000,,VFR,barnes,envelope,False
2026-04-21T06:49:40Z,37.458425,-77.075809,106.680000,297.173240,127.944444,-0.970023,-0.605797,1.143649,31.985518,-0.981895,-0.613211,1.157647,-0.095942,-1.139618,-3.354206,,4.580953,1027.347537,1.288652,10.000000,,VFR,barnes,envelope,False
2026-04-21T06:49:50Z,37.459217,-77.077776,106.680000,297.173240,128.138889,-0.966704,-0.604854,1.140335,32.033659,-0.969412,-0.606548,1.143530,-0.096619,-1.136235,-3.344272,,4.577657,1027.346151,1.288665,10.000000,,VFR,barnes,envelope,False
2026-04-21T06:50:00Z,37.460009,-77.079742,106.680000,297.173240,128.333333,-0.963394,-0.603914,1.137031,32.081993,-0.961313,-0.602609,1.134575,-0.097295,-1.132861,-3.334364,,2.140171,1027.344766,1.300074,10.000000,,VFR,barnes,envelope,False
2026-04-21T06:50:10Z,37.460801,-77.081709,106.680000,297.173240,128.527778,-0.960532,-0.603598,1.134439,32.145266,-0.962067,-0.604563,1.136253,-0.098321,-1.130170,-3.326463,,2.134115,1027.345124,1.300103,10.000000,,VFR,barnes,envelope,False
2026-04-21T06:50:20Z,37.461593,-77.083676,106.680000,297.173240,128.722222,-0.957677,-0.603283,1.131855,32.208617,-0.947876,-0.597109,1.120271,-0.099344,-1.127487,-3.318582,,2.128062,1027.345485,1.300132,10.000000,,VFR,barnes,envelope,False
2026-04-21T06:50:30Z,37.462385,-77.085642,106.680000,297.173240,128.916667,-0.954831,-0.602967,1.129279,32.272046,-0.935766,-0.590928,1.106731,-0.100363,-1.124810,-3.310721,,2.122014,1027.345847,1.300161,10.000000,,VFR,barnes,envelope,False
2026-04-21T06:50:40Z,37.463177,-77.087609,106.680000,297.173240,129.111111,-0.951992,-0.602651,1.126711,32.335553,-0.942008,-0.596331,1.114894,-0.101379,-1.122140,-3.302881,,2.115968,1027.346213,1.300190,10.000000,,VFR,barnes,envelope,False
2026-04-21T06:50:50Z,37.463969,-77.089575,106.680000,297.173240,129.305556,-0.949161,-0.602336,1.124150,32.399137,-0.977270,-0.620174,1.157442,-0.102391,-1.119478,-3.295060,,2.109927,1027.346580,1.300219,10.000000,,VFR,barnes,envelope,False
2026-04-21T06:51:00Z,37.464760,-77.091542,106.680000,297.173240,129.500000,-0.946337,-0.602020,1.121598,32.462799,-0.960004,-0.610714,1.137796,-0.103399,-1.116822,-3.287260,,2.103889,1027.346950,1.300248,10.000000,,VFR,barnes,envelope,False
2026-04-21T06:51:10Z,37.465552,-77.093509,106.680000,297.173240,129.694444,-0.942860,-0.601333,1.118296,32.528745,-0.969825,-0.618531,1.150279,-0.104376,-1.113415,-3.277254,,2.097775,1027.347371,1.300277,10.000000,,VFR,barnes,envelope,False
2026-04-21T06:51:20Z,37.466344,-77.095475,106.680000,297.173240,129.888889,-0.939395,-0.600649,1.115008,32.594854,-0.988696,-0.632172,1.173525,-0.105350,-1.110019,-3.267282,,2.091665,1027.347794,1.300307,10.000000,,VFR,barnes,envelope,False
2026-04-21T06:51:30Z,37.467136,-77.097442,106.680000,297.173240,130.083333,-0.935941,-0.599967,1.111732,32.661124,-0.986275,-0.632233,1.171519,-0.106321,-1.106636,-3.257344,,2.085560,1027.348219,1.300336,10.000000,,VFR,barnes,envelope,False
2026-04-21T06:51:40Z,37.467928,-77.099408,106.680000,297.173240,130.277778,-0.932500,-0.599288,1.108468,32.727556,-0.961054,-0.617639,1.142411,-0.107288,-1.103264,-3.247440,,2.079458,1027.348646,1.300365,10.000000,,VFR,barnes,envelope,False
2026-04-21T06:51:50Z,37.468720,-77.101375,106.680000,297.173240,130.472222,-0.929071,-0.598611,1.105218,32.794148,-0.955025,-0.615333,1.136093,-0.108252,-1.099904,-3.237571,,2.073361,1027.349075,1.300395,10.000000,,VFR,barnes,envelope,False
2026-04-21T06:52:00Z,37.469512,-77.103342,106.680000,297.173240,130.666667,-0.925653,-0.597936,1.101981,32.860902,-0.965496,-0.623673,1.149414,-0.109212,-1.096556,-3.227736,,2.067269,1027.349506,1.300424,10.000000,,VFR,barnes,envelope,False
2026-04-21T06:52:10Z,37.470304,-77.105308,106.680000,297.173240,130.861111,-0.921813,-0.597106,1.098306,32.933209,-0.931957,-0.603676,1.110391,-0.110227,-1.092761,-3.216589,,2.061180,1027.349205,1.300452,10.000000,,VFR,barnes,envelope,False
2026-04-21T06:52:20Z,37.471095,-77.107275,106.680000,297.173240,131.055556,-0.917985,-0.596278,1.094643,33.005774,-0.921955,-0.598857,1.099378,-0.111239,-1.088977,-3.205474,,2.055096,1027.348904,1.300481,10.000000,,VFR,barnes,envelope,False
2026-04-21T06:52:30Z,37.471887,-77.109242,106.680000,297.173240,131.250000,-0.914168,-0.595452,1.090993,33.078598,-0.892442,-0.581300,1.065064,-0.112247,-1.085204,-3.194391,,2.049016,1027.348603,1.300509,10.000000,,VFR,barnes,envelope,False
2026-04-21T06:52:40Z,37.472679,-77.111208,106.680000,297.173240,131.444444,-0.910362,-0.594629,1.087356,33.151683,-0.917887,-0.599544,1.096344,-0.113253,-1.081442,-3.183340,,2.042940,1027.348301,1.300537,10.000000,,VFR,barnes,envelope,False
2026-04-21T06:52:50Z,37.473471,-77.113175,106.680000,297.173240,131.638889,-0.906568,-0.593807,1.083731,33.225029,-0.905855,-0.593340,1.082879,-0.114255,-1.077691,-3.172322,,2.036868,1027.347998,1.300566,10.000000,,VFR,barnes,envelope,False
2026-04-21T06:53:00Z,37.474263,-77.115141,106.680000,297.173240,131.833333,-0.902785,-0.592988,1.080118,33.298637,-0.904829,-0.594331,1.082564,-0.115254,-1.073951,-3.161336,,2.030801,1027.347695,1.300594,10.000000,,VFR,barnes,envelope,False
2026-04-21T06:53:10Z,37.475055,-77.117108,106.680000,297.173240,132.027778,-0.899210,-0.593290,1.077298,33.416421,-0.893074,-0.589241,1.069947,-0.117155,-1.070909,-3.152398,,2.024738,1027.347391,1.300622,10.000000,,VFR,barnes,envelope,False
2026-04-21T06:53:20Z,37.475847,-77.119075,106.680000,297.173240,132.222222,-0.895648,-0.593601,1.074498,33.534883,-0.891138,-0.590612,1.069088,-0.119058,-1.067882,-3.143506,,2.018680,1027.347087,1.300651,10.000000,,VFR,barnes,envelope,False
2026-04-21T06:53:30Z,37.476639,-77.121041,106.680000,297.173240,132.416667,-0.892098,-0.593922,1.071719,33.654022,-0.859972,-0.572533,1.033124,-0.120965,-1.064871,-3.134659,,2.012625,1027.346782,1.300679,10.000000,,VFR,barnes,envelope,False
2026-04-21T06:53:40Z,37.477431,-77.123008,106.680000,297.173240,132.611111,-0.888561,-0.594252,1.068960,33.773840,-0.841891,-0.563041,1.012816,-0.122874,-1.061875,-3.125858,,2.006575,1027.346477,1.300707,10.000000,,VFR,barnes,envelope,False
2026-04-21T06:53:50Z,37.478222,-77.124974,106.680000,297.173240,132.805556,-0.885036,-0.594593,1.066222,33.894337,-0.882605,-0.592959,1.063293,-0.124787,-1.058895,-3.117103,,2.000530,1027.346171,1.300735,10.000000,,VFR,barnes,envelope,False
2026-04-21T06:54:00Z,37.479014,-77.126941,106.680000,297.173240,133.000000,-0.881524,-0.594943,1.063505,34.015513,-0.874945,-0.590502,1.055567,-0.126702,-1.055930,-3.108393,,1.994489,1027.345864,1.300763,10.000000,,VFR,barnes,envelope,False
2026-04-21T06:54:10Z,37.479806,-77.128908,106.680000,297.173240,133.194444,-0.878086,-0.595251,1.060829,34.133217,-0.873056,-0.591842,1.054753,-0.128547,-1.053012,-3.099820,,1.988452,1027.345703,1.300792,10.000000,,VFR,barnes,envelope,False
2026-04-21T06:54:20Z,37.480598,-77.130874,106.680000,297.173240,133.388889,-0.874661,-0.595569,1.058175,34.251524,-0.870653,-0.592841,1.053327,-0.130394,-1.050110,-3.091293,,1.982419,1027.345542,1.300820,10.000000,,VFR,barnes,envelope,False
2026-04-21T06:54:30Z,37.481390,-77.132841,106.680000,297.173240,133.583333,-0.871249,-0.595896,1.055541,34.370432,-0.892691,-0.610562,1.081518,-0.132243,-1.047224,-3.082814,,1.976391,1027.345382,1.300848,10.000000,,VFR,barnes,envelope,False
2026-04-21T06:54:40Z,37.482182,-77.134807,106.680000,297.173240,133.777778,-0.867850,-0.596232,1.052927,34.489941,-0.890339,-0.611683,1.080213,-0.134094,-1.044354,-3.074381,,1.970367,1027.345223,1.300877,10.000000,,VFR,barnes,envelope,False
2026-04-21T06:54:50Z,37.482974,-77.136774,106.680000,297.173240,133.972222,-0.864464,-0.596578,1.050335,34.610050,-0.913570,-0.630466,1.109999,-0.135948,-1.041500,-3.065995,,1.964348,1027.345065,1.300905,10.000000,,VFR,barnes,envelope,False
2026-04-21T06:55:00Z,37.483766,-77.138741,106.680000,297.173240,134.166667,-0.861092,-0.596932,1.047763,34.730758,-0.898222,-0.622672,1.092942,-0.137803,-1.038662,-3.057656,,4.474441,1027.344907,1.289143,10.000000,,VFR,barnes,envelope,False
2026-04-21T06:55:10Z,37.484557,-77.140707,106.680000,297.173240,134.361111,-0.857787,-0.596252,1.044660,34.803383,-0.907727,-0.630966,1.105480,-0.138708,-1.035410,-3.048103,,4.468665,1027.345694,1.289171,10.000000,,VFR,barnes,envelope,False
2026-04-21T06:55:20Z,37.485349,-77.142674,106.680000,297.173240,134.555556,-0.854490,-0.595571,1.041565,34.876104,-0.909337,-0.633799,1.108420,-0.139607,-1.032167,-3.038572,,4.462890,1027.346480,1.289198,10.000000,,VFR,barnes,envelope,False
2026-04-21T06:55:30Z,37.486141,-77.144641,106.680000,297.173240,134.750000,-0.851202,-0.594888,1.038478,34.948920,-0.905123,-0.632572,1.104263,-0.140501,-1.028930,-3.029061,,4.457115,1027.347265,1.289226,10.000000,,VFR,barnes,envelope,False
2026-04-21T06:55:40Z,37.486933,-77.146607,106.680000,297.173240,134.944444,-0.847924,-0.594204,1.035400,35.021830,-0.869183,-0.609102,1.061360,-0.141390,-1.025701,-3.019572,,4.451340,1027.348050,1.289254,10.000000,,VFR,barnes,envelope,False
2026-04-21T06:55:50Z,37.487725,-77.148574,106.680000,297.173240,135.138889,-0.844654,-0.593519,1.032330,35.094833,-0.851084,-0.598037,1.040188,-0.142273,-1.022479,-3.010104,,4.445565,1027.348834,1.289282,10.000000,,VFR,barnes,envelope,False
2026-04-21T06:56:00Z,37.488517,-77.150540,106.680000,297.173240,135.333333,-0.841393,-0.592832,1.029267,35.167930,-0.869839,-0.612875,1.064066,-0.143152,-1.019264,-3.000658,,4.439791,1027.349617,1.289310,10.000000,,VFR,barnes,envelope,False
2026-04-21T06:56:10Z,37.489309,-77.152507,106.680000,297.173240,135.527778,-0.838140,-0.592144,1.026213,35.241118,-0.887189,-0.626797,1.086269,-0.144025,-1.016057,-2.991232,,4.434018,1027.350400,1.289337,10.000000,,VFR,barnes,envelope,False
2026-04-21T06:56:20Z,37.490101,-77.154474,106.680000,297.173240,135.722222,-0.834897,-0.591455,1.023168,35.314397,-0.900717,-0.638083,1.103830,-0.144893,-1.012856,-2.981828,,4.428245,1027.351182,1.289365,10.000000,,VFR,barnes,envelope,False
2026-04-21T06:56:30Z,37.490892,-77.156440,106.680000,297.173240,135.916667,-0.831662,-0.590764,1.020130,35.387766,-0.877930,-0.623630,1.076883,-0.145756,-1.009663,-2.972445,,4.422472,1027.351964,1.289393,10.000000,,VFR,barnes,envelope,False
2026-04-21T06:56:40Z,37.491684,-77.158407,106.680000,297.173240,136.111111,-0.828437,-0.590073,1.017100,35.461225,-0.857017,-0.610430,1.052190,-0.146614,-1.006478,-2.963083,,4.416700,1027.352745,1.289421,10.000000,,VFR,barnes,envelope,False
2026-04-21T06:56:50Z,37.492476,-77.160373,106.680000,297.173240,136.305556,-0.825220,-0.589379,1.014079,35.534773,-0.845314,-0.603731,1.038772,-0.147466,-1.003299,-2.953742,,4.410929,1027.353525,1.289449,10.000000,,VFR,barnes,envelope,False
2026-04-21T06:57:00Z,37.493268,-77.162340,106.680000,297.173240,136.500000,-0.822012,-0.588685,1.011065,35.608409,-0.820592,-0.587669,1.009320,-0.148313,-1.000128,-2.944423,,4.405158,1027.354305,1.289476,10.000000,,VFR,barnes,envelope,False
2026-04-21T06:57:10Z,37.494060,-77.164307,106.680000,297.173240,136.694444,-0.818812,-0.587989,1.008060,35.682131,-0.792459,-0.569065,0.975616,-0.149155,-0.996964,-2.935125,,4.399387,1027.355084,1.289504,10.000000,,VFR,barnes,envelope,False
2026-04-21T06:57:20Z,37.494852,-77.166273,106.680000,297.173240,136.888889,-0.815622,-0.587292,1.005063,35.755940,-0.784462,-0.564855,0.966666,-0.149992,-0.993808,-2.925847,,4.393617,1027.355863,1.289532,10.000000,,VFR,barnes,envelope,False
2026-04-21T06:57:30Z,37.495644,-77.168240,106.680000,297.173240,137.083333,-0.812440,-0.586594,1.002074,35.829834,-0.803145,-0.579882,0.990609,-0.150824,-0.990658,-2.916591,,4.387848,1027.356641,1.289560,10.000000,,VFR,barnes,envelope,False
2026-04-21T06:57:40Z,37.496436,-77.170206,106.680000,297.173240,137.277778,-0.809267,-0.585894,0.999092,35.903813,-0.826106,-0.598085,1.019881,-0.151651,-0.987516,-2.907356,,4.382080,1027.357419,1.289588,10.000000,,VFR,barnes,envelope,False
2026-04-21T06:57:50Z,37.497228,-77.172173,106.680000,297.173240,137.472222,-0.806104,-0.585193,0.996119,35.977875,-0.840722,-0.610324,1.038898,-0.152472,-0.984381,-2.898143,,4.376312,1027.358196,1.289615,10.000000,,VFR,barnes,envelope,False
2026-04-21T06:58:00Z,37.498019,-77.174140,106.680000,297.173240,137.666667,-0.802948,-0.584491,0.993154,36.052020,-0.824972,-0.600522,1.020395,-0.153288,-0.981253,-2.888950,,4.370545,1027.358972,1.289643,10.000000,,VFR,barnes,envelope,False
2026-04-21T06:58:10Z,37.498811,-77.176106,106.680000,297.173240,137.861111,-0.799802,-0.583787,0.990197,36.126246,-0.826066,-0.602957,1.022713,-0.154099,-0.978133,-2.879778,,4.364778,1027.359748,1.289671,10.000000,,VFR,barnes,envelope,False
2026-04-21T06:58:20Z,37.499603,-77.178073,106.680000,297.173240,138.055556,-0.796664,-0.583082,0.987248,36.200554,-0.805203,-0.589331,0.997829,-0.154904,-0.975020,-2.870628,,4.359013,1027.360523,1.289699,10.000000,,VFR,barnes,envelope,False
2026-04-21T06:58:30Z,37.500395,-77.180040,106.680000,297.173240,138.250000,-0.793536,-0.582376,0.984307,36.274941,-0.820902,-0.602460,1.018253,-0.155705,-0.971914,-2.861498,,4.353248,1027.361297,1.289726,10.000000,,VFR,barnes,envelope,False
2026-04-21T06:58:40Z,37.501187,-77.182006,106.680000,297.173240,138.444444,-0.790416,-0.581668,0.981374,36.349408,-0.822960,-0.605618,1.021781,-0.156500,-0.968815,-2.852390,,4.347484,1027.362072,1.289754,10.000000,,VFR,barnes,envelope,False
2026-04-21T06:58:50Z,37.501979,-77.183973,106.680000,297.173240,138.638889,-0.787304,-0.580959,0.978449,36.423952,-0.801532,-0.591458,0.996131,-0.157290,-0.965723,-2.843303,,4.341721,1027.362845,1.289782,10.000000,,VFR,barnes,envelope,False
2026-04-21T06:59:00Z,37.502771,-77.185939,106.680000,297.173240,138.833333,-0.784202,-0.580249,0.975531,36.498573,-0.787093,-0.582388,0.979128,-0.158075,-0.962639,-2.834237,,4.335958,1027.363618,1.289810,10.000000,,VFR,barnes,envelope,False
2026-04-21T06:59:10Z,37.503563,-77.187906,106.680000,297.173240,139.027778,-0.781109,-0.579537,0.972622,36.573270,-0.777509,-0.576866,0.968140,-0.158855,-0.959562,-2.825192,,4.330197,1027.364390,1.289837,10.000000,,VFR,barnes,envelope,False
2026-04-21T06:59:20Z,37.504354,-77.189873,106.680000,297.173240,139.222222,-0.778024,-0.578824,0.969721,36.648043,-0.787630,-0.585971,0.981693,-0.159629,-0.956492,-2.816167,,4.324436,1027.365162,1.289865,10.000000,,VFR,barnes,envelope,False
2026-04-21T06:59:30Z,37.505146,-77.191839,106.680000,297.173240,139.416667,-0.774948,-0.578110,0.966827,36.722889,-0.774067,-0.577453,0.965728,-0.160399,-0.953429,-2.807164,,4.318676,1027.365933,1.289893,10.000000,,VFR,barnes,envelope,False
2026-04-21T06:59:40Z,37.505938,-77.193806,106.680000,297.173240,139.611111,-0.771880,-0.577394,0.963942,36.797809,-0.759792,-0.568352,0.948846,-0.161163,-0.950374,-2.798182,,4.312917,1027.366704,1.289921,10.000000,,VFR,barnes,envelope,False
2026-04-21T06:59:50Z,37.506730,-77.195772,106.680000,297.173240,139.805556,-0.768822,-0.576677,0.961064,36.872800,-0.771393,-0.578606,0.964277,-0.161922,-0.947325,-2.789221,,4.307160,1027.367474,1.289948,10.000000,,VFR,barnes,envelope,False
2026-04-21T07:00:00Z,37.507522,-77.197739,106.680000,297.173240,140.000000,-0.765772,-0.575959,0.958194,36.947862,-0.780858,-0.587306,0.977071,-0.162676,-0.944284,-2.780281,,4.301403,1027.368243,1.289976,10.000000,,VFR,barnes,envelope,False
2026-04-21T07:00:10Z,37.508314,-77.199706,106.680000,297.173240,140.194444,-0.762702,-0.572514,0.953670,36.893332,-0.787193,-0.590898,0.984293,-0.161013,-0.939980,-2.767627,,4.295647,1027.369858,1.290005,10.000000,,VFR,barnes,envelope,False
2026-04-21T07:00:20Z,37.509106,-77.201672,106.680000,297.173240,140.388889,-0.759640,-0.569063,0.949150,36.837659,-0.775699,-0.581093,0.969215,-0.159341,-0.935680,-2.754986,,4.289893,1027.371474,1.290034,10.000000,,VFR,barnes,envelope,False
2026-04-21T07:00:30Z,37.509898,-77.203639,106.680000,297.173240,140.583333,-0.756587,-0.565605,0.944634,36.780828,-0.752607,-0.562629,0.939664,-0.157659,-0.931384,-2.742358,,4.284140,1027.373091,1.290062,10.000000,,VFR,barnes,envelope,False
2026-04-21T07:00:40Z,37.510689,-77.205606,106.680000,297.173240,140.777778,-0.753542,-0.562140,0.940121,36.722823,-0.759394,-0.566506,0.947422,-0.155967,-0.927093,-2.729743,,4.278388,1027.374709,1.290091,10.000000,,VFR,barnes,envelope,False
2026-04-21T07:00:50Z,37.511481,-77.207572,106.680000,297.173240,140.972222,-0.750506,-0.558669,0.935612,36.663629,-0.751429,-0.559357,0.936764,-0.154266,-0.922807,-2.717140,,4.272637,1027.376328,1.290120,10.000000,,VFR,barnes,envelope,False
2026-04-21T07:01:00Z,37.512273,-77.209539,106.680000,297.173240,141.166667,-0.747478,-0.555191,0.931107,36.603231,-0.746827,-0.554708,0.930296,-0.152555,-0.918525,-2.704551,,4.266887,1027.377947,1.290149,10.000000,,VFR,barnes,envelope,False
2026-04-21T07:01:10Z,37.513065,-77.211505,106.680000,297.173240,141.361111,-0.744458,-0.551707,0.926606,36.541613,-0.724073,-0.536600,0.901233,-0.150834,-0.914247,-2.691975,,4.261138,1027.379568,1.290178,10.000000,,VFR,barnes,envelope,False
2026-04-21T07:01:20Z,37.513857,-77.213472,106.680000,297.173240,141.555556,-0.741447,-0.548217,0.922109,36.478759,-0.693127,-0.512489,0.862015,-0.149104,-0.909974,-2.679411,,4.255390,1027.381189,1.290206,10.000000,,VFR,barnes,envelope,False
2026-04-21T07:01:30Z,37.514649,-77.215439,106.680000,297.173240,141.750000,-0.738444,-0.544719,0.917616,36.414652,-0.669566,-0.493911,0.832026,-0.147364,-0.905706,-2.666861,,4.249644,1027.382812,1.290235,10.000000,,VFR,barnes,envelope,False
2026-04-21T07:01:40Z,37.515441,-77.217405,106.680000,297.173240,141.944444,-0.735450,-0.541216,0.913127,36.349277,-0.697913,-0.513593,0.866521,-0.145615,-0.901442,-2.654324,,4.243898,1027.384435,1.290264,10.000000,,VFR,barnes,envelope,False
2026-04-21T07:01:50Z,37.516233,-77.219372,106.680000,297.173240,142.138889,-0.732464,-0.537706,0.908642,36.282615,-0.683351,-0.501652,0.847717,-0.143856,-0.897182,-2.641800,,4.238154,1027.386059,1.290293,10.000000,,VFR,barnes,envelope,False
2026-04-21T07:02:00Z,37.517025,-77.221338,106.680000,297.173240,142.333333,-0.729486,-0.534190,0.904162,36.214649,-0.690816,-0.505872,0.856232,-0.142087,-0.892927,-2.629289,,4.232412,1027.387684,1.290321,10.000000,,VFR,barnes,envelope,False
2026-04-21T07:02:10Z,37.517816,-77.223305,106.680000,297.173240,142.527778,-0.726517,-0.530667,0.899685,36.145363,-0.710534,-0.518992,0.879893,-0.140309,-0.888677,-2.616791,,4.226670,1027.389311,1.290350,10.000000,,VFR,barnes,envelope,False
2026-04-21T07:02:20Z,37.518608,-77.225272,106.680000,297.173240,142.722222,-0.723556,-0.527138,0.895213,36.074739,-0.701540,-0.511098,0.867974,-0.138522,-0.884431,-2.604306,,4.220930,1027.390938,1.290379,10.000000,,VFR,barnes,envelope,False
2026-04-21T07:02:30Z,37.519400,-77.227238,106.680000,297.173240,142.916667,-0.720603,-0.523602,0.890746,36.002757,-0.721229,-0.524057,0.891520,-0.136725,-0.880190,-2.591834,,4.215191,1027.392565,1.290408,10.000000,,VFR,barnes,envelope,False
2026-04-21T07:02:40Z,37.520192,-77.229205,106.680000,297.173240,143.111111,-0.717659,-0.520060,0.886283,35.929401,-0.721441,-0.522801,0.890953,-0.134919,-0.875954,-2.579376,,4.209454,1027.394194,1.290436,10.000000,,VFR,barnes,envelope,False
2026-04-21T07:02:50Z,37.520984,-77.231171,106.680000,297.173240,143.305556,-0.714724,-0.516512,0.881825,35.854650,-0.722924,-0.522438,0.891942,-0.133103,-0.871722,-2.566931,,4.203717,1027.395824,1.290465,10.000000,,VFR,barnes,envelope,False
2026-04-21T07:03:00Z,37.521776,-77.233138,106.680000,297.173240,143.500000,-0.711796,-0.512958,0.877371,35.778487,-0.732993,-0.528233,0.903498,-0.131277,-0.867494,-2.554499,,4.197983,1027.397454,1.290494,10.000000,,VFR,barnes,envelope,False
2026-04-21T07:03:10Z,37.522568,-77.235105,106.680000,297.173240,143.694444,-0.708878,-0.509397,0.872922,35.700892,-0.722486,-0.519176,0.889679,-0.129443,-0.863271,-2.542080,,4.192249,1027.399086,1.290523,10.000000,,VFR,barnes,envelope,False
2026-04-21T07:03:20Z,37.523360,-77.237071,106.680000,297.173240,143.888889,-0.705967,-0.505830,0.868478,35.621845,-0.682121,-0.488744,0.839142,-0.127599,-0.859053,-2.529675,,4.186518,1027.400718,1.290551,10.000000,,VFR,barnes,envelope,False
2026-04-21T07:03:30Z,37.524151,-77.239038,106.680000,297.173240,144.083333,-0.703065,-0.502257,0.864038,35.541327,-0.696317,-0.497436,0.855745,-0.125745,-0.854839,-2.517283,,4.180787,1027.402352,1.290580,10.000000,,VFR,barnes,envelope,False
2026-04-21T07:03:40Z,37.524943,-77.241005,106.680000,297.173240,144.277778,-0.700171,-0.498677,0.859604,35.459316,-0.691224,-0.492305,0.848620,-0.123882,-0.850630,-2.504904,,4.175058,1027.403986,1.290609,10.000000,,VFR,barnes,envelope,False
2026-04-21T07:03:50Z,37.525735,-77.242971,106.680000,297.173240,144.472222,-0.697286,-0.495092,0.855174,35.375792,-0.694797,-0.493325,0.852122,-0.122010,-0.846426,-2.492538,,4.169331,1027.405621,1.290637,10.000000,,VFR,barnes,envelope,False
2026-04-21T07:04:00Z,37.526527,-77.244938,106.680000,297.173240,144.666667,-0.694408,-0.491500,0.850750,35.290734,-0.711530,-0.503619,0.871727,-0.120129,-0.842226,-2.480186,,4.163605,1027.407257,1.290666,10.000000,,VFR,barnes,envelope,False
2026-04-21T07:04:10Z,37.527319,-77.246904,106.680000,297.173240,144.861111,-0.691540,-0.487902,0.846331,35.204121,-0.737772,-0.520520,0.902911,-0.118238,-0.838031,-2.467847,,4.157881,1027.408893,1.290695,10.000000,,VFR,barnes,envelope,False
2026-04-21T07:04:20Z,37.528111,-77.248871,106.680000,297.173240,145.055556,-0.688679,-0.484298,0.841917,35.115931,-0.711444,-0.500307,0.869746,-0.116338,-0.833840,-2.455522,,4.152158,1027.410531,1.290723,10.000000,,VFR,barnes,envelope,False
2026-04-21T07:04:30Z,37.528903,-77.250838,106.680000,297.173240,145.250000,-0.685827,-0.480688,0.837508,35.026141,-0.732866,-0.513657,0.894950,-0.114429,-0.829654,-2.443210,,4.146437,1027.412170,1.290752,10.000000,,VFR,barnes,envelope,False
2026-04-21T07:04:40Z,37.529695,-77.252804,106.680000,297.173240,145.444444,-0.682984,-0.477072,0.833105,34.934730,-0.717516,-0.501193,0.875228,-0.112511,-0.825473,-2.430912,,4.140717,1027.413809,1.290781,10.000000,,VFR,barnes,envelope,False
2026-04-21T07:04:50Z,37.530486,-77.254771,106.680000,297.173240,145.638889,-0.680148,-0.473449,0.828707,34.841673,-0.728438,-0.507063,0.887544,-0.110583,-0.821296,-2.418627,,4.135000,1027.415449,1.290810,10.000000,,VFR,barnes,envelope,False
2026-04-21T07:05:00Z,37.531278,-77.256737,106.680000,297.173240,145.833333,-0.677321,-0.469821,0.824315,34.746949,-0.710316,-0.492708,0.864471,-0.108646,-0.817124,-2.406355,,4.129283,1027.417090,1.290838,10.000000,,VFR,barnes,envelope,False
2026-04-21T07:05:10Z,37.532070,-77.258704,106.680000,297.173240,146.027778,-0.676126,-0.468467,0.822562,34.716898,-0.670073,-0.464273,0.815197,-0.107987,-0.815442,-2.401408,,4.123569,1027.418244,1.290866,10.000000,,VFR,barnes,envelope,False
2026-04-21T07:05:20Z,37.532862,-77.260671,106.680000,297.173240,146.222222,-0.674942,-0.467111,0.820816,34.686202,-0.689145,-0.476941,0.838090,-0.107322,-0.813770,-2.396488,,4.117856,1027.419397,1.290894,10.000000,,VFR,barnes,envelope,False
2026-04-21T07:05:30Z,37.533654,-77.262637,106.680000,297.173240,146.416667,-0.673768,-0.465754,0.819079,34.654859,-0.665687,-0.460168,0.809255,-0.106651,-0.812106,-2.391594,,4.112145,1027.420550,1.290922,10.000000,,VFR,barnes,envelope,False
2026-04-21T07:05:40Z,37.534446,-77.264604,106.680000,297.173240,146.611111,-0.672605,-0.464396,0.817350,34.622866,-0.686269,-0.473830,0.833954,-0.105973,-0.810451,-2.386727,,4.106436,1027.421703,1.290950,10.000000,,VFR,barnes,envelope,False
2026-04-21T07:05:50Z,37.535238,-77.266570,106.680000,297.173240,146.805556,-0.671454,-0.463036,0.815630,34.590221,-0.684244,-0.471856,0.831167,-0.105289,-0.808805,-2.381885,,4.100729,1027.422855,1.290978,10.000000,,VFR,barnes,envelope,False
2026-04-21T07:06:00Z,37.536030,-77.268537,106.680000,297.173240,147.000000,-0.670313,-0.461674,0.813918,34.556923,-0.670326,-0.461684,0.813934,-0.104599,-0.807169,-2.377070,,4.095023,1027.424008,1.291006,10.000000,,VFR,barnes,envelope,False
2026-04-21T07:06:10Z,37.536822,-77.270504,106.680000,297.173240,147.194444,-0.669182,-0.460311,0.812214,34.522967,-0.687877,-0.473171,0.834905,-0.103903,-0.805541,-2.372282,,4.089320,1027.425159,1.291034,10.000000,,VFR,barnes,envelope,False
2026-04-21T07:06:20Z,37.537613,-77.272470,106.680000,297.173240,147.388889,-0.668063,-0.458947,0.810518,34.488354,-0.681755,-0.468353,0.827130,-0.103200,-0.803922,-2.367519,,4.083618,1027.426311,1.291062,10.000000,,VFR,barnes,envelope,False
2026-04-21T07:06:30Z,37.538405,-77.274437,106.680000,297.173240,147.583333,-0.666954,-0.457581,0.808831,34.453079,-0.647616,-0.444314,0.785380,-0.102492,-0.802311,-2.362783,,4.077918,1027.427462,1.291090,10.000000,,VFR,barnes,envelope,False
2026-04-21T07:06:40Z,37.539197,-77.276404,106.680000,297.173240,147.777778,-0.665856,-0.456214,0.807152,34.417140,-0.664424,-0.455233,0.805417,-0.101777,-0.800710,-2.358072,,4.072220,1027.428613,1.291118,10.000000,,VFR,barnes,envelope,False
2026-04-21T07:06:50Z,37.539989,-77.278370,106.680000,297.173240,147.972222,-0.664769,-0.454845,0.805482,34.380537,-0.662955,-0.453604,0.803285,-0.101055,-0.799118,-2.353388,,4.066524,1027.429764,1.291146,10.000000,,VFR,barnes,envelope,False
2026-04-21T07:07:00Z,37.540781,-77.280337,106.680000,297.173240,148.166667,-0.663692,-0.453475,0.803820,34.343266,-0.660573,-0.451344,0.800043,-0.100328,-0.797534,-2.348729,,4.060830,1027.430914,1.291174,10.000000,,VFR,barnes,envelope,False
2026-04-21T07:07:10Z,37.541573,-77.282303,106.680000,297.173240,148.361111,-0.662626,-0.452103,0.802166,34.305325,-0.637344,-0.434853,0.771559,-0.099595,-0.795959,-2.344097,,4.055137,1027.432064,1.291202,10.000000,,VFR,barnes,envelope,False
2026-04-21T07:07:20Z,37.542365,-77.284270,106.680000,297.173240,148.555556,-0.661571,-0.450730,0.800521,34.266712,-0.650243,-0.443012,0.786814,-0.098855,-0.794393,-2.339490,,4.049447,1027.433214,1.291230,10.000000,,VFR,barnes,envelope,False
2026-04-21T07:07:30Z,37.543157,-77.286237,106.680000,297.173240,148.750000,-0.660526,-0.449355,0.798883,34.227425,-0.643102,-0.437502,0.777809,-0.098109,-0.792836,-2.334910,,4.043759,1027.434363,1.291258,10.000000,,VFR,barnes,envelope,False
2026-04-21T07:07:40Z,37.543948,-77.288203,106.680000,297.173240,148.944444,-0.659492,-0.447979,0.797255,34.187462,-0.663671,-0.450818,0.802307,-0.097357,-0.791288,-2.330355,,4.038073,1027.435513,1.291286,10.000000,,VFR,barnes,envelope,False
2026-04-21T07:07:50Z,37.544740,-77.290170,106.680000,297.173240,149.138889,-0.658468,-0.446602,0.795634,34.146821,-0.685124,-0.464680,0.827842,-0.096599,-0.789748,-2.325826,,4.032389,1027.436661,1.291314,10.000000,,VFR,barnes,envelope,False
2026-04-21T07:08:00Z,37.545532,-77.292136,106.680000,297.173240,149.333333,-0.657456,-0.445223,0.794022,34.105500,-0.684179,-0.463320,0.826296,-0.095835,-0.788218,-2.321322,,4.026707,1027.437810,1.291342,10.000000,,VFR,barnes,envelope,False
2026-04-21T07:08:10Z,37.546324,-77.294103,106.680000,297.173240,149.527778,-0.656453,-0.443843,0.792418,34.063497,-0.664970,-0.449601,0.802699,-0.095065,-0.786695,-2.316845,,4.021027,1027.438958,1.291370,10.000000,,VFR,barnes,envelope,False
2026-04-21T07:08:20Z,37.547116,-77.296070,106.680000,297.173240,149.722222,-0.655461,-0.442461,0.790823,34.020810,-0.682295,-0.460575,0.823199,-0.094289,-0.785182,-2.312393,,4.015350,1027.440106,1.291398,10.000000,,VFR,barnes,envelope,False
2026-04-21T07:08:30Z,37.547908,-77.298036,106.680000,297.173240,149.916667,-0.654480,-0.441078,0.789236,33.977436,-0.681911,-0.459564,0.822315,-0.093506,-0.783677,-2.307966,,4.009674,1027.441253,1.291426,10.000000,,VFR,barnes,envelope,False
2026-04-21T07:08:40Z,37.548700,-77.300003,106.680000,297.173240,150.111111,-0.653509,-0.439693,0.787658,33.933375,-0.677190,-0.455626,0.816199,-0.092718,-0.782181,-2.303565,,4.004001,1027.442400,1.291454,10.000000,,VFR,barnes,envelope,False
2026-04-21T07:08:50Z,37.549492,-77.301970,106.680000,297.173240,150.305556,-0.652549,-0.438307,0.786087,33.888623,-0.675844,-0.453954,0.814150,-0.091923,-0.780694,-2.299190,,3.998330,1027.443547,1.291481,10.000000,,VFR,barnes,envelope,False
2026-04-21T07:09:00Z,37.550283,-77.303936,106.680000,297.173240,150.500000,-0.651599,-0.436919,0.784525,33.843180,-0.661320,-0.443438,0.796230,-0.091122,-0.779216,-2.294840,,3.992661,1027.444694,1.291509,10.000000,,VFR,barnes,envelope,False
2026-04-21T07:09:10Z,37.551075,-77.305903,106.680000,297.173240,150.694444,-0.650660,-0.435530,0.782972,33.797044,-0.679760,-0.455009,0.817990,-0.090316,-0.777746,-2.290515,,3.986995,1027.445840,1.291537,10.000000,,VFR,barnes,envelope,False
2026-04-21T07:09:20Z,37.551867,-77.307869,106.680000,297.173240,150.888889,-0.649731,-0.434140,0.781427,33.750212,-0.677243,-0.452523,0.814515,-0.089503,-0.776284,-2.286216,,3.981331,1027.446985,1.291565,10.000000,,VFR,barnes,envelope,False
2026-04-21T07:09:30Z,37.552659,-77.309836,106.680000,297.173240,151.083333,-0.648813,-0.432748,0.779890,33.702683,-0.652023,-0.434890,0.783750,-0.088684,-0.774831,-2.281942,,3.975669,1027.448131,1.291593,10.000000,,VFR,barnes,envelope,False
2026-04-21T07:09:40Z,37.553451,-77.311803,106.680000,297.173240,151.277778,-0.647904,-0.431355,0.778362,33.654455,-0.655162,-0.436187,0.787081,-0.087860,-0.773387,-2.277693,,3.970009,1027.449276,1.291621,10.000000,,VFR,barnes,envelope,False
2026-04-21T07:09:50Z,37.554243,-77.313769,106.680000,297.173240,151.472222,-0.647007,-0.429960,0.776842,33.605526,-0.646453,-0.429592,0.776177,-0.087029,-0.771952,-2.273470,,3.964352,1027.450421,1.291648,10.000000,,VFR,barnes,envelope,False
2026-04-21T07:10:00Z,37.555035,-77.315736,106.680000,297.173240,151.666667,-0.646119,-0.428564,0.775330,33.555896,-0.633377,-0.420112,0.760040,-0.086192,-0.770525,-2.269271,,3.958697,1027.451565,1.291676,10.000000,,VFR,barnes,envelope,False
2026-04-21T07:10:10Z,37.555827,-77.317702,106.680000,297.173240,151.861111,-0.644855,-0.428597,0.774295,33.609635,-0.652516,-0.433689,0.783494,-0.086799,-0.769415,-2.266006,,3.953045,1027.453427,1.291705,10.000000,,VFR,barnes,envelope,False
2026-04-21T07:10:20Z,37.556619,-77.319669,106.680000,297.173240,152.055556,-0.643605,-0.428636,0.773276,33.663318,-0.642685,-0.428024,0.772172,-0.087404,-0.768320,-2.262786,,3.947395,1027.455288,1.291734,10.000000,,VFR,barnes,envelope,False
2026-04-21T07:10:30Z,37.557410,-77.321636,106.680000,297.173240,152.250000,-0.642369,-0.428681,0.772273,33.716942,-0.638967,-0.426411,0.768183,-0.088009,-0.767242,-2.259614,,3.941747,1027.457148,1.291762,10.000000,,VFR,barnes,envelope,False
2026-04-21T07:10:40Z,37.558202,-77.323602,106.680000,297.173240,152.444444,-0.641148,-0.428733,0.771287,33.770503,-0.656739,-0.439159,0.790043,-0.088613,-0.766179,-2.256487,,3.936102,1027.459006,1.291791,10.000000,,VFR,barnes,envelope,False
2026-04-21T07:10:50Z,37.558994,-77.325569,106.680000,297.173240,152.638889,-0.639941,-0.428792,0.770316,33.823999,-0.650352,-0.435767,0.782848,-0.089216,-0.765133,-2.253408,,3.930460,1027.460863,1.291820,10.000000,,VFR,barnes,envelope,False
2026-04-21T07:11:00Z,37.559786,-77.327535,106.680000,297.173240,152.833333,-0.638749,-0.428856,0.769362,33.877426,-0.658736,-0.442275,0.793436,-0.089818,-0.764102,-2.250374,,3.924820,1027.462719,1.291848,10.000000,,VFR,barnes,envelope,False
2026-04-21T07:11:10Z,37.560578,-77.329502,106.680000,297.173240,153.027778,-0.637572,-0.428928,0.768425,33.930782,-0.621613,-0.418192,0.749191,-0.090419,-0.763086,-2.247388,,3.919182,1027.464573,1.291877,10.000000,,VFR,barnes,envelope,False
2026-04-21T07:11:20Z,37.561370,-77.331469,106.680000,297.173240,153.222222,-0.636409,-0.429006,0.767503,33.984063,-0.629586,-0.424406,0.759275,-0.091019,-0.762087,-2.244448,,3.913547,1027.466425,1.291905,10.000000,,VFR,barnes,envelope,False
2026-04-21T07:11:30Z,37.562162,-77.333435,106.680000,297.173240,153.416667,-0.635260,-0.429090,0.766599,34.037267,-0.645869,-0.436256,0.779401,-0.091619,-0.761104,-2.241555,,3.907915,1027.468276,1.291934,10.000000,,VFR,barnes,envelope,False
2026-04-21T07:11:40Z,37.562954,-77.335402,106.680000,297.173240,153.611111,-0.634126,-0.429181,0.765710,34.090389,-0.627227,-0.424511,0.757379,-0.092218,-0.760137,-2.238709,,3.902285,1027.470126,1.291963,10.000000,,VFR,barnes,envelope,False
2026-04-21T07:11:50Z,37.563745,-77.337369,106.680000,297.173240,153.805556,-0.633007,-0.429278,0.764838,34.143428,-0.629212,-0.426704,0.760253,-0.092815,-0.759185,-2.235910,,3.896658,1027.471974,1.291991,10.000000,,VFR,barnes,envelope,False
2026-04-21T07:12:00Z,37.564537,-77.339335,106.680000,297.173240,154.000000,-0.631902,-0.429382,0.763982,34.196380,-0.633538,-0.430493,0.765960,-0.093412,-0.758250,-2.233158,,3.891034,1027.473821,1.292020,10.000000,,VFR,barnes,envelope,False
2026-04-21T07:12:10Z,37.565329,-77.341302,106.680000,297.173240,154.194444,-0.630812,-0.429492,0.763143,34.249241,-0.635139,-0.432439,0.768378,-0.094008,-0.757331,-2.230453,,3.885412,1027.475666,1.292048,10.000000,,VFR,barnes,envelope,False
2026-04-21T07:12:20Z,37.566121,-77.343268,106.680000,297.173240,154.388889,-0.629736,-0.429609,0.762320,34.302009,-0.645524,-0.440380,0.781432,-0.094604,-0.756427,-2.227795,,3.879793,1027.477510,1.292077,10.000000,,VFR,barnes,envelope,False
2026-04-21T07:12:30Z,37.566913,-77.345235,106.680000,297.173240,154.583333,-0.628675,-0.429733,0.761514,34.354681,-0.626473,-0.428227,0.758845,-0.095198,-0.755540,-2.225184,,3.874177,1027.479353,1.292105,10.000000,,VFR,barnes,envelope,False
2026-04-21T07:12:40Z,37.567705,-77.347202,106.680000,297.173240,154.777778,-0.627629,-0.429863,0.760724,34.407253,-0.629610,-0.431220,0.763124,-0.095792,-0.754668,-2.222621,,3.868563,1027.481194,1.292134,10.000000,,VFR,barnes,envelope,False
2026-04-21T07:12:50Z,37.568497,-77.349168,106.680000,297.173240,154.972222,-0.626597,-0.430000,0.759950,34.459722,-0.626312,-0.429805,0.759605,-0.096385,-0.753813,-2.220104,,3.862953,1027.483033,1.292162,10.000000,,VFR,barnes,envelope,False
2026-04-21T07:13:00Z,37.569289,-77.351135,106.680000,297.173240,155.166667,-0.625580,-0.430144,0.759193,34.512084,-0.639852,-0.439957,0.776513,-0.096977,-0.752974,-2.217635,,3.857345,1027.484871,1.292191,10.000000,,VFR,barnes,envelope,False
2026-04-21T07:13:10Z,37.570081,-77.353101,106.680000,297.173240,155.361111,-0.624578,-0.430294,0.758453,34.564338,-0.620269,-0.427325,0.753220,-0.097569,-0.752151,-2.215214,,3.851740,1027.486707,1.292219,10.000000,,VFR,barnes,envelope,False
2026-04-21T07:13:20Z,37.570872,-77.355068,106.680000,297.173240,155.555556,-0.623590,-0.430451,0.757729,34.616479,-0.643822,-0.444416,0.782312,-0.098159,-0.751344,-2.212839,,3.846137,1027.488542,1.292248,10.000000,,VFR,barnes,envelope,False
2026-04-21T07:13:30Z,37.571664,-77.357035,106.680000,297.173240,155.750000,-0.622617,-0.430615,0.757021,34.668504,-0.645940,-0.446745,0.785379,-0.098749,-0.750553,-2.210513,,3.840538,1027.490375,1.292276,10.000000,,VFR,barnes,envelope,False
2026-04-21T07:13:40Z,37.572456,-77.359001,106.680000,297.173240,155.944444,-0.621659,-0.430785,0.756331,34.720410,-0.631581,-0.437660,0.768402,-0.099338,-0.749779,-2.208234,,3.834942,1027.492206,1.292304,10.000000,,VFR,barnes,envelope,False
2026-04-21T07:13:50Z,37.573248,-77.360968,106.680000,297.173240,156.138889,-0.620716,-0.430962,0.755656,34.772194,-0.632270,-0.438984,0.769722,-0.099927,-0.749020,-2.206002,,3.829348,1027.494037,1.292333,10.000000,,VFR,barnes,envelope,False
2026-04-21T07:14:00Z,37.574040,-77.362934,106.680000,297.173240,156.333333,-0.619787,-0.431146,0.754999,34.823852,-0.613515,-0.426783,0.747358,-0.100514,-0.748278,-2.203818,,3.823757,1027.495865,1.292361,10.000000,,VFR,barnes,envelope,False
2026-04-21T07:14:10Z,37.574832,-77.364901,106.680000,297.173240,156.527778,-0.618873,-0.431337,0.754358,34.875381,-0.633396,-0.441459,0.772060,-0.101101,-0.747552,-2.201682,,3.818170,1027.497692,1.292390,10.000000,,VFR,barnes,envelope,False
2026-04-21T07:14:20Z,37.575624,-77.366868,106.680000,297.173240,156.722222,-0.617974,-0.431534,0.753733,34.926778,-0.639033,-0.446240,0.779419,-0.101688,-0.746842,-2.199594,,3.812585,1027.499517,1.292418,10.000000,,VFR,barnes,envelope,False
2026-04-21T07:14:30Z,37.576416,-77.368834,106.680000,297.173240,156.916667,-0.617090,-0.431738,0.753125,34.978040,-0.631940,-0.442128,0.771249,-0.102273,-0.746149,-2.197553,,3.807003,1027.501341,1.292446,10.000000,,VFR,barnes,envelope,False
2026-04-21T07:14:40Z,37.577207,-77.370801,106.680000,297.173240,157.111111,-0.616220,-0.431950,0.752534,35.029163,-0.641168,-0.449437,0.783000,-0.102858,-0.745471,-2.195561,,3.801425,1027.503163,1.292475,10.000000,,VFR,barnes,envelope,False
2026-04-21T07:14:50Z,37.577999,-77.372768,106.680000,297.173240,157.305556,-0.615365,-0.432167,0.751959,35.080144,-0.615976,-0.432596,0.752706,-0.103442,-0.744811,-2.193616,,3.795849,1027.504983,1.292503,10.000000,,VFR,barnes,envelope,False
2026-04-21T07:15:00Z,37.578791,-77.374734,106.680000,297.173240,157.500000,-0.614525,-0.432392,0.751402,35.130980,-0.630420,-0.443576,0.770837,-0.104026,-0.744166,-2.191719,,3.790277,1027.506802,1.292531,10.000000,,VFR,barnes,envelope,False
2026-04-21T07:15:10Z,37.579583,-77.376701,106.680000,297.173240,157.694444,-0.611504,-0.431981,0.748696,35.238313,-0.638858,-0.451305,0.782186,-0.105040,-0.741291,-2.183260,,3.786103,1027.508675,1.292553,10.000000,,VFR,barnes,envelope,False
2026-04-21T07:15:20Z,37.580375,-77.378667,106.680000,297.173240,157.888889,-0.608487,-0.431573,0.745997,35.346404,-0.651392,-0.462004,0.798598,-0.106055,-0.738420,-2.174812,,3.781933,1027.510546,1.292575,10.000000,,VFR,barnes,envelope,False
2026-04-21T07:15:30Z,37.581167,-77.380634,106.680000,297.173240,158.083333,-0.605473,-0.431167,0.743305,35.455261,-0.620988,-0.442215,0.762352,-0.107070,-0.735553,-2.166377,,3.777768,1027.512415,1.292597,10.000000,,VFR,barnes,envelope,False
2026-04-21T07:15:40Z,37.581959,-77.382601,106.680000,297.173240,158.277778,-0.602463,-0.430763,0.740620,35.564893,-0.615930,-0.440392,0.757176,-0.108085,-0.732691,-2.157954,,3.773608,1027.514282,1.292618,10.000000,,VFR,barnes,envelope,False
2026-04-21T07:15:50Z,37.582751,-77.384567,106.680000,297.173240,158.472222,-0.599456,-0.430361,0.737942,35.675307,-0.606017,-0.435071,0.746018,-0.109101,-0.729832,-2.149544,,3.769452,1027.516147,1.292640,10.000000,,VFR,barnes,envelope,False
2026-04-21T07:16:00Z,37.583542,-77.386534,106.680000,297.173240,158.666667,-0.596453,-0.429962,0.735271,35.786512,-0.592896,-0.427398,0.730886,-0.110117,-0.726978,-2.141146,,3.765300,1027.518009,1.292662,10.000000,,VFR,barnes,envelope,False
2026-04-21T07:16:10Z,37.584334,-77.388500,106.680000,297.173240,158.861111,-0.593453,-0.429565,0.732607,35.898516,-0.598515,-0.433229,0.738856,-0.111134,-0.724128,-2.132759,,3.761154,1027.519870,1.292684,10.000000,,VFR,barnes,envelope,False
2026-04-21T07:16:20Z,37.585126,-77.390467,106.680000,297.173240,159.055556,-0.590457,-0.429170,0.729949,36.011328,-0.594165,-0.431866,0.734534,-0.112151,-0.721282,-2.124385,,3.757011,1027.521728,1.292705,10.000000,,VFR,barnes,envelope,False
2026-04-21T07:16:30Z,37.585918,-77.392434,106.680000,297.173240,159.250000,-0.587464,-0.428778,0.727299,36.124955,-0.627156,-0.457749,0.776440,-0.113169,-0.718441,-2.116024,,3.752873,1027.523583,1.292727,10.000000,,VFR,barnes,envelope,False
2026-04-21T07:16:40Z,37.586710,-77.394400,106.680000,297.173240,159.444444,-0.584474,-0.428388,0.724656,36.239407,-0.620442,-0.454751,0.769250,-0.114188,-0.715603,-2.107674,,3.748740,1027.525437,1.292749,10.000000,,VFR,barnes,envelope,False
2026-04-21T07:16:50Z,37.587502,-77.396367,106.680000,297.173240,159.638889,-0.581488,-0.428001,0.722020,36.354691,-0.604998,-0.445305,0.751211,-0.115207,-0.712770,-2.099336,,3.744611,1027.527288,1.292770,10.000000,,VFR,barnes,envelope,False
2026-04-21T07:17:00Z,37.588294,-77.398334,106.680000,297.173240,159.833333,-0.578506,-0.427616,0.719391,36.470817,-0.593512,-0.438708,0.738052,-0.116226,-0.709940,-2.091010,,3.740487,1027.529137,1.292792,10.000000,,VFR,barnes,envelope,False
2026-04-21T07:17:10Z,37.589086,-77.400300,106.680000,297.173240,160.027778,-0.575526,-0.427233,0.716770,36.587794,-0.577338,-0.428578,0.719026,-0.117247,-0.707115,-2.082696,,3.736367,1027.530984,1.292813,10.000000,,VFR,barnes,envelope,False
2026-04-21T07:17:20Z,37.589878,-77.402267,106.680000,297.173240,160.222222,-0.572550,-0.426853,0.714155,36.705629,-0.573589,-0.427628,0.715451,-0.118268,-0.704294,-2.074394,,3.732252,1027.532828,1.292835,10.000000,,VFR,barnes,envelope,False
2026-04-21T07:17:30Z,37.590669,-77.404233,106.680000,297.173240,160.416667,-0.569577,-0.426476,0.711547,36.824333,-0.557026,-0.417078,0.695867,-0.119289,-0.701477,-2.066104,,3.728141,1027.534670,1.292856,10.000000,,VFR,barnes,envelope,False
2026-04-21T07:17:40Z,37.591461,-77.406200,106.680000,297.173240,160.611111,-0.566608,-0.426101,0.708947,36.943914,-0.567172,-0.426525,0.709653,-0.120312,-0.698664,-2.057825,,3.724035,1027.536510,1.292878,10.000000,,VFR,barnes,envelope,False
2026-04-21T07:17:50Z,37.592253,-77.408167,106.680000,297.173240,160.805556,-0.563641,-0.425728,0.706354,37.064382,-0.574141,-0.433659,0.719512,-0.121335,-0.695855,-2.049558,,3.719933,1027.538348,1.292899,10.000000,,VFR,barnes,envelope,False
2026-04-21T07:18:00Z,37.593045,-77.410133,106.680000,297.173240,161.000000,-0.560678,-0.425358,0.703768,37.185744,-0.572117,-0.434036,0.718126,-0.122359,-0.693049,-2.041303,,3.715836,1027.540183,1.292921,10.000000,,VFR,barnes,envelope,False
2026-04-21T07:18:10Z,37.593837,-77.412100,106.680000,297.173240,161.194444,-0.557718,-0.424991,0.701189,37.308012,-0.541702,-0.412786,0.681053,-0.123384,-0.690248,-2.033059,,3.711743,1027.542015,1.292942,10.000000,,VFR,barnes,envelope,False
2026-04-21T07:18:20Z,37.594629,-77.414066,106.680000,297.173240,161.388889,-0.554761,-0.424626,0.698618,37.431193,-0.552393,-0.422813,0.695635,-0.124410,-0.687451,-2.024827,,3.707654,1027.543846,1.292964,10.000000,,VFR,barnes,envelope,False
2026-04-21T07:18:30Z,37.595421,-77.416033,106.680000,297.173240,161.583333,-0.551807,-0.424263,0.696054,37.555298,-0.553443,-0.425521,0.698117,-0.125437,-0.684658,-2.016607,,3.703571,1027.545674,1.292985,10.000000,,VFR,barnes,envelope,False
2026-04-21T07:18:40Z,37.596213,-77.418000,106.680000,297.173240,161.777778,-0.548857,-0.423904,0.693497,37.680335,-0.553277,-0.427318,0.699083,-0.126464,-0.681868,-2.008398,,3.699491,1027.547500,1.293006,10.000000,,VFR,barnes,envelope,False
2026-04-21T07:18:50Z,37.597004,-77.419966,106.680000,297.173240,161.972222,-0.545909,-0.423547,0.690947,37.806315,-0.554489,-0.430204,0.701807,-0.127493,-0.679083,-2.000201,,3.695416,1027.549323,1.293028,10.000000,,VFR,barnes,envelope,False
2026-04-21T07:19:00Z,37.597796,-77.421933,106.680000,297.173240,162.166667,-0.542964,-0.423192,0.688405,37.933247,-0.535973,-0.417743,0.679541,-0.128522,-0.676302,-1.992014,,3.691346,1027.551144,1.293049,10.000000,,VFR,barnes,envelope,False
2026-04-21T07:19:10Z,37.598588,-77.423899,106.680000,297.173240,162.361111,-0.540022,-0.422841,0.685871,38.061141,-0.530731,-0.415565,0.674069,-0.129553,-0.673524,-1.983840,,3.687280,1027.552963,1.293070,10.000000,,VFR,barnes,envelope,False
2026-04-21T07:19:20Z,37.599380,-77.425866,106.680000,297.173240,162.555556,-0.537084,-0.422492,0.683343,38.190007,-0.526527,-0.414187,0.669912,-0.130584,-0.670750,-1.975676,,3.683219,1027.554779,1.293091,10.000000,,VFR,barnes,envelope,False
2026-04-21T07:19:30Z,37.600172,-77.427833,106.680000,297.173240,162.750000,-0.534148,-0.422145,0.680824,38.319854,-0.511872,-0.404540,0.652431,-0.131617,-0.667980,-1.967524,,3.679162,1027.556593,1.293113,10.000000,,VFR,barnes,envelope,False
2026-04-21T07:19:40Z,37.600964,-77.429799,106.680000,297.173240,162.944444,-0.531215,-0.421802,0.678311,38.450693,-0.516320,-0.409974,0.659291,-0.132651,-0.665214,-1.959383,,3.675109,1027.558405,1.293134,10.000000,,VFR,barnes,envelope,False
2026-04-21T07:19:50Z,37.601756,-77.431766,106.680000,297.173240,163.138889,-0.528285,-0.421461,0.675806,38.582533,-0.493531,-0.393734,0.631347,-0.133686,-0.662452,-1.951253,,3.671061,1027.560214,1.293155,10.000000,,VFR,barnes,envelope,False
2026-04-21T07:20:00Z,37.602548,-77.433733,106.680000,297.173240,163.333333,-0.525358,-0.421123,0.673309,38.715385,-0.482231,-0.386553,0.618037,-0.134722,-0.659693,-1.943134,,3.667017,1027.562020,1.293176,10.000000,,VFR,barnes,envelope,False
2026-04-21T07:20:10Z,37.603339,-77.435699,106.680000,297.173240,163.527778,-0.523377,-0.419114,0.670507,38.687311,-0.488277,-0.391006,0.625540,-0.133839,-0.657014,-1.935247,,3.662978,1027.563419,1.293197,10.000000,,VFR,barnes,envelope,False
2026-04-21T07:20:20Z,37.604131,-77.437666,106.680000,297.173240,163.722222,-0.521402,-0.417105,0.667710,38.658692,-0.508737,-0.406973,0.651491,-0.132954,-0.654339,-1.927374,,3.658944,1027.564815,1.293217,10.000000,,VFR,barnes,envelope,False
2026-04-21T07:20:30Z,37.604923,-77.439632,106.680000,297.173240,163.916667,-0.519432,-0.415096,0.664917,38.629526,-0.523745,-0.418542,0.670437,-0.132066,-0.651669,-1.919516,,3.654913,1027.566208,1.293238,10.000000,,VFR,barnes,envelope,False
2026-04-21T07:20:40Z,37.605715,-77.441599,106.680000,297.173240,164.111111,-0.517468,-0.413086,0.662128,38.599808,-0.516961,-0.412681,0.661479,-0.131175,-0.649004,-1.911672,,3.650888,1027.567599,1.293259,10.000000,,VFR,barnes,envelope,False
2026-04-21T07:20:50Z,37.606507,-77.443566,106.680000,297.173240,164.305556,-0.515509,-0.411077,0.659344,38.569534,-0.506974,-0.404271,0.648427,-0.130282,-0.646344,-1.903842,,3.646866,1027.568987,1.293279,10.000000,,VFR,barnes,envelope,False
2026-04-21T07:21:00Z,37.607299,-77.445532,106.680000,297.173240,164.500000,-0.513556,-0.409068,0.656564,38.538700,-0.521419,-0.415330,0.666616,-0.129387,-0.643689,-1.896027,,3.642849,1027.570372,1.293300,10.000000,,VFR,barnes,envelope,False
2026-04-21T07:21:10Z,37.608091,-77.447499,106.680000,297.173240,164.694444,-0.511608,-0.407058,0.653789,38.507303,-0.527052,-0.419346,0.673524,-0.128488,-0.641038,-1.888226,,3.638837,1027.571755,1.293320,10.000000,,VFR,barnes,envelope,False
2026-04-21T07:21:20Z,37.608883,-77.449465,106.680000,297.173240,164.888889,-0.509666,-0.405049,0.651018,38.475337,-0.513430,-0.408040,0.655825,-0.127588,-0.638393,-1.880439,,3.634829,1027.573135,1.293341,10.000000,,VFR,barnes,envelope,False
2026-04-21T07:21:30Z,37.609675,-77.451432,106.680000,297.173240,165.083333,-0.507730,-0.403039,0.648252,38.442799,-0.507668,-0.402990,0.648173,-0.126685,-0.635752,-1.872666,,3.630825,1027.574512,1.293361,10.000000,,VFR,barnes,envelope,False
2026-04-21T07:21:40Z,37.610466,-77.453399,106.680000,297.173240,165.277778,-0.505798,-0.401030,0.645490,38.409685,-0.508249,-0.402973,0.648617,-0.125779,-0.633117,-1.864908,,3.626826,1027.575887,1.293381,10.000000,,VFR,barnes,envelope,False
2026-04-21T07:21:50Z,37.611258,-77.455365,106.680000,297.173240,165.472222,-0.503872,-0.399021,0.642732,38.375991,-0.512612,-0.405942,0.653880,-0.124871,-0.630486,-1.857163,,3.622832,1027.577259,1.293402,10.000000,,VFR,barnes,envelope,False
2026-04-21T07:22:00Z,37.612050,-77.457332,106.680000,297.173240,165.666667,-0.501952,-0.397011,0.639979,38.341711,-0.518368,-0.409995,0.660909,-0.123961,-0.627859,-1.849433,,3.618841,1027.578628,1.293422,10.000000,,VFR,barnes,envelope,False
2026-04-21T07:22:10Z,37.612842,-77.459299,106.680000,297.173240,165.861111,-0.500037,-0.395002,0.637231,38.306842,-0.516274,-0.407829,0.657923,-0.123048,-0.625238,-1.841717,,3.614855,1027.579995,1.293443,10.000000,,VFR,barnes,envelope,False
2026-04-21T07:22:20Z,37.613634,-77.461265,106.680000,297.173240,166.055556,-0.498127,-0.392993,0.634487,38.271380,-0.523540,-0.413042,0.666857,-0.122133,-0.622622,-1.834016,,3.610874,1027.581358,1.293463,10.000000,,VFR,barnes,envelope,False
2026-04-21T07:22:30Z,37.614426,-77.463232,106.680000,297.173240,166.250000,-0.496223,-0.390984,0.631748,38.235319,-0.500846,-0.394627,0.637635,-0.121215,-0.620010,-1.826328,,3.606897,1027.582719,1.293483,10.000000,,VFR,barnes,envelope,False
2026-04-21T07:22:40Z,37.615218,-77.465198,106.680000,297.173240,166.444444,-0.494324,-0.388976,0.629013,38.198656,-0.523493,-0.411929,0.666131,-0.120295,-0.617403,-1.818655,,3.602924,1027.584078,1.293503,10.000000,,VFR,barnes,envelope,False
2026-04-21T07:22:50Z,37.616010,-77.467165,106.680000,297.173240,166.638889,-0.492430,-0.386967,0.626283,38.161385,-0.508597,-0.399672,0.646845,-0.119373,-0.614801,-1.810995,,3.598956,1027.585434,1.293524,10.000000,,VFR,barnes,envelope,False
2026-04-21T07:23:00Z,37.616801,-77.469132,106.680000,297.173240,166.833333,-0.490542,-0.384959,0.623558,38.123503,-0.510380,-0.400527,0.648776,-0.118449,-0.612204,-1.803350,,3.594992,1027.586787,1.293544,10.000000,,VFR,barnes,envelope,False
2026-04-21T07:23:10Z,37.617593,-77.471098,106.680000,297.173240,167.027778,-0.488658,-0.382951,0.620837,38.085004,-0.504219,-0.395146,0.640607,-0.117523,-0.609612,-1.795719,,3.591033,1027.588137,1.293564,10.000000,,VFR,barnes,envelope,False
2026-04-21T07:23:20Z,37.618385,-77.473065,106.680000,297.173240,167.222222,-0.486781,-0.380943,0.618120,38.045884,-0.513278,-0.401679,0.651767,-0.116594,-0.607024,-1.788102,,3.587078,1027.589484,1.293584,10.000000,,VFR,barnes,envelope,False
2026-04-21T07:23:30Z,37.619177,-77.475031,106.680000,297.173240,167.416667,-0.484908,-0.378935,0.615409,38.006138,-0.510852,-0.399209,0.648335,-0.115663,-0.604442,-1.780499,,3.583127,1027.590829,1.293605,10.000000,,VFR,barnes,envelope,False
2026-04-21T07:23:40Z,37.619969,-77.476998,106.680000,297.173240,167.611111,-0.483041,-0.376928,0.612701,37.965762,-0.507335,-0.395885,0.643517,-0.114730,-0.601864,-1.772910,,3.579181,1027.592171,1.293625,10.000000,,VFR,barnes,envelope,False
2026-04-21T07:23:50Z,37.620761,-77.478965,106.680000,297.173240,167.805556,-0.481178,-0.374921,0.609999,37.924749,-0.511684,-0.398690,0.648671,-0.113795,-0.599291,-1.765335,,3.575239,1027.593511,1.293645,10.000000,,VFR,barnes,envelope,False
2026-04-21T07:24:00Z,37.621553,-77.480931,106.680000,297.173240,168.000000,-0.479321,-0.372915,0.607301,37.883096,-0.505313,-0.393136,0.640232,-0.112858,-0.596722,-1.757774,,3.571301,1027.594847,1.293665,10.000000,,VFR,barnes,envelope,False
2026-04-21T07:24:10Z,37.622345,-77.482898,106.680000,297.173240,168.194444,-0.477470,-0.370908,0.604608,37.840797,-0.495831,-0.385172,0.627858,-0.111919,-0.594159,-1.750227,,3.567368,1027.596181,1.293685,10.000000,,VFR,barnes,envelope,False
2026-04-21T07:24:20Z,37.623136,-77.484864,106.680000,297.173240,168.388889,-0.475623,-0.368902,0.601919,37.797847,-0.483741,-0.375199,0.612193,-0.110978,-0.591600,-1.742694,,3.563440,1027.597512,1.293705,10.000000,,VFR,barnes,envelope,False
2026-04-21T07:24:30Z,37.623928,-77.486831,106.680000,297.173240,168.583333,-0.473782,-0.366897,0.599235,37.754241,-0.498134,-0.385756,0.630036,-0.110035,-0.589046,-1.735175,,3.559515,1027.598840,1.293725,10.000000,,VFR,barnes,envelope,False
2026-04-21T07:24:40Z,37.624720,-77.488798,106.680000,297.173240,168.777778,-0.471945,-0.364892,0.596556,37.709974,-0.452938,-0.350196,0.572529,-0.109090,-0.586496,-1.727670,,3.555595,1027.600166,1.293745,10.000000,,VFR,barnes,envelope,False
2026-04-21T07:24:50Z,37.625512,-77.490764,106.680000,297.173240,168.972222,-0.470114,-0.362888,0.593881,37.665041,-0.449249,-0.346781,0.567522,-0.108143,-0.583952,-1.720179,,3.551679,1027.601489,1.293765,10.000000,,VFR,barnes,envelope,False
2026-04-21T07:25:00Z,37.626304,-77.492731,106.680000,297.173240,169.166667,-0.468288,-0.360883,0.591211,37.619436,-0.469127,-0.361530,0.592270,-0.107194,-0.581412,-1.712702,,3.547768,1027.602809,1.293785,10.000000,,VFR,barnes,envelope,False
2026-04-21T07:25:10Z,37.627096,-77.494698,106.680000,297.173240,169.361111,-0.467277,-0.360685,0.590289,37.664134,-0.467937,-0.361195,0.591123,-0.107479,-0.580422,-1.709787,,3.543861,1027.604126,1.293805,10.000000,,VFR,barnes,envelope,False
2026-04-21T07:25:20Z,37.627888,-77.496664,106.680000,297.173240,169.555556,-0.466271,-0.360489,0.589374,37.708733,-0.457986,-0.354084,0.578901,-0.107764,-0.579438,-1.706890,,3.539958,1027.605440,1.293825,10.000000,,VFR,barnes,envelope,False
2026-04-21T07:25:30Z,37.628680,-77.498631,106.680000,297.173240,169.750000,-0.465272,-0.360294,0.588464,37.753234,-0.435153,-0.336971,0.550370,-0.108047,-0.578460,-1.704010,,3.536060,1027.606752,1.293845,10.000000,,VFR,barnes,envelope,False
2026-04-21T07:25:40Z,37.629472,-77.500597,106.680000,297.173240,169.944444,-0.464279,-0.360101,0.587561,37.797637,-0.451291,-0.350028,0.571125,-0.108328,-0.577488,-1.701149,,3.532166,1027.608061,1.293864,10.000000,,VFR,barnes,envelope,False
2026-04-21T07:25:50Z,37.630263,-77.502564,106.680000,297.173240,170.138889,-0.463292,-0.359909,0.586663,37.841941,-0.469427,-0.364675,0.594432,-0.108609,-0.576522,-1.698306,,3.528277,1027.609367,1.293884,10.000000,,VFR,barnes,envelope,False
2026-04-21T07:26:00Z,37.631055,-77.504531,106.680000,297.173240,170.333333,-0.462310,-0.359719,0.585772,37.886146,-0.451166,-0.351048,0.571651,-0.108888,-0.575562,-1.695480,,3.524391,1027.610671,1.293904,10.000000,,VFR,barnes,envelope,False
2026-04-21T07:26:10Z,37.631847,-77.506497,106.680000,297.173240,170.527778,-0.461335,-0.359531,0.584886,37.930252,-0.451602,-0.351946,0.572547,-0.109166,-0.574609,-1.692672,,3.520510,1027.611971,1.293924,10.000000,,VFR,barnes,envelope,False
2026-04-21T07:26:20Z,37.632639,-77.508464,106.680000,297.173240,170.722222,-0.460365,-0.359344,0.584007,37.974259,-0.467566,-0.364964,0.593141,-0.109442,-0.573661,-1.689882,,3.516634,1027.613269,1.293944,10.000000,,VFR,barnes,envelope,False
2026-04-21T07:26:30Z,37.633431,-77.510430,106.680000,297.173240,170.916667,-0.459402,-0.359159,0.583134,38.018167,-0.480930,-0.375989,0.610460,-0.109717,-0.572719,-1.687109,,3.512761,1027.614564,1.293963,10.000000,,VFR,barnes,envelope,False
2026-04-21T07:26:40Z,37.634223,-77.512397,106.680000,297.173240,171.111111,-0.458444,-0.358975,0.582266,38.061975,-0.472177,-0.369728,0.599708,-0.109992,-0.571783,-1.684354,,3.508893,1027.615856,1.293983,10.000000,,VFR,barnes,envelope,False
2026-04-21T07:26:50Z,37.635015,-77.514364,106.680000,297.173240,171.305556,-0.457492,-0.358793,0.581405,38.105684,-0.489617,-0.383987,0.622231,-0.110264,-0.570853,-1.681616,,3.505029,1027.617145,1.294003,10.000000,,VFR,barnes,envelope,False
2026-04-21T07:27:00Z,37.635807,-77.516330,106.680000,297.173240,171.500000,-0.456546,-0.358613,0.580549,38.149293,-0.469929,-0.369125,0.597567,-0.110536,-0.569929,-1.678896,,3.501170,1027.618432,1.294022,10.000000,,VFR,barnes,envelope,False
2026-04-21T07:27:10Z,37.636598,-77.518297,106.680000,297.173240,171.694444,-0.455606,-0.358434,0.579700,38.192803,-0.448174,-0.352587,0.570243,-0.110806,-0.569011,-1.676193,,3.497315,1027.619715,1.294042,10.000000,,VFR,barnes,envelope,False
2026-04-21T07:27:20Z,37.637390,-77.520263,106.680000,297.173240,171.888889,-0.454672,-0.358257,0.578856,38.236213,-0.448184,-0.353145,0.570596,-0.111075,-0.568099,-1.673507,,3.493464,1027.620996,1.294062,10.000000,,VFR,barnes,envelope,False
2026-04-21T07:27:30Z,37.638182,-77.522230,106.680000,297.173240,172.083333,-0.453743,-0.358081,0.578018,38.279523,-0.460545,-0.363449,0.586683,-0.111343,-0.567192,-1.670838,,3.489617,1027.622274,1.294081,10.000000,,VFR,barnes,envelope,False
2026-04-21T07:27:40Z,37.638974,-77.524197,106.680000,297.173240,172.277778,-0.452820,-0.357907,0.577186,38.322733,-0.455835,-0.360290,0.581029,-0.111610,-0.566292,-1.668187,,3.485775,1027.623550,1.294101,10.000000,,VFR,barnes,envelope,False
2026-04-21T07:27:50Z,37.639766,-77.526163,106.680000,297.173240,172.472222,-0.451902,-0.357735,0.576359,38.365843,-0.448987,-0.355427,0.572641,-0.111876,-0.565397,-1.665552,,3.481937,1027.624822,1.294121,10.000000,,VFR,barnes,envelope,False
2026-04-21T07:28:00Z,37.640558,-77.528130,106.680000,297.173240,172.666667,-0.450991,-0.357564,0.575539,38.408853,-0.445217,-0.352987,0.568170,-0.112140,-0.564508,-1.662935,,3.478103,1027.626092,1.294140,10.000000,,VFR,barnes,envelope,False
2026-04-21T07:28:10Z,37.641350,-77.530097,106.680000,297.173240,172.861111,-0.450085,-0.357395,0.574724,38.451763,-0.446125,-0.354251,0.569668,-0.112404,-0.563625,-1.660334,,3.474274,1027.627358,1.294160,10.000000,,VFR,barnes,envelope,False
2026-04-21T07:28:20Z,37.642142,-77.532063,106.680000,297.173240,173.055556,-0.449184,-0.357228,0.573915,38.494574,-0.448879,-0.356985,0.573524,-0.112666,-0.562747,-1.657751,,3.470448,1027.628622,1.294179,10.000000,,VFR,barnes,envelope,False
2026-04-21T07:28:30Z,37.642933,-77.534030,106.680000,297.173240,173.250000,-0.448289,-0.357062,0.573111,38.537284,-0.450302,-0.358665,0.575684,-0.112927,-0.561875,-1.655184,,3.466627,1027.629883,1.294198,10.000000,,VFR,barnes,envelope,False
2026-04-21T07:28:40Z,37.643725,-77.535996,106.680000,297.173240,173.444444,-0.447400,-0.356898,0.572313,38.579894,-0.440862,-0.351682,0.563950,-0.113187,-0.561009,-1.652633,,3.462811,1027.631141,1.294218,10.000000,,VFR,barnes,envelope,False
2026-04-21T07:28:50Z,37.644517,-77.537963,106.680000,297.173240,173.638889,-0.446516,-0.356735,0.571521,38.622404,-0.427977,-0.341924,0.547793,-0.113446,-0.560149,-1.650100,,3.458998,1027.632397,1.294237,10.000000,,VFR,barnes,envelope,False
2026-04-21T07:29:00Z,37.645309,-77.539930,106.680000,297.173240,173.833333,-0.445638,-0.356574,0.570735,38.664814,-0.439936,-0.352012,0.563433,-0.113704,-0.559294,-1.647583,,3.455190,1027.633649,1.294257,10.000000,,VFR,barnes,envelope,False
2026-04-21T07:29:10Z,37.646101,-77.541896,106.680000,297.173240,174.027778,-0.444765,-0.356415,0.569954,38.707124,-0.457451,-0.366581,0.586210,-0.113961,-0.558444,-1.645082,,3.451386,1027.634899,1.294276,10.000000,,VFR,barnes,envelope,False
2026-04-21T07:29:20Z,37.646893,-77.543863,106.680000,297.173240,174.222222,-0.443897,-0.356257,0.569178,38.749334,-0.454663,-0.364897,0.582983,-0.114217,-0.557601,-1.642598,,3.447586,1027.636146,1.294295,10.000000,,VFR,barnes,envelope,False
2026-04-21T07:29:30Z,37.647685,-77.545829,106.680000,297.173240,174.416667,-0.443035,-0.356101,0.568408,38.791444,-0.454198,-0.365073,0.582730,-0.114471,-0.556763,-1.640131,,3.443791,1027.637390,1.294315,10.000000,,VFR,barnes,envelope,False
2026-04-21T07:29:40Z,37.648477,-77.547796,106.680000,297.173240,174.611111,-0.442179,-0.355946,0.567644,38.833454,-0.451944,-0.363807,0.580180,-0.114725,-0.555930,-1.637679,,3.439999,1027.638631,1.294334,10.000000,,VFR,barnes,envelope,False
2026-04-21T07:29:50Z,37.649269,-77.549763,106.680000,297.173240,174.805556,-0.441328,-0.355793,0.566885,38.875364,-0.445343,-0.359031,0.572044,-0.114978,-0.555103,-1.635244,,3.436212,1027.639869,1.294353,10.000000,,VFR,barnes,envelope,False
2026-04-21T07:30:00Z,37.650060,-77.551729,106.680000,297.173240,175.000000,-0.440482,-0.355642,0.566132,38.917174,-0.452899,-0.365667,0.582091,-0.115229,-0.554281,-1.632825,,3.432429,1027.641104,1.294373,10.000000,,VFR,barnes,envelope,False
2026-04-21T07:30:10Z,37.650852,-77.553696,106.680000,297.173240,175.194444,-0.441579,-0.353967,0.565938,38.715465,-0.453627,-0.363625,0.581378,-0.113238,-0.554493,-1.633448,,3.428650,1027.642718,1.294392,10.000000,,VFR,barnes,envelope,False
2026-04-21T07:30:20Z,37.651644,-77.555663,106.680000,297.173240,175.388889,-0.442689,-0.352288,0.565756,38.512430,-0.449896,-0.358023,0.574966,-0.111237,-0.554713,-1.634096,,3.424876,1027.644329,1.294412,10.000000,,VFR,barnes,envelope,False
2026-04-21T07:30:30Z,37.652436,-77.557629,106.680000,297.173240,175.583333,-0.443811,-0.350602,0.565588,38.308082,-0.463859,-0.366440,0.591137,-0.109226,-0.554941,-1.634768,,3.421105,1027.645936,1.294432,10.000000,,VFR,barnes,envelope,False
2026-04-21T07:30:40Z,37.653228,-77.559596,106.680000,297.173240,175.777778,-0.444944,-0.348911,0.565433,38.102430,-0.446548,-0.350169,0.567471,-0.107204,-0.555177,-1.635464,,3.417339,1027.647541,1.294451,10.000000,,VFR,barnes,envelope,False
2026-04-21T07:30:50Z,37.654020,-77.561562,106.680000,297.173240,175.972222,-0.446090,-0.347215,0.565292,37.895486,-0.443399,-0.345121,0.561882,-0.105171,-0.555422,-1.636184,,3.413577,1027.649142,1.294471,10.000000,,VFR,barnes,envelope,False
2026-04-21T07:31:00Z,37.654812,-77.563529,106.680000,297.173240,176.166667,-0.447248,-0.345513,0.565164,37.687262,-0.440898,-0.340608,0.557140,-0.103129,-0.555675,-1.636928,,3.409819,1027.650741,1.294491,10.000000,,VFR,barnes,envelope,False
2026-04-21T07:31:10Z,37.655604,-77.565496,106.680000,297.173240,176.361111,-0.448417,-0.343806,0.565049,37.477768,-0.437355,-0.335325,0.551110,-0.101076,-0.555936,-1.637696,,3.406065,1027.652336,1.294510,10.000000,,VFR,barnes,envelope,False
2026-04-21T07:31:20Z,37.656395,-77.567462,106.680000,297.173240,176.555556,-0.449599,-0.342094,0.564949,37.267017,-0.426590,-0.324587,0.536037,-0.099013,-0.556205,-1.638489,,3.402315,1027.653928,1.294530,10.000000,,VFR,barnes,envelope,False
2026-04-21T07:31:30Z,37.657187,-77.569429,106.680000,297.173240,176.750000,-0.450793,-0.340376,0.564862,37.055021,-0.452916,-0.341979,0.567523,-0.096939,-0.556482,-1.639305,,3.398570,1027.655517,1.294549,10.000000,,VFR,barnes,envelope,False
2026-04-21T07:31:40Z,37.657979,-77.571395,106.680000,297.173240,176.944444,-0.451998,-0.338652,0.564790,36.841793,-0.445253,-0.333598,0.556361,-0.094856,-0.556767,-1.640145,,3.394829,1027.657103,1.294569,10.000000,,VFR,barnes,envelope,False
2026-04-21T07:31:50Z,37.658771,-77.573362,106.680000,297.173240,177.138889,-0.453216,-0.336923,0.564731,36.627344,-0.466766,-0.346997,0.581616,-0.092761,-0.557061,-1.641009,,3.391092,1027.658686,1.294588,10.000000,,VFR,barnes,envelope,False
2026-04-21T07:32:00Z,37.659563,-77.575329,106.680000,297.173240,177.333333,-0.454445,-0.335189,0.564687,36.411687,-0.460986,-0.340013,0.572815,-0.090657,-0.557363,-1.641897,,3.387359,1027.660265,1.294608,10.000000,,VFR,barnes,envelope,False
2026-04-21T07:32:10Z,37.660355,-77.577295,106.680000,297.173240,177.527778,-0.455686,-0.333449,0.564657,36.194837,-0.457568,-0.334826,0.566990,-0.088542,-0.557672,-1.642809,,3.383630,1027.661842,1.294627,10.000000,,VFR,barnes,envelope,False
2026-04-21T07:32:20Z,37.661147,-77.579262,106.680000,297.173240,177.722222,-0.456939,-0.331703,0.564642,35.976806,-0.444113,-0.322392,0.548792,-0.086417,-0.557990,-1.643744,,3.379905,1027.663415,1.294647,10.000000,,VFR,barnes,envelope,False
2026-04-21T07:32:30Z,37.661939,-77.581228,106.680000,297.173240,177.916667,-0.458204,-0.329952,0.564641,35.757608,-0.450731,-0.324571,0.555432,-0.084281,-0.558315,-1.644703,,3.376184,1027.664985,1.294666,10.000000,,VFR,barnes,envelope,False
2026-04-21T07:32:40Z,37.662730,-77.583195,106.680000,297.173240,178.111111,-0.459481,-0.328196,0.564655,35.537257,-0.440524,-0.314655,0.541359,-0.082136,-0.558649,-1.645685,,3.372468,1027.666552,1.294685,10.000000,,VFR,barnes,envelope,False
2026-04-21T07:32:50Z,37.663522,-77.585162,106.680000,297.173240,178.305556,-0.460770,-0.326433,0.564683,35.315767,-0.454468,-0.321969,0.556961,-0.079980,-0.558991,-1.646691,,3.368756,1027.668116,1.294705,10.000000,,VFR,barnes,envelope,False
2026-04-21T07:33:00Z,37.664314,-77.587128,106.680000,297.173240,178.500000,-0.462070,-0.324666,0.564727,35.093153,-0.461644,-0.324367,0.564207,-0.077813,-0.559340,-1.647721,,3.365047,1027.669676,1.294724,10.000000,,VFR,barnes,envelope,False
2026-04-21T07:33:10Z,37.665106,-77.589095,106.680000,297.173240,178.694444,-0.463382,-0.322893,0.564786,34.869428,-0.448584,-0.312581,0.546749,-0.075636,-0.559698,-1.648773,,3.361343,1027.671234,1.294743,10.000000,,VFR,barnes,envelope,False
2026-04-21T07:33:20Z,37.665898,-77.591062,106.680000,297.173240,178.888889,-0.464706,-0.321114,0.564859,34.644609,-0.435026,-0.300604,0.528782,-0.073449,-0.560063,-1.649849,,3.357643,1027.672788,1.294763,10.000000,,VFR,barnes,envelope,False
2026-04-21T07:33:30Z,37.666690,-77.593028,106.680000,297.173240,179.083333,-0.466042,-0.319329,0.564948,34.418710,-0.443043,-0.303570,0.537068,-0.071252,-0.560437,-1.650949,,3.353947,1027.674339,1.294782,10.000000,,VFR,barnes,envelope,False
2026-04-21T07:33:40Z,37.667482,-77.594995,106.680000,297.173240,179.277778,-0.467390,-0.317539,0.565052,34.191746,-0.443689,-0.301438,0.536400,-0.069044,-0.560818,-1.652071,,3.350255,1027.675887,1.294801,10.000000,,VFR,barnes,envelope,False
2026-04-21T07:33:50Z,37.668274,-77.596961,106.680000,297.173240,179.472222,-0.468749,-0.315744,0.565172,33.963733,-0.453082,-0.305191,0.546283,-0.066825,-0.561207,-1.653217,,3.346568,1027.677431,1.294820,10.000000,,VFR,barnes,envelope,False
2026-04-21T07:34:00Z,37.669066,-77.598928,106.680000,297.173240,179.666667,-0.470120,-0.313942,0.565307,33.734688,-0.457441,-0.305476,0.550062,-0.064597,-0.561604,-1.654386,,3.342884,1027.678973,1.294840,10.000000,,VFR,barnes,envelope,False
2026-04-21T07:34:10Z,37.669857,-77.600895,106.680000,297.173240,179.861111,-0.471502,-0.312135,0.565458,33.504625,-0.480185,-0.317883,0.575870,-0.062358,-0.562009,-1.655578,,3.339204,1027.680511,1.294859,10.000000,,VFR,barnes,envelope,False
2026-04-21T07:34:20Z,37.670649,-77.602861,106.680000,297.173240,180.055556,-0.472897,-0.310323,0.565625,33.273562,-0.488396,-0.320494,0.584164,-0.060109,-0.562422,-1.656793,,3.335529,1027.682046,1.294878,10.000000,,VFR,barnes,envelope,False
2026-04-21T07:34:30Z,37.671441,-77.604828,106.680000,297.173240,180.250000,-0.474303,-0.308505,0.565807,33.041514,-0.483306,-0.314361,0.576548,-0.057849,-0.562842,-1.658031,,3.331857,1027.683577,1.294897,10.000000,,VFR,barnes,envelope,False
2026-04-21T07:34:40Z,37.672233,-77.606794,106.680000,297.173240,180.444444,-0.475720,-0.306681,0.566006,32.808499,-0.486039,-0.313333,0.578283,-0.055579,-0.563270,-1.659291,,3.328190,1027.685105,1.294916,10.000000,,VFR,barnes,envelope,False
2026-04-21T07:34:50Z,37.673025,-77.608761,106.680000,297.173240,180.638889,-0.477149,-0.304851,0.566221,32.574533,-0.483574,-0.308955,0.573844,-0.053299,-0.563706,-1.660575,,3.324526,1027.686631,1.294935,10.000000,,VFR,barnes,envelope,False
2026-04-21T07:35:00Z,37.673817,-77.610728,106.680000,297.173240,180.833333,-0.478590,-0.303016,0.566451,32.339633,-0.487735,-0.308806,0.577275,-0.051008,-0.564150,-1.661881,,3.320867,1027.688152,1.294954,10.000000,,VFR,barnes,envelope,False
2026-04-21T07:35:10Z,37.674609,-77.612694,106.680000,297.173240,181.027778,-0.477109,-0.301806,0.564553,32.316315,-0.479266,-0.303171,0.567106,-0.050608,-0.562280,-1.656376,,3.319160,1027.691293,1.294966,10.000000,,VFR,barnes,envelope,False
2026-04-21T07:35:20Z,37.675401,-77.614661,106.680000,297.173240,181.222222,-0.475633,-0.300600,0.562661,32.292892,-0.488872,-0.308967,0.578323,-0.050210,-0.560416,-1.650888,,3.317456,1027.694436,1.294978,10.000000,,VFR,barnes,envelope,False
2026-04-21T07:35:30Z,37.676192,-77.616627,106.680000,297.173240,181.416667,-0.474162,-0.299398,0.560775,32.269366,-0.483282,-0.305157,0.571561,-0.049812,-0.558558,-1.645417,,3.315753,1027.697580,1.294990,10.000000,,VFR,barnes,envelope,False
2026-04-21T07:35:40Z,37.676984,-77.618594,106.680000,297.173240,181.611111,-0.472695,-0.298199,0.558895,32.245734,-0.488999,-0.308484,0.578171,-0.049415,-0.556706,-1.639964,,3.314054,1027.700727,1.295002,10.000000,,VFR,barnes,envelope,False
2026-04-21T07:35:50Z,37.677776,-77.620561,106.680000,297.173240,181.805556,-0.471233,-0.297004,0.557021,32.221995,-0.481353,-0.303383,0.568983,-0.049020,-0.554860,-1.634528,,3.312356,1027.703876,1.295014,10.000000,,VFR,barnes,envelope,False
2026-04-21T07:36:00Z,37.678568,-77.622527,106.680000,297.173240,182.000000,-0.469776,-0.295813,0.555153,32.198150,-0.483440,-0.304417,0.571300,-0.048625,-0.553019,-1.629110,,3.310661,1027.707028,1.295026,10.000000,,VFR,barnes,envelope,False
2026-04-21T07:36:10Z,37.679360,-77.624494,106.680000,297.173240,182.194444,-0.468324,-0.294625,0.553291,32.174195,-0.473176,-0.297677,0.559024,-0.048232,-0.551185,-1.623709,,3.308968,1027.710181,1.295038,10.000000,,VFR,barnes,envelope,False
2026-04-21T07:36:20Z,37.680152,-77.626461,106.680000,297.173240,182.388889,-0.466876,-0.293441,0.551435,32.150132,-0.464756,-0.292108,0.548930,-0.047839,-0.549356,-1.618325,,3.307277,1027.713336,1.295050,10.000000,,VFR,barnes,envelope,False
2026-04-21T07:36:30Z,37.680944,-77.628427,106.680000,297.173240,182.583333,-0.465434,-0.292260,0.549586,32.125957,-0.468037,-0.293894,0.552659,-0.047448,-0.547534,-1.612958,,3.305588,1027.716494,1.295062,10.000000,,VFR,barnes,envelope,False
2026-04-21T07:36:40Z,37.681736,-77.630394,106.680000,297.173240,182.777778,-0.463996,-0.291083,0.547742,32.101672,-0.454271,-0.284982,0.536262,-0.047057,-0.545717,-1.607609,,3.303902,1027.719654,1.295073,10.000000,,VFR,barnes,envelope,False
2026-04-21T07:36:50Z,37.682527,-77.632360,106.680000,297.173240,182.972222,-0.462563,-0.289909,0.545904,32.077273,-0.454648,-0.284949,0.536564,-0.046668,-0.543906,-1.602277,,3.302219,1027.722815,1.295085,10.000000,,VFR,barnes,envelope,False
2026-04-21T07:37:00Z,37.683319,-77.634327,106.680000,297.173240,183.166667,-0.461134,-0.288739,0.544073,32.052761,-0.442845,-0.277288,0.522494,-0.046279,-0.542101,-1.596962,,3.300537,1027.725979,1.295097,10.000000,,VFR,barnes,envelope,False
2026-04-21T07:37:10Z,37.684111,-77.636294,106.680000,297.173240,183.361111,-0.459710,-0.287573,0.542247,32.028135,-0.450917,-0.282072,0.531875,-0.045892,-0.540302,-1.591665,,3.298858,1027.729145,1.295109,10.000000,,VFR,barnes,envelope,False
2026-04-21T07:37:20Z,37.684903,-77.638260,106.680000,297.173240,183.555556,-0.458291,-0.286410,0.540427,32.003392,-0.446512,-0.279048,0.526537,-0.045505,-0.538508,-1.586384,,3.297181,1027.732313,1.295121,10.000000,,VFR,barnes,envelope,False
2026-04-21T07:37:30Z,37.685695,-77.640227,106.680000,297.173240,183.750000,-0.456877,-0.285251,0.538614,31.978532,-0.462400,-0.288699,0.545125,-0.045120,-0.536721,-1.581121,,3.295506,1027.735483,1.295133,10.000000,,VFR,barnes,envelope,False
2026-04-21T07:37:40Z,37.686487,-77.642193,106.680000,297.173240,183.944444,-0.455468,-0.284095,0.536806,31.953554,-0.470646,-0.293562,0.554695,-0.044735,-0.534939,-1.575875,,3.293834,1027.738656,1.295145,10.000000,,VFR,barnes,envelope,False
2026-04-21T07:37:50Z,37.687279,-77.644160,106.680000,297.173240,184.138889,-0.454063,-0.282942,0.535004,31.928457,-0.498762,-0.310796,0.587671,-0.044351,-0.533163,-1.570645,,3.292164,1027.741830,1.295156,10.000000,,VFR,barnes,envelope,False
2026-04-21T07:38:00Z,37.688071,-77.646127,106.680000,297.173240,184.333333,-0.452663,-0.281793,0.533209,31.903239,-0.501352,-0.312104,0.590561,-0.043969,-0.531393,-1.565433,,3.290496,1027.745006,1.295168,10.000000,,VFR,barnes,envelope,False
2026-04-21T07:38:10Z,37.688863,-77.648093,106.680000,297.173240,184.527778,-0.451268,-0.280648,0.531419,31.877900,-0.495360,-0.308070,0.583343,-0.043587,-0.529628,-1.560238,,3.288831,1027.748184,1.295180,10.000000,,VFR,barnes,envelope,False
2026-04-21T07:38:20Z,37.689654,-77.650060,106.680000,297.173240,184.722222,-0.449877,-0.279506,0.529635,31.852437,-0.480469,-0.298513,0.565651,-0.043206,-0.527870,-1.555060,,3.287168,1027.751365,1.295192,10.000000,,VFR,barnes,envelope,False
2026-04-21T07:38:30Z,37.690446,-77.652027,106.680000,297.173240,184.916667,-0.448491,-0.278367,0.527857,31.826851,-0.471615,-0.292720,0.555072,-0.042826,-0.526117,-1.549899,,3.285507,1027.754547,1.295204,10.000000,,VFR,barnes,envelope,False
2026-04-21T07:38:40Z,37.691238,-77.653993,106.680000,297.173240,185.111111,-0.447110,-0.277232,0.526085,31.801140,-0.468109,-0.290253,0.550793,-0.042447,-0.524370,-1.544754,,3.283848,1027.757732,1.295215,10.000000,,VFR,barnes,envelope,False
2026-04-21T07:38:50Z,37.692030,-77.655960,106.680000,297.173240,185.305556,-0.445734,-0.276101,0.524319,31.775301,-0.470307,-0.291322,0.553225,-0.042069,-0.522628,-1.539627,,3.282192,1027.760919,1.295227,10.000000,,VFR,barnes,envelope,False
2026-04-21T07:39:00Z,37.692822,-77.657926,106.680000,297.173240,185.500000,-0.444362,-0.274972,0.522558,31.749336,-0.464325,-0.287326,0.546035,-0.041691,-0.520893,-1.534516,,3.280538,1027.764107,1.295239,10.000000,,VFR,barnes,envelope,False
2026-04-21T07:39:10Z,37.693614,-77.659893,106.680000,297.173240,185.694444,-0.442995,-0.273848,0.520804,31.723241,-0.479837,-0.296623,0.564118,-0.041315,-0.519163,-1.529423,,3.278887,1027.767298,1.295251,10.000000,,VFR,barnes,envelope,False
2026-04-21T07:39:20Z,37.694406,-77.661860,106.680000,297.173240,185.888889,-0.441633,-0.272726,0.519056,31.697016,-0.480924,-0.296990,0.565235,-0.040939,-0.517439,-1.524346,,3.277237,1027.770490,1.295262,10.000000,,VFR,barnes,envelope,False
2026-04-21T07:39:30Z,37.695198,-77.663826,106.680000,297.173240,186.083333,-0.440275,-0.271608,0.517313,31.670659,-0.462740,-0.285467,0.543710,-0.040565,-0.515720,-1.519285,,3.275590,1027.773685,1.295274,10.000000,,VFR,barnes,envelope,False
2026-04-21T07:39:40Z,37.695989,-77.665793,106.680000,297.173240,186.277778,-0.438922,-0.270493,0.515576,31.644169,-0.459098,-0.282927,0.539277,-0.040191,-0.514007,-1.514242,,3.273946,1027.776882,1.295286,10.000000,,VFR,barnes,envelope,False
2026-04-21T07:39:50Z,37.696781,-77.667759,106.680000,297.173240,186.472222,-0.437573,-0.269382,0.513845,31.617545,-0.450810,-0.277531,0.529389,-0.039818,-0.512300,-1.509215,,3.272303,1027.780080,1.295298,10.000000,,VFR,barnes,envelope,False
2026-04-21T07:40:00Z,37.697573,-77.669726,106.680000,297.173240,186.666667,-0.436230,-0.268274,0.512120,31.590786,-0.452743,-0.278429,0.531506,-0.039446,-0.510599,-1.504205,,3.270663,1027.783281,1.295309,10.000000,,VFR,barnes,envelope,False
2026-04-21T07:40:10Z,37.698365,-77.671693,106.680000,297.173240,186.861111,-0.432578,-0.263164,0.506339,31.314682,-0.439817,-0.267567,0.514811,-0.036567,-0.505017,-1.487769,,3.269026,1027.783224,1.295317,10.000000,,VFR,barnes,envelope,False
2026-04-21T07:40:20Z,37.699157,-77.673659,106.680000,297.173240,187.055556,-0.428924,-0.258050,0.500565,31.032036,-0.435748,-0.262156,0.508530,-0.033687,-0.499430,-1.471318,,3.267390,1027.783169,1.295325,10.000000,,VFR,barnes,envelope,False
2026-04-21T07:40:30Z,37.699949,-77.675626,106.680000,297.173240,187.250000,-0.425266,-0.252932,0.494799,30.742629,-0.442525,-0.263198,0.514880,-0.030805,-0.493839,-1.454852,,3.265757,1027.783114,1.295332,10.000000,,VFR,barnes,envelope,False
2026-04-21T07:40:40Z,37.700741,-77.677592,106.680000,297.173240,187.444444,-0.421604,-0.247811,0.489040,30.446229,-0.436522,-0.256580,0.506344,-0.027921,-0.488243,-1.438373,,3.264126,1027.783060,1.295340,10.000000,,VFR,barnes,envelope,False
2026-04-21T07:40:50Z,37.701533,-77.679559,106.680000,297.173240,187.638889,-0.417939,-0.242686,0.483291,30.142597,-0.441516,-0.256377,0.510554,-0.025035,-0.482642,-1.421880,,3.262498,1027.783007,1.295347,10.000000,,VFR,barnes,envelope,False
2026-04-21T07:41:00Z,37.702324,-77.681526,106.680000,297.173240,187.833333,-0.414271,-0.237558,0.477550,29.831481,-0.444481,-0.254881,0.512374,-0.022148,-0.477036,-1.405372,,3.260872,1027.782956,1.295355,10.000000,,VFR,barnes,envelope,False
2026-04-21T07:41:10Z,37.703116,-77.683492,106.680000,297.173240,188.027778,-0.410599,-0.232425,0.471819,29.512621,-0.442488,-0.250476,0.508463,-0.019259,-0.471426,-1.388850,,3.259248,1027.782905,1.295362,10.000000,,VFR,barnes,envelope,False
2026-04-21T07:41:20Z,37.703908,-77.685459,106.680000,297.173240,188.222222,-0.406924,-0.227289,0.466098,29.185743,-0.427769,-0.238932,0.489974,-0.016368,-0.465811,-1.372314,,3.257627,1027.782855,1.295370,10.000000,,VFR,barnes,envelope,False
2026-04-21T07:41:30Z,37.704700,-77.687426,106.680000,297.173240,188.416667,-0.403245,-0.222150,0.460388,28.850563,-0.409193,-0.225426,0.467178,-0.013476,-0.460191,-1.355763,,3.256008,1027.782807,1.295377,10.000000,,VFR,barnes,envelope,False
2026-04-21T07:41:40Z,37.705492,-77.689392,106.680000,297.173240,188.611111,-0.399563,-0.217006,0.454689,28.506783,-0.406569,-0.220811,0.462661,-0.010582,-0.454566,-1.339199,,3.254391,1027.782759,1.295385,10.000000,,VFR,barnes,envelope,False
2026-04-21T07:41:50Z,37.706284,-77.691359,106.680000,297.173240,188.805556,-0.395877,-0.211859,0.449002,28.154092,-0.384558,-0.205802,0.436164,-0.007686,-0.448937,-1.322620,,3.252776,1027.782713,1.295392,10.000000,,VFR,barnes,envelope,False
2026-04-21T07:42:00Z,37.707076,-77.693325,106.680000,297.173240,189.000000,-0.392188,-0.206709,0.443328,27.792166,-0.398324,-0.209943,0.450264,-0.004789,-0.443302,-1.306026,,3.251164,1027.782667,1.295400,10.000000,,VFR,barnes,envelope,False
2026-04-21T07:42:10Z,37.707868,-77.695292,106.680000,297.173240,189.194444,-0.388495,-0.201555,0.437667,27.420666,-0.413177,-0.214360,0.465473,-0.001890,-0.437663,-1.289419,,3.249554,1027.782623,1.295407,10.000000,,VFR,barnes,envelope,False
2026-04-21T07:42:20Z,37.708660,-77.697259,106.680000,297.173240,189.388889,-0.384799,-0.196397,0.432021,27.039238,-0.403142,-0.205759,0.452614,0.001010,-0.432020,-1.272797,,3.247947,1027.782579,1.295415,10.000000,,VFR,barnes,envelope,False
2026-04-21T07:42:30Z,37.709451,-77.699225,106.680000,297.173240,189.583333,-0.381099,-0.191236,0.426389,26.647513,-0.400121,-0.200781,0.447671,0.003912,-0.426371,-1.256161,,3.246341,1027.782537,1.295422,10.000000,,VFR,barnes,envelope,False
2026-04-21T07:42:40Z,37.710243,-77.701192,106.680000,297.173240,189.777778,-0.377396,-0.186071,0.420773,26.245102,-0.402657,-0.198526,0.448938,0.006816,-0.420718,-1.239510,,3.244739,1027.782496,1.295430,10.000000,,VFR,barnes,envelope,False
2026-04-21T07:42:50Z,37.711035,-77.703158,106.680000,297.173240,189.972222,-0.373689,-0.180902,0.415173,25.831603,-0.400749,-0.194002,0.445238,0.009721,-0.415060,-1.222845,,3.243138,1027.782456,1.295437,10.000000,,VFR,barnes,envelope,False
2026-04-21T07:43:00Z,37.711827,-77.705125,106.680000,297.173240,190.166667,-0.369978,-0.175731,0.409591,25.406593,-0.391583,-0.185992,0.433509,0.012627,-0.409397,-1.206166,,3.241540,1027.782416,1.295445,10.000000,,VFR,barnes,envelope,False
2026-04-21T07:43:10Z,37.712619,-77.707092,106.680000,297.173240,190.361111,-0.366264,-0.170555,0.404028,24.969630,-0.384193,-0.178904,0.423806,0.015535,-0.403729,-1.189472,,3.239944,1027.782378,1.295452,10.000000,,VFR,barnes,envelope,False
2026-04-21T07:43:20Z,37.713411,-77.709058,106.680000,297.173240,190.555556,-0.362546,-0.165376,0.398483,24.520254,-0.369869,-0.168717,0.406533,0.018445,-0.398056,-1.172764,,3.238350,1027.782341,1.295460,10.000000,,VFR,barnes,envelope,False
2026-04-21T07:43:30Z,37.714203,-77.711025,106.680000,297.173240,190.750000,-0.358824,-0.160194,0.392959,24.057982,-0.367812,-0.164207,0.402802,0.021355,-0.392379,-1.156042,,3.236759,1027.782306,1.295467,10.000000,,VFR,barnes,envelope,False
2026-04-21T07:43:40Z,37.714995,-77.712991,106.680000,297.173240,190.944444,-0.355099,-0.155008,0.387457,23.582310,-0.364371,-0.159056,0.397574,0.024267,-0.386696,-1.139305,,3.235170,1027.782271,1.295474,10.000000,,VFR,barnes,envelope,False
2026-04-21T07:43:50Z,37.715786,-77.714958,106.680000,297.173240,191.138889,-0.351370,-0.149819,0.381978,23.092712,-0.346282,-0.147650,0.376446,0.027181,-0.381009,-1.122554,,3.233584,1027.782237,1.295482,10.000000,,VFR,barnes,envelope,False
2026-04-21T07:44:00Z,37.716475,-77.716984,106.680000,289.155470,191.333333,-0.347613,-0.144625,0.376499,22.589877,-0.355987,-0.148109,0.385568,-0.022554,-0.375823,-1.107276,,3.231934,1027.782221,1.295490,10.000000,,VFR,barnes,envelope,False
2026-04-21T07:44:10Z,37.717038,-77.719081,106.680000,289.155470,191.527778,-0.343822,-0.139427,0.371017,22.073553,-0.352012,-0.142748,0.379854,-0.018888,-0.370536,-1.091704,,3.230209,1027.782226,1.295498,10.000000,,VFR,barnes,envelope,False
2026-04-21T07:44:20Z,37.717602,-77.721178,106.680000,289.155470,191.722222,-0.340028,-0.134226,0.365562,21.541674,-0.341536,-0.134822,0.367184,-0.015220,-0.365245,-1.076119,,3.228487,1027.782232,1.295506,10.000000,,VFR,barnes,envelope,False
2026-04-21T07:44:30Z,37.718166,-77.723275,106.680000,289.155470,191.916667,-0.336229,-0.129023,0.360135,20.993612,-0.342484,-0.131423,0.366834,-0.011552,-0.359950,-1.060521,,3.226768,1027.782239,1.295514,10.000000,,VFR,barnes,envelope,False
2026-04-21T07:44:40Z,37.718729,-77.725372,106.680000,289.155470,192.111111,-0.332427,-0.123818,0.354737,20.428711,-0.325010,-0.121055,0.346822,-0.007882,-0.354650,-1.044910,,3.225052,1027.782246,1.295522,10.000000,,VFR,barnes,envelope,False
2026-04-21T07:44:50Z,37.719293,-77.727469,106.680000,289.155470,192.305556,-0.328621,-0.118611,0.349371,19.846284,-0.318511,-0.114962,0.338623,-0.004212,-0.349346,-1.029285,,3.223340,1027.782255,1.295530,10.000000,,VFR,barnes,envelope,False
2026-04-21T07:45:00Z,37.719857,-77.729566,106.680000,289.155470,192.500000,-0.324811,-0.113401,0.344037,19.245618,-0.315635,-0.110197,0.334318,-0.000541,-0.344037,-1.013648,,3.221630,1027.782265,1.295538,10.000000,,VFR,barnes,envelope,False
2026-04-21T07:45:10Z,37.720421,-77.731663,106.680000,289.155470,192.694444,-0.326284,-0.114107,0.345661,19.275571,-0.318205,-0.111281,0.337102,-0.000725,-0.345660,-1.018428,,3.219924,1027.784138,1.295548,10.000000,,VFR,barnes,envelope,False
2026-04-21T07:45:20Z,37.720984,-77.733760,106.680000,289.155470,192.888889,-0.327768,-0.114825,0.347299,19.306583,-0.326533,-0.114392,0.345990,-0.000916,-0.347298,-1.023253,,3.218220,1027.786008,1.295559,10.000000,,VFR,barnes,envelope,False
2026-04-21T07:45:30Z,37.721548,-77.735856,106.680000,289.155470,193.083333,-0.329264,-0.115556,0.348953,19.338631,-0.330117,-0.115855,0.349857,-0.001116,-0.348951,-1.028122,,3.216520,1027.787874,1.295569,10.000000,,VFR,barnes,envelope,False
2026-04-21T07:45:40Z,37.722112,-77.737953,106.680000,289.155470,193.277778,-0.330771,-0.116299,0.350621,19.371694,-0.340720,-0.119797,0.361167,-0.001323,-0.350619,-1.033035,,3.214823,1027.789737,1.295579,10.000000,,VFR,barnes,envelope,False
2026-04-21T07:45:50Z,37.722675,-77.740050,106.680000,289.155470,193.472222,-0.332291,-0.117055,0.352305,19.405752,-0.331516,-0.116783,0.351484,-0.001539,-0.352302,-1.037993,,3.213129,1027.791596,1.295589,10.000000,,VFR,barnes,envelope,False
2026-04-21T07:46:00Z,37.723239,-77.742147,106.680000,289.155470,193.666667,-0.333821,-0.117824,0.354004,19.440784,-0.345907,-0.122090,0.366821,-0.001763,-0.354000,-1.042995,,3.211438,1027.793451,1.295600,10.000000,,VFR,barnes,envelope,False
2026-04-21T07:46:10Z,37.723803,-77.744244,106.680000,289.155470,193.861111,-0.335363,-0.118605,0.355719,19.476769,-0.332631,-0.117639,0.352821,-0.001995,-0.355713,-1.048042,,3.209750,1027.795304,1.295610,10.000000,,VFR,barnes,envelope,False
2026-04-21T07:46:20Z,37.724366,-77.746341,106.680000,289.155470,194.055556,-0.336917,-0.119399,0.357448,19.513685,-0.323834,-0.114763,0.343568,-0.002235,-0.357441,-1.053133,,3.208066,1027.797152,1.295620,10.000000,,VFR,barnes,envelope,False
2026-04-21T07:46:30Z,37.724930,-77.748438,106.680000,289.155470,194.250000,-0.338483,-0.120206,0.359193,19.551513,-0.327826,-0.116421,0.347884,-0.002483,-0.359185,-1.058268,,3.206385,1027.798997,1.295630,10.000000,,VFR,barnes,envelope,False
2026-04-21T07:46:40Z,37.725494,-77.750535,106.680000,289.155470,194.444444,-0.340060,-0.121024,0.360954,19.590233,-0.323430,-0.115106,0.343302,-0.002739,-0.360943,-1.063447,,3.204707,1027.800838,1.295641,10.000000,,VFR,barnes,envelope,False
2026-04-21T07:46:50Z,37.726058,-77.752632,106.680000,289.155470,194.638889,-0.341648,-0.121856,0.362729,19.629823,-0.330023,-0.117709,0.350386,-0.003003,-0.362716,-1.068671,,3.203032,1027.802676,1.295651,10.000000,,VFR,barnes,envelope,False
2026-04-21T07:47:00Z,37.726621,-77.754729,106.680000,289.155470,194.833333,-0.343248,-0.122700,0.364520,19.670264,-0.324935,-0.116153,0.345071,-0.003275,-0.364505,-1.073939,,3.201360,1027.804510,1.295661,10.000000,,VFR,barnes,envelope,False
2026-04-21T07:47:10Z,37.727185,-77.756826,106.680000,289.155470,195.027778,-0.344860,-0.123556,0.366326,19.711536,-0.325460,-0.116606,0.345718,-0.003555,-0.366308,-1.079251,,3.199692,1027.806340,1.295671,10.000000,,VFR,barnes,envelope,False
2026-04-21T07:47:20Z,37.727749,-77.758923,106.680000,289.155470,195.222222,-0.346483,-0.124425,0.368147,19.753618,-0.318256,-0.114288,0.338155,-0.003843,-0.368127,-1.084608,,3.198027,1027.808167,1.295681,10.000000,,VFR,barnes,envelope,False
2026-04-21T07:47:30Z,37.728312,-77.761020,106.680000,289.155470,195.416667,-0.348118,-0.125306,0.369983,19.796491,-0.324950,-0.116967,0.345360,-0.004139,-0.369960,-1.090008,,3.196365,1027.809990,1.295691,10.000000,,VFR,barnes,envelope,False
2026-04-21T07:47:40Z,37.728876,-77.763117,106.680000,289.155470,195.611111,-0.349764,-0.126200,0.371835,19.840136,-0.325584,-0.117475,0.346129,-0.004443,-0.371809,-1.095453,,3.194707,1027.811810,1.295701,10.000000,,VFR,barnes,envelope,False
2026-04-21T07:47:50Z,37.729440,-77.765214,106.680000,289.155470,195.805556,-0.351422,-0.127106,0.373703,19.884533,-0.319765,-0.115656,0.340038,-0.004755,-0.373672,-1.100942,,3.193051,1027.813625,1.295711,10.000000,,VFR,barnes,envelope,False
2026-04-21T07:48:00Z,37.730003,-77.767311,106.680000,289.155470,196.000000,-0.353092,-0.128024,0.375585,19.929663,-0.324664,-0.117717,0.345346,-0.005075,-0.375551,-1.106476,,3.191399,1027.815438,1.295721,10.000000,,VFR,barnes,envelope,False
2026-04-21T07:48:10Z,37.730567,-77.769408,106.680000,289.155470,196.194444,-0.354773,-0.128955,0.377483,19.975507,-0.332400,-0.120823,0.353678,-0.005402,-0.377445,-1.112053,,3.189751,1027.817246,1.295731,10.000000,,VFR,barnes,envelope,False
2026-04-21T07:48:20Z,37.731131,-77.771505,106.680000,289.155470,196.388889,-0.356466,-0.129898,0.379396,20.022046,-0.338087,-0.123201,0.359835,-0.005738,-0.379353,-1.117675,,3.188105,1027.819051,1.295741,10.000000,,VFR,barnes,envelope,False
2026-04-21T07:48:30Z,37.731694,-77.773602,106.680000,289.155470,196.583333,-0.358171,-0.130854,0.381325,20.069260,-0.351119,-0.128278,0.373817,-0.006081,-0.381277,-1.123341,,3.186463,1027.820852,1.295751,10.000000,,VFR,barnes,envelope,False
2026-04-21T07:48:40Z,37.732258,-77.775699,106.680000,289.155470,196.777778,-0.359887,-0.131822,0.383269,20.117133,-0.350503,-0.128385,0.373276,-0.006433,-0.383215,-1.129051,,3.184825,1027.822649,1.295761,10.000000,,VFR,barnes,envelope,False
2026-04-21T07:48:50Z,37.732822,-77.777796,106.680000,289.155470,196.972222,-0.361614,-0.132802,0.385229,20.165645,-0.347769,-0.127718,0.370480,-0.006792,-0.385169,-1.134806,,3.183189,1027.824442,1.295771,10.000000,,VFR,barnes,envelope,False
2026-04-21T07:49:00Z,37.733386,-77.779893,106.680000,289.155470,197.166667,-0.363353,-0.133794,0.387204,20.214778,-0.361255,-0.133022,0.384967,-0.007158,-0.387137,-1.140604,,3.181557,1027.826232,1.295781,10.000000,,VFR,barnes,envelope,False
2026-04-21T07:49:10Z,37.733949,-77.781989,106.680000,289.155470,197.361111,-0.365104,-0.134799,0.389194,20.264515,-0.367763,-0.135781,0.392028,-0.007533,-0.389121,-1.146446,,3.179929,1027.828018,1.295791,10.000000,,VFR,barnes,envelope,False
2026-04-21T07:49:20Z,37.734513,-77.784086,106.680000,289.155470,197.555556,-0.366867,-0.135816,0.391200,20.314836,-0.377396,-0.139714,0.402427,-0.007915,-0.391120,-1.152333,,3.178303,1027.829800,1.295801,10.000000,,VFR,barnes,envelope,False
2026-04-21T07:49:30Z,37.735077,-77.786183,106.680000,289.155470,197.750000,-0.368641,-0.136845,0.393221,20.365726,-0.372040,-0.138107,0.396846,-0.008305,-0.393133,-1.158264,,3.176681,1027.831579,1.295811,10.000000,,VFR,barnes,envelope,False
2026-04-21T07:49:40Z,37.735640,-77.788280,106.680000,289.155470,197.944444,-0.370426,-0.137887,0.395257,20.417166,-0.378447,-0.140872,0.403816,-0.008703,-0.395162,-1.164239,,3.175063,1027.833353,1.295821,10.000000,,VFR,barnes,envelope,False
2026-04-21T07:49:50Z,37.736204,-77.790377,106.680000,289.155470,198.138889,-0.372224,-0.138940,0.397309,20.469139,-0.371487,-0.138665,0.396523,-0.009109,-0.397205,-1.170258,,3.173448,1027.835124,1.295830,10.000000,,VFR,barnes,envelope,False
2026-04-21T07:50:00Z,37.736768,-77.792474,106.680000,289.155470,198.333333,-0.374033,-0.140006,0.399377,20.521629,-0.370740,-0.138774,0.395861,-0.009522,-0.399264,-1.176321,,-0.252251,1027.836891,1.312099,10.000000,,VFR,barnes,envelope,False
2026-04-21T07:50:10Z,37.737331,-77.794571,106.680000,289.155470,198.527778,-0.371082,-0.131994,0.393858,19.580504,-0.359166,-0.127756,0.381211,-0.002922,-0.393848,-1.160368,,-0.255445,1027.837757,1.312116,10.000000,,VFR,barnes,envelope,False
2026-04-21T07:50:20Z,37.737895,-77.796668,106.680000,289.155470,198.722222,-0.368133,-0.123968,0.388446,18.610817,-0.358077,-0.120581,0.377834,0.003693,-0.388428,-1.144406,,-0.258634,1027.838622,1.312132,10.000000,,VFR,barnes,envelope,False
2026-04-21T07:50:30Z,37.738459,-77.798765,106.680000,289.155470,198.916667,-0.365186,-0.115927,0.383145,17.611902,-0.367904,-0.116790,0.385997,0.010321,-0.383006,-1.128435,,-0.261816,1027.839485,1.312149,10.000000,,VFR,barnes,envelope,False
2026-04-21T07:50:40Z,37.739023,-77.800862,106.680000,289.155470,199.111111,-0.362241,-0.107872,0.377961,16.583130,-0.370052,-0.110199,0.386112,0.016963,-0.377580,-1.112454,,-0.264994,1027.840347,1.312165,10.000000,,VFR,barnes,envelope,False
2026-04-21T07:50:50Z,37.739586,-77.802959,106.680000,289.155470,199.305556,-0.359297,-0.099803,0.372900,15.523912,-0.374784,-0.104105,0.388975,0.023620,-0.372152,-1.096463,,-0.268166,1027.841207,1.312181,10.000000,,VFR,barnes,envelope,False
2026-04-21T07:51:00Z,37.740150,-77.805056,106.680000,289.155470,199.500000,-0.356354,-0.091720,0.367968,14.433713,-0.388793,-0.100069,0.401465,0.030290,-0.366720,-1.080462,,-0.271332,1027.842066,1.312198,10.000000,,VFR,barnes,envelope,False
2026-04-21T07:51:10Z,37.740714,-77.807153,106.680000,289.155470,199.694444,-0.353484,-0.083623,0.363241,13.309712,-0.380078,-0.089915,0.390568,0.036996,-0.361352,-1.064651,,-0.274474,1027.842949,1.312214,10.000000,,VFR,barnes,envelope,False
2026-04-21T07:51:20Z,37.741277,-77.809250,106.680000,289.155470,199.888889,-0.350615,-0.075513,0.358654,12.154261,-0.378762,-0.081575,0.387447,0.043716,-0.355980,-1.048828,,-0.277610,1027.843830,1.312230,10.000000,,VFR,barnes,envelope,False
2026-04-21T07:51:30Z,37.741841,-77.811347,106.680000,289.155470,200.083333,-0.347747,-0.067388,0.354216,10.967078,-0.366786,-0.071077,0.373609,0.050450,-0.350605,-1.032994,,-0.280741,1027.844710,1.312246,10.000000,,VFR,barnes,envelope,False
2026-04-21T07:51:40Z,37.742405,-77.813444,106.680000,289.155470,200.277778,-0.344879,-0.059249,0.349932,9.747978,-0.369560,-0.063489,0.374974,0.057198,-0.345225,-1.017148,,-0.283866,1027.845588,1.312262,10.000000,,VFR,barnes,envelope,False
2026-04-21T07:51:50Z,37.742968,-77.815541,106.680000,289.155470,200.472222,-0.342013,-0.051095,0.345808,8.496883,-0.369487,-0.055200,0.373588,0.063959,-0.339842,-1.001290,,-0.286986,1027.846464,1.312279,10.000000,,VFR,barnes,envelope,False
2026-04-21T07:52:00Z,37.743532,-77.817638,106.680000,289.155470,200.666667,-0.339147,-0.042927,0.341853,7.213837,-0.370219,-0.046860,0.373173,0.070735,-0.334455,-0.985422,,-0.290101,1027.847338,1.312295,10.000000,,VFR,barnes,envelope,False
2026-04-21T07:52:10Z,37.744096,-77.819735,106.680000,289.155470,200.861111,-0.334876,-0.035666,0.336770,6.079405,-0.365941,-0.038975,0.368010,0.076192,-0.328038,-0.966519,,-0.293211,1027.848211,1.312311,10.000000,,VFR,barnes,envelope,False
2026-04-21T07:52:20Z,37.744659,-77.821832,106.680000,289.155470,201.055556,-0.330610,-0.028389,0.331827,4.907799,-0.369975,-0.031769,0.371337,0.081667,-0.321620,-0.947611,,-0.296315,1027.849081,1.312327,10.000000,,VFR,barnes,envelope,False
2026-04-21T07:52:30Z,37.745223,-77.823929,106.680000,289.155470,201.250000,-0.326348,-0.021095,0.327029,3.698366,-0.358626,-0.023181,0.359375,0.087159,-0.315200,-0.928700,,-0.299414,1027.849951,1.312343,10.000000,,VFR,barnes,envelope,False
2026-04-21T07:52:40Z,37.745787,-77.826025,106.680000,289.155470,201.444444,-0.322090,-0.013784,0.322384,2.450555,-0.339011,-0.014508,0.339321,0.092667,-0.308779,-0.909784,,-0.302508,1027.850818,1.312359,10.000000,,VFR,barnes,envelope,False
2026-04-21T07:52:50Z,37.746351,-77.828122,106.680000,289.155470,201.638889,-0.317836,-0.006458,0.317901,1.163934,-0.326973,-0.006643,0.327040,0.098192,-0.302357,-0.890864,,-0.305596,1027.851683,1.312375,10.000000,,VFR,barnes,envelope,False
2026-04-21T07:53:00Z,37.746914,-77.830219,106.680000,289.155470,201.833333,-0.313586,0.000885,0.313587,359.838212,-0.326836,0.000923,0.326838,0.103734,-0.295933,-0.871940,,-0.308679,1027.852547,1.312391,10.000000,,VFR,barnes,envelope,False
2026-04-21T07:53:10Z,37.747478,-77.832316,106.680000,289.155470,202.027778,-0.310349,0.002525,0.310360,359.533854,-0.318705,0.002593,0.318715,0.104221,-0.292337,-0.861348,,-0.311757,1027.853409,1.312407,10.000000,,VFR,barnes,envelope,False
2026-04-21T07:53:20Z,37.748042,-77.834413,106.680000,289.155470,202.222222,-0.307121,0.004159,0.307149,359.224150,-0.324208,0.004390,0.324238,0.104705,-0.288751,-0.850783,,-0.314829,1027.854269,1.312422,10.000000,,VFR,barnes,envelope,False
2026-04-21T07:53:30Z,37.748605,-77.836510,106.680000,289.155470,202.416667,-0.303900,0.005788,0.303955,358.908973,-0.316498,0.006027,0.316555,0.105187,-0.285174,-0.840246,,-0.317896,1027.855128,1.312438,10.000000,,VFR,barnes,envelope,False
2026-04-21T07:53:40Z,37.749169,-77.838607,106.680000,289.155470,202.611111,-0.300687,0.007411,0.300779,358.588195,-0.322335,0.007944,0.322433,0.105666,-0.281607,-0.829737,,-0.320958,1027.855985,1.312454,10.000000,,VFR,barnes,envelope,False
2026-04-21T07:53:50Z,37.749733,-77.840704,106.680000,289.155470,202.805556,-0.297483,0.009028,0.297620,358.261684,-0.315201,0.009566,0.315347,0.106142,-0.278049,-0.819256,,-0.324014,1027.856840,1.312470,10.000000,,VFR,barnes,envelope,False
2026-04-21T07:54:00Z,37.750296,-77.842801,106.680000,289.155470,203.000000,-0.294287,0.010640,0.294479,357.929304,-0.307165,0.011106,0.307366,0.106616,-0.274501,-0.808802,,-0.327065,1027.857693,1.312486,10.000000,,VFR,barnes,envelope,False
2026-04-21T07:54:10Z,37.750860,-77.844898,106.680000,289.155470,203.194444,-0.290933,0.012704,0.291210,357.499766,-0.298635,0.013040,0.298919,0.107465,-0.270656,-0.797475,,-0.330111,1027.858544,1.312501,10.000000,,VFR,barnes,envelope,False
2026-04-21T07:54:20Z,37.751424,-77.846995,106.680000,289.155470,203.388889,-0.287586,0.014765,0.287965,357.060938,-0.301884,0.015499,0.302282,0.108314,-0.266818,-0.786168,,-0.333151,1027.859394,1.312517,10.000000,,VFR,barnes,envelope,False
2026-04-21T07:54:30Z,37.751988,-77.849092,106.680000,289.155470,203.583333,-0.284246,0.016825,0.284744,356.612582,-0.295802,0.017509,0.296320,0.109164,-0.262987,-0.774882,,-0.336186,1027.860242,1.312533,10.000000,,VFR,barnes,envelope,False
2026-04-21T07:54:40Z,37.752551,-77.851189,106.680000,289.155470,203.777778,-0.280913,0.018883,0.281547,356.154458,-0.294356,0.019786,0.295020,0.110014,-0.259164,-0.763616,,-0.339216,1027.861088,1.312548,10.000000,,VFR,barnes,envelope,False
2026-04-21T07:54:50Z,37.753115,-77.853286,106.680000,289.155470,203.972222,-0.277587,0.020939,0.278376,355.686319,-0.283625,0.021394,0.284431,0.110865,-0.255347,-0.752372,,-0.342240,1027.861932,1.312564,10.000000,,VFR,barnes,envelope,False
2026-04-21T07:55:00Z,37.753679,-77.855383,106.680000,289.155470,204.166667,-0.274268,0.022993,0.275230,355.207915,-0.280605,0.023524,0.281590,0.111716,-0.251537,-0.741149,,3.125545,1027.862774,1.296090,10.000000,,VFR,barnes,envelope,False
2026-04-21T07:55:10Z,37.754242,-77.857480,106.680000,289.155470,204.361111,-0.273215,0.020658,0.273995,355.675969,-0.279854,0.021160,0.280653,0.109165,-0.251309,-0.740476,,3.123740,1027.863897,1.296100,10.000000,,VFR,barnes,envelope,False
2026-04-21T07:55:20Z,37.754806,-77.859577,106.680000,289.155470,204.555556,-0.272155,0.018302,0.272770,356.152699,-0.276602,0.018601,0.277227,0.106592,-0.251081,-0.739805,,3.121945,1027.865017,1.296110,10.000000,,VFR,barnes,envelope,False
2026-04-21T07:55:30Z,37.755370,-77.861674,106.680000,289.155470,204.750000,-0.271089,0.015924,0.271556,356.638197,-0.275972,0.016211,0.276447,0.103996,-0.250854,-0.739135,,3.120160,1027.866135,1.296119,10.000000,,VFR,barnes,envelope,False
2026-04-21T07:55:40Z,37.755933,-77.863771,106.680000,289.155470,204.944444,-0.270015,0.013525,0.270354,357.132554,-0.284412,0.014246,0.284769,0.101377,-0.250627,-0.738467,,3.118383,1027.867250,1.296129,10.000000,,VFR,barnes,envelope,False
2026-04-21T07:55:50Z,37.756497,-77.865868,106.680000,289.155470,205.138889,-0.268934,0.011103,0.269164,357.635857,-0.294824,0.012172,0.295075,0.098735,-0.250401,-0.737800,,3.116617,1027.868362,1.296139,10.000000,,VFR,barnes,envelope,False
2026-04-21T07:56:00Z,37.757061,-77.867965,106.680000,289.155470,205.333333,-0.267847,0.008660,0.267987,358.148188,-0.285437,0.009229,0.285586,0.096070,-0.250175,-0.737135,,3.114860,1027.869471,1.296149,10.000000,,VFR,barnes,envelope,False
2026-04-21T07:56:10Z,37.757625,-77.870062,106.680000,289.155470,205.527778,-0.266752,0.006195,0.266824,358.669627,-0.291106,0.006761,0.291185,0.093382,-0.249949,-0.736470,,3.113112,1027.870578,1.296158,10.000000,,VFR,barnes,envelope,False
2026-04-21T07:56:20Z,37.758188,-77.872158,106.680000,289.155470,205.722222,-0.265650,0.003708,0.265675,359.200249,-0.275893,0.003851,0.275920,0.090671,-0.249724,-0.735807,,3.111374,1027.871682,1.296168,10.000000,,VFR,barnes,envelope,False
2026-04-21T07:56:30Z,37.758752,-77.874255,106.680000,289.155470,205.916667,-0.264540,0.001200,0.264543,359.740125,-0.261594,0.001187,0.261597,0.087938,-0.249499,-0.735145,,3.109645,1027.872784,1.296177,10.000000,,VFR,barnes,envelope,False
2026-04-21T07:56:40Z,37.759316,-77.876352,106.680000,289.155470,206.111111,-0.263424,-0.001330,0.263427,0.289320,-0.258561,-0.001306,0.258564,0.085181,-0.249275,-0.734483,,3.107925,1027.873883,1.296187,10.000000,,VFR,barnes,envelope,False
2026-04-21T07:56:50Z,37.759879,-77.878449,106.680000,289.155470,206.305556,-0.262300,-0.003882,0.262329,0.847894,-0.254101,-0.003761,0.254129,0.082402,-0.249051,-0.733822,,3.106216,1027.874979,1.296196,10.000000,,VFR,barnes,envelope,False
2026-04-21T07:57:00Z,37.760443,-77.880546,106.680000,289.155470,206.500000,-0.261169,-0.006455,0.261249,1.415900,-0.255764,-0.006322,0.255842,0.079600,-0.248826,-0.733162,,3.104515,1027.876073,1.296205,10.000000,,VFR,barnes,envelope,False
2026-04-21T07:57:10Z,37.761007,-77.882643,106.680000,289.155470,206.694444,-0.260030,-0.009050,0.260188,1.993386,-0.262328,-0.009130,0.262487,0.076775,-0.248603,-0.732502,,3.102824,1027.877164,1.296215,10.000000,,VFR,barnes,envelope,False
2026-04-21T07:57:20Z,37.761570,-77.884740,106.680000,289.155470,206.888889,-0.258884,-0.011667,0.259147,2.580392,-0.257078,-0.011586,0.257338,0.073927,-0.248379,-0.731843,,3.101142,1027.878252,1.296224,10.000000,,VFR,barnes,envelope,False
2026-04-21T07:57:30Z,37.762134,-77.886837,106.680000,289.155470,207.083333,-0.257731,-0.014305,0.258128,3.176950,-0.259088,-0.014381,0.259487,0.071057,-0.248155,-0.731184,,3.099470,1027.879338,1.296233,10.000000,,VFR,barnes,envelope,False
2026-04-21T07:57:40Z,37.762698,-77.888934,106.680000,289.155470,207.277778,-0.256571,-0.016965,0.257131,3.783084,-0.260399,-0.017218,0.260968,0.068163,-0.247932,-0.730525,,3.097807,1027.880421,1.296242,10.000000,,VFR,barnes,envelope,False
2026-04-21T07:57:50Z,37.763261,-77.891031,106.680000,289.155470,207.472222,-0.255402,-0.019647,0.256157,4.398811,-0.266219,-0.020479,0.267005,0.065247,-0.247708,-0.729867,,3.096153,1027.881501,1.296251,10.000000,,VFR,barnes,envelope,False
2026-04-21T07:58:00Z,37.763825,-77.893128,106.680000,289.155470,207.666667,-0.254227,-0.022350,0.255207,5.024137,-0.268461,-0.023601,0.269496,0.062308,-0.247484,-0.729208,,3.094509,1027.882579,1.296261,10.000000,,VFR,barnes,envelope,False
2026-04-21T07:58:10Z,37.764389,-77.895225,106.680000,289.155470,207.861111,-0.253044,-0.025075,0.254283,5.659059,-0.260677,-0.025831,0.261954,0.059346,-0.247261,-0.728549,,3.092874,1027.883655,1.296270,10.000000,,VFR,barnes,envelope,False
2026-04-21T07:58:20Z,37.764953,-77.897322,106.680000,289.155470,208.055556,-0.251853,-0.027821,0.253385,6.303564,-0.264680,-0.029238,0.266290,0.056361,-0.247037,-0.727890,,3.091249,1027.884727,1.296279,10.000000,,VFR,barnes,envelope,False
2026-04-21T07:58:30Z,37.765516,-77.899419,106.680000,289.155470,208.250000,-0.250654,-0.030588,0.252514,6.957627,-0.252957,-0.030869,0.254834,0.053353,-0.246813,-0.727230,,3.089633,1027.885797,1.296287,10.000000,,VFR,barnes,envelope,False
2026-04-21T07:58:40Z,37.766080,-77.901516,106.680000,289.155470,208.444444,-0.249448,-0.033378,0.251672,7.621213,-0.248151,-0.033204,0.250362,0.050323,-0.246589,-0.726570,,3.088026,1027.886865,1.296296,10.000000,,VFR,barnes,envelope,False
2026-04-21T07:58:50Z,37.766644,-77.903613,106.680000,289.155470,208.638889,-0.248235,-0.036188,0.250859,8.294275,-0.250079,-0.036457,0.252723,0.047269,-0.246365,-0.725910,,3.086428,1027.887930,1.296305,10.000000,,VFR,barnes,envelope,False
2026-04-21T07:59:00Z,37.767207,-77.905710,106.680000,289.155470,208.833333,-0.247013,-0.039020,0.250076,8.976753,-0.248497,-0.039255,0.251578,0.044193,-0.246140,-0.725249,,3.084840,1027.888992,1.296314,10.000000,,VFR,barnes,envelope,False
2026-04-21T07:59:10Z,37.767771,-77.907807,106.680000,289.155470,209.027778,-0.245784,-0.041874,0.249326,9.668574,-0.249504,-0.042508,0.253099,0.041094,-0.245916,-0.724587,,3.083261,1027.890052,1.296323,10.000000,,VFR,barnes,envelope,False
2026-04-21T07:59:20Z,37.768335,-77.909904,106.680000,289.155470,209.222222,-0.244547,-0.044749,0.248608,10.369652,-0.244898,-0.044813,0.248965,0.037973,-0.245691,-0.723924,,3.081691,1027.891110,1.296331,10.000000,,VFR,barnes,envelope,False
2026-04-21T07:59:30Z,37.768898,-77.912001,106.680000,289.155470,209.416667,-0.243303,-0.047645,0.247924,11.079888,-0.234813,-0.045983,0.239273,0.034828,-0.245465,-0.723260,,3.080131,1027.892164,1.296340,10.000000,,VFR,barnes,envelope,False
2026-04-21T07:59:40Z,37.769462,-77.914098,106.680000,289.155470,209.611111,-0.242050,-0.050563,0.247275,11.799168,-0.226907,-0.047400,0.231805,0.031661,-0.245240,-0.722594,,3.078580,1027.893216,1.296349,10.000000,,VFR,barnes,envelope,False
2026-04-21T07:59:50Z,37.770026,-77.916194,106.680000,289.155470,209.805556,-0.240790,-0.053502,0.246662,12.527361,-0.223361,-0.049630,0.228809,0.028471,-0.245013,-0.721928,,3.077038,1027.894266,1.296357,10.000000,,VFR,barnes,envelope,False
2026-04-21T08:00:00Z,37.770590,-77.918291,106.680000,289.155470,210.000000,-0.239521,-0.056463,0.246086,13.264326,-0.229734,-0.054156,0.236031,0.025258,-0.244787,-0.721260,,3.075505,1027.895313,1.296366,10.000000,,VFR,barnes,envelope,False
2026-04-21T08:00:10Z,37.771153,-77.920388,106.680000,289.155470,210.194444,-0.239462,-0.056176,0.245963,13.202516,-0.231064,-0.054206,0.237337,0.025509,-0.244637,-0.720819,,3.073981,1027.896767,1.296375,10.000000,,VFR,barnes,envelope,False
2026-04-21T08:00:20Z,37.771717,-77.922485,106.680000,289.155470,210.388889,-0.239403,-0.055892,0.245841,13.141095,-0.234038,-0.054639,0.240331,0.025759,-0.244488,-0.720380,,3.072467,1027.898218,1.296384,10.000000,,VFR,barnes,envelope,False
2026-04-21T08:00:30Z,37.772281,-77.924582,106.680000,289.155470,210.583333,-0.239344,-0.055609,0.245720,13.080058,-0.230114,-0.053465,0.236243,0.026006,-0.244340,-0.719943,,3.070962,1027.899666,1.296393,10.000000,,VFR,barnes,envelope,False
2026-04-21T08:00:40Z,37.772844,-77.926679,106.680000,289.155470,210.777778,-0.239285,-0.055329,0.245599,13.019402,-0.228163,-0.052757,0.234183,0.026252,-0.244192,-0.719507,,3.069466,1027.901111,1.296401,10.000000,,VFR,barnes,envelope,False
2026-04-21T08:00:50Z,37.773408,-77.928776,106.680000,289.155470,210.972222,-0.239226,-0.055050,0.245479,12.959123,-0.227893,-0.052442,0.233849,0.026496,-0.244045,-0.719074,,3.067979,1027.902554,1.296410,10.000000,,VFR,barnes,envelope,False
2026-04-21T08:01:00Z,37.773972,-77.930873,106.680000,289.155470,211.166667,-0.239167,-0.054773,0.245359,12.899217,-0.229268,-0.052506,0.235203,0.026738,-0.243898,-0.718641,,3.066502,1027.903994,1.296419,10.000000,,VFR,barnes,envelope,False
2026-04-21T08:01:10Z,37.774535,-77.932970,106.680000,289.155470,211.361111,-0.239108,-0.054498,0.245240,12.839680,-0.237852,-0.054212,0.243951,0.026978,-0.243752,-0.718211,,3.065033,1027.905431,1.296428,10.000000,,VFR,barnes,envelope,False
2026-04-21T08:01:20Z,37.775099,-77.935067,106.680000,289.155470,211.555556,-0.239049,-0.054225,0.245122,12.780509,-0.248802,-0.056437,0.255123,0.027217,-0.243606,-0.717781,,3.063574,1027.906865,1.296436,10.000000,,VFR,barnes,envelope,False
2026-04-21T08:01:30Z,37.775663,-77.937164,106.680000,289.155470,211.750000,-0.238989,-0.053954,0.245004,12.721699,-0.248244,-0.056043,0.254492,0.027454,-0.243461,-0.717354,,3.062124,1027.908297,1.296445,10.000000,,VFR,barnes,envelope,False
2026-04-21T08:01:40Z,37.776226,-77.939261,106.680000,289.155470,211.944444,-0.238930,-0.053684,0.244886,12.663247,-0.248917,-0.055928,0.255123,0.027689,-0.243316,-0.716927,,3.060683,1027.909725,1.296454,10.000000,,VFR,barnes,envelope,False
2026-04-21T08:01:50Z,37.776790,-77.941358,106.680000,289.155470,212.138889,-0.238870,-0.053416,0.244769,12.605147,-0.252869,-0.056547,0.259114,0.027922,-0.243172,-0.716502,,3.059251,1027.911151,1.296462,10.000000,,VFR,barnes,envelope,False
2026-04-21T08:02:00Z,37.777354,-77.943455,106.680000,289.155470,212.333333,-0.238810,-0.053150,0.244653,12.547398,-0.253799,-0.056486,0.260009,0.028154,-0.243028,-0.716078,,3.057828,1027.912575,1.296471,10.000000,,VFR,barnes,envelope,False
2026-04-21T08:02:10Z,37.777918,-77.945552,106.680000,289.155470,212.527778,-0.238750,-0.052886,0.244537,12.489993,-0.256685,-0.056859,0.262907,0.028384,-0.242884,-0.715654,,3.056414,1027.913995,1.296479,10.000000,,VFR,barnes,envelope,False
2026-04-21T08:02:20Z,37.778481,-77.947649,106.680000,289.155470,212.722222,-0.238689,-0.052623,0.244421,12.432930,-0.245553,-0.054136,0.251450,0.028612,-0.242741,-0.715232,,3.055009,1027.915413,1.296487,10.000000,,VFR,barnes,envelope,False
2026-04-21T08:02:30Z,37.779045,-77.949746,106.680000,289.155470,212.916667,-0.238629,-0.052362,0.244306,12.376204,-0.241568,-0.053007,0.247315,0.028839,-0.242598,-0.714811,,3.053614,1027.916828,1.296496,10.000000,,VFR,barnes,envelope,False
2026-04-21T08:02:40Z,37.779609,-77.951843,106.680000,289.155470,213.111111,-0.238568,-0.052103,0.244191,12.319811,-0.243940,-0.053276,0.249690,0.029064,-0.242455,-0.714391,,3.052227,1027.918240,1.296504,10.000000,,VFR,barnes,envelope,False
2026-04-21T08:02:50Z,37.780172,-77.953940,106.680000,289.155470,213.305556,-0.238506,-0.051845,0.244076,12.263747,-0.238928,-0.051936,0.244507,0.029288,-0.242313,-0.713971,,3.050850,1027.919650,1.296512,10.000000,,VFR,barnes,envelope,False
2026-04-21T08:03:00Z,37.780736,-77.956037,106.680000,289.155470,213.500000,-0.238445,-0.051589,0.243962,12.208007,-0.246534,-0.053339,0.252238,0.029509,-0.242171,-0.713552,,3.049481,1027.921056,1.296520,10.000000,,VFR,barnes,envelope,False
2026-04-21T08:03:10Z,37.781300,-77.958134,106.680000,289.155470,213.694444,-0.238383,-0.051334,0.243848,12.152587,-0.243535,-0.052443,0.249117,0.029730,-0.242029,-0.713134,,3.048122,1027.922460,1.296529,10.000000,,VFR,barnes,envelope,False
2026-04-21T08:03:20Z,37.781863,-77.960231,106.680000,289.155470,213.888889,-0.238321,-0.051081,0.243734,12.097484,-0.241319,-0.051723,0.246800,0.029948,-0.241887,-0.712717,,3.046771,1027.923861,1.296537,10.000000,,VFR,barnes,envelope,False
2026-04-21T08:03:30Z,37.782427,-77.962327,106.680000,289.155470,214.083333,-0.238258,-0.050829,0.243620,12.042692,-0.238158,-0.050807,0.243517,0.030166,-0.241745,-0.712299,,3.045430,1027.925260,1.296545,10.000000,,VFR,barnes,envelope,False
2026-04-21T08:03:40Z,37.782991,-77.964424,106.680000,289.155470,214.277778,-0.238196,-0.050579,0.243506,11.988208,-0.241016,-0.051178,0.246390,0.030381,-0.241604,-0.711882,,3.044097,1027.926655,1.296553,10.000000,,VFR,barnes,envelope,False
2026-04-21T08:03:50Z,37.783555,-77.966521,106.680000,289.155470,214.472222,-0.238132,-0.050330,0.243393,11.934027,-0.229371,-0.048478,0.234438,0.030596,-0.241462,-0.711466,,3.042774,1027.928048,1.296561,10.000000,,VFR,barnes,envelope,False
2026-04-21T08:04:00Z,37.784118,-77.968618,106.680000,289.155470,214.666667,-0.238069,-0.050083,0.243280,11.880145,-0.227756,-0.047913,0.232741,0.030808,-0.241321,-0.711050,,3.041459,1027.929438,1.296569,10.000000,,VFR,barnes,envelope,False
2026-04-21T08:04:10Z,37.784682,-77.970715,106.680000,289.155470,214.861111,-0.238005,-0.049837,0.243166,11.826557,-0.229901,-0.048140,0.234887,0.031020,-0.241180,-0.710633,,3.040153,1027.930826,1.296577,10.000000,,VFR,barnes,envelope,False
2026-04-21T08:04:20Z,37.785246,-77.972812,106.680000,289.155470,215.055556,-0.237940,-0.049592,0.243053,11.773259,-0.229674,-0.047870,0.234610,0.031229,-0.241038,-0.710217,,3.038857,1027.932210,1.296584,10.000000,,VFR,barnes,envelope,False
2026-04-21T08:04:30Z,37.785809,-77.974909,106.680000,289.155470,215.250000,-0.237875,-0.049349,0.242940,11.720247,-0.229082,-0.047525,0.233959,0.031438,-0.240897,-0.709801,,3.037569,1027.933592,1.296592,10.000000,,VFR,barnes,envelope,False
2026-04-21T08:04:40Z,37.786373,-77.977006,106.680000,289.155470,215.444444,-0.237809,-0.049107,0.242827,11.667516,-0.229029,-0.047294,0.233861,0.031645,-0.240756,-0.709385,,3.036290,1027.934971,1.296600,10.000000,,VFR,barnes,envelope,False
2026-04-21T08:04:50Z,37.786937,-77.979103,106.680000,289.155470,215.638889,-0.237743,-0.048867,0.242714,11.615061,-0.230513,-0.047381,0.235332,0.031850,-0.240615,-0.708969,,3.035020,1027.936347,1.296608,10.000000,,VFR,barnes,envelope,False
2026-04-21T08:05:00Z,37.787500,-77.981200,106.680000,289.155470,215.833333,-0.237677,-0.048628,0.242600,11.562879,-0.234044,-0.047884,0.238893,0.032054,-0.240473,-0.708552,,3.033759,1027.937721,1.296615,10.000000,,VFR,barnes,envelope,False
2026-04-21T08:05:10Z,37.788064,-77.983297,106.680000,289.155470,216.027778,-0.236167,-0.042420,0.239947,10.182864,-0.230306,-0.041367,0.233991,0.037423,-0.237010,-0.698350,,3.032507,1027.939065,1.296623,10.000000,,VFR,barnes,envelope,False
2026-04-21T08:05:20Z,37.788628,-77.985394,106.680000,289.155470,216.222222,-0.234665,-0.036199,0.237441,8.769233,-0.227253,-0.035056,0.229941,0.042807,-0.233550,-0.688156,,3.031263,1027.940409,1.296630,10.000000,,VFR,barnes,envelope,False
2026-04-21T08:05:30Z,37.789191,-77.987491,106.680000,289.155470,216.416667,-0.233171,-0.029964,0.235089,7.322752,-0.232965,-0.029937,0.234880,0.048206,-0.230093,-0.677970,,3.030029,1027.941752,1.296638,10.000000,,VFR,barnes,envelope,False
2026-04-21T08:05:40Z,37.789755,-77.989588,106.680000,289.155470,216.611111,-0.231685,-0.023715,0.232896,5.844399,-0.235788,-0.024135,0.237020,0.053621,-0.226639,-0.667793,,3.028803,1027.943096,1.296645,10.000000,,VFR,barnes,envelope,False
2026-04-21T08:05:50Z,37.790319,-77.991685,106.680000,289.155470,216.805556,-0.230207,-0.017452,0.230868,4.335377,-0.226332,-0.017159,0.226981,0.059052,-0.223188,-0.657625,,3.027586,1027.944439,1.296653,10.000000,,VFR,barnes,envelope,False
2026-04-21T08:06:00Z,37.790883,-77.993782,106.680000,289.155470,217.000000,-0.228737,-0.011176,0.229010,2.797119,-0.218039,-0.010653,0.218299,0.064499,-0.219739,-0.647465,,3.026378,1027.945783,1.296660,10.000000,,VFR,barnes,envelope,False
2026-04-21T08:06:10Z,37.791446,-77.995879,106.680000,289.155470,217.194444,-0.227275,-0.004885,0.227327,1.231288,-0.217172,-0.004668,0.217223,0.069962,-0.216294,-0.637314,,3.025179,1027.947126,1.296667,10.000000,,VFR,barnes,envelope,False
2026-04-21T08:06:20Z,37.792010,-77.997976,106.680000,289.155470,217.388889,-0.225820,0.001420,0.225825,359.639784,-0.224128,0.001409,0.224133,0.075440,-0.212851,-0.627171,,3.023989,1027.948468,1.296675,10.000000,,VFR,barnes,envelope,False
2026-04-21T08:06:30Z,37.792574,-78.000073,106.680000,289.155470,217.583333,-0.224374,0.007738,0.224508,358.024734,-0.220546,0.007606,0.220677,0.080934,-0.209412,-0.617037,,3.022807,1027.949811,1.296682,10.000000,,VFR,barnes,envelope,False
2026-04-21T08:06:40Z,37.793137,-78.002170,106.680000,289.155470,217.777778,-0.222936,0.014071,0.223380,356.388484,-0.227330,0.014348,0.227783,0.086444,-0.205975,-0.606912,,3.021634,1027.951154,1.296689,10.000000,,VFR,barnes,envelope,False
2026-04-21T08:06:50Z,37.793701,-78.004267,106.680000,289.155470,217.972222,-0.221506,0.020418,0.222445,354.733590,-0.220081,0.020286,0.221014,0.091970,-0.202542,-0.596797,,3.020470,1027.952497,1.296696,10.000000,,VFR,barnes,envelope,False
2026-04-21T08:07:00Z,37.794265,-78.006363,106.680000,289.155470,218.166667,-0.220084,0.026778,0.221707,353.062791,-0.219992,0.026767,0.221614,0.097512,-0.199112,-0.586690,,3.019315,1027.953839,1.296703,10.000000,,VFR,barnes,envelope,False
2026-04-21T08:07:10Z,37.794828,-78.008460,106.680000,289.155470,218.361111,-0.218670,0.033153,0.221169,351.378996,-0.217707,0.033007,0.220195,0.103070,-0.195684,-0.576592,,3.018168,1027.955182,1.296710,10.000000,,VFR,barnes,envelope,False
2026-04-21T08:07:20Z,37.795392,-78.010557,106.680000,289.155470,218.555556,-0.217265,0.039541,0.220834,349.685252,-0.217587,0.039600,0.221161,0.108644,-0.192260,-0.566503,,3.017030,1027.956524,1.296717,10.000000,,VFR,barnes,envelope,False
2026-04-21T08:07:30Z,37.795956,-78.012654,106.680000,289.155470,218.750000,-0.215867,0.045944,0.220702,347.984712,-0.211959,0.045112,0.216706,0.114233,-0.188839,-0.556424,,3.015901,1027.957866,1.296724,10.000000,,VFR,barnes,envelope,False
2026-04-21T08:07:40Z,37.796520,-78.014751,106.680000,289.155470,218.944444,-0.214478,0.052361,0.220777,346.280609,-0.208208,0.050830,0.214322,0.119839,-0.185422,-0.546354,,3.014781,1027.959208,1.296731,10.000000,,VFR,barnes,envelope,False
2026-04-21T08:07:50Z,37.797083,-78.016848,106.680000,289.155470,219.138889,-0.213097,0.058792,0.221059,344.576211,-0.212887,0.058734,0.220841,0.125461,-0.182007,-0.536293,,3.013669,1027.960551,1.296738,10.000000,,VFR,barnes,envelope,False
2026-04-21T08:08:00Z,37.797647,-78.018945,106.680000,289.155470,219.333333,-0.211725,0.065237,0.221547,342.874793,-0.207708,0.063999,0.217345,0.131099,-0.178596,-0.526242,,3.012566,1027.961893,1.296745,10.000000,,VFR,barnes,envelope,False
2026-04-21T08:08:10Z,37.798211,-78.021042,106.680000,289.155470,219.527778,-0.210361,0.071696,0.222243,341.179595,-0.206620,0.070421,0.218291,0.136753,-0.175187,-0.516200,,3.011471,1027.963235,1.296752,10.000000,,VFR,barnes,envelope,False
2026-04-21T08:08:20Z,37.798774,-78.023139,106.680000,289.155470,219.722222,-0.209005,0.078169,0.223144,339.493788,-0.209518,0.078362,0.223693,0.142423,-0.171782,-0.506168,,3.010386,1027.964577,1.296759,10.000000,,VFR,barnes,envelope,False
2026-04-21T08:08:30Z,37.799338,-78.025236,106.680000,289.155470,219.916667,-0.207657,0.084657,0.224251,337.820441,-0.205483,0.083771,0.221902,0.148109,-0.168381,-0.496145,,3.009308,1027.965919,1.296766,10.000000,,VFR,barnes,envelope,False
2026-04-21T08:08:40Z,37.799902,-78.027333,106.680000,289.155470,220.111111,-0.206318,0.091159,0.225559,336.162490,-0.204249,0.090244,0.223297,0.153811,-0.164983,-0.486133,,3.008240,1027.967262,1.296772,10.000000,,VFR,barnes,envelope,False
2026-04-21T08:08:50Z,37.800465,-78.029430,106.680000,289.155470,220.305556,-0.204988,0.097674,0.227069,334.522710,-0.196868,0.093805,0.218074,0.159529,-0.161588,-0.476129,,3.007180,1027.968604,1.296779,10.000000,,VFR,barnes,envelope,False
2026-04-21T08:09:00Z,37.801029,-78.031527,106.680000,289.155470,220.500000,-0.203665,0.104204,0.228775,332.903691,-0.198759,0.101694,0.223264,0.165264,-0.158196,-0.466136,,3.006129,1027.969946,1.296786,10.000000,,VFR,barnes,envelope,False
2026-04-21T08:09:10Z,37.801593,-78.033624,106.680000,289.155470,220.694444,-0.202352,0.110748,0.230676,331.307819,-0.197549,0.108120,0.225201,0.171015,-0.154808,-0.456153,,3.005086,1027.971288,1.296792,10.000000,,VFR,barnes,envelope,False
2026-04-21T08:09:20Z,37.802157,-78.035721,106.680000,289.155470,220.888889,-0.201047,0.117307,0.232767,329.737263,-0.194779,0.113650,0.225511,0.176782,-0.151423,-0.446180,,3.004052,1027.972631,1.296799,10.000000,,VFR,barnes,envelope,False
2026-04-21T08:09:30Z,37.802720,-78.037818,106.680000,289.155470,221.083333,-0.199750,0.123879,0.235045,328.193964,-0.195228,0.121075,0.229724,0.182565,-0.148041,-0.436216,,3.003026,1027.973973,1.296805,10.000000,,VFR,barnes,envelope,False
2026-04-21T08:09:40Z,37.803284,-78.039915,106.680000,289.155470,221.277778,-0.198462,0.130466,0.237505,326.679632,-0.192434,0.126504,0.230292,0.188365,-0.144663,-0.426263,,3.002009,1027.975316,1.296812,10.000000,,VFR,barnes,envelope,False
2026-04-21T08:09:50Z,37.803848,-78.042012,106.680000,289.155470,221.472222,-0.197183,0.137067,0.240143,325.195741,-0.188686,0.131161,0.229795,0.194180,-0.141289,-0.416320,,3.001001,1027.976658,1.296818,10.000000,,VFR,barnes,envelope,False
2026-04-21T08:10:00Z,37.804411,-78.044109,106.680000,289.155470,221.666667,-0.195912,0.143683,0.242953,323.743536,-0.186638,0.136881,0.231453,0.200013,-0.137918,-0.406388,,3.044657,1027.978001,1.296615,10.000000,,VFR,barnes,envelope,False
2026-04-21T08:10:10Z,37.804975,-78.046206,106.680000,289.155470,221.861111,-0.192833,0.137337,0.236741,324.541243,-0.188897,0.134534,0.231909,0.193008,-0.137092,-0.403953,,3.043439,1027.980118,1.296623,10.000000,,VFR,barnes,envelope,False
2026-04-21T08:10:20Z,37.805539,-78.048303,106.680000,289.155470,222.055556,-0.189750,0.130967,0.230559,325.386113,-0.189784,0.130991,0.230600,0.185979,-0.136269,-0.401529,,3.042231,1027.982235,1.296632,10.000000,,VFR,barnes,envelope,False
2026-04-21T08:10:30Z,37.806102,-78.050399,106.680000,289.155470,222.250000,-0.186662,0.124573,0.224413,326.281852,-0.189966,0.126779,0.228386,0.178926,-0.135450,-0.399116,,3.041032,1027.984352,1.296640,10.000000,,VFR,barnes,envelope,False
2026-04-21T08:10:40Z,37.806666,-78.052496,106.680000,289.155470,222.444444,-0.183569,0.118155,0.218307,327.232506,-0.190196,0.122421,0.226189,0.171848,-0.134635,-0.396713,,3.039842,1027.986469,1.296648,10.000000,,VFR,barnes,envelope,False
2026-04-21T08:10:50Z,37.807230,-78.054593,106.680000,289.155470,222.638889,-0.180472,0.111712,0.212249,328.242487,-0.193335,0.119674,0.227377,0.164745,-0.133823,-0.394322,,3.038662,1027.988585,1.296656,10.000000,,VFR,barnes,envelope,False
2026-04-21T08:11:00Z,37.807793,-78.056690,106.680000,289.155470,222.833333,-0.177370,0.105245,0.206244,329.316608,-0.191617,0.113699,0.222810,0.157618,-0.133015,-0.391941,,3.037491,1027.990701,1.296665,10.000000,,VFR,barnes,envelope,False
2026-04-21T08:11:10Z,37.808357,-78.058787,106.680000,289.155470,223.027778,-0.174263,0.098754,0.200299,330.460103,-0.190593,0.108008,0.219069,0.150467,-0.132210,-0.389570,,3.036330,1027.992817,1.296673,10.000000,,VFR,barnes,envelope,False
2026-04-21T08:11:20Z,37.808921,-78.060884,106.680000,289.155470,223.222222,-0.171152,0.092238,0.194424,331.678657,-0.188511,0.101594,0.214144,0.143291,-0.131409,-0.387209,,3.035178,1027.994932,1.296681,10.000000,,VFR,barnes,envelope,False
2026-04-21T08:11:30Z,37.809485,-78.062981,106.680000,289.155470,223.416667,-0.168036,0.085698,0.188627,332.978425,-0.189150,0.096466,0.212328,0.136091,-0.130611,-0.384859,,3.034035,1027.997047,1.296689,10.000000,,VFR,barnes,envelope,False
2026-04-21T08:11:40Z,37.810048,-78.065078,106.680000,289.155470,223.611111,-0.164915,0.079134,0.182918,334.366043,-0.188095,0.090257,0.208629,0.128866,-0.129817,-0.382519,,3.032902,1027.999162,1.296697,10.000000,,VFR,barnes,envelope,False
2026-04-21T08:11:50Z,37.810612,-78.067175,106.680000,289.155470,223.805556,-0.161789,0.072546,0.177309,335.848627,-0.184894,0.082906,0.202631,0.121617,-0.129026,-0.380189,,3.031778,1028.001276,1.296705,10.000000,,VFR,barnes,envelope,False
2026-04-21T08:12:00Z,37.811176,-78.069272,106.680000,289.155470,224.000000,-0.158659,0.065934,0.171813,337.433756,-0.183778,0.076372,0.199015,0.114344,-0.128239,-0.377869,,3.030663,1028.003390,1.296713,10.000000,,VFR,barnes,envelope,False
2026-04-21T08:12:10Z,37.811739,-78.071369,106.680000,289.155470,224.194444,-0.155523,0.059297,0.166444,339.129425,-0.183954,0.070137,0.196872,0.107046,-0.127455,-0.375558,,3.029558,1028.005504,1.296720,10.000000,,VFR,barnes,envelope,False
2026-04-21T08:12:20Z,37.812303,-78.073466,106.680000,289.155470,224.388889,-0.152383,0.052636,0.161218,340.943966,-0.177420,0.061285,0.187707,0.099724,-0.126674,-0.373258,,3.028462,1028.007618,1.296728,10.000000,,VFR,barnes,envelope,False
2026-04-21T08:12:30Z,37.812867,-78.075563,106.680000,289.155470,224.583333,-0.149238,0.045952,0.156152,342.885917,-0.173714,0.053488,0.181762,0.092377,-0.125897,-0.370967,,3.027375,1028.009731,1.296736,10.000000,,VFR,barnes,envelope,False
2026-04-21T08:12:40Z,37.813430,-78.077660,106.680000,289.155470,224.777778,-0.146088,0.039243,0.151267,344.963841,-0.167725,0.045055,0.173671,0.085006,-0.125122,-0.368685,,3.026298,1028.011844,1.296744,10.000000,,VFR,barnes,envelope,False
2026-04-21T08:12:50Z,37.813994,-78.079757,106.680000,289.155470,224.972222,-0.142933,0.032510,0.146583,347.186056,-0.160797,0.036573,0.164904,0.077611,-0.124351,-0.366414,,3.025230,1028.013956,1.296751,10.000000,,VFR,barnes,envelope,False
2026-04-21T08:13:00Z,37.814558,-78.081854,106.680000,289.155470,225.166667,-0.139773,0.025753,0.142126,349.560287,-0.159299,0.029351,0.161981,0.070191,-0.123583,-0.364151,,3.024171,1028.016069,1.296759,10.000000,,VFR,barnes,envelope,False
2026-04-21T08:13:10Z,37.815122,-78.083951,106.680000,289.155470,225.361111,-0.136608,0.018972,0.137919,352.093207,-0.151770,0.021078,0.153226,0.062747,-0.122819,-0.361898,,3.023121,1028.018180,1.296767,10.000000,,VFR,barnes,envelope,False
2026-04-21T08:13:20Z,37.815685,-78.086048,106.680000,289.155470,225.555556,-0.133438,0.012168,0.133991,354.789874,-0.154318,0.014072,0.154958,0.055279,-0.122057,-0.359653,,3.022080,1028.020292,1.296774,10.000000,,VFR,barnes,envelope,False
2026-04-21T08:13:30Z,37.816249,-78.088145,106.680000,289.155470,225.750000,-0.130263,0.005339,0.130372,357.653071,-0.146890,0.006020,0.147014,0.047787,-0.121298,-0.357418,,3.021049,1028.022403,1.296782,10.000000,,VFR,barnes,envelope,False
2026-04-21T08:13:40Z,37.816813,-78.090242,106.680000,289.155470,225.944444,-0.127082,-0.001514,0.127091,0.682560,-0.145575,-0.001734,0.145585,0.040270,-0.120543,-0.355192,,3.020027,1028.024514,1.296789,10.000000,,VFR,barnes,envelope,False
2026-04-21T08:13:50Z,37.817376,-78.092339,106.680000,289.155470,226.138889,-0.123897,-0.008391,0.124181,3.874321,-0.147144,-0.009965,0.147481,0.032729,-0.119790,-0.352974,,3.019014,1028.026625,1.296797,10.000000,,VFR,barnes,envelope,False
2026-04-21T08:14:00Z,37.817940,-78.094436,106.680000,289.155470,226.333333,-0.120706,-0.015291,0.121671,7.219836,-0.137305,-0.017394,0.138403,0.025163,-0.119041,-0.350766,,3.018010,1028.028735,1.296804,10.000000,,VFR,barnes,envelope,False
2026-04-21T08:14:10Z,37.818504,-78.096532,106.680000,289.155470,226.527778,-0.117511,-0.022216,0.119592,10.705549,-0.132139,-0.024981,0.134480,0.017573,-0.118294,-0.348566,,3.017015,1028.030845,1.296811,10.000000,,VFR,barnes,envelope,False
2026-04-21T08:14:20Z,37.819067,-78.098629,106.680000,289.155470,226.722222,-0.114310,-0.029164,0.117971,14.312597,-0.132880,-0.033902,0.137137,0.009960,-0.117550,-0.346374,,3.016029,1028.032954,1.296819,10.000000,,VFR,barnes,envelope,False
2026-04-21T08:14:30Z,37.819631,-78.100726,106.680000,289.155470,226.916667,-0.111103,-0.036136,0.116832,18.016953,-0.124780,-0.040584,0.131214,0.002321,-0.116809,-0.344191,,3.015053,1028.035063,1.296826,10.000000,,VFR,barnes,envelope,False
2026-04-21T08:14:40Z,37.820195,-78.102823,106.680000,289.155470,227.111111,-0.107892,-0.043132,0.116194,21.790047,-0.122266,-0.048878,0.131674,-0.005341,-0.116071,-0.342016,,3.014085,1028.037172,1.296833,10.000000,,VFR,barnes,envelope,False
2026-04-21T08:14:50Z,37.820758,-78.104920,106.680000,289.155470,227.305556,-0.104675,-0.050152,0.116069,25.599881,-0.112027,-0.053674,0.124221,-0.013028,-0.115336,-0.339849,,3.013127,1028.039280,1.296840,10.000000,,VFR,barnes,envelope,False
2026-04-21T08:15:00Z,37.821322,-78.107017,106.680000,289.155470,227.500000,-0.101453,-0.057195,0.116465,29.412554,-0.108181,-0.060988,0.124188,-0.020738,-0.114603,-0.337691,,3.012177,1028.041388,1.296847,10.000000,,VFR,barnes,envelope,False
2026-04-21T08:15:10Z,37.821886,-78.109114,106.680000,289.155470,227.694444,-0.102279,-0.054565,0.115924,28.079672,-0.112218,-0.059868,0.127189,-0.017983,-0.114520,-0.337446,,3.010542,1028.042738,1.296857,10.000000,,VFR,barnes,envelope,False
2026-04-21T08:15:20Z,37.822450,-78.111211,106.680000,289.155470,227.888889,-0.103103,-0.051939,0.115447,26.737026,-0.110091,-0.055459,0.123271,-0.015232,-0.114437,-0.337202,,3.008913,1028.044083,1.296866,10.000000,,VFR,barnes,envelope,False
2026-04-21T08:15:30Z,37.823013,-78.113308,106.680000,289.155470,228.083333,-0.103926,-0.049317,0.115034,25.386013,-0.110625,-0.052496,0.122449,-0.012485,-0.114355,-0.336958,,3.007292,1028.045426,1.296875,10.000000,,VFR,barnes,envelope,False
2026-04-21T08:15:40Z,37.823577,-78.115405,106.680000,289.155470,228.277778,-0.104749,-0.046699,0.114687,24.028085,-0.104955,-0.046791,0.114913,-0.009742,-0.114272,-0.336715,,3.005678,1028.046764,1.296885,10.000000,,VFR,barnes,envelope,False
2026-04-21T08:15:50Z,37.824141,-78.117502,106.680000,289.155470,228.472222,-0.105569,-0.044084,0.114404,22.664737,-0.103402,-0.043179,0.112055,-0.007003,-0.114190,-0.336472,,3.004071,1028.048099,1.296894,10.000000,,VFR,barnes,envelope,False
2026-04-21T08:16:00Z,37.824704,-78.119599,106.680000,289.155470,228.666667,-0.106389,-0.041474,0.114187,21.297500,-0.101932,-0.039737,0.109404,-0.004268,-0.114107,-0.336229,,3.002471,1028.049431,1.296903,10.000000,,VFR,barnes,envelope,False
2026-04-21T08:16:10Z,37.825268,-78.121696,106.680000,289.155470,228.861111,-0.107207,-0.038868,0.114036,19.927931,-0.102971,-0.037332,0.109530,-0.001537,-0.114025,-0.335987,,3.000878,1028.050758,1.296912,10.000000,,VFR,barnes,envelope,False
2026-04-21T08:16:20Z,37.825832,-78.123793,106.680000,289.155470,229.055556,-0.108024,-0.036265,0.113949,18.557601,-0.107608,-0.036125,0.113510,0.001189,-0.113943,-0.335745,,2.999292,1028.052082,1.296921,10.000000,,VFR,barnes,envelope,False
2026-04-21T08:16:30Z,37.826395,-78.125890,106.680000,289.155470,229.250000,-0.108840,-0.033667,0.113928,17.188087,-0.105450,-0.032618,0.110380,0.003911,-0.113861,-0.335503,,2.997713,1028.053403,1.296930,10.000000,,VFR,barnes,envelope,False
2026-04-21T08:16:40Z,37.826959,-78.127987,106.680000,289.155470,229.444444,-0.109654,-0.031072,0.113972,15.820958,-0.105697,-0.029951,0.109859,0.006629,-0.113779,-0.335261,,2.996142,1028.054720,1.296939,10.000000,,VFR,barnes,envelope,False
2026-04-21T08:16:50Z,37.827523,-78.130084,106.680000,289.155470,229.638889,-0.110467,-0.028482,0.114080,14.457764,-0.106557,-0.027474,0.110042,0.009343,-0.113697,-0.335019,,2.994577,1028.056033,1.296948,10.000000,,VFR,barnes,envelope,False
2026-04-21T08:17:00Z,37.828087,-78.132181,106.680000,289.155470,229.833333,-0.111279,-0.025895,0.114252,13.100030,-0.101140,-0.023536,0.103842,0.012053,-0.113615,-0.334777,,2.993020,1028.057342,1.296957,10.000000,,VFR,barnes,envelope,False
2026-04-21T08:17:10Z,37.828650,-78.134278,106.680000,289.155470,230.027778,-0.112089,-0.023313,0.114487,11.749242,-0.104732,-0.021783,0.106973,0.014758,-0.113532,-0.334535,,2.991470,1028.058648,1.296966,10.000000,,VFR,barnes,envelope,False
2026-04-21T08:17:20Z,37.829214,-78.136375,106.680000,289.155470,230.222222,-0.112897,-0.020734,0.114786,10.406839,-0.109810,-0.020167,0.111646,0.017459,-0.113450,-0.334293,,2.989926,1028.059951,1.296975,10.000000,,VFR,barnes,envelope,False
2026-04-21T08:17:30Z,37.829778,-78.138472,106.680000,289.155470,230.416667,-0.113704,-0.018160,0.115145,9.074203,-0.115715,-0.018481,0.117182,0.020156,-0.113368,-0.334050,,2.988391,1028.061250,1.296984,10.000000,,VFR,barnes,envelope,False
2026-04-21T08:17:40Z,37.830341,-78.140568,106.680000,289.155470,230.611111,-0.114510,-0.015590,0.115566,7.752654,-0.116832,-0.015906,0.117910,0.022848,-0.113285,-0.333807,,2.986862,1028.062545,1.296993,10.000000,,VFR,barnes,envelope,False
2026-04-21T08:17:50Z,37.830905,-78.142665,106.680000,289.155470,230.805556,-0.115314,-0.013023,0.116047,6.443443,-0.113806,-0.012853,0.114529,0.025536,-0.113203,-0.333564,,2.985340,1028.063836,1.297002,10.000000,,VFR,barnes,envelope,False
2026-04-21T08:18:00Z,37.831469,-78.144762,106.680000,289.155470,231.000000,-0.116117,-0.010461,0.116587,5.147743,-0.115813,-0.010433,0.116282,0.028220,-0.113120,-0.333320,,2.983826,1028.065124,1.297010,10.000000,,VFR,barnes,envelope,False
2026-04-21T08:18:10Z,37.832032,-78.146859,106.680000,289.155470,231.194444,-0.116917,-0.007902,0.117184,3.866648,-0.114682,-0.007751,0.114944,0.030900,-0.113037,-0.333075,,2.982319,1028.066408,1.297019,10.000000,,VFR,barnes,envelope,False
2026-04-21T08:18:20Z,37.832596,-78.148956,106.680000,289.155470,231.388889,-0.117717,-0.005348,0.117838,2.601169,-0.117816,-0.005352,0.117937,0.033575,-0.112954,-0.332830,,2.980819,1028.067689,1.297028,10.000000,,VFR,barnes,envelope,False
2026-04-21T08:18:30Z,37.833160,-78.151053,106.680000,289.155470,231.583333,-0.118514,-0.002798,0.118547,1.352227,-0.113046,-0.002668,0.113077,0.036246,-0.112870,-0.332584,,2.979326,1028.068966,1.297036,10.000000,,VFR,barnes,envelope,False
2026-04-21T08:18:40Z,37.833723,-78.153150,106.680000,289.155470,231.777778,-0.119310,-0.000251,0.119310,0.120661,-0.114932,-0.000242,0.114933,0.038912,-0.112787,-0.332338,,2.977841,1028.070239,1.297045,10.000000,,VFR,barnes,envelope,False
2026-04-21T08:18:50Z,37.834287,-78.155247,106.680000,289.155470,231.972222,-0.120104,0.002291,0.120126,358.907217,-0.116960,0.002231,0.116982,0.041574,-0.112703,-0.332091,,2.976362,1028.071509,1.297054,10.000000,,VFR,barnes,envelope,False
2026-04-21T08:19:00Z,37.834851,-78.157344,106.680000,289.155470,232.166667,-0.120897,0.004829,0.120993,357.712555,-0.120511,0.004814,0.120607,0.044232,-0.112619,-0.331843,,2.974891,1028.072775,1.297062,10.000000,,VFR,barnes,envelope,False
2026-04-21T08:19:10Z,37.835415,-78.159441,106.680000,289.155470,232.361111,-0.121688,0.007363,0.121910,356.537251,-0.118766,0.007187,0.118983,0.046885,-0.112534,-0.331593,,2.973428,1028.074038,1.297071,10.000000,,VFR,barnes,envelope,False
2026-04-21T08:19:20Z,37.835978,-78.161538,106.680000,289.155470,232.555556,-0.122477,0.009893,0.122876,355.381793,-0.121301,0.009798,0.121696,0.049534,-0.112449,-0.331343,,2.971971,1028.075297,1.297079,10.000000,,VFR,barnes,envelope,False
2026-04-21T08:19:30Z,37.836542,-78.163635,106.680000,289.155470,232.750000,-0.123264,0.012419,0.123888,354.246589,-0.121637,0.012256,0.122253,0.052179,-0.112364,-0.331092,,2.970522,1028.076552,1.297087,10.000000,,VFR,barnes,envelope,False
2026-04-21T08:19:40Z,37.837106,-78.165732,106.680000,289.155470,232.944444,-0.124049,0.014941,0.124946,353.131971,-0.120312,0.014491,0.121182,0.054819,-0.112278,-0.330840,,2.969080,1028.077804,1.297096,10.000000,,VFR,barnes,envelope,False
2026-04-21T08:19:50Z,37.837669,-78.167829,106.680000,289.155470,233.138889,-0.124833,0.017459,0.126048,352.038192,-0.120739,0.016887,0.121914,0.057454,-0.112192,-0.330587,,2.967645,1028.079052,1.297104,10.000000,,VFR,barnes,envelope,False
2026-04-21T08:20:00Z,37.838233,-78.169926,106.680000,289.155470,233.333333,-0.125615,0.019973,0.127193,350.965437,-0.123633,0.019658,0.125186,0.060086,-0.112106,-0.330332,,2.966218,1028.080296,1.297112,10.000000,,VFR,barnes,envelope,False
2026-04-21T08:20:10Z,37.838797,-78.172023,106.680000,289.155470,233.527778,-0.125163,0.020759,0.126873,350.582784,-0.125808,0.020866,0.127527,0.060680,-0.111421,-0.328314,,2.964798,1028.080884,1.297120,10.000000,,VFR,barnes,envelope,False
2026-04-21T08:20:20Z,37.839360,-78.174120,106.680000,289.155470,233.722222,-0.124712,0.021544,0.126559,350.198723,-0.124298,0.021473,0.126139,0.061273,-0.110737,-0.326299,,2.963385,1028.081471,1.297127,10.000000,,VFR,barnes,envelope,False
2026-04-21T08:20:30Z,37.839924,-78.176217,106.680000,289.155470,233.916667,-0.124261,0.022328,0.126251,349.813276,-0.121142,0.021768,0.123082,0.061866,-0.110054,-0.324287,,2.961979,1028.082057,1.297134,10.000000,,VFR,barnes,envelope,False
2026-04-21T08:20:40Z,37.840488,-78.178314,106.680000,289.155470,234.111111,-0.123811,0.023111,0.125950,349.426467,-0.121337,0.022650,0.123433,0.062458,-0.109372,-0.322277,,2.960581,1028.082642,1.297142,10.000000,,VFR,barnes,envelope,False
2026-04-21T08:20:50Z,37.841052,-78.180411,106.680000,289.155470,234.305556,-0.123362,0.023894,0.125655,349.038320,-0.117425,0.022744,0.119608,0.063050,-0.108691,-0.320271,,2.959190,1028.083226,1.297149,10.000000,,VFR,barnes,envelope,False
2026-04-21T08:21:00Z,37.841615,-78.182508,106.680000,289.155470,234.500000,-0.122914,0.024675,0.125366,348.648858,-0.120678,0.024226,0.123086,0.063640,-0.108011,-0.318268,,2.957807,1028.083809,1.297156,10.000000,,VFR,barnes,envelope,False
2026-04-21T08:21:10Z,37.842179,-78.184605,106.680000,289.155470,234.694444,-0.122466,0.025455,0.125083,348.258107,-0.119781,0.024897,0.122341,0.064230,-0.107332,-0.316267,,2.956431,1028.084391,1.297163,10.000000,,VFR,barnes,envelope,False
2026-04-21T08:21:20Z,37.842743,-78.186701,106.680000,289.155470,234.888889,-0.122019,0.026234,0.124807,347.866091,-0.120347,0.025875,0.123097,0.064820,-0.106654,-0.314269,,2.955062,1028.084972,1.297171,10.000000,,VFR,barnes,envelope,False
2026-04-21T08:21:30Z,37.843306,-78.188798,106.680000,289.155470,235.083333,-0.121572,0.027012,0.124537,347.472838,-0.119461,0.026543,0.122375,0.065408,-0.105977,-0.312274,,2.953701,1028.085552,1.297178,10.000000,,VFR,barnes,envelope,False
2026-04-21T08:21:40Z,37.843870,-78.190895,106.680000,289.155470,235.277778,-0.121126,0.027790,0.124273,347.078373,-0.119369,0.027387,0.122470,0.065996,-0.105301,-0.310281,,2.952346,1028.086131,1.297185,10.000000,,VFR,barnes,envelope,False
2026-04-21T08:21:50Z,37.844434,-78.192992,106.680000,289.155470,235.472222,-0.120681,0.028566,0.124016,346.682722,-0.119163,0.028207,0.122456,0.066584,-0.104625,-0.308291,,2.951000,1028.086709,1.297192,10.000000,,VFR,barnes,envelope,False
2026-04-21T08:22:00Z,37.844997,-78.195089,106.680000,289.155470,235.666667,-0.120236,0.029342,0.123765,346.285913,-0.119119,0.029069,0.122615,0.067171,-0.103951,-0.306303,,2.949660,1028.087286,1.297199,10.000000,,VFR,barnes,envelope,False
2026-04-21T08:22:10Z,37.845561,-78.197186,106.680000,289.155470,235.861111,-0.119792,0.030116,0.123520,345.887974,-0.121308,0.030497,0.125082,0.067757,-0.103277,-0.304318,,2.948329,1028.087862,1.297206,10.000000,,VFR,barnes,envelope,False
2026-04-21T08:22:20Z,37.846125,-78.199283,106.680000,289.155470,236.055556,-0.119348,0.030890,0.123281,345.488933,-0.120859,0.031281,0.124841,0.068342,-0.102604,-0.302335,,2.947004,1028.088437,1.297213,10.000000,,VFR,barnes,envelope,False
2026-04-21T08:22:30Z,37.846689,-78.201380,106.680000,289.155470,236.250000,-0.118905,0.031663,0.123049,345.088818,-0.122376,0.032587,0.126641,0.068927,-0.101932,-0.300355,,2.945687,1028.089011,1.297220,10.000000,,VFR,barnes,envelope,False
2026-04-21T08:22:40Z,37.847252,-78.203477,106.680000,289.155470,236.444444,-0.118463,0.032435,0.122823,344.687658,-0.121818,0.033354,0.126302,0.069511,-0.101261,-0.298376,,2.944377,1028.089584,1.297227,10.000000,,VFR,barnes,envelope,False
2026-04-21T08:22:50Z,37.847816,-78.205574,106.680000,289.155470,236.638889,-0.118021,0.033206,0.122603,344.285482,-0.121564,0.034203,0.126284,0.070094,-0.100590,-0.296400,,2.943075,1028.090155,1.297233,10.000000,,VFR,barnes,envelope,False
2026-04-21T08:23:00Z,37.848380,-78.207671,106.680000,289.155470,236.833333,-0.117579,0.033977,0.122390,343.882321,-0.120145,0.034718,0.125060,0.070677,-0.099920,-0.294427,,2.941780,1028.090726,1.297240,10.000000,,VFR,barnes,envelope,False
2026-04-21T08:23:10Z,37.848943,-78.209768,106.680000,289.155470,237.027778,-0.117138,0.034746,0.122183,343.478204,-0.119302,0.035388,0.124440,0.071260,-0.099251,-0.292455,,2.940493,1028.091296,1.297247,10.000000,,VFR,barnes,envelope,False
2026-04-21T08:23:20Z,37.849507,-78.211865,106.680000,289.155470,237.222222,-0.116698,0.035515,0.121983,343.073162,-0.119839,0.036471,0.125266,0.071841,-0.098583,-0.290486,,2.939213,1028.091865,1.297254,10.000000,,VFR,barnes,envelope,False
2026-04-21T08:23:30Z,37.850071,-78.213962,106.680000,289.155470,237.416667,-0.116258,0.036283,0.121788,342.667225,-0.120007,0.037453,0.125716,0.072422,-0.097915,-0.288518,,2.937940,1028.092433,1.297260,10.000000,,VFR,barnes,envelope,False
2026-04-21T08:23:40Z,37.850634,-78.216059,106.680000,289.155470,237.611111,-0.115818,0.037050,0.121600,342.260425,-0.116256,0.037191,0.122060,0.073003,-0.097248,-0.286553,,2.936675,1028.093000,1.297267,10.000000,,VFR,barnes,envelope,False
2026-04-21T08:23:50Z,37.851198,-78.218156,106.680000,289.155470,237.805556,-0.115379,0.037817,0.121419,341.852794,-0.114938,0.037672,0.120955,0.073583,-0.096582,-0.284589,,2.935417,1028.093566,1.297274,10.000000,,VFR,barnes,envelope,False
2026-04-21T08:24:00Z,37.851762,-78.220253,106.680000,289.155470,238.000000,-0.114940,0.038583,0.121243,341.444363,-0.115968,0.038928,0.122327,0.074162,-0.095916,-0.282628,,2.934167,1028.094131,1.297280,10.000000,,VFR,barnes,envelope,False
2026-04-21T08:24:10Z,37.852325,-78.222350,106.680000,289.155470,238.194444,-0.114502,0.039348,0.121074,341.035165,-0.113641,0.039052,0.120164,0.074741,-0.095251,-0.280668,,2.932924,1028.094695,1.297287,10.000000,,VFR,barnes,envelope,False
2026-04-21T08:24:20Z,37.852889,-78.224447,106.680000,289.155470,238.388889,-0.114064,0.040112,0.120911,340.625231,-0.112607,0.039599,0.119367,0.075319,-0.094586,-0.278710,,2.931689,1028.095258,1.297293,10.000000,,VFR,barnes,envelope,False
2026-04-21T08:24:30Z,37.853453,-78.226544,106.680000,289.155470,238.583333,-0.113626,0.040875,0.120755,340.214595,-0.114201,0.041082,0.121365,0.075897,-0.093923,-0.276754,,2.930461,1028.095820,1.297300,10.000000,,VFR,barnes,envelope,False
2026-04-21T08:24:40Z,37.854017,-78.228641,106.680000,289.155470,238.777778,-0.113189,0.041638,0.120605,339.803290,-0.112529,0.041395,0.119901,0.076474,-0.093259,-0.274799,,2.929241,1028.096380,1.297306,10.000000,,VFR,barnes,envelope,False
2026-04-21T08:24:50Z,37.854580,-78.230737,106.680000,289.155470,238.972222,-0.112752,0.042400,0.120461,339.391348,-0.112064,0.042142,0.119726,0.077050,-0.092596,-0.272846,,2.928028,1028.096940,1.297313,10.000000,,VFR,barnes,envelope,False
2026-04-21T08:25:00Z,37.855144,-78.232834,106.680000,289.155470,239.166667,-0.112316,0.043162,0.120323,338.978803,-0.113482,0.043610,0.121573,0.077626,-0.091934,-0.270895,,2.926823,1028.097499,1.297319,10.000000,,VFR,barnes,envelope,False
2026-04-21T08:25:10Z,37.855708,-78.234931,106.680000,289.155470,239.361111,-0.110908,0.042607,0.118810,338.985051,-0.114012,0.043799,0.122136,0.076640,-0.090786,-0.267513,,2.925625,1028.098057,1.297325,10.000000,,VFR,barnes,envelope,False
2026-04-21T08:25:20Z,37.856271,-78.237028,106.680000,289.155470,239.555556,-0.109502,0.042053,0.117300,338.991275,-0.114689,0.044045,0.122855,0.075656,-0.089640,-0.264136,,2.924435,1028.098614,1.297332,10.000000,,VFR,barnes,envelope,False
2026-04-21T08:25:30Z,37.856835,-78.239125,106.680000,289.155470,239.750000,-0.108099,0.041501,0.115792,338.997460,-0.112804,0.043307,0.120832,0.074674,-0.088496,-0.260764,,2.923252,1028.099170,1.297338,10.000000,,VFR,barnes,envelope,False
2026-04-21T08:25:40Z,37.857399,-78.241222,106.680000,289.155470,239.944444,-0.106698,0.040950,0.114286,339.003593,-0.112542,0.043193,0.120546,0.073694,-0.087353,-0.257397,,2.922077,1028.099725,1.297344,10.000000,,VFR,barnes,envelope,False
2026-04-21T08:25:50Z,37.857962,-78.243319,106.680000,289.155470,240.138889,-0.105299,0.040400,0.112784,339.009656,-0.112896,0.043315,0.120920,0.072716,-0.086212,-0.254035,,2.920909,1028.100279,1.297350,10.000000,,VFR,barnes,envelope,False
2026-04-21T08:26:00Z,37.858526,-78.245416,106.680000,289.155470,240.333333,-0.103903,0.039852,0.111283,339.015632,-0.108959,0.041791,0.116698,0.071739,-0.085073,-0.250678,,2.919749,1028.100832,1.297357,10.000000,,VFR,barnes,envelope,False
2026-04-21T08:26:10Z,37.859090,-78.247513,106.680000,289.155470,240.527778,-0.102509,0.039305,0.109786,339.021505,-0.108770,0.041706,0.116492,0.070765,-0.083935,-0.247326,,2.918597,1028.101384,1.297363,10.000000,,VFR,barnes,envelope,False
2026-04-21T08:26:20Z,37.859654,-78.249610,106.680000,289.155470,240.722222,-0.101116,0.038760,0.108291,339.027256,-0.108316,0.041520,0.116001,0.069793,-0.082799,-0.243979,,2.917452,1028.101935,1.297369,10.000000,,VFR,barnes,envelope,False
2026-04-21T08:26:30Z,37.860217,-78.251707,106.680000,289.155470,240.916667,-0.099727,0.038216,0.106798,339.032864,-0.107090,0.041038,0.114684,0.068823,-0.081665,-0.240636,,2.916314,1028.102485,1.297375,10.000000,,VFR,barnes,envelope,False
2026-04-21T08:26:40Z,37.860781,-78.253804,106.680000,289.155470,241.111111,-0.098339,0.037673,0.105308,339.038309,-0.107620,0.041229,0.115247,0.067856,-0.080532,-0.237298,,2.915184,1028.103034,1.297381,10.000000,,VFR,barnes,envelope,False
2026-04-21T08:26:50Z,37.861345,-78.255901,106.680000,289.155470,241.305556,-0.096953,0.037132,0.103821,339.043569,-0.105587,0.040439,0.113066,0.066890,-0.079401,-0.233965,,2.914061,1028.103582,1.297387,10.000000,,VFR,barnes,envelope,False
2026-04-21T08:27:00Z,37.861908,-78.257998,106.680000,289.155470,241.500000,-0.095570,0.036593,0.102336,339.048621,-0.105081,0.040235,0.112520,0.065927,-0.078271,-0.230636,,2.912947,1028.104129,1.297393,10.000000,,VFR,barnes,envelope,False
2026-04-21T08:27:10Z,37.862472,-78.260095,106.680000,289.155470,241.694444,-0.094189,0.036055,0.100854,339.053441,-0.103253,0.039525,0.110559,0.064965,-0.077143,-0.227312,,2.911839,1028.104675,1.297399,10.000000,,VFR,barnes,envelope,False
2026-04-21T08:27:20Z,37.863036,-78.262192,106.680000,289.155470,241.888889,-0.092810,0.035519,0.099375,339.058002,-0.100867,0.038602,0.108001,0.064006,-0.076017,-0.223993,,2.910739,1028.105220,1.297404,10.000000,,VFR,barnes,envelope,False
2026-04-21T08:27:30Z,37.863599,-78.264289,106.680000,289.155470,242.083333,-0.091434,0.034984,0.097898,339.062278,-0.100067,0.038287,0.107141,0.063049,-0.074892,-0.220678,,2.909647,1028.105764,1.297410,10.000000,,VFR,barnes,envelope,False
2026-04-21T08:27:40Z,37.864163,-78.266386,106.680000,289.155470,242.277778,-0.090059,0.034451,0.096424,339.066239,-0.097557,0.037319,0.104452,0.062095,-0.073768,-0.217367,,2.908563,1028.106307,1.297416,10.000000,,VFR,barnes,envelope,False
2026-04-21T08:27:50Z,37.864727,-78.268483,106.680000,289.155470,242.472222,-0.088687,0.033920,0.094952,339.069854,-0.095854,0.036661,0.102626,0.061143,-0.072646,-0.214061,,2.907486,1028.106850,1.297422,10.000000,,VFR,barnes,envelope,False
2026-04-21T08:28:00Z,37.865290,-78.270580,106.680000,289.155470,242.666667,-0.087317,0.033390,0.093483,339.073092,-0.096373,0.036853,0.103179,0.060193,-0.071526,-0.210759,,2.906416,1028.107391,1.297427,10.000000,,VFR,barnes,envelope,False
2026-04-21T08:28:10Z,37.865854,-78.272677,106.680000,289.155470,242.861111,-0.085948,0.032862,0.092017,339.075917,-0.093918,0.035909,0.100549,0.059245,-0.070407,-0.207462,,2.905354,1028.107931,1.297433,10.000000,,VFR,barnes,envelope,False
2026-04-21T08:28:20Z,37.866418,-78.274773,106.680000,289.155470,243.055556,-0.084583,0.032336,0.090553,339.078292,-0.092281,0.035279,0.098795,0.058300,-0.069289,-0.204169,,2.904300,1028.108470,1.297439,10.000000,,VFR,barnes,envelope,False
2026-04-21T08:28:30Z,37.866982,-78.276870,106.680000,289.155470,243.250000,-0.083219,0.031811,0.089092,339.080180,-0.089801,0.034327,0.096139,0.057357,-0.068173,-0.200880,,2.903253,1028.109008,1.297444,10.000000,,VFR,barnes,envelope,False
2026-04-21T08:28:40Z,37.867545,-78.278967,106.680000,289.155470,243.444444,-0.081857,0.031288,0.087633,339.081537,-0.086171,0.032937,0.092251,0.056416,-0.067058,-0.197595,,2.902214,1028.109545,1.297450,10.000000,,VFR,barnes,envelope,False
2026-04-21T08:28:50Z,37.868109,-78.281064,106.680000,289.155470,243.638889,-0.080498,0.030768,0.086177,339.082321,-0.085446,0.032659,0.091474,0.055478,-0.065945,-0.194315,,2.901183,1028.110081,1.297455,10.000000,,VFR,barnes,envelope,False
2026-04-21T08:29:00Z,37.868673,-78.283161,106.680000,289.155470,243.833333,-0.079140,0.030248,0.084724,339.082483,-0.085301,0.032603,0.091319,0.054542,-0.064833,-0.191039,,2.900159,1028.110617,1.297461,10.000000,,VFR,barnes,envelope,False
2026-04-21T08:29:10Z,37.869236,-78.285258,106.680000,289.155470,244.027778,-0.077785,0.029731,0.083273,339.081974,-0.083554,0.031936,0.089449,0.053609,-0.063722,-0.187766,,2.899143,1028.111151,1.297466,10.000000,,VFR,barnes,envelope,False
2026-04-21T08:29:20Z,37.869800,-78.287355,106.680000,289.155470,244.222222,-0.076432,0.029216,0.081825,339.080740,-0.081596,0.031190,0.087354,0.052678,-0.062613,-0.184498,,2.898134,1028.111684,1.297472,10.000000,,VFR,barnes,envelope,False
2026-04-21T08:29:30Z,37.870364,-78.289452,106.680000,289.155470,244.416667,-0.075081,0.028703,0.080380,339.078723,-0.079847,0.030524,0.085482,0.051750,-0.061505,-0.181234,,2.897133,1028.112216,1.297477,10.000000,,VFR,barnes,envelope,False
2026-04-21T08:29:40Z,37.870927,-78.291549,106.680000,289.155470,244.611111,-0.073732,0.028191,0.078937,339.075862,-0.076098,0.029096,0.081470,0.050824,-0.060399,-0.177974,,2.896140,1028.112747,1.297483,10.000000,,VFR,barnes,envelope,False
2026-04-21T08:29:50Z,37.871491,-78.293646,106.680000,289.155470,244.805556,-0.072385,0.027682,0.077497,339.072092,-0.074013,0.028304,0.079240,0.049901,-0.059294,-0.174717,,2.895154,1028.113278,1.297488,10.000000,,VFR,barnes,envelope,False
2026-04-21T08:30:00Z,37.872055,-78.295743,106.680000,289.155470,245.000000,-0.071040,0.027174,0.076060,339.067341,-0.073728,0.028202,0.078938,0.048980,-0.058190,-0.171465,,2.894176,1028.113807,1.297493,10.000000,,VFR,barnes,envelope,False
2026-04-21T08:30:10Z,37.872619,-78.297840,106.680000,289.155470,245.194444,-0.071620,0.028693,0.077154,338.167618,-0.074824,0.029977,0.080606,0.050605,-0.058240,-0.171611,,2.893205,1028.115392,1.297500,10.000000,,VFR,barnes,envelope,False
2026-04-21T08:30:20Z,37.873182,-78.299937,106.680000,289.155470,245.388889,-0.072198,0.030219,0.078267,337.288177,-0.075529,0.031613,0.081878,0.052236,-0.058285,-0.171744,,2.892243,1028.116979,1.297506,10.000000,,VFR,barnes,envelope,False
2026-04-21T08:30:30Z,37.873746,-78.302034,106.680000,289.155470,245.583333,-0.072773,0.031751,0.079398,336.428546,-0.074561,0.032531,0.081349,0.053872,-0.058326,-0.171864,,2.891287,1028.118567,1.297513,10.000000,,VFR,barnes,envelope,False
2026-04-21T08:30:40Z,37.874310,-78.304131,106.680000,289.155470,245.777778,-0.073346,0.033289,0.080547,335.588249,-0.075421,0.034231,0.082826,0.055514,-0.058362,-0.171971,,2.890340,1028.120155,1.297519,10.000000,,VFR,barnes,envelope,False
2026-04-21T08:30:50Z,37.874873,-78.306228,106.680000,289.155470,245.972222,-0.073917,0.034835,0.081714,334.766806,-0.075000,0.035345,0.082911,0.057160,-0.058393,-0.172064,,2.889400,1028.121745,1.297526,10.000000,,VFR,barnes,envelope,False
2026-04-21T08:31:00Z,37.875437,-78.308325,106.680000,289.155470,246.166667,-0.074484,0.036387,0.082897,333.963740,-0.074622,0.036454,0.083050,0.058813,-0.058421,-0.172144,,2.888468,1028.123337,1.297532,10.000000,,VFR,barnes,envelope,False
2026-04-21T08:31:10Z,37.876001,-78.310422,106.680000,289.155470,246.361111,-0.075050,0.037946,0.084097,333.178573,-0.074581,0.037709,0.083572,0.060471,-0.058443,-0.172211,,2.887543,1028.124929,1.297538,10.000000,,VFR,barnes,envelope,False
2026-04-21T08:31:20Z,37.876564,-78.312519,106.680000,289.155470,246.555556,-0.075613,0.039511,0.085314,332.410830,-0.075224,0.039308,0.084875,0.062135,-0.058461,-0.172264,,2.886626,1028.126522,1.297545,10.000000,,VFR,barnes,envelope,False
2026-04-21T08:31:30Z,37.877128,-78.314616,106.680000,289.155470,246.750000,-0.076173,0.041084,0.086546,331.660044,-0.073502,0.039643,0.083511,0.063804,-0.058475,-0.172304,,2.885717,1028.128117,1.297551,10.000000,,VFR,barnes,envelope,False
2026-04-21T08:31:40Z,37.877692,-78.316713,106.680000,289.155470,246.944444,-0.076732,0.042663,0.087794,330.925749,-0.072883,0.040523,0.083391,0.065479,-0.058484,-0.172331,,2.884815,1028.129712,1.297557,10.000000,,VFR,barnes,envelope,False
2026-04-21T08:31:50Z,37.878255,-78.318810,106.680000,289.155470,247.138889,-0.077287,0.044249,0.089058,330.207490,-0.071267,0.040803,0.082121,0.067160,-0.058488,-0.172343,,2.883921,1028.131309,1.297563,10.000000,,VFR,barnes,envelope,False
2026-04-21T08:32:00Z,37.878819,-78.320906,106.680000,289.155470,247.333333,-0.077840,0.045843,0.090336,329.504816,-0.071941,0.042368,0.083490,0.068846,-0.058488,-0.172342,,2.883035,1028.132906,1.297570,10.000000,,VFR,barnes,envelope,False
2026-04-21T08:32:10Z,37.879383,-78.323003,106.680000,289.155470,247.527778,-0.078391,0.047443,0.091629,328.817286,-0.072494,0.043874,0.084736,0.070539,-0.058483,-0.172328,,2.882156,1028.134505,1.297576,10.000000,,VFR,barnes,envelope,False
2026-04-21T08:32:20Z,37.879947,-78.325100,106.680000,289.155470,247.722222,-0.078939,0.049050,0.092937,328.144470,-0.072715,0.045183,0.085609,0.072237,-0.058473,-0.172299,,2.881285,1028.136105,1.297582,10.000000,,VFR,barnes,envelope,False
2026-04-21T08:32:30Z,37.880510,-78.327197,106.680000,289.155470,247.916667,-0.079485,0.050665,0.094259,327.485943,-0.074766,0.047657,0.088663,0.073941,-0.058459,-0.172257,,2.880422,1028.137706,1.297588,10.000000,,VFR,barnes,envelope,False
2026-04-21T08:32:40Z,37.881074,-78.329294,106.680000,289.155470,248.111111,-0.080028,0.052286,0.095594,326.841293,-0.075769,0.049504,0.090507,0.075651,-0.058440,-0.172201,,2.879566,1028.139308,1.297594,10.000000,,VFR,barnes,envelope,False
2026-04-21T08:32:50Z,37.881638,-78.331391,106.680000,289.155470,248.305556,-0.080568,0.053915,0.096944,326.210117,-0.077242,0.051689,0.092941,0.077367,-0.058416,-0.172130,,2.878718,1028.140911,1.297600,10.000000,,VFR,barnes,envelope,False
2026-04-21T08:33:00Z,37.882201,-78.333488,106.680000,289.155470,248.500000,-0.081106,0.055551,0.098307,325.592021,-0.077566,0.053127,0.094016,0.079089,-0.058387,-0.172046,,2.877878,1028.142514,1.297606,10.000000,,VFR,barnes,envelope,False
2026-04-21T08:33:10Z,37.882765,-78.335585,106.680000,289.155470,248.694444,-0.081642,0.057195,0.099683,324.986624,-0.077820,0.054517,0.095016,0.080817,-0.058354,-0.171948,,2.877045,1028.144119,1.297612,10.000000,,VFR,barnes,envelope,False
2026-04-21T08:33:20Z,37.883329,-78.337682,106.680000,289.155470,248.888889,-0.082175,0.058845,0.101072,324.393554,-0.078522,0.056229,0.096579,0.082551,-0.058316,-0.171835,,2.876220,1028.145725,1.297618,10.000000,,VFR,barnes,envelope,False
2026-04-21T08:33:30Z,37.883892,-78.339779,106.680000,289.155470,249.083333,-0.082705,0.060504,0.102474,323.812448,-0.078130,0.057156,0.096805,0.084292,-0.058273,-0.171709,,2.875403,1028.147332,1.297624,10.000000,,VFR,barnes,envelope,False
2026-04-21T08:33:40Z,37.884456,-78.341876,106.680000,289.155470,249.277778,-0.083233,0.062169,0.103888,323.242955,-0.077667,0.058012,0.096941,0.086039,-0.058225,-0.171568,,2.874593,1028.148940,1.297629,10.000000,,VFR,barnes,envelope,False
2026-04-21T08:33:50Z,37.885020,-78.343973,106.680000,289.155470,249.472222,-0.083759,0.063842,0.105316,322.684734,-0.078132,0.059554,0.098241,0.087791,-0.058172,-0.171413,,2.873791,1028.150549,1.297635,10.000000,,VFR,barnes,envelope,False
2026-04-21T08:34:00Z,37.885584,-78.346070,106.680000,289.155470,249.666667,-0.084282,0.065523,0.106755,322.137455,-0.079146,0.061530,0.100250,0.089551,-0.058115,-0.171243,,2.872997,1028.152158,1.297641,10.000000,,VFR,barnes,envelope,False
2026-04-21T08:34:10Z,37.886147,-78.348167,106.680000,289.155470,249.861111,-0.084802,0.067211,0.108207,321.600795,-0.079724,0.063187,0.101728,0.091316,-0.058052,-0.171059,,2.872210,1028.153769,1.297647,10.000000,,VFR,barnes,envelope,False
2026-04-21T08:34:20Z,37.886711,-78.350264,106.680000,289.155470,250.055556,-0.085320,0.068907,0.109671,321.074446,-0.080273,0.064831,0.103184,0.093088,-0.057985,-0.170860,,2.871432,1028.155381,1.297652,10.000000,,VFR,barnes,envelope,False
2026-04-21T08:34:30Z,37.887275,-78.352361,106.680000,289.155470,250.250000,-0.085835,0.070611,0.111146,320.558105,-0.081343,0.066916,0.105330,0.094866,-0.057913,-0.170647,,2.870660,1028.156993,1.297658,10.000000,,VFR,barnes,envelope,False
2026-04-21T08:34:40Z,37.887838,-78.354458,106.680000,289.155470,250.444444,-0.086348,0.072322,0.112634,320.051480,-0.082123,0.068783,0.107123,0.096651,-0.057835,-0.170420,,2.869897,1028.158606,1.297664,10.000000,,VFR,barnes,envelope,False
2026-04-21T08:34:50Z,37.888402,-78.356555,106.680000,289.155470,250.638889,-0.086858,0.074041,0.114133,319.554290,-0.081924,0.069836,0.107650,0.098442,-0.057753,-0.170177,,2.869141,1028.160221,1.297669,10.000000,,VFR,barnes,envelope,False
2026-04-21T08:35:00Z,37.888966,-78.358652,106.680000,289.155470,250.833333,-0.087365,0.075768,0.115644,319.066261,-0.082245,0.071328,0.108866,0.100240,-0.057666,-0.169920,,2.868393,1028.161836,1.297675,10.000000,,VFR,barnes,envelope,False
2026-04-21T08:35:10Z,37.889529,-78.360749,106.680000,289.155470,251.027778,-0.086337,0.075190,0.114489,318.948047,-0.082922,0.072215,0.109959,0.099357,-0.056885,-0.167619,,2.869318,1028.162816,1.297672,10.000000,,VFR,barnes,envelope,False
2026-04-21T08:35:20Z,37.890093,-78.362846,106.680000,289.155470,251.222222,-0.085310,0.074603,0.113329,318.830536,-0.083739,0.073229,0.111242,0.098465,-0.056107,-0.165326,,2.870249,1028.163790,1.297669,10.000000,,VFR,barnes,envelope,False
2026-04-21T08:35:30Z,37.890657,-78.364942,106.680000,289.155470,251.416667,-0.084283,0.074008,0.112164,318.713740,-0.084196,0.073933,0.112049,0.097566,-0.055331,-0.163042,,2.871185,1028.164760,1.297665,10.000000,,VFR,barnes,envelope,False
2026-04-21T08:35:40Z,37.891220,-78.367039,106.680000,289.155470,251.611111,-0.083255,0.073405,0.110995,318.597677,-0.083581,0.073692,0.111429,0.096660,-0.054559,-0.160765,,2.872126,1028.165724,1.297662,10.000000,,VFR,barnes,envelope,False
2026-04-21T08:35:50Z,37.891784,-78.369136,106.680000,289.155470,251.805556,-0.082228,0.072795,0.109821,318.482362,-0.083445,0.073871,0.111445,0.095746,-0.053789,-0.158497,,2.873073,1028.166684,1.297659,10.000000,,VFR,barnes,envelope,False
2026-04-21T08:36:00Z,37.892348,-78.371233,106.680000,289.155470,252.000000,-0.081201,0.072176,0.108641,318.367813,-0.083333,0.074070,0.111493,0.094824,-0.053022,-0.156237,,2.874025,1028.167639,1.297656,10.000000,,VFR,barnes,envelope,False
2026-04-21T08:36:10Z,37.892912,-78.373330,106.680000,289.155470,252.194444,-0.080175,0.071548,0.107458,318.254048,-0.081986,0.073165,0.109885,0.093895,-0.052258,-0.153985,,2.874982,1028.168588,1.297652,10.000000,,VFR,barnes,envelope,False
2026-04-21T08:36:20Z,37.893475,-78.375427,106.680000,289.155470,252.388889,-0.079148,0.070913,0.106269,318.141087,-0.081719,0.073217,0.109721,0.092958,-0.051497,-0.151742,,2.875945,1028.169533,1.297649,10.000000,,VFR,barnes,envelope,False
2026-04-21T08:36:30Z,37.894039,-78.377524,106.680000,289.155470,252.583333,-0.078121,0.070269,0.105075,318.028949,-0.081164,0.073007,0.109168,0.092013,-0.050738,-0.149507,,2.876913,1028.170472,1.297646,10.000000,,VFR,barnes,envelope,False
2026-04-21T08:36:40Z,37.894603,-78.379621,106.680000,289.155470,252.777778,-0.077095,0.069617,0.103876,317.917655,-0.080362,0.072568,0.108278,0.091060,-0.049982,-0.147280,,2.877886,1028.171406,1.297642,10.000000,,VFR,barnes,envelope,False
2026-04-21T08:36:50Z,37.895166,-78.381718,106.680000,289.155470,252.972222,-0.076068,0.068957,0.102672,317.807228,-0.079063,0.071672,0.106714,0.090100,-0.049230,-0.145062,,2.878864,1028.172336,1.297639,10.000000,,VFR,barnes,envelope,False
2026-04-21T08:37:00Z,37.895730,-78.383815,106.680000,289.155470,253.166667,-0.075042,0.068289,0.101463,317.697691,-0.078759,0.071671,0.106488,0.089131,-0.048479,-0.142851,,2.879848,1028.173260,1.297635,10.000000,,VFR,barnes,envelope,False
2026-04-21T08:37:10Z,37.896294,-78.385912,106.680000,289.155470,253.361111,-0.074016,0.067612,0.100248,317.589069,-0.077515,0.070808,0.104987,0.088155,-0.047732,-0.140649,,2.880837,1028.174179,1.297632,10.000000,,VFR,barnes,envelope,False
2026-04-21T08:37:20Z,37.896857,-78.388009,106.680000,289.155470,253.555556,-0.072990,0.066927,0.099029,317.481389,-0.076726,0.070353,0.104098,0.087171,-0.046988,-0.138456,,2.881831,1028.175093,1.297628,10.000000,,VFR,barnes,envelope,False
2026-04-21T08:37:30Z,37.897421,-78.390106,106.680000,289.155470,253.750000,-0.071964,0.066233,0.097804,317.374677,-0.075668,0.069642,0.102838,0.086179,-0.046246,-0.136271,,2.882830,1028.176003,1.297625,10.000000,,VFR,barnes,envelope,False
2026-04-21T08:37:40Z,37.897985,-78.392203,106.680000,289.155470,253.944444,-0.070938,0.065531,0.096574,317.268964,-0.074443,0.068768,0.101345,0.085180,-0.045507,-0.134094,,2.883835,1028.176907,1.297621,10.000000,,VFR,barnes,envelope,False
2026-04-21T08:37:50Z,37.898549,-78.394300,106.680000,289.155470,254.138889,-0.069912,0.064820,0.095338,317.164280,-0.073345,0.068004,0.100020,0.084172,-0.044772,-0.131926,,2.884845,1028.177806,1.297618,10.000000,,VFR,barnes,envelope,False
2026-04-21T08:38:00Z,37.899112,-78.396397,106.680000,289.155470,254.333333,-0.068886,0.064101,0.094097,317.060658,-0.072527,0.067489,0.099070,0.083156,-0.044039,-0.129766,,2.885859,1028.178699,1.297614,10.000000,,VFR,barnes,envelope,False
2026-04-21T08:38:10Z,37.899676,-78.398494,106.680000,289.155470,254.527778,-0.067861,0.063374,0.092851,316.958133,-0.071683,0.066944,0.098082,0.082132,-0.043308,-0.127614,,2.886879,1028.179588,1.297610,10.000000,,VFR,barnes,envelope,False
2026-04-21T08:38:20Z,37.900240,-78.400591,106.680000,289.155470,254.722222,-0.066835,0.062638,0.091599,316.856743,-0.070444,0.066020,0.096546,0.081101,-0.042581,-0.125471,,2.887905,1028.180472,1.297607,10.000000,,VFR,barnes,envelope,False
2026-04-21T08:38:30Z,37.900803,-78.402688,106.680000,289.155470,254.916667,-0.065809,0.061893,0.090342,316.756526,-0.069612,0.065470,0.095563,0.080061,-0.041857,-0.123336,,2.888935,1028.181351,1.297603,10.000000,,VFR,barnes,envelope,False
2026-04-21T08:38:40Z,37.901367,-78.404785,106.680000,289.155470,255.111111,-0.064784,0.061140,0.089079,316.657526,-0.068158,0.064324,0.093719,0.079013,-0.041135,-0.121210,,2.889970,1028.182224,1.297599,10.000000,,VFR,barnes,envelope,False
2026-04-21T08:38:50Z,37.901931,-78.406882,106.680000,289.155470,255.305556,-0.063758,0.060378,0.087810,316.559786,-0.067623,0.064038,0.093132,0.077956,-0.040416,-0.119092,,2.891011,1028.183093,1.297595,10.000000,,VFR,barnes,envelope,False
2026-04-21T08:39:00Z,37.902494,-78.408979,106.680000,289.155470,255.500000,-0.062733,0.059608,0.086536,316.463354,-0.066468,0.063156,0.091688,0.076892,-0.039700,-0.116982,,2.892056,1028.183956,1.297592,10.000000,,VFR,barnes,envelope,False
2026-04-21T08:39:10Z,37.903058,-78.411075,106.680000,289.155470,255.694444,-0.061708,0.058828,0.085256,316.368282,-0.065638,0.062576,0.090687,0.075819,-0.038987,-0.114881,,2.893107,1028.184814,1.297588,10.000000,,VFR,barnes,envelope,False
2026-04-21T08:39:20Z,37.903622,-78.413172,106.680000,289.155470,255.888889,-0.060682,0.058040,0.083970,316.274624,-0.064703,0.061886,0.089534,0.074739,-0.038277,-0.112789,,2.894163,1028.185667,1.297584,10.000000,,VFR,barnes,envelope,False
2026-04-21T08:39:30Z,37.904186,-78.415269,106.680000,289.155470,256.083333,-0.059657,0.057244,0.082679,316.182440,-0.063579,0.061007,0.088114,0.073650,-0.037570,-0.110705,,2.895224,1028.186515,1.297580,10.000000,,VFR,barnes,envelope,False
2026-04-21T08:39:40Z,37.904749,-78.417366,106.680000,289.155470,256.277778,-0.058631,0.056438,0.081381,316.091791,-0.062262,0.059933,0.086421,0.072552,-0.036866,-0.108630,,2.896289,1028.187358,1.297576,10.000000,,VFR,barnes,envelope,False
2026-04-21T08:39:50Z,37.905313,-78.419463,106.680000,289.155470,256.472222,-0.057606,0.055624,0.080078,316.002744,-0.061227,0.059120,0.085111,0.071447,-0.036164,-0.106563,,2.897360,1028.188196,1.297572,10.000000,,VFR,barnes,envelope,False
2026-04-21T08:40:00Z,37.905877,-78.421560,106.680000,289.155470,256.666667,-0.056580,0.054801,0.078769,315.915374,-0.060094,0.058204,0.083659,0.070333,-0.035466,-0.104505,,2.898436,1028.189029,1.297568,10.000000,,VFR,barnes,envelope,False
2026-04-21T08:40:10Z,37.906440,-78.423657,106.680000,289.155470,256.861111,-0.055428,0.054840,0.077972,315.305691,-0.058598,0.057976,0.082431,0.069991,-0.034365,-0.101260,,2.899517,1028.189943,1.297564,10.000000,,VFR,barnes,envelope,False
2026-04-21T08:40:20Z,37.907004,-78.425754,106.680000,289.155470,257.055556,-0.054279,0.054879,0.077187,314.685176,-0.057209,0.057841,0.081353,0.069651,-0.033266,-0.098023,,2.900603,1028.190854,1.297560,10.000000,,VFR,barnes,envelope,False
2026-04-21T08:40:30Z,37.907568,-78.427851,106.680000,289.155470,257.250000,-0.053132,0.054917,0.076413,314.053679,-0.056278,0.058169,0.080937,0.069311,-0.032170,-0.094794,,2.901694,1028.191761,1.297556,10.000000,,VFR,barnes,envelope,False
2026-04-21T08:40:40Z,37.908131,-78.429948,106.680000,289.155470,257.444444,-0.051988,0.054955,0.075649,313.411060,-0.054920,0.058054,0.079915,0.068971,-0.031077,-0.091574,,2.902789,1028.192665,1.297552,10.000000,,VFR,barnes,envelope,False
2026-04-21T08:40:50Z,37.908695,-78.432045,106.680000,289.155470,257.638889,-0.050847,0.054992,0.074897,312.757182,-0.053682,0.058058,0.079073,0.068632,-0.029987,-0.088361,,2.903890,1028.193565,1.297548,10.000000,,VFR,barnes,envelope,False
2026-04-21T08:41:00Z,37.909259,-78.434142,106.680000,289.155470,257.833333,-0.049709,0.055030,0.074157,312.091914,-0.052469,0.058085,0.078274,0.068294,-0.028900,-0.085157,,2.904996,1028.194462,1.297544,10.000000,,VFR,barnes,envelope,False
2026-04-21T08:41:10Z,37.909822,-78.436239,106.680000,289.155470,258.027778,-0.048573,0.055066,0.073428,311.415137,-0.051069,0.057896,0.077201,0.067956,-0.027815,-0.081961,,2.906107,1028.195356,1.297540,10.000000,,VFR,barnes,envelope,False
2026-04-21T08:41:20Z,37.910386,-78.438336,106.680000,289.155470,258.222222,-0.047441,0.055103,0.072712,310.726738,-0.049748,0.057783,0.076249,0.067619,-0.026733,-0.078773,,2.907222,1028.196246,1.297536,10.000000,,VFR,barnes,envelope,False
2026-04-21T08:41:30Z,37.910950,-78.440433,106.680000,289.155470,258.416667,-0.046311,0.055139,0.072007,310.026613,-0.048527,0.057778,0.075453,0.067282,-0.025654,-0.075593,,2.908343,1028.197133,1.297532,10.000000,,VFR,barnes,envelope,False
2026-04-21T08:41:40Z,37.911514,-78.442530,106.680000,289.155470,258.611111,-0.045184,0.055175,0.071315,309.314669,-0.047230,0.057674,0.074546,0.066946,-0.024577,-0.072421,,2.909468,1028.198016,1.297527,10.000000,,VFR,barnes,envelope,False
2026-04-21T08:41:50Z,37.912077,-78.444627,106.680000,289.155470,258.805556,-0.044060,0.055211,0.070636,308.590827,-0.045994,0.057634,0.073737,0.066611,-0.023504,-0.069257,,2.910598,1028.198896,1.297523,10.000000,,VFR,barnes,envelope,False
2026-04-21T08:42:00Z,37.912641,-78.446724,106.680000,289.155470,259.000000,-0.042938,0.055246,0.069970,307.855017,-0.044685,0.057494,0.072817,0.066276,-0.022433,-0.066101,,2.911733,1028.199772,1.297519,10.000000,,VFR,barnes,envelope,False
2026-04-21T08:42:10Z,37.913205,-78.448821,106.680000,289.155470,259.194444,-0.041820,0.055281,0.069317,307.107186,-0.043440,0.057423,0.072004,0.065942,-0.021365,-0.062954,,2.912873,1028.200645,1.297515,10.000000,,VFR,barnes,envelope,False
2026-04-21T08:42:20Z,37.913768,-78.450918,106.680000,289.155470,259.388889,-0.040704,0.055316,0.068677,306.347293,-0.042219,0.057375,0.071234,0.065609,-0.020299,-0.059814,,2.914018,1028.201515,1.297511,10.000000,,VFR,barnes,envelope,False
2026-04-21T08:42:30Z,37.914332,-78.453015,106.680000,289.155470,259.583333,-0.039591,0.055350,0.068052,305.575313,-0.041048,0.057387,0.070556,0.065276,-0.019236,-0.056683,,2.915167,1028.202381,1.297506,10.000000,,VFR,barnes,envelope,False
2026-04-21T08:42:40Z,37.914896,-78.455111,106.680000,289.155470,259.777778,-0.038480,0.055384,0.067440,304.791241,-0.039875,0.057391,0.069884,0.064944,-0.018176,-0.053559,,2.916322,1028.203244,1.297502,10.000000,,VFR,barnes,envelope,False
2026-04-21T08:42:50Z,37.915459,-78.457208,106.680000,289.155470,259.972222,-0.037373,0.055418,0.066842,303.995087,-0.038731,0.057431,0.069270,0.064613,-0.017119,-0.050444,,2.917481,1028.204104,1.297497,10.000000,,VFR,barnes,envelope,False
2026-04-21T08:43:00Z,37.916023,-78.459305,106.680000,289.155470,260.166667,-0.036268,0.055451,0.066259,303.186881,-0.037599,0.057486,0.068690,0.064282,-0.016065,-0.047337,,2.918645,1028.204960,1.297493,10.000000,,VFR,barnes,envelope,False
2026-04-21T08:43:10Z,37.916587,-78.461402,106.680000,289.155470,260.361111,-0.035166,0.055484,0.065690,302.366675,-0.036453,0.057515,0.068094,0.063952,-0.015013,-0.044238,,2.919814,1028.205813,1.297489,10.000000,,VFR,barnes,envelope,False
2026-04-21T08:43:20Z,37.917151,-78.463499,106.680000,289.155470,260.555556,-0.034067,0.055517,0.065136,301.534539,-0.040611,0.066182,0.077649,0.063622,-0.013964,-0.041146,,2.920987,1028.206662,1.297484,10.000000,,VFR,barnes,envelope,False
2026-04-21T08:43:30Z,37.917714,-78.465596,106.680000,289.155470,260.750000,-0.032971,0.055550,0.064598,300.690569,-0.007262,0.012235,0.014227,0.063293,-0.012918,-0.038063,,2.922166,1028.207508,1.297480,10.000000,,VFR,barnes,envelope,False
2026-04-21T08:43:40Z,37.918278,-78.467693,106.680000,289.155470,260.944444,-0.031877,0.055583,0.064075,299.834882,-0.000000,0.000000,0.000000,0.062965,-0.011874,-0.034988,,2.923349,1028.208351,1.297475,10.000000,,VFR,barnes,envelope,False
2026-04-21T08:43:50Z,37.918842,-78.469790,106.680000,289.155470,261.138889,-0.030787,0.055615,0.063567,298.967621,-0.000000,0.000000,0.000000,0.062638,-0.010833,-0.031921,,2.924536,1028.209191,1.297471,10.000000,,VFR,barnes,envelope,False
2026-04-21T08:44:00Z,37.919405,-78.471887,106.680000,289.155470,261.333333,-0.029699,0.055647,0.063076,298.088953,-0.017372,0.032549,0.036895,0.062311,-0.009795,-0.028862,,2.925729,1028.210027,1.297466,10.000000,,VFR,barnes,envelope,False
2026-04-21T08:44:10Z,37.919969,-78.473984,106.680000,289.155470,261.527778,-0.028614,0.055678,0.062601,297.199074,-0.051898,0.100986,0.113541,0.061985,-0.008759,-0.025811,,2.926926,1028.210860,1.297462,10.000000,,VFR,barnes,envelope,False
2026-04-21T08:44:20Z,37.920533,-78.476081,106.680000,289.155470,261.722222,-0.027531,0.055710,0.062141,296.298203,-0.017672,0.035759,0.039888,0.061659,-0.007727,-0.022768,,2.928128,1028.211690,1.297457,10.000000,,VFR,barnes,envelope,False
2026-04-21T08:44:30Z,37.921096,-78.478178,106.680000,289.155470,261.916667,-0.026452,0.055741,0.061699,295.386590,-0.007950,0.016752,0.018542,0.061334,-0.006697,-0.019733,,2.929334,1028.212517,1.297452,10.000000,,VFR,barnes,envelope,False
2026-04-21T08:44:40Z,37.921660,-78.480275,106.680000,289.155470,262.111111,-0.025375,0.055772,0.061273,294.464510,-0.029975,0.065882,0.072381,0.061010,-0.005669,-0.016706,,2.930545,1028.213340,1.297448,10.000000,,VFR,barnes,envelope,False
2026-04-21T08:44:50Z,37.922224,-78.482372,106.680000,289.155470,262.305556,-0.024301,0.055803,0.060865,293.532269,-0.000417,0.000958,0.001044,0.060687,-0.004645,-0.013687,,2.931761,1028.214160,1.297443,10.000000,,VFR,barnes,envelope,False
2026-04-21T08:45:00Z,37.922787,-78.484469,106.680000,289.155470,262.500000,-0.023230,0.055833,0.060473,292.590200,-0.000000,0.000000,0.000000,0.060365,-0.003623,-0.010676,,2.932981,1028.214977,1.297438,10.000000,,VFR,barnes,envelope,False
2026-04-21T08:45:10Z,37.923351,-78.486566,106.680000,289.155470,262.694444,-0.022357,0.056970,0.061200,291.426533,-0.021045,0.053628,0.057610,0.061152,-0.002425,-0.007146,,2.934206,1028.215348,1.297433,10.000000,,VFR,barnes,envelope,False
2026-04-21T08:45:20Z,37.923915,-78.488663,106.680000,289.155470,262.888889,-0.021488,0.058115,0.061960,290.291635,-0.004380,0.011845,0.012629,0.061948,-0.001229,-0.003620,,2.935436,1028.215716,1.297428,10.000000,,VFR,barnes,envelope,False
2026-04-21T08:45:30Z,37.924479,-78.490760,106.680000,289.155470,263.083333,-0.020623,0.059269,0.062754,289.185844,-0.000000,0.000000,0.000000,0.062754,-0.000033,-0.000098,,2.936670,1028.216079,1.297422,10.000000,,VFR,barnes,envelope,False
2026-04-21T08:45:40Z,37.925042,-78.492857,106.680000,289.155470,263.277778,-0.019763,0.060431,0.063580,288.109374,-0.006932,0.021198,0.022303,0.063570,0.001161,0.003420,,2.937909,1028.216438,1.297417,10.000000,,VFR,barnes,envelope,False
2026-04-21T08:45:50Z,37.925606,-78.494954,106.680000,289.155470,263.472222,-0.018907,0.061602,0.064438,287.062317,-0.042173,0.137406,0.143732,0.064395,0.002354,0.006935,,2.939152,1028.216793,1.297412,10.000000,,VFR,barnes,envelope,False
2026-04-21T08:46:00Z,37.926170,-78.497051,106.680000,289.155470,263.666667,-0.018055,0.062782,0.065327,286.044659,-0.053097,0.184627,0.192110,0.065230,0.003545,0.010446,,2.940400,1028.217143,1.297406,10.000000,,VFR,barnes,envelope,False
2026-04-21T08:46:10Z,37.926733,-78.499147,106.680000,289.155470,263.861111,-0.017208,0.063971,0.066245,285.056286,-0.039794,0.147932,0.153191,0.066075,0.004735,0.013953,,2.941653,1028.217490,1.297401,10.000000,,VFR,barnes,envelope,False
2026-04-21T08:46:20Z,37.927297,-78.501244,106.680000,289.155470,264.055556,-0.016365,0.065168,0.067192,284.096997,-0.059210,0.235778,0.243099,0.066930,0.005924,0.017457,,2.942910,1028.217832,1.297395,10.000000,,VFR,barnes,envelope,False
2026-04-21T08:46:30Z,37.927861,-78.503341,106.680000,289.155470,264.250000,-0.015527,0.066375,0.068167,283.166512,-0.035602,0.152189,0.156298,0.067795,0.007112,0.020957,,2.944171,1028.218169,1.297390,10.000000,,VFR,barnes,envelope,False
2026-04-21T08:46:40Z,37.928424,-78.505438,106.680000,289.155470,264.444444,-0.014693,0.067590,0.069169,282.264483,-0.020933,0.096294,0.098543,0.068669,0.008299,0.024454,,2.945437,1028.218503,1.297384,10.000000,,VFR,barnes,envelope,False
2026-04-21T08:46:50Z,37.928988,-78.507535,106.680000,289.155470,264.638889,-0.013864,0.068814,0.070197,281.390500,-0.000384,0.001909,0.001947,0.069553,0.009484,0.027947,,2.946708,1028.218833,1.297379,10.000000,,VFR,barnes,envelope,False
2026-04-21T08:47:00Z,37.929552,-78.509632,106.680000,289.155470,264.833333,-0.013038,0.070048,0.071251,280.544104,-0.013884,0.074591,0.075872,0.070448,0.010669,0.031436,,2.947982,1028.219158,1.297373,10.000000,,VFR,barnes,envelope,False
2026-04-21T08:47:10Z,37.930116,-78.511729,106.680000,289.155470,265.027778,-0.012218,0.071290,0.072330,279.724790,-0.015040,0.087757,0.089036,0.071352,0.011852,0.034922,,2.949262,1028.219479,1.297368,10.000000,,VFR,barnes,envelope,False
2026-04-21T08:47:20Z,37.930679,-78.513826,106.680000,289.155470,265.222222,-0.011401,0.072542,0.073432,278.932017,-0.023262,0.148008,0.149824,0.072267,0.013033,0.038405,,2.950546,1028.219795,1.297362,10.000000,,VFR,barnes,envelope,False
2026-04-21T08:47:30Z,37.931243,-78.515923,106.680000,289.155470,265.416667,-0.010589,0.073803,0.074559,278.165215,-0.022701,0.158216,0.159836,0.073191,0.014214,0.041884,,2.951834,1028.220108,1.297356,10.000000,,VFR,barnes,envelope,False
2026-04-21T08:47:40Z,37.931807,-78.518020,106.680000,289.155470,265.611111,-0.009782,0.075073,0.075707,277.423790,-0.019791,0.151886,0.153170,0.074126,0.015393,0.045359,,2.953127,1028.220416,1.297351,10.000000,,VFR,barnes,envelope,False
2026-04-21T08:47:50Z,37.932370,-78.520117,106.680000,289.155470,265.805556,-0.008979,0.076352,0.076878,276.707131,-0.020189,0.171675,0.172858,0.075071,0.016572,0.048831,,2.954424,1028.220720,1.297345,10.000000,,VFR,barnes,envelope,False
2026-04-21T08:48:00Z,37.932934,-78.522214,106.680000,289.155470,266.000000,-0.008180,0.077641,0.078070,276.014612,-0.026021,0.246972,0.248339,0.076026,0.017749,0.052300,,2.955725,1028.221020,1.297339,10.000000,,VFR,barnes,envelope,False
2026-04-21T08:48:10Z,37.933498,-78.524311,106.680000,289.155470,266.194444,-0.007386,0.078939,0.079283,275.345599,-0.023342,0.249459,0.250549,0.076992,0.018925,0.055765,,2.957031,1028.221315,1.297333,10.000000,,VFR,barnes,envelope,False
2026-04-21T08:48:20Z,37.934061,-78.526408,106.680000,289.155470,266.388889,-0.006597,0.080246,0.080517,274.699454,-0.012580,0.153026,0.153542,0.077967,0.020100,0.059227,,2.958341,1028.221607,1.297328,10.000000,,VFR,barnes,envelope,False
2026-04-21T08:48:30Z,37.934625,-78.528505,106.680000,289.155470,266.583333,-0.005811,0.081563,0.081770,274.075536,-0.009558,0.134146,0.134486,0.078954,0.021274,0.062686,,2.959656,1028.221894,1.297322,10.000000,,VFR,barnes,envelope,False
2026-04-21T08:48:40Z,37.935189,-78.530602,106.680000,289.155470,266.777778,-0.005031,0.082889,0.083042,273.473207,-0.009689,0.159640,0.159934,0.079950,0.022446,0.066141,,2.960975,1028.222177,1.297316,10.000000,,VFR,barnes,envelope,False
2026-04-21T08:48:50Z,37.935752,-78.532699,106.680000,289.155470,266.972222,-0.004255,0.084225,0.084332,272.891832,-0.010655,0.210920,0.211189,0.080958,0.023618,0.069593,,2.962298,1028.222455,1.297310,10.000000,,VFR,barnes,envelope,False
2026-04-21T08:49:00Z,37.936316,-78.534796,106.680000,289.155470,267.166667,-0.003483,0.085570,0.085641,272.330783,-0.008349,0.205129,0.205299,0.081975,0.024788,0.073042,,2.963625,1028.222730,1.297304,10.000000,,VFR,barnes,envelope,False
2026-04-21T08:49:10Z,37.936880,-78.536893,106.680000,289.155470,267.361111,-0.002716,0.086925,0.086968,271.789441,-0.006868,0.219828,0.219935,0.083004,0.025958,0.076488,,2.964957,1028.223000,1.297298,10.000000,,VFR,barnes,envelope,False
2026-04-21T08:49:20Z,37.937444,-78.538990,106.680000,289.155470,267.555556,-0.001953,0.088290,0.088312,271.267196,-0.002491,0.112598,0.112625,0.084042,0.027126,0.079930,,2.966293,1028.223266,1.297292,10.000000,,VFR,barnes,envelope,False
2026-04-21T08:49:30Z,37.938007,-78.541087,106.680000,289.155470,267.750000,-0.001195,0.089664,0.089672,270.763449,-0.002916,0.218837,0.218856,0.085092,0.028293,0.083370,,2.967634,1028.223527,1.297286,10.000000,,VFR,barnes,envelope,False
2026-04-21T08:49:40Z,37.938571,-78.543184,106.680000,289.155470,267.944444,-0.000441,0.091049,0.091050,270.277613,-0.000913,0.188339,0.188341,0.086152,0.029459,0.086806,,2.968978,1028.223785,1.297280,10.000000,,VFR,barnes,envelope,False
2026-04-21T08:49:50Z,37.939135,-78.545280,106.680000,289.155470,268.138889,0.000308,0.092442,0.092443,269.809116,0.000509,0.152645,0.152646,0.087223,0.030624,0.090239,,2.970327,1028.224038,1.297274,10.000000,,VFR,barnes,envelope,False
2026-04-21T08:50:00Z,37.939698,-78.547377,106.680000,289.155470,268.333333,0.001053,0.093846,0.093852,269.357398,0.001424,0.126941,0.126949,0.088305,0.031788,0.093669,,-1.327649,1028.224287,1.317787,10.000000,,VFR,barnes,envelope,False
2026-04-21T08:50:10Z,37.940262,-78.549474,106.680000,289.155470,268.527778,0.002659,0.093781,0.093818,268.375878,0.003104,0.109490,0.109534,0.087716,0.033284,0.098077,,-1.327871,1028.224528,1.317788,10.000000,,VFR,barnes,envelope,False
2026-04-21T08:50:20Z,37.940826,-78.551571,106.680000,289.155470,268.722222,0.004259,0.093716,0.093813,267.397739,0.005802,0.127667,0.127799,0.087130,0.034775,0.102469,,-1.328088,1028.224765,1.317790,10.000000,,VFR,barnes,envelope,False
2026-04-21T08:50:30Z,37.941389,-78.553668,106.680000,289.155470,268.916667,0.005853,0.093654,0.093836,266.423590,0.008042,0.128671,0.128922,0.086547,0.036260,0.106846,,-1.328301,1028.224998,1.317791,10.000000,,VFR,barnes,envelope,False
2026-04-21T08:50:40Z,37.941953,-78.555765,106.680000,289.155470,269.111111,0.007441,0.093592,0.093888,265.454024,0.007831,0.098487,0.098798,0.085969,0.037740,0.111207,,-1.328510,1028.225227,1.317792,10.000000,,VFR,barnes,envelope,False
2026-04-21T08:50:50Z,37.942517,-78.557862,106.680000,289.155470,269.305556,0.009023,0.093533,0.093967,264.489619,0.002493,0.025844,0.025964,0.085393,0.039215,0.115552,,-1.328714,1028.225451,1.317793,10.000000,,VFR,barnes,envelope,False
2026-04-21T08:51:00Z,37.943081,-78.559959,106.680000,289.155470,269.500000,0.010599,0.093475,0.094074,263.530935,0.000000,0.000000,0.000000,0.084821,0.040684,0.119882,,-1.328914,1028.225671,1.317795,10.000000,,VFR,barnes,envelope,False
2026-04-21T08:51:10Z,37.943644,-78.562056,106.680000,289.155470,269.694444,0.012179,0.093431,0.094221,262.573149,0.004329,0.033206,0.033487,0.084261,0.042162,0.124237,,-1.329110,1028.225891,1.317796,10.000000,,VFR,barnes,envelope,False
2026-04-21T08:51:20Z,37.944208,-78.564153,106.680000,289.155470,269.888889,0.013753,0.093388,0.094396,261.622504,0.000000,0.000000,0.000000,0.083705,0.043635,0.128577,,-1.329301,1028.226106,1.317797,10.000000,,VFR,barnes,envelope,False
2026-04-21T08:51:30Z,37.944772,-78.566250,106.680000,289.155470,270.083333,0.015320,0.093347,0.094596,260.679493,0.015136,0.092224,0.093458,0.083151,0.045102,0.132900,,-1.329488,1028.226317,1.317798,10.000000,,VFR,barnes,envelope,False
2026-04-21T08:51:40Z,37.945335,-78.568347,106.680000,289.155470,270.277778,0.016882,0.093307,0.094822,259.744587,0.023071,0.127517,0.129587,0.082602,0.046564,0.137208,,-1.329671,1028.226524,1.317799,10.000000,,VFR,barnes,envelope,False
2026-04-21T08:51:50Z,37.945899,-78.570444,106.680000,289.155470,270.472222,0.018437,0.093269,0.095074,258.818228,0.014791,0.074825,0.076273,0.082055,0.048021,0.141499,,-1.329850,1028.226727,1.317801,10.000000,,VFR,barnes,envelope,False
2026-04-21T08:52:00Z,37.946463,-78.572541,106.680000,289.155470,270.666667,0.019986,0.093232,0.095350,257.900834,0.011885,0.055444,0.056704,0.081512,0.049472,0.145775,,-1.330024,1028.226925,1.317802,10.000000,,VFR,barnes,envelope,False
2026-04-21T08:52:10Z,37.947026,-78.574638,106.680000,289.155470,270.861111,0.021032,0.093706,0.096037,257.349654,0.028757,0.128124,0.131311,0.081616,0.050616,0.149146,,-1.330194,1028.227119,1.317803,10.000000,,VFR,barnes,envelope,False
2026-04-21T08:52:20Z,37.947590,-78.576735,106.680000,289.155470,271.055556,0.022075,0.094179,0.096731,256.808282,0.001798,0.007671,0.007879,0.081721,0.051756,0.152506,,-1.330360,1028.227309,1.317804,10.000000,,VFR,barnes,envelope,False
2026-04-21T08:52:30Z,37.948154,-78.578832,106.680000,289.155470,271.250000,0.023114,0.094650,0.097432,256.276569,0.000000,0.000000,0.000000,0.081825,0.052892,0.155854,,-1.330521,1028.227495,1.317805,10.000000,,VFR,barnes,envelope,False
2026-04-21T08:52:40Z,37.948718,-78.580929,106.680000,289.155470,271.444444,0.024150,0.095121,0.098138,255.754366,0.000000,0.000000,0.000000,0.081930,0.054025,0.159191,,-1.330679,1028.227676,1.317806,10.000000,,VFR,barnes,envelope,False
2026-04-21T08:52:50Z,37.949281,-78.583026,106.680000,289.155470,271.638889,0.025182,0.095590,0.098851,255.241522,0.008365,0.031753,0.032837,0.082034,0.055154,0.162517,,-1.330832,1028.227853,1.317807,10.000000,,VFR,barnes,envelope,False
2026-04-21T08:53:00Z,37.949845,-78.585123,106.680000,289.155470,271.833333,0.026210,0.096057,0.099569,254.737883,0.033684,0.123448,0.127961,0.082139,0.056278,0.165832,,-1.330981,1028.228026,1.317808,10.000000,,VFR,barnes,envelope,False
2026-04-21T08:53:10Z,37.950409,-78.587220,106.680000,289.155470,272.027778,0.027235,0.096524,0.100293,254.243297,0.039503,0.140003,0.145470,0.082243,0.057400,0.169135,,-1.331125,1028.228195,1.317809,10.000000,,VFR,barnes,envelope,False
2026-04-21T08:53:20Z,37.950972,-78.589316,106.680000,289.155470,272.222222,0.028256,0.096990,0.101022,253.757610,0.045358,0.155692,0.162164,0.082348,0.058517,0.172428,,-1.331266,1028.228359,1.317810,10.000000,,VFR,barnes,envelope,False
2026-04-21T08:53:30Z,37.951536,-78.591413,106.680000,289.155470,272.416667,0.029273,0.097454,0.101755,253.280669,0.045460,0.151340,0.158021,0.082452,0.059630,0.175709,,-1.331402,1028.228520,1.317810,10.000000,,VFR,barnes,envelope,False
2026-04-21T08:53:40Z,37.952100,-78.593510,106.680000,289.155470,272.611111,0.030287,0.097917,0.102494,252.812322,0.045085,0.145758,0.152572,0.082557,0.060740,0.178978,,-1.331534,1028.228676,1.317811,10.000000,,VFR,barnes,envelope,False
2026-04-21T08:53:50Z,37.952663,-78.595607,106.680000,289.155470,272.805556,0.031298,0.098379,0.103237,252.352415,0.058962,0.185338,0.194491,0.082662,0.061846,0.182237,,-1.331662,1028.228827,1.317812,10.000000,,VFR,barnes,envelope,False
2026-04-21T08:54:00Z,37.953227,-78.597704,106.680000,289.155470,273.000000,0.032304,0.098839,0.103985,251.900796,0.047706,0.145963,0.153562,0.082767,0.062948,0.185484,,-1.331786,1028.228975,1.317813,10.000000,,VFR,barnes,envelope,False
2026-04-21T08:54:10Z,37.953791,-78.599801,106.680000,289.155470,273.194444,0.033307,0.099299,0.104736,251.457315,0.028830,0.085951,0.090657,0.082872,0.064046,0.188721,,-1.331905,1028.232937,1.317818,10.000000,,VFR,barnes,envelope,False
2026-04-21T08:54:20Z,37.954354,-78.601898,106.680000,289.155470,273.388889,0.034307,0.099757,0.105491,251.021822,0.046128,0.134133,0.141843,0.082977,0.065141,0.191946,,-1.332020,1028.236910,1.317824,10.000000,,VFR,barnes,envelope,False
2026-04-21T08:54:30Z,37.954918,-78.603995,106.680000,289.155470,273.583333,0.035303,0.100214,0.106251,250.594168,0.054548,0.154847,0.164174,0.083082,0.066232,0.195160,,-1.332132,1028.240891,1.317830,10.000000,,VFR,barnes,envelope,False
2026-04-21T08:54:40Z,37.955482,-78.606092,106.680000,289.155470,273.777778,0.036295,0.100670,0.107013,250.174206,0.054604,0.151454,0.160997,0.083187,0.067318,0.198363,,-1.332239,1028.244883,1.317835,10.000000,,VFR,barnes,envelope,False
2026-04-21T08:54:50Z,37.956046,-78.608189,106.680000,289.155470,273.972222,0.037283,0.101125,0.107779,249.761790,0.055890,0.151592,0.161567,0.083292,0.068402,0.201554,,-1.332342,1028.248884,1.317841,10.000000,,VFR,barnes,envelope,False
2026-04-21T08:55:00Z,37.956609,-78.610286,106.680000,289.155470,274.166667,0.038269,0.101579,0.108549,249.356776,0.044979,0.119391,0.127582,0.083398,0.069481,0.204735,,3.003470,1028.252895,1.297155,10.000000,,VFR,barnes,envelope,False
2026-04-21T08:55:10Z,37.957173,-78.612383,106.680000,289.155470,274.361111,0.038517,0.102528,0.109524,249.410100,0.051331,0.136638,0.145962,0.084212,0.070027,0.206344,,3.002219,1028.253864,1.297162,10.000000,,VFR,barnes,envelope,False
2026-04-21T08:55:20Z,37.957737,-78.614480,106.680000,289.155470,274.555556,0.038769,0.103477,0.110501,249.461175,0.058161,0.155237,0.165775,0.085027,0.070576,0.207962,,3.000974,1028.254828,1.297169,10.000000,,VFR,barnes,envelope,False
2026-04-21T08:55:30Z,37.958300,-78.616577,106.680000,289.155470,274.750000,0.039023,0.104428,0.111481,249.510054,0.081600,0.218366,0.233114,0.085841,0.071129,0.209590,,2.999734,1028.255789,1.297176,10.000000,,VFR,barnes,envelope,False
2026-04-21T08:55:40Z,37.958864,-78.618674,106.680000,289.155470,274.944444,0.039281,0.105379,0.112462,249.556789,0.063136,0.169375,0.180760,0.086655,0.071684,0.211227,,2.998501,1028.256745,1.297183,10.000000,,VFR,barnes,envelope,False
2026-04-21T08:55:50Z,37.959428,-78.620771,106.680000,289.155470,275.138889,0.039542,0.106332,0.113446,249.601429,0.070949,0.190789,0.203554,0.087470,0.072243,0.212874,,2.997273,1028.257696,1.297190,10.000000,,VFR,barnes,envelope,False
2026-04-21T08:56:00Z,37.959991,-78.622868,106.680000,289.155470,275.333333,0.039805,0.107286,0.114432,249.644021,0.058163,0.156764,0.167206,0.088284,0.072805,0.214530,,2.996051,1028.258643,1.297197,10.000000,,VFR,barnes,envelope,False
2026-04-21T08:56:10Z,37.960555,-78.624965,106.680000,289.155470,275.527778,0.040072,0.108240,0.115420,249.684612,0.102421,0.276652,0.295002,0.089098,0.073371,0.216196,,2.994835,1028.259586,1.297204,10.000000,,VFR,barnes,envelope,False
2026-04-21T08:56:20Z,37.961119,-78.627062,106.680000,289.155470,275.722222,0.040342,0.109196,0.116410,249.723247,0.061485,0.166424,0.177419,0.089912,0.073939,0.217872,,2.993624,1028.260525,1.297211,10.000000,,VFR,barnes,envelope,False
2026-04-21T08:56:30Z,37.961683,-78.629159,106.680000,289.155470,275.916667,0.040616,0.110152,0.117402,249.759970,0.049174,0.133362,0.142139,0.090726,0.074511,0.219557,,2.992420,1028.261459,1.297218,10.000000,,VFR,barnes,envelope,False
2026-04-21T08:56:40Z,37.962246,-78.631256,106.680000,289.155470,276.111111,0.040892,0.111110,0.118396,249.794823,0.045996,0.124979,0.133175,0.091540,0.075087,0.221252,,2.991221,1028.262389,1.297225,10.000000,,VFR,barnes,envelope,False
2026-04-21T08:56:50Z,37.962810,-78.633353,106.680000,289.155470,276.305556,0.041171,0.112069,0.119392,249.827848,0.071798,0.195434,0.208206,0.092354,0.075665,0.222957,,2.990028,1028.263314,1.297231,10.000000,,VFR,barnes,envelope,False
2026-04-21T08:57:00Z,37.963374,-78.635449,106.680000,289.155470,276.500000,0.041454,0.113029,0.120391,249.859085,0.054949,0.149824,0.159583,0.093168,0.076247,0.224672,,2.988841,1028.264236,1.297238,10.000000,,VFR,barnes,envelope,False
2026-04-21T08:57:10Z,37.963937,-78.637546,106.680000,289.155470,276.694444,0.041740,0.113989,0.121391,249.888573,0.045153,0.123311,0.131318,0.093982,0.076833,0.226397,,2.987660,1028.265153,1.297245,10.000000,,VFR,barnes,envelope,False
2026-04-21T08:57:20Z,37.964501,-78.639643,106.680000,289.155470,276.888889,0.042029,0.114951,0.122394,249.916351,0.069169,0.189181,0.201429,0.094796,0.077421,0.228131,,2.986484,1028.266065,1.297251,10.000000,,VFR,barnes,envelope,False
2026-04-21T08:57:30Z,37.965065,-78.641740,106.680000,289.155470,277.083333,0.042321,0.115914,0.123399,249.942454,0.035369,0.096871,0.103126,0.095609,0.078013,0.229876,,2.985314,1028.266974,1.297258,10.000000,,VFR,barnes,envelope,False
2026-04-21T08:57:40Z,37.965628,-78.643837,106.680000,289.155470,277.277778,0.042617,0.116878,0.124405,249.966919,0.004876,0.013372,0.014233,0.096423,0.078609,0.231630,,2.984150,1028.267878,1.297265,10.000000,,VFR,barnes,envelope,False
2026-04-21T08:57:50Z,37.966192,-78.645934,106.680000,289.155470,277.472222,0.042915,0.117843,0.125415,249.989781,0.006020,0.016532,0.017594,0.097237,0.079207,0.233395,,2.982992,1028.268777,1.297271,10.000000,,VFR,barnes,envelope,False
2026-04-21T08:58:00Z,37.966756,-78.648031,106.680000,289.155470,277.666667,0.043217,0.118810,0.126426,250.011074,0.000000,0.000000,0.000000,0.098050,0.079810,0.235169,,2.981840,1028.269673,1.297278,10.000000,,VFR,barnes,envelope,False
2026-04-21T08:58:10Z,37.967319,-78.650128,106.680000,289.155470,277.861111,0.043522,0.119777,0.127439,250.030831,0.018563,0.051086,0.054354,0.098864,0.080415,0.236954,,2.980693,1028.270564,1.297284,10.000000,,VFR,barnes,envelope,False
2026-04-21T08:58:20Z,37.967883,-78.652225,106.680000,289.155470,278.055556,0.043831,0.120746,0.128455,250.049084,0.055195,0.152051,0.161759,0.099678,0.081024,0.238748,,2.979552,1028.271451,1.297291,10.000000,,VFR,barnes,envelope,False
2026-04-21T08:58:30Z,37.968447,-78.654322,106.680000,289.155470,278.250000,0.044142,0.121715,0.129473,250.065865,0.026989,0.074417,0.079160,0.100491,0.081637,0.240553,,2.978416,1028.272333,1.297297,10.000000,,VFR,barnes,envelope,False
2026-04-21T08:58:40Z,37.969011,-78.656419,106.680000,289.155470,278.444444,0.044457,0.122686,0.130492,250.081204,0.060294,0.166390,0.176978,0.101305,0.082253,0.242368,,2.977287,1028.273211,1.297304,10.000000,,VFR,barnes,envelope,False
2026-04-21T08:58:50Z,37.969574,-78.658516,106.680000,289.155470,278.638889,0.044775,0.123658,0.131515,250.095130,0.081055,0.223852,0.238075,0.102119,0.082872,0.244194,,2.976163,1028.274085,1.297310,10.000000,,VFR,barnes,envelope,False
2026-04-21T08:59:00Z,37.970138,-78.660613,106.680000,289.155470,278.833333,0.045097,0.124631,0.132539,250.107674,0.032039,0.088544,0.094163,0.102933,0.083495,0.246029,,2.975044,1028.274955,1.297316,10.000000,,VFR,barnes,envelope,False
2026-04-21T08:59:10Z,37.970702,-78.662710,106.680000,289.155470,279.027778,0.045422,0.125605,0.133566,250.118863,0.012178,0.033677,0.035811,0.103746,0.084122,0.247875,,2.973932,1028.275821,1.297323,10.000000,,VFR,barnes,envelope,False
2026-04-21T08:59:20Z,37.971265,-78.664807,106.680000,289.155470,279.222222,0.045750,0.126580,0.134594,250.128725,0.036646,0.101393,0.107812,0.104560,0.084752,0.249731,,2.972825,1028.276682,1.297329,10.000000,,VFR,barnes,envelope,False
2026-04-21T08:59:30Z,37.971829,-78.666904,106.680000,289.155470,279.416667,0.046081,0.127557,0.135625,250.137286,0.030334,0.083967,0.089278,0.105374,0.085385,0.251598,,2.971724,1028.277539,1.297335,10.000000,,VFR,barnes,envelope,False
2026-04-21T08:59:40Z,37.972393,-78.669001,106.680000,289.155470,279.611111,0.046416,0.128535,0.136659,250.144574,0.068385,0.189371,0.201340,0.106187,0.086022,0.253475,,2.970628,1028.278392,1.297341,10.000000,,VFR,barnes,envelope,False
2026-04-21T08:59:50Z,37.972956,-78.671098,106.680000,289.155470,279.805556,0.046754,0.129514,0.137694,250.150612,0.064057,0.177446,0.188654,0.107001,0.086663,0.255363,,2.969538,1028.279240,1.297348,10.000000,,VFR,barnes,envelope,False
2026-04-21T09:00:00Z,37.973520,-78.673195,106.680000,289.155470,280.000000,0.047095,0.130494,0.138732,250.155427,0.043892,0.121617,0.129295,0.107815,0.087307,0.257260,,2.968454,1028.280084,1.297354,10.000000,,VFR,barnes,envelope,False
2026-04-21T09:00:10Z,37.974084,-78.675292,106.680000,289.155470,280.194444,0.047853,0.130214,0.138729,249.821952,0.018997,0.051692,0.055072,0.107303,0.087931,0.259099,,2.967375,1028.280561,1.297360,10.000000,,VFR,barnes,envelope,False
2026-04-21T09:00:20Z,37.974648,-78.677389,106.680000,289.155470,280.388889,0.048615,0.129923,0.138721,249.484994,0.047315,0.126449,0.135012,0.106778,0.088556,0.260940,,2.966302,1028.281036,1.297365,10.000000,,VFR,barnes,envelope,False
2026-04-21T09:00:30Z,37.975211,-78.679485,106.680000,289.155470,280.583333,0.049382,0.129621,0.138709,249.144495,0.056253,0.147655,0.158008,0.106240,0.089181,0.262781,,2.965235,1028.281509,1.297371,10.000000,,VFR,barnes,envelope,False
2026-04-21T09:00:40Z,37.975775,-78.681582,106.680000,289.155470,280.777778,0.050153,0.129306,0.138692,248.800398,0.057473,0.148178,0.158934,0.105690,0.089806,0.264624,,2.964173,1028.281979,1.297376,10.000000,,VFR,barnes,envelope,False
2026-04-21T09:00:50Z,37.976339,-78.683679,106.680000,289.155470,280.972222,0.050930,0.128980,0.138671,248.452643,0.056692,0.143572,0.154359,0.105127,0.090432,0.266469,,2.963117,1028.282448,1.297382,10.000000,,VFR,barnes,envelope,False
2026-04-21T09:01:00Z,37.976902,-78.685776,106.680000,289.155470,281.166667,0.051710,0.128641,0.138645,248.101172,0.067263,0.167333,0.180346,0.104551,0.091059,0.268315,,2.962066,1028.282914,1.297387,10.000000,,VFR,barnes,envelope,False
2026-04-21T09:01:10Z,37.977466,-78.687873,106.680000,289.155470,281.361111,0.052496,0.128291,0.138616,247.745926,0.081852,0.200033,0.216132,0.103962,0.091686,0.270163,,2.961021,1028.283379,1.297393,10.000000,,VFR,barnes,envelope,False
2026-04-21T09:01:20Z,37.978030,-78.689970,106.680000,289.155470,281.555556,0.053286,0.127929,0.138583,247.386846,0.079922,0.191877,0.207856,0.103361,0.092313,0.272012,,2.959982,1028.283841,1.297398,10.000000,,VFR,barnes,envelope,False
2026-04-21T09:01:30Z,37.978593,-78.692067,106.680000,289.155470,281.750000,0.054081,0.127555,0.138546,247.023873,0.078057,0.184104,0.199968,0.102746,0.092941,0.273863,,2.958948,1028.284302,1.297404,10.000000,,VFR,barnes,envelope,False
2026-04-21T09:01:40Z,37.979157,-78.694164,106.680000,289.155470,281.944444,0.054881,0.127168,0.138505,246.656949,0.076719,0.177772,0.193620,0.102119,0.093570,0.275715,,2.957920,1028.284760,1.297409,10.000000,,VFR,barnes,envelope,False
2026-04-21T09:01:50Z,37.979721,-78.696261,106.680000,289.155470,282.138889,0.055685,0.126770,0.138461,246.286015,0.068142,0.155129,0.169436,0.101479,0.094199,0.277570,,2.956897,1028.285216,1.297415,10.000000,,VFR,barnes,envelope,False
2026-04-21T09:02:00Z,37.980284,-78.698358,106.680000,289.155470,282.333333,0.056494,0.126360,0.138414,245.911011,0.016556,0.037030,0.040562,0.100826,0.094829,0.279425,,2.955880,1028.285670,1.297420,10.000000,,VFR,barnes,envelope,False
2026-04-21T09:02:10Z,37.980848,-78.700455,106.680000,289.155470,282.527778,0.057308,0.125938,0.138364,245.531879,0.033530,0.073684,0.080954,0.100160,0.095460,0.281283,,2.954868,1028.286122,1.297425,10.000000,,VFR,barnes,envelope,False
2026-04-21T09:02:20Z,37.981412,-78.702552,106.680000,289.155470,282.722222,0.058127,0.125503,0.138310,245.148560,0.072008,0.155473,0.171339,0.099481,0.096090,0.283142,,2.953862,1028.286572,1.297431,10.000000,,VFR,barnes,envelope,False
2026-04-21T09:02:30Z,37.981976,-78.704649,106.680000,289.155470,282.916667,0.058951,0.125056,0.138254,244.760996,0.093710,0.198793,0.219774,0.098788,0.096722,0.285003,,2.952861,1028.287020,1.297436,10.000000,,VFR,barnes,envelope,False
2026-04-21T09:02:40Z,37.982539,-78.706746,106.680000,289.155470,283.111111,0.059780,0.124597,0.138196,244.369129,0.065931,0.137419,0.152417,0.098083,0.097354,0.286865,,2.951866,1028.287466,1.297441,10.000000,,VFR,barnes,envelope,False
2026-04-21T09:02:50Z,37.983103,-78.708843,106.680000,289.155470,283.305556,0.060613,0.124126,0.138135,243.972901,0.094420,0.193358,0.215180,0.097364,0.097987,0.288730,,2.950876,1028.287909,1.297446,10.000000,,VFR,barnes,envelope,False
2026-04-21T09:03:00Z,37.983667,-78.710940,106.680000,289.155470,283.500000,0.061451,0.123643,0.138072,243.572255,0.068358,0.137540,0.153591,0.096633,0.098620,0.290596,,2.949892,1028.288351,1.297451,10.000000,,VFR,barnes,envelope,False
2026-04-21T09:03:10Z,37.984230,-78.713037,106.680000,289.155470,283.694444,0.062295,0.123147,0.138007,243.167134,0.070963,0.140283,0.157211,0.095888,0.099254,0.292464,,2.948913,1028.288791,1.297457,10.000000,,VFR,barnes,envelope,False
2026-04-21T09:03:20Z,37.984794,-78.715134,106.680000,289.155470,283.888889,0.063143,0.122639,0.137940,242.757481,0.075436,0.146514,0.164794,0.095129,0.099889,0.294333,,2.947940,1028.289228,1.297462,10.000000,,VFR,barnes,envelope,False
2026-04-21T09:03:30Z,37.985358,-78.717231,106.680000,289.155470,284.083333,0.063996,0.122119,0.137871,242.343241,0.064088,0.122294,0.138069,0.094358,0.100524,0.296205,,2.946972,1028.289664,1.297467,10.000000,,VFR,barnes,envelope,False
2026-04-21T09:03:40Z,37.985921,-78.719328,106.680000,289.155470,284.277778,0.064854,0.121586,0.137801,241.924359,0.043234,0.081053,0.091862,0.093573,0.101160,0.298078,,2.946009,1028.290097,1.297472,10.000000,,VFR,barnes,envelope,False
2026-04-21T09:03:50Z,37.986485,-78.721425,106.680000,289.155470,284.472222,0.065717,0.121040,0.137730,241.500780,0.000000,0.000000,0.000000,0.092775,0.101796,0.299954,,2.945052,1028.290528,1.297477,10.000000,,VFR,barnes,envelope,False
2026-04-21T09:04:00Z,37.987049,-78.723522,106.680000,289.155470,284.666667,0.066586,0.120483,0.137658,241.072450,0.000000,0.000000,0.000000,0.091963,0.102433,0.301831,,2.944100,1028.290958,1.297482,10.000000,,VFR,barnes,envelope,False
2026-04-21T09:04:10Z,37.987613,-78.725618,106.680000,289.155470,284.861111,0.067459,0.119913,0.137585,240.639318,0.000000,0.000000,0.000000,0.091138,0.103071,0.303710,,2.943154,1028.291385,1.297487,10.000000,,VFR,barnes,envelope,False
2026-04-21T09:04:20Z,37.988176,-78.727715,106.680000,289.155470,285.055556,0.068337,0.119330,0.137512,240.201332,0.000000,0.000000,0.000000,0.090299,0.103709,0.305592,,2.942213,1028.291810,1.297492,10.000000,,VFR,barnes,envelope,False
2026-04-21T09:04:30Z,37.988740,-78.729812,106.680000,289.155470,285.250000,0.069221,0.118735,0.137439,239.758440,0.024854,0.042632,0.049348,0.089447,0.104349,0.307475,,2.941278,1028.292233,1.297497,10.000000,,VFR,barnes,envelope,False
2026-04-21T09:04:40Z,37.989304,-78.731909,106.680000,289.155470,285.444444,0.070109,0.118127,0.137365,239.310595,0.073260,0.123436,0.143539,0.088581,0.104988,0.309360,,2.940347,1028.292654,1.297502,10.000000,,VFR,barnes,envelope,False
2026-04-21T09:04:50Z,37.989867,-78.734006,106.680000,289.155470,285.638889,0.071003,0.117506,0.137292,238.857749,0.119178,0.197234,0.230445,0.087702,0.105629,0.311247,,2.939423,1028.293073,1.297507,10.000000,,VFR,barnes,envelope,False
2026-04-21T09:05:00Z,37.990431,-78.736103,106.680000,289.155470,285.833333,0.071901,0.116873,0.137219,238.399854,0.125177,0.203471,0.238893,0.086809,0.106270,0.313136,,2.938503,1028.293490,1.297511,10.000000,,VFR,barnes,envelope,False
2026-04-21T09:05:10Z,37.990995,-78.738200,106.680000,289.155470,286.027778,0.071968,0.117836,0.138074,238.585684,0.115202,0.188625,0.221022,0.087696,0.106649,0.314252,,2.937589,1028.293050,1.297515,10.000000,,VFR,barnes,envelope,False
2026-04-21T09:05:20Z,37.991558,-78.740297,106.680000,289.155470,286.222222,0.072040,0.118798,0.138935,238.767118,0.083142,0.137106,0.160346,0.088582,0.107033,0.315384,,2.936680,1028.292606,1.297519,10.000000,,VFR,barnes,envelope,False
2026-04-21T09:05:30Z,37.992122,-78.742394,106.680000,289.155470,286.416667,0.072119,0.119761,0.139799,238.944221,0.068688,0.114065,0.133150,0.089466,0.107423,0.316534,,2.935777,1028.292157,1.297523,10.000000,,VFR,barnes,envelope,False
2026-04-21T09:05:40Z,37.992686,-78.744491,106.680000,289.155470,286.611111,0.072203,0.120724,0.140669,239.117059,0.042531,0.071112,0.082860,0.090348,0.107819,0.317701,,2.934878,1028.291703,1.297526,10.000000,,VFR,barnes,envelope,False
2026-04-21T09:05:50Z,37.993250,-78.746588,106.680000,289.155470,286.805556,0.072294,0.121688,0.141543,239.285696,0.035626,0.059967,0.069751,0.091228,0.108221,0.318885,,2.933986,1028.291245,1.297530,10.000000,,VFR,barnes,envelope,False
2026-04-21T09:06:00Z,37.993813,-78.748685,106.680000,289.155470,287.000000,0.072391,0.122652,0.142421,239.450195,0.065958,0.111753,0.129766,0.092107,0.108629,0.320087,,2.933098,1028.290782,1.297533,10.000000,,VFR,barnes,envelope,False
2026-04-21T09:06:10Z,37.994377,-78.750782,106.680000,289.155470,287.194444,0.072494,0.123616,0.143305,239.610620,0.065590,0.111843,0.129657,0.092984,0.109042,0.321305,,2.932216,1028.290314,1.297537,10.000000,,VFR,barnes,envelope,False
2026-04-21T09:06:20Z,37.994941,-78.752879,106.680000,289.155470,287.388889,0.072603,0.124580,0.144192,239.767033,0.061469,0.105475,0.122079,0.093859,0.109462,0.322542,,2.931338,1028.289841,1.297541,10.000000,,VFR,barnes,envelope,False
2026-04-21T09:06:30Z,37.995504,-78.754976,106.680000,289.155470,287.583333,0.072718,0.125544,0.145084,239.919495,0.082168,0.141858,0.163937,0.094732,0.109887,0.323795,,2.930466,1028.289364,1.297544,10.000000,,VFR,barnes,envelope,False
2026-04-21T09:06:40Z,37.996068,-78.757073,106.680000,289.155470,287.777778,0.072840,0.126509,0.145980,240.068068,0.074728,0.129789,0.149765,0.095603,0.110319,0.325066,,2.929600,1028.288882,1.297548,10.000000,,VFR,barnes,envelope,False
2026-04-21T09:06:50Z,37.996632,-78.759170,106.680000,289.155470,287.972222,0.072967,0.127474,0.146881,240.212811,0.051724,0.090362,0.104119,0.096473,0.110756,0.326354,,2.928738,1028.288395,1.297551,10.000000,,VFR,barnes,envelope,False
2026-04-21T09:07:00Z,37.997195,-78.761267,106.680000,289.155470,288.166667,0.073101,0.128440,0.147785,240.353785,0.067661,0.118881,0.136787,0.097341,0.111199,0.327659,,2.927882,1028.287903,1.297554,10.000000,,VFR,barnes,envelope,False
2026-04-21T09:07:10Z,37.997759,-78.763364,106.680000,289.155470,288.361111,0.073241,0.129405,0.148694,240.491048,0.033877,0.059855,0.068777,0.098208,0.111648,0.328982,,2.927031,1028.287407,1.297558,10.000000,,VFR,barnes,envelope,False
2026-04-21T09:07:20Z,37.998323,-78.765461,106.680000,289.155470,288.555556,0.073387,0.130371,0.149607,240.624658,0.083768,0.148815,0.170772,0.099072,0.112102,0.330322,,2.926185,1028.286906,1.297561,10.000000,,VFR,barnes,envelope,False
2026-04-21T09:07:30Z,37.998886,-78.767558,106.680000,289.155470,288.750000,0.073539,0.131338,0.150524,240.754672,0.060638,0.108297,0.124117,0.099935,0.112563,0.331680,,2.925344,1028.286401,1.297564,10.000000,,VFR,barnes,envelope,False
2026-04-21T09:07:40Z,37.999450,-78.769654,106.680000,289.155470,288.944444,0.073697,0.132305,0.151446,240.881147,0.055040,0.098811,0.113106,0.100797,0.113030,0.333055,,2.924509,1028.285890,1.297568,10.000000,,VFR,barnes,envelope,False
2026-04-21T09:07:50Z,38.000014,-78.771751,106.680000,289.155470,289.138889,0.073861,0.133272,0.152371,241.004138,0.010129,0.018277,0.020896,0.101657,0.113502,0.334447,,2.923678,1028.285375,1.297571,10.000000,,VFR,barnes,envelope,False
2026-04-21T09:08:00Z,38.000578,-78.773848,106.680000,289.155470,289.333333,0.074032,0.134239,0.153300,241.123702,0.020343,0.036887,0.042124,0.102515,0.113981,0.335857,,2.922853,1028.284856,1.297574,10.000000,,VFR,barnes,envelope,False
2026-04-21T09:08:10Z,38.001141,-78.775945,106.680000,289.155470,289.527778,0.074208,0.135207,0.154233,241.239892,0.016211,0.029537,0.033693,0.103371,0.114465,0.337285,,2.922033,1028.284331,1.297577,10.000000,,VFR,barnes,envelope,False
2026-04-21T09:08:20Z,38.001705,-78.778042,106.680000,289.155470,289.722222,0.074391,0.136176,0.155170,241.352761,0.041200,0.075418,0.085938,0.104226,0.114956,0.338730,,2.921218,1028.283802,1.297581,10.000000,,VFR,barnes,envelope,False
2026-04-21T09:08:30Z,38.002269,-78.780139,106.680000,289.155470,289.916667,0.074580,0.137144,0.156111,241.462363,0.035685,0.065622,0.074697,0.105079,0.115452,0.340192,,2.920408,1028.283269,1.297584,10.000000,,VFR,barnes,envelope,False
2026-04-21T09:08:40Z,38.002832,-78.782236,106.680000,289.155470,290.111111,0.074775,0.138114,0.157056,241.568750,0.031712,0.058574,0.066607,0.105930,0.115955,0.341672,,2.919603,1028.282730,1.297587,10.000000,,VFR,barnes,envelope,False
2026-04-21T09:08:50Z,38.003396,-78.784333,106.680000,289.155470,290.305556,0.074976,0.139083,0.158005,241.671972,0.069170,0.128313,0.145770,0.106780,0.116463,0.343170,,2.918803,1028.282187,1.297590,10.000000,,VFR,barnes,envelope,False
2026-04-21T09:09:00Z,38.003960,-78.786430,106.680000,289.155470,290.500000,0.075184,0.140053,0.158958,241.772082,0.049735,0.092647,0.105152,0.107629,0.116977,0.344685,,2.918008,1028.281640,1.297593,10.000000,,VFR,barnes,envelope,False
2026-04-21T09:09:10Z,38.004523,-78.788527,106.680000,289.155470,290.694444,0.075397,0.141024,0.159914,241.869128,0.021869,0.040904,0.046383,0.108475,0.117497,0.346218,,2.917218,1028.281088,1.297596,10.000000,,VFR,barnes,envelope,False
2026-04-21T09:09:20Z,38.005087,-78.790624,106.680000,289.155470,290.888889,0.075617,0.141995,0.160874,241.963160,0.039373,0.073935,0.083765,0.109320,0.118024,0.347769,,2.916434,1028.280531,1.297599,10.000000,,VFR,barnes,envelope,False
2026-04-21T09:09:30Z,38.005651,-78.792721,106.680000,289.155470,291.083333,0.075843,0.142966,0.161838,242.054226,0.100513,0.189470,0.214481,0.110164,0.118556,0.349337,,2.915654,1028.279969,1.297602,10.000000,,VFR,barnes,envelope,False
2026-04-21T09:09:40Z,38.006215,-78.794818,106.680000,289.155470,291.277778,0.076075,0.143938,0.162806,242.142374,0.099405,0.188079,0.212732,0.111006,0.119094,0.350922,,2.914879,1028.279403,1.297605,10.000000,,VFR,barnes,envelope,False
2026-04-21T09:09:50Z,38.006778,-78.796915,106.680000,289.155470,291.472222,0.076313,0.144911,0.163777,242.227651,0.095045,0.180479,0.203976,0.111846,0.119638,0.352526,,2.914110,1028.278832,1.297608,10.000000,,VFR,barnes,envelope,False
2026-04-21T09:10:00Z,38.007342,-78.799012,106.680000,289.155470,291.666667,0.076558,0.145884,0.164752,242.310104,0.079481,0.151453,0.171041,0.112685,0.120188,0.354147,,2.913345,1028.278257,1.297611,10.000000,,VFR,barnes,envelope,False
2026-04-21T09:10:10Z,38.007906,-78.801109,106.680000,289.155470,291.861111,0.073495,0.148428,0.165627,243.657225,0.006189,0.012499,0.013947,0.116093,0.118130,0.348082,,2.912585,1028.279465,1.297616,10.000000,,VFR,barnes,envelope,False
2026-04-21T09:10:20Z,38.008469,-78.803206,106.680000,289.155470,292.055556,0.070425,0.150975,0.166592,244.992496,0.000000,0.000000,0.000000,0.119507,0.116065,0.341998,,2.911830,1028.280674,1.297621,10.000000,,VFR,barnes,envelope,False
2026-04-21T09:10:30Z,38.009033,-78.805303,106.680000,289.155470,292.250000,0.067346,0.153526,0.167647,246.314684,0.024330,0.055464,0.060566,0.122927,0.113994,0.335895,,2.911080,1028.281883,1.297626,10.000000,,VFR,barnes,envelope,False
2026-04-21T09:10:40Z,38.009597,-78.807400,106.680000,289.155470,292.444444,0.064259,0.156080,0.168790,247.622634,0.022398,0.054401,0.058832,0.126352,0.111916,0.329773,,2.910335,1028.283093,1.297631,10.000000,,VFR,barnes,envelope,False
2026-04-21T09:10:50Z,38.010160,-78.809497,106.680000,289.155470,292.638889,0.061165,0.158638,0.170021,248.915274,0.074271,0.192631,0.206453,0.129784,0.109832,0.323633,,2.909595,1028.284304,1.297636,10.000000,,VFR,barnes,envelope,False
2026-04-21T09:11:00Z,38.010724,-78.811594,106.680000,289.155470,292.833333,0.058062,0.161199,0.171337,250.191615,0.081040,0.224995,0.239145,0.133222,0.107742,0.317473,,2.908860,1028.285515,1.297641,10.000000,,VFR,barnes,envelope,False
2026-04-21T09:11:10Z,38.011288,-78.813690,106.680000,289.155470,293.027778,0.054951,0.163764,0.172738,251.450758,0.097782,0.291408,0.307376,0.136666,0.105645,0.311295,,2.908130,1028.286727,1.297646,10.000000,,VFR,barnes,envelope,False
2026-04-21T09:11:20Z,38.011851,-78.815787,106.680000,289.155470,293.222222,0.051833,0.166333,0.174222,252.691891,0.095225,0.305581,0.320074,0.140115,0.103542,0.305098,,2.907404,1028.287939,1.297651,10.000000,,VFR,barnes,envelope,False
2026-04-21T09:11:30Z,38.012415,-78.817884,106.680000,289.155470,293.416667,0.048706,0.168905,0.175787,253.914292,0.089811,0.311450,0.324141,0.143571,0.101433,0.298883,,2.906683,1028.289152,1.297656,10.000000,,VFR,barnes,envelope,False
2026-04-21T09:11:40Z,38.012979,-78.819981,106.680000,289.155470,293.611111,0.045572,0.171481,0.177433,255.117326,0.080940,0.304567,0.315139,0.147033,0.099317,0.292650,,2.905968,1028.290366,1.297660,10.000000,,VFR,barnes,envelope,False
2026-04-21T09:11:50Z,38.013543,-78.822078,106.680000,289.155470,293.805556,0.042430,0.174060,0.179157,256.300444,0.078818,0.323336,0.332804,0.150500,0.097195,0.286398,,2.905257,1028.291580,1.297665,10.000000,,VFR,barnes,envelope,False
2026-04-21T09:12:00Z,38.014106,-78.824175,106.680000,289.155470,294.000000,0.039280,0.176643,0.180958,257.463182,0.083627,0.376073,0.385259,0.153974,0.095068,0.280128,,2.904551,1028.292795,1.297670,10.000000,,VFR,barnes,envelope,False
2026-04-21T09:12:10Z,38.014670,-78.826272,106.680000,289.155470,294.194444,0.036122,0.179230,0.182834,258.605155,0.059442,0.294937,0.300867,0.157453,0.092933,0.273839,,2.903849,1028.294010,1.297675,10.000000,,VFR,barnes,envelope,False
2026-04-21T09:12:20Z,38.015234,-78.828369,106.680000,289.155470,294.388889,0.032957,0.181820,0.184783,259.726060,0.046332,0.255609,0.259774,0.160939,0.090793,0.267533,,2.903153,1028.295226,1.297680,10.000000,,VFR,barnes,envelope,False
2026-04-21T09:12:30Z,38.015797,-78.830466,106.680000,289.155470,294.583333,0.029784,0.184414,0.186804,260.825663,0.057085,0.353455,0.358035,0.164430,0.088647,0.261209,,2.902461,1028.296442,1.297685,10.000000,,VFR,barnes,envelope,False
2026-04-21T09:12:40Z,38.016361,-78.832563,106.680000,289.155470,294.777778,0.026603,0.187012,0.188894,261.903803,0.033818,0.237732,0.240126,0.167928,0.086495,0.254867,,2.901774,1028.297659,1.297689,10.000000,,VFR,barnes,envelope,False
2026-04-21T09:12:50Z,38.016925,-78.834660,106.680000,289.155470,294.972222,0.023415,0.189613,0.191053,262.960382,0.027710,0.224397,0.226102,0.171431,0.084336,0.248507,,2.901091,1028.298877,1.297694,10.000000,,VFR,barnes,envelope,False
2026-04-21T09:13:00Z,38.017488,-78.836757,106.680000,289.155470,295.166667,0.020219,0.192218,0.193278,263.995366,0.019106,0.181637,0.182639,0.174940,0.082172,0.242130,,2.900414,1028.300095,1.297699,10.000000,,VFR,barnes,envelope,False
2026-04-21T09:13:10Z,38.018052,-78.838854,106.680000,289.155470,295.361111,0.017015,0.194826,0.195568,265.008774,0.014669,0.167966,0.168605,0.178456,0.080002,0.235735,,2.899741,1028.301314,1.297704,10.000000,,VFR,barnes,envelope,False
2026-04-21T09:13:20Z,38.018616,-78.840951,106.680000,289.155470,295.555556,0.013804,0.197438,0.197920,266.000679,0.011842,0.169377,0.169791,0.181977,0.077825,0.229322,,2.899073,1028.302533,1.297708,10.000000,,VFR,barnes,envelope,False
2026-04-21T09:13:30Z,38.019180,-78.843048,106.680000,289.155470,295.750000,0.010585,0.200054,0.200334,266.971198,0.015949,0.301423,0.301844,0.185504,0.075643,0.222893,,2.898409,1028.303753,1.297713,10.000000,,VFR,barnes,envelope,False
2026-04-21T09:13:40Z,38.019743,-78.845145,106.680000,289.155470,295.944444,0.007359,0.202673,0.202807,267.920495,0.013213,0.363888,0.364128,0.189037,0.073455,0.216446,,2.897750,1028.304974,1.297718,10.000000,,VFR,barnes,envelope,False
2026-04-21T09:13:50Z,38.020307,-78.847242,106.680000,289.155470,296.138889,0.004126,0.205297,0.205338,268.848768,0.006678,0.332303,0.332370,0.192576,0.071262,0.209981,,2.897096,1028.306195,1.297722,10.000000,,VFR,barnes,envelope,False
2026-04-21T09:14:00Z,38.020871,-78.849339,106.680000,289.155470,296.333333,0.000885,0.207923,0.207925,269.756252,0.001308,0.307477,0.307480,0.196121,0.069062,0.203500,,2.896446,1028.307416,1.297727,10.000000,,VFR,barnes,envelope,False
2026-04-21T09:14:10Z,38.021434,-78.851436,106.680000,289.155470,296.527778,-0.002364,0.210554,0.210567,270.643210,-0.003234,0.288082,0.288100,0.199672,0.066857,0.197002,,2.895801,1028.308638,1.297731,10.000000,,VFR,barnes,envelope,False
2026-04-21T09:14:20Z,38.021998,-78.853533,106.680000,289.155470,296.722222,-0.005620,0.213188,0.213262,271.509933,-0.007197,0.273040,0.273135,0.203228,0.064646,0.190487,,2.895161,1028.309861,1.297736,10.000000,,VFR,barnes,envelope,False
2026-04-21T09:14:30Z,38.022562,-78.855630,106.680000,289.155470,296.916667,-0.008883,0.215826,0.216009,272.356733,-0.010762,0.261487,0.261709,0.206791,0.062429,0.183955,,2.894525,1028.311084,1.297740,10.000000,,VFR,barnes,envelope,False
2026-04-21T09:14:40Z,38.023125,-78.857727,106.680000,289.155470,297.111111,-0.012153,0.218468,0.218806,273.183944,-0.014059,0.252737,0.253128,0.210359,0.060206,0.177406,,2.893894,1028.312308,1.297745,10.000000,,VFR,barnes,envelope,False
2026-04-21T09:14:50Z,38.023852,-78.859722,106.680000,304.384271,297.305556,-0.015456,0.221094,0.221634,273.998808,-0.017213,0.246227,0.246828,0.191190,0.112106,0.330331,,2.892988,1028.313546,1.297751,10.000000,,VFR,barnes,envelope,False
2026-04-21T09:15:00Z,38.024838,-78.861556,106.680000,304.384271,297.500000,-0.018804,0.223692,0.224481,274.805026,-0.025799,0.306911,0.307993,0.195225,0.110810,0.326513,,2.891641,1028.314806,1.297759,10.000000,,VFR,barnes,envelope,False
2026-04-21T09:15:10Z,38.025825,-78.863391,106.680000,304.384271,297.694444,-0.014476,0.222447,0.222917,273.723339,-0.018125,0.278519,0.279109,0.191753,0.113678,0.334964,,2.892228,1028.314969,1.297756,10.000000,,VFR,barnes,envelope,False
2026-04-21T09:15:20Z,38.026811,-78.865225,106.680000,304.384271,297.888889,-0.010141,0.221200,0.221432,272.624797,-0.009402,0.205088,0.205303,0.188276,0.116552,0.343432,,2.892812,1028.315130,1.297754,10.000000,,VFR,barnes,envelope,False
2026-04-21T09:15:30Z,38.027797,-78.867060,106.680000,304.384271,298.083333,-0.005798,0.219953,0.220029,271.509861,-0.007553,0.286555,0.286654,0.184794,0.119432,0.351917,,2.893393,1028.315289,1.297751,10.000000,,VFR,barnes,envelope,False
2026-04-21T09:15:40Z,38.028783,-78.868894,106.680000,304.384271,298.277778,-0.001447,0.218704,0.218709,270.379058,-0.001304,0.197152,0.197157,0.181307,0.122317,0.360419,,2.893971,1028.315447,1.297749,10.000000,,VFR,barnes,envelope,False
2026-04-21T09:15:50Z,38.029769,-78.870728,106.680000,304.384271,298.472222,0.002911,0.217455,0.217474,269.232979,0.001968,0.146999,0.147013,0.177815,0.125208,0.368938,,2.894546,1028.315602,1.297746,10.000000,,VFR,barnes,envelope,False
2026-04-21T09:16:00Z,38.030755,-78.872563,106.680000,304.384271,298.666667,0.007277,0.216205,0.216327,268.072281,0.003007,0.089339,0.089390,0.174318,0.128105,0.377474,,2.895118,1028.315756,1.297744,10.000000,,VFR,barnes,envelope,False
2026-04-21T09:16:10Z,38.031741,-78.874397,106.680000,304.384271,298.861111,0.011650,0.214954,0.215269,266.897688,0.004472,0.082512,0.082633,0.170815,0.131008,0.386027,,2.895688,1028.315909,1.297741,10.000000,,VFR,barnes,envelope,False
2026-04-21T09:16:20Z,38.032728,-78.876232,106.680000,304.384271,299.055556,0.016031,0.213702,0.214303,265.709987,0.002040,0.027193,0.027269,0.167308,0.133916,0.394596,,2.896254,1028.316059,1.297739,10.000000,,VFR,barnes,envelope,False
2026-04-21T09:16:30Z,38.033714,-78.878066,106.680000,304.384271,299.250000,0.020419,0.212450,0.213429,264.510029,0.005926,0.061652,0.061936,0.163797,0.136830,0.403182,,2.896817,1028.316208,1.297736,10.000000,,VFR,barnes,envelope,False
2026-04-21T09:16:40Z,38.034700,-78.879901,106.680000,304.384271,299.444444,0.024815,0.211196,0.212649,263.298727,0.000000,0.000000,0.000000,0.160280,0.139750,0.411785,,2.897378,1028.316355,1.297734,10.000000,,VFR,barnes,envelope,False
2026-04-21T09:16:50Z,38.035686,-78.881735,106.680000,304.384271,299.638889,0.029218,0.209942,0.211965,262.077051,0.006774,0.048674,0.049143,0.156758,0.142675,0.420405,,2.897935,1028.316501,1.297731,10.000000,,VFR,barnes,envelope,False
2026-04-21T09:17:00Z,38.036672,-78.883569,106.680000,304.384271,299.833333,0.033628,0.208687,0.211379,260.846028,0.016814,0.104343,0.105689,0.153232,0.145606,0.429041,,2.898490,1028.316644,1.297729,10.000000,,VFR,barnes,envelope,False
2026-04-21T09:17:10Z,38.037658,-78.885404,106.680000,304.384271,300.027778,0.038046,0.207431,0.210892,259.606735,0.016073,0.087633,0.089095,0.149701,0.148543,0.437693,,2.899042,1028.316786,1.297726,10.000000,,VFR,barnes,envelope,False
2026-04-21T09:17:20Z,38.038644,-78.887238,106.680000,304.384271,300.222222,0.042471,0.206175,0.210504,258.360293,0.000000,0.000000,0.000000,0.146165,0.151485,0.446362,,2.899590,1028.316926,1.297724,10.000000,,VFR,barnes,envelope,False
2026-04-21T09:17:30Z,38.039630,-78.889073,106.680000,304.384271,300.416667,0.046903,0.204918,0.210217,257.107865,0.000000,0.000000,0.000000,0.142624,0.154433,0.455048,,2.900136,1028.317065,1.297722,10.000000,,VFR,barnes,envelope,False
2026-04-21T09:17:40Z,38.040617,-78.890907,106.680000,304.384271,300.611111,0.051342,0.203660,0.210032,255.850649,0.000000,0.000000,0.000000,0.139079,0.157386,0.463750,,2.900679,1028.317201,1.297719,10.000000,,VFR,barnes,envelope,False
2026-04-21T09:17:50Z,38.041603,-78.892741,106.680000,304.384271,300.805556,0.055789,0.202401,0.209949,254.589869,0.007251,0.026306,0.027287,0.135529,0.160345,0.472468,,2.901219,1028.317336,1.297717,10.000000,,VFR,barnes,envelope,False
2026-04-21T09:18:00Z,38.042589,-78.894576,106.680000,304.384271,301.000000,0.060243,0.201141,0.209969,253.326772,0.007705,0.025726,0.026855,0.131974,0.163309,0.481202,,2.901756,1028.317470,1.297714,10.000000,,VFR,barnes,envelope,False
2026-04-21T09:18:10Z,38.043575,-78.896410,106.680000,304.384271,301.194444,0.064704,0.199881,0.210093,252.062617,0.036696,0.113359,0.119151,0.128415,0.166279,0.489953,,2.902291,1028.317601,1.297712,10.000000,,VFR,barnes,envelope,False
2026-04-21T09:18:20Z,38.044561,-78.898245,106.680000,304.384271,301.388889,0.069172,0.198620,0.210321,250.798669,0.028313,0.081297,0.086087,0.124851,0.169255,0.498720,,2.902822,1028.317731,1.297710,10.000000,,VFR,barnes,envelope,False
2026-04-21T09:18:30Z,38.045547,-78.900079,106.680000,304.384271,301.583333,0.073647,0.197359,0.210653,249.536194,0.073929,0.198114,0.211458,0.121282,0.172236,0.507503,,2.903351,1028.317859,1.297707,10.000000,,VFR,barnes,envelope,False
2026-04-21T09:18:40Z,38.046533,-78.901914,106.680000,304.384271,301.777778,0.078130,0.196097,0.211088,248.276446,0.077032,0.193340,0.208121,0.117709,0.175222,0.516302,,2.903876,1028.317985,1.297705,10.000000,,VFR,barnes,envelope,False
2026-04-21T09:18:50Z,38.047519,-78.903748,106.680000,304.384271,301.972222,0.082619,0.194834,0.211628,247.020667,0.121625,0.286819,0.311541,0.114132,0.178214,0.525117,,2.904399,1028.318109,1.297703,10.000000,,VFR,barnes,envelope,False
2026-04-21T09:19:00Z,38.048506,-78.905582,106.680000,304.384271,302.166667,0.087116,0.193570,0.212270,245.770071,0.116703,0.259314,0.284365,0.110550,0.181211,0.533948,,2.904919,1028.318232,1.297701,10.000000,,VFR,barnes,envelope,False
2026-04-21T09:19:10Z,38.049492,-78.907417,106.680000,304.384271,302.361111,0.091619,0.192306,0.213016,244.525845,0.143116,0.300399,0.332749,0.106963,0.184213,0.542795,,2.905436,1028.318353,1.297698,10.000000,,VFR,barnes,envelope,False
2026-04-21T09:19:20Z,38.050478,-78.909251,106.680000,304.384271,302.555556,0.096129,0.191042,0.213864,243.289139,0.169610,0.337072,0.377340,0.103373,0.187221,0.551657,,2.905950,1028.318472,1.297696,10.000000,,VFR,barnes,envelope,False
2026-04-21T09:19:30Z,38.051464,-78.911086,106.680000,304.384271,302.750000,0.100647,0.189776,0.214813,242.061061,0.142319,0.268353,0.303756,0.099777,0.190235,0.560536,,2.906461,1028.318590,1.297694,10.000000,,VFR,barnes,envelope,False
2026-04-21T09:19:40Z,38.052450,-78.912920,106.680000,304.384271,302.944444,0.105171,0.188510,0.215863,240.842671,0.118084,0.211656,0.242368,0.096178,0.193254,0.569430,,2.906970,1028.318706,1.297692,10.000000,,VFR,barnes,envelope,False
2026-04-21T09:19:50Z,38.053436,-78.914754,106.680000,304.384271,303.138889,0.109702,0.187244,0.217013,239.634975,0.140589,0.239963,0.278114,0.092573,0.196278,0.578340,,2.907475,1028.318820,1.297689,10.000000,,VFR,barnes,envelope,False
2026-04-21T09:20:00Z,38.054422,-78.916589,106.680000,304.384271,303.333333,0.114240,0.185977,0.218261,238.438927,0.082675,0.134591,0.157956,0.088965,0.199307,0.587265,,2.912094,1028.318932,1.297668,10.000000,,VFR,barnes,envelope,False
2026-04-21T09:20:10Z,38.055408,-78.918423,106.680000,304.384271,303.527778,0.114623,0.186006,0.218487,238.357281,0.119628,0.194129,0.228028,0.088773,0.199640,0.588245,,2.912568,1028.318930,1.297665,10.000000,,VFR,barnes,envelope,False
2026-04-21T09:20:20Z,38.056395,-78.920258,106.680000,304.384271,303.722222,0.115007,0.186038,0.218716,238.275934,0.157059,0.254061,0.298688,0.088582,0.199975,0.589233,,2.913038,1028.318927,1.297663,10.000000,,VFR,barnes,envelope,False
2026-04-21T09:20:30Z,38.057381,-78.922092,106.680000,304.384271,303.916667,0.115393,0.186072,0.218948,238.194888,0.111465,0.179739,0.211496,0.088393,0.200312,0.590227,,2.913507,1028.318923,1.297661,10.000000,,VFR,barnes,envelope,False
2026-04-21T09:20:40Z,38.058367,-78.923927,106.680000,304.384271,304.111111,0.115779,0.186109,0.219184,238.114146,0.092085,0.148022,0.174328,0.088205,0.200652,0.591229,,2.913972,1028.318918,1.297659,10.000000,,VFR,barnes,envelope,False
2026-04-21T09:20:50Z,38.059353,-78.925761,106.680000,304.384271,304.305556,0.116167,0.186149,0.219423,238.033712,0.023112,0.037035,0.043655,0.088019,0.200995,0.592238,,2.914435,1028.318911,1.297657,10.000000,,VFR,barnes,envelope,False
2026-04-21T09:21:00Z,38.060339,-78.927595,106.680000,304.384271,304.500000,0.116556,0.186192,0.219665,237.953587,0.057682,0.092144,0.108709,0.087835,0.201340,0.593255,,2.914895,1028.318903,1.297655,10.000000,,VFR,barnes,envelope,False
2026-04-21T09:21:10Z,38.061325,-78.929430,106.680000,304.384271,304.694444,0.116945,0.186238,0.219911,237.873774,0.058483,0.093135,0.109975,0.087652,0.201687,0.594278,,2.915352,1028.318894,1.297652,10.000000,,VFR,barnes,envelope,False
2026-04-21T09:21:20Z,38.062311,-78.931264,106.680000,304.384271,304.888889,0.117336,0.186286,0.220159,237.794276,0.017984,0.028552,0.033744,0.087471,0.202037,0.595309,,2.915807,1028.318884,1.297650,10.000000,,VFR,barnes,envelope,False
2026-04-21T09:21:30Z,38.063298,-78.933099,106.680000,304.384271,305.083333,0.117728,0.186337,0.220412,237.715095,0.000000,0.000000,0.000000,0.087292,0.202389,0.596347,,2.916259,1028.318872,1.297648,10.000000,,VFR,barnes,envelope,False
2026-04-21T09:21:40Z,38.064284,-78.934933,106.680000,304.384271,305.277778,0.118122,0.186390,0.220667,237.636234,0.000000,0.000000,0.000000,0.087114,0.202744,0.597393,,2.916708,1028.318859,1.297646,10.000000,,VFR,barnes,envelope,False
2026-04-21T09:21:50Z,38.065270,-78.936767,106.680000,304.384271,305.472222,0.118516,0.186447,0.220926,237.557695,0.019135,0.030102,0.035669,0.086938,0.203101,0.598445,,2.917155,1028.318845,1.297644,10.000000,,VFR,barnes,envelope,False
2026-04-21T09:22:00Z,38.066256,-78.938602,106.680000,304.384271,305.666667,0.118911,0.186506,0.221188,237.479480,0.011242,0.017632,0.020911,0.086763,0.203461,0.599505,,2.917599,1028.318830,1.297642,10.000000,,VFR,barnes,envelope,False
2026-04-21T09:22:10Z,38.067242,-78.940436,106.680000,304.384271,305.861111,0.119308,0.186568,0.221454,237.401592,0.034211,0.053498,0.063502,0.086591,0.203823,0.600571,,2.918041,1028.318813,1.297640,10.000000,,VFR,barnes,envelope,False
2026-04-21T09:22:20Z,38.068228,-78.942271,106.680000,304.384271,306.055556,0.119705,0.186632,0.221723,237.324033,0.061481,0.095855,0.113878,0.086419,0.204188,0.601645,,2.918480,1028.318795,1.297638,10.000000,,VFR,barnes,envelope,False
2026-04-21T09:22:30Z,38.069214,-78.944105,106.680000,304.384271,306.250000,0.120104,0.186699,0.221995,237.246805,0.026443,0.041105,0.048876,0.086250,0.204555,0.602726,,2.918916,1028.318776,1.297635,10.000000,,VFR,barnes,envelope,False
2026-04-21T09:22:40Z,38.070200,-78.945939,106.680000,304.384271,306.444444,0.120503,0.186769,0.222270,237.169909,0.027348,0.042387,0.050444,0.086082,0.204924,0.603815,,2.919349,1028.318756,1.297633,10.000000,,VFR,barnes,envelope,False
2026-04-21T09:22:50Z,38.071187,-78.947774,106.680000,304.384271,306.638889,0.120904,0.186842,0.222548,237.093349,0.058785,0.090845,0.108206,0.085915,0.205296,0.604910,,2.919780,1028.318734,1.297631,10.000000,,VFR,barnes,envelope,False
2026-04-21T09:23:00Z,38.072173,-78.949608,106.680000,304.384271,306.833333,0.121306,0.186917,0.222830,237.017126,0.032689,0.050369,0.060047,0.085750,0.205670,0.606012,,2.920209,1028.318711,1.297629,10.000000,,VFR,barnes,envelope,False
2026-04-21T09:23:10Z,38.073159,-78.951443,106.680000,304.384271,307.027778,0.121709,0.186995,0.223115,236.941243,0.018348,0.028190,0.033635,0.085587,0.206046,0.607122,,2.920634,1028.318687,1.297627,10.000000,,VFR,barnes,envelope,False
2026-04-21T09:23:20Z,38.074145,-78.953277,106.680000,304.384271,307.222222,0.122113,0.187076,0.223403,236.865700,0.033325,0.051053,0.060967,0.085426,0.206425,0.608238,,2.921058,1028.318661,1.297625,10.000000,,VFR,barnes,envelope,False
2026-04-21T09:23:30Z,38.075131,-78.955112,106.680000,304.384271,307.416667,0.122518,0.187159,0.223695,236.790501,0.016128,0.024637,0.029447,0.085266,0.206807,0.609362,,2.921478,1028.318635,1.297623,10.000000,,VFR,barnes,envelope,False
2026-04-21T09:23:40Z,38.076117,-78.956946,106.680000,304.384271,307.611111,0.122924,0.187245,0.223989,236.715646,0.030692,0.046751,0.055926,0.085108,0.207190,0.610492,,2.921896,1028.318607,1.297621,10.000000,,VFR,barnes,envelope,False
2026-04-21T09:23:50Z,38.077103,-78.958780,106.680000,304.384271,307.805556,0.123331,0.187334,0.224287,236.641138,0.090966,0.138174,0.165429,0.084951,0.207576,0.611630,,2.922311,1028.318577,1.297619,10.000000,,VFR,barnes,envelope,False
2026-04-21T09:24:00Z,38.078089,-78.960615,106.680000,304.384271,308.000000,0.123739,0.187426,0.224588,236.566978,0.093177,0.141134,0.169117,0.084796,0.207965,0.612775,,2.922724,1028.318547,1.297617,10.000000,,VFR,barnes,envelope,False
2026-04-21T09:24:10Z,38.079076,-78.962449,106.680000,304.384271,308.194444,0.124149,0.187520,0.224892,236.493168,0.072793,0.109950,0.131863,0.084642,0.208356,0.613926,,2.923134,1028.318515,1.297615,10.000000,,VFR,barnes,envelope,False
2026-04-21T09:24:20Z,38.080062,-78.964284,106.680000,304.384271,308.388889,0.124559,0.187616,0.225200,236.419709,0.075355,0.113503,0.136240,0.084490,0.208749,0.615085,,2.923542,1028.318482,1.297613,10.000000,,VFR,barnes,envelope,False
2026-04-21T09:24:30Z,38.081048,-78.966118,106.680000,304.384271,308.583333,0.124970,0.187716,0.225510,236.346604,0.044542,0.066905,0.080376,0.084340,0.209145,0.616251,,2.923947,1028.318447,1.297611,10.000000,,VFR,barnes,envelope,False
2026-04-21T09:24:40Z,38.082034,-78.967952,106.680000,304.384271,308.777778,0.125383,0.187818,0.225824,236.273853,0.094092,0.140946,0.169467,0.084191,0.209543,0.617423,,2.924349,1028.318412,1.297609,10.000000,,VFR,barnes,envelope,False
2026-04-21T09:24:50Z,38.083020,-78.969787,106.680000,304.384271,308.972222,0.125796,0.187922,0.226141,236.201458,0.091531,0.136734,0.164542,0.084044,0.209943,0.618603,,2.924749,1028.318375,1.297608,10.000000,,VFR,barnes,envelope,False
2026-04-21T09:25:00Z,38.084006,-78.971621,106.680000,304.384271,309.166667,0.126211,0.188030,0.226461,236.129421,0.068729,0.102393,0.123320,0.083899,0.210346,0.619789,,2.925146,1028.318337,1.297606,10.000000,,VFR,barnes,envelope,False
2026-04-21T09:25:10Z,38.084992,-78.973456,106.680000,304.384271,309.361111,0.125836,0.190666,0.228447,236.575955,0.054040,0.081881,0.098106,0.086286,0.211525,0.623263,,2.925541,1028.320284,1.297606,10.000000,,VFR,barnes,envelope,False
2026-04-21T09:25:20Z,38.085978,-78.975290,106.680000,304.384271,309.555556,0.125457,0.193314,0.230456,237.017134,0.039331,0.060605,0.072249,0.088685,0.212708,0.626749,,2.925933,1028.322232,1.297607,10.000000,,VFR,barnes,envelope,False
2026-04-21T09:25:30Z,38.086965,-78.977125,106.680000,304.384271,309.750000,0.125076,0.195975,0.232487,237.453002,0.073952,0.115871,0.137459,0.091096,0.213896,0.630249,,2.926323,1028.324179,1.297607,10.000000,,VFR,barnes,envelope,False
2026-04-21T09:25:40Z,38.087951,-78.978959,106.680000,304.384271,309.944444,0.124691,0.198648,0.234540,237.883600,0.066358,0.105717,0.124818,0.093520,0.215088,0.633761,,2.926710,1028.326126,1.297608,10.000000,,VFR,barnes,envelope,False
2026-04-21T09:25:50Z,38.088937,-78.980793,106.680000,304.384271,310.138889,0.124303,0.201334,0.236615,238.308975,0.029522,0.047818,0.056197,0.095956,0.216285,0.637287,,2.927095,1028.328072,1.297609,10.000000,,VFR,barnes,envelope,False
2026-04-21T09:26:00Z,38.089923,-78.982628,106.680000,304.384271,310.333333,0.123912,0.204033,0.238712,238.729173,0.035831,0.058999,0.069027,0.098404,0.217486,0.640826,,2.927477,1028.330019,1.297609,10.000000,,VFR,barnes,envelope,False
2026-04-21T09:26:10Z,38.090909,-78.984462,106.680000,304.384271,310.527778,0.123517,0.206744,0.240831,239.144241,0.084942,0.142176,0.165618,0.100864,0.218691,0.644378,,2.927856,1028.331964,1.297610,10.000000,,VFR,barnes,envelope,False
2026-04-21T09:26:20Z,38.091895,-78.986297,106.680000,304.384271,310.722222,0.123119,0.209468,0.242972,239.554228,0.148227,0.252185,0.292520,0.103337,0.219901,0.647943,,2.928233,1028.333910,1.297611,10.000000,,VFR,barnes,envelope,False
2026-04-21T09:26:30Z,38.092881,-78.988131,106.680000,304.384271,310.916667,0.122718,0.212205,0.245134,239.959183,0.085091,0.147140,0.169972,0.105822,0.221116,0.651521,,2.928607,1028.335855,1.297611,10.000000,,VFR,barnes,envelope,False
2026-04-21T09:26:40Z,38.093868,-78.989965,106.680000,304.384271,311.111111,0.122314,0.214954,0.247317,240.359157,0.097293,0.170983,0.196726,0.108319,0.222335,0.655112,,2.928979,1028.337800,1.297612,10.000000,,VFR,barnes,envelope,False
2026-04-21T09:26:50Z,38.094854,-78.991800,106.680000,304.384271,311.305556,0.121906,0.217716,0.249522,240.754202,0.149709,0.267371,0.306431,0.110829,0.223558,0.658717,,2.929349,1028.339745,1.297613,10.000000,,VFR,barnes,envelope,False
2026-04-21T09:27:00Z,38.095840,-78.993634,106.680000,304.384271,311.500000,0.121495,0.220491,0.251749,241.144369,0.124154,0.225316,0.257257,0.113351,0.224786,0.662334,,2.929716,1028.341689,1.297614,10.000000,,VFR,barnes,envelope,False
2026-04-21T09:27:10Z,38.096826,-78.995469,106.680000,304.384271,311.694444,0.121081,0.223279,0.253996,241.529710,0.095329,0.175791,0.199975,0.115886,0.226019,0.665965,,2.930080,1028.343633,1.297614,10.000000,,VFR,barnes,envelope,False
2026-04-21T09:27:20Z,38.097812,-78.997303,106.680000,304.384271,311.888889,0.120663,0.226079,0.256264,241.910279,0.077852,0.145866,0.165341,0.118433,0.227255,0.669609,,2.930442,1028.345576,1.297615,10.000000,,VFR,barnes,envelope,False
2026-04-21T09:27:30Z,38.098798,-78.999137,106.680000,304.384271,312.083333,0.120242,0.228892,0.258553,242.286129,0.070134,0.133508,0.150809,0.120992,0.228497,0.673266,,2.930801,1028.347520,1.297616,10.000000,,VFR,barnes,envelope,False
2026-04-21T09:27:40Z,38.099784,-79.000972,106.680000,304.384271,312.277778,0.119817,0.231718,0.260863,242.657315,0.117860,0.227933,0.256602,0.123564,0.229742,0.676937,,2.931158,1028.349462,1.297617,10.000000,,VFR,barnes,envelope,False
2026-04-21T09:27:50Z,38.100770,-79.002806,106.680000,304.384271,312.472222,0.119390,0.234557,0.263194,243.023890,0.108537,0.213235,0.239269,0.126149,0.230993,0.680620,,2.931513,1028.351405,1.297617,10.000000,,VFR,barnes,envelope,False
2026-04-21T09:28:00Z,38.101757,-79.004641,106.680000,304.384271,312.666667,0.118959,0.237409,0.265545,243.385909,0.150660,0.300676,0.336310,0.128745,0.232247,0.684317,,2.931865,1028.353347,1.297618,10.000000,,VFR,barnes,envelope,False
2026-04-21T09:28:10Z,38.102743,-79.006475,106.680000,304.384271,312.861111,0.118524,0.240274,0.267917,243.743426,0.099657,0.202025,0.225268,0.131355,0.233506,0.688027,,2.932214,1028.355289,1.297619,10.000000,,VFR,barnes,envelope,False
2026-04-21T09:28:20Z,38.103729,-79.008310,106.680000,304.384271,313.055556,0.118086,0.243151,0.270309,244.096497,0.130153,0.267997,0.297930,0.133977,0.234770,0.691750,,2.932562,1028.357230,1.297620,10.000000,,VFR,barnes,envelope,False
2026-04-21T09:28:30Z,38.104715,-79.010144,106.680000,304.384271,313.250000,0.117645,0.246042,0.272721,244.445175,0.110533,0.231168,0.256235,0.136612,0.236038,0.695486,,2.932906,1028.359172,1.297621,10.000000,,VFR,barnes,envelope,False
2026-04-21T09:28:40Z,38.105701,-79.011978,106.680000,304.384271,313.444444,0.117200,0.248945,0.275154,244.789516,0.041227,0.087569,0.096788,0.139259,0.237311,0.699235,,2.933248,1028.361112,1.297622,10.000000,,VFR,barnes,envelope,False
2026-04-21T09:28:50Z,38.106687,-79.013813,106.680000,304.384271,313.638889,0.116752,0.251861,0.277606,245.129575,0.047952,0.103444,0.114017,0.141919,0.238588,0.702998,,2.933588,1028.363053,1.297622,10.000000,,VFR,barnes,envelope,False
2026-04-21T09:29:00Z,38.107673,-79.015647,106.680000,304.384271,313.833333,0.116301,0.254791,0.280079,245.465406,0.085552,0.187428,0.206030,0.144591,0.239870,0.706774,,2.933925,1028.364993,1.297623,10.000000,,VFR,barnes,envelope,False
2026-04-21T09:29:10Z,38.108659,-79.017482,106.680000,304.384271,314.027778,0.115846,0.257733,0.282571,245.797063,0.085603,0.190450,0.208804,0.147276,0.241156,0.710563,,2.934260,1028.366932,1.297624,10.000000,,VFR,barnes,envelope,False
2026-04-21T09:29:20Z,38.109646,-79.019316,106.680000,304.384271,314.222222,0.115387,0.260688,0.285083,246.124602,0.106013,0.239510,0.261924,0.149974,0.242447,0.714366,,2.934593,1028.368872,1.297625,10.000000,,VFR,barnes,envelope,False
2026-04-21T09:29:30Z,38.110632,-79.021150,106.680000,304.384271,314.416667,0.114925,0.263656,0.287615,246.448075,0.122327,0.280638,0.306140,0.152684,0.243742,0.718182,,2.934923,1028.370811,1.297626,10.000000,,VFR,barnes,envelope,False
2026-04-21T09:29:40Z,38.111618,-79.022985,106.680000,304.384271,314.611111,0.114460,0.266638,0.290167,246.767537,0.126631,0.294990,0.321021,0.155408,0.245041,0.722011,,2.935250,1028.372749,1.297627,10.000000,,VFR,barnes,envelope,False
2026-04-21T09:29:50Z,38.112604,-79.024819,106.680000,304.384271,314.805556,0.113991,0.269632,0.292738,247.083042,0.121217,0.286723,0.311293,0.158144,0.246346,0.725853,,2.935576,1028.374687,1.297628,10.000000,,VFR,barnes,envelope,False
2026-04-21T09:30:00Z,38.113590,-79.026654,106.680000,304.384271,315.000000,0.113519,0.272640,0.295329,247.394643,0.105170,0.252589,0.273609,0.160892,0.247654,0.729708,,2.935898,1028.376625,1.297629,10.000000,,VFR,barnes,envelope,False
2026-04-21T09:30:10Z,38.114576,-79.028488,106.680000,304.384271,315.194444,0.115063,0.270701,0.294141,246.971758,0.103199,0.242789,0.263811,0.158420,0.247834,0.730239,,2.936219,1028.377552,1.297628,10.000000,,VFR,barnes,envelope,False
2026-04-21T09:30:20Z,38.115562,-79.030323,106.680000,304.384271,315.388889,0.116612,0.268753,0.292962,246.543994,0.142494,0.328403,0.357985,0.155938,0.248012,0.730762,,2.936537,1028.378479,1.297628,10.000000,,VFR,barnes,envelope,False
2026-04-21T09:30:30Z,38.116548,-79.032157,106.680000,304.384271,315.583333,0.118164,0.266795,0.291791,246.111303,0.142762,0.322333,0.352533,0.153445,0.248187,0.731278,,2.936853,1028.379406,1.297628,10.000000,,VFR,barnes,envelope,False
2026-04-21T09:30:40Z,38.117535,-79.033991,106.680000,304.384271,315.777778,0.119720,0.264826,0.290630,245.673638,0.157731,0.348907,0.382904,0.150942,0.248359,0.731786,,2.937166,1028.380333,1.297627,10.000000,,VFR,barnes,envelope,False
2026-04-21T09:30:50Z,38.118521,-79.035826,106.680000,304.384271,315.972222,0.121280,0.262848,0.289478,245.230955,0.175803,0.381013,0.419616,0.148428,0.248530,0.732287,,2.937477,1028.381259,1.297627,10.000000,,VFR,barnes,envelope,False
2026-04-21T09:31:00Z,38.119507,-79.037660,106.680000,304.384271,316.166667,0.122844,0.260859,0.288337,244.783209,0.163471,0.347128,0.383694,0.145904,0.248697,0.732781,,2.937785,1028.382185,1.297627,10.000000,,VFR,barnes,envelope,False
2026-04-21T09:31:10Z,38.120493,-79.039495,106.680000,304.384271,316.361111,0.124412,0.258860,0.287206,244.330356,0.131961,0.274566,0.304631,0.143369,0.248862,0.733268,,2.938091,1028.383110,1.297627,10.000000,,VFR,barnes,envelope,False
2026-04-21T09:31:20Z,38.121479,-79.041329,106.680000,304.384271,316.555556,0.125984,0.256851,0.286085,243.872356,0.117590,0.239738,0.267024,0.140823,0.249025,0.733747,,2.938395,1028.384036,1.297626,10.000000,,VFR,barnes,envelope,False
2026-04-21T09:31:30Z,38.121223,-79.042983,106.680000,223.187231,316.750000,0.127437,0.254817,0.284906,243.429779,0.172430,0.344782,0.385495,0.267310,-0.098576,-0.290466,,2.940132,1028.385247,1.297620,10.000000,,VFR,barnes,envelope,False
2026-04-21T09:31:40Z,38.119942,-79.044488,106.680000,223.187231,316.944444,0.128791,0.252755,0.283676,242.999015,0.199275,0.391083,0.438926,0.266886,-0.096147,-0.283307,,2.943056,1028.386696,1.297608,10.000000,,VFR,barnes,envelope,False
2026-04-21T09:31:50Z,38.118661,-79.045993,106.680000,223.187231,317.138889,0.130145,0.250678,0.282449,242.562975,0.109034,0.210016,0.236633,0.266452,-0.093706,-0.276115,,2.945984,1028.388147,1.297596,10.000000,,VFR,barnes,envelope,False
2026-04-21T09:32:00Z,38.117380,-79.047498,106.680000,223.187231,317.333333,0.131500,0.248587,0.281225,242.121573,0.088264,0.166854,0.188761,0.266009,-0.091253,-0.268889,,2.948916,1028.389601,1.297584,10.000000,,VFR,barnes,envelope,False
2026-04-21T09:32:10Z,38.116099,-79.049003,106.680000,223.187231,317.527778,0.132856,0.246480,0.280006,241.674720,0.041240,0.076509,0.086916,0.265556,-0.088789,-0.261628,,2.951853,1028.391058,1.297572,10.000000,,VFR,barnes,envelope,False
2026-04-21T09:32:20Z,38.114818,-79.050508,106.680000,223.187231,317.722222,0.134213,0.244359,0.278791,241.222329,0.048424,0.088164,0.100588,0.265093,-0.086314,-0.254333,,2.954793,1028.392517,1.297560,10.000000,,VFR,barnes,envelope,False
2026-04-21T09:32:30Z,38.113537,-79.052013,106.680000,223.187231,317.916667,0.135571,0.242222,0.277581,240.764310,0.080967,0.144663,0.165780,0.264621,-0.083826,-0.247004,,2.957737,1028.393979,1.297548,10.000000,,VFR,barnes,envelope,False
2026-04-21T09:32:40Z,38.112256,-79.053518,106.680000,223.187231,318.111111,0.136930,0.240070,0.276376,240.300574,0.145494,0.255085,0.293661,0.264139,-0.081327,-0.239640,,2.960686,1028.395444,1.297536,10.000000,,VFR,barnes,envelope,False
2026-04-21T09:32:50Z,38.110975,-79.055023,106.680000,223.187231,318.305556,0.138290,0.237903,0.275176,239.831034,0.160610,0.276299,0.319588,0.263647,-0.078816,-0.232242,,2.963639,1028.396911,1.297524,10.000000,,VFR,barnes,envelope,False
2026-04-21T09:33:00Z,38.109694,-79.056528,106.680000,223.187231,318.500000,0.139651,0.235720,0.273983,239.355600,0.168293,0.284065,0.330175,0.263146,-0.076293,-0.224808,,2.966595,1028.398380,1.297512,10.000000,,VFR,barnes,envelope,False
2026-04-21T09:33:10Z,38.108413,-79.058033,106.680000,223.187231,318.694444,0.141013,0.233522,0.272796,238.874185,0.238159,0.394398,0.460727,0.262635,-0.073759,-0.217340,,2.969556,1028.399853,1.297500,10.000000,,VFR,barnes,envelope,False
2026-04-21T09:33:20Z,38.107132,-79.059538,106.680000,223.187231,318.888889,0.142376,0.231309,0.271615,238.386700,0.200768,0.326174,0.383011,0.262114,-0.071212,-0.209836,,2.972520,1028.401328,1.297488,10.000000,,VFR,barnes,envelope,False
2026-04-21T09:33:30Z,38.105851,-79.061043,106.680000,223.187231,319.083333,0.143740,0.229080,0.270442,237.893058,0.162986,0.259752,0.306653,0.261583,-0.068654,-0.202296,,2.975489,1028.402805,1.297476,10.000000,,VFR,barnes,envelope,False
2026-04-21T09:33:40Z,38.104570,-79.062548,106.680000,223.187231,319.277778,0.145106,0.226836,0.269277,237.393173,0.191555,0.299448,0.355475,0.261043,-0.066083,-0.194721,,2.978462,1028.404285,1.297464,10.000000,,VFR,barnes,envelope,False
2026-04-21T09:33:50Z,38.103289,-79.064053,106.680000,223.187231,319.472222,0.146472,0.224576,0.268120,236.886959,0.198938,0.305019,0.364160,0.260492,-0.063500,-0.187110,,2.981438,1028.405767,1.297451,10.000000,,VFR,barnes,envelope,False
2026-04-21T09:34:00Z,38.102008,-79.065558,106.680000,223.187231,319.666667,0.147839,0.222300,0.266972,236.374331,0.190585,0.286575,0.344163,0.259932,-0.060905,-0.179464,,2.984419,1028.407253,1.297439,10.000000,,VFR,barnes,envelope,False
2026-04-21T09:34:10Z,38.100727,-79.067063,106.680000,223.187231,319.861111,0.149208,0.220009,0.265832,235.855205,0.177394,0.261570,0.316050,0.259361,-0.058297,-0.171781,,2.987403,1028.408740,1.297427,10.000000,,VFR,barnes,envelope,False
2026-04-21T09:34:20Z,38.099446,-79.068568,106.680000,223.187231,320.055556,0.150578,0.217702,0.264703,235.329499,0.209751,0.303253,0.368724,0.258781,-0.055678,-0.164061,,2.990391,1028.410230,1.297415,10.000000,,VFR,barnes,envelope,False
2026-04-21T09:34:30Z,38.098165,-79.070073,106.680000,223.187231,320.250000,0.151949,0.215378,0.263584,234.797133,0.188923,0.267787,0.327722,0.258191,-0.053045,-0.156306,,2.993384,1028.411723,1.297403,10.000000,,VFR,barnes,envelope,False
2026-04-21T09:34:40Z,38.096884,-79.071577,106.680000,223.187231,320.444444,0.153321,0.213040,0.262475,234.258028,0.192021,0.266812,0.328726,0.257591,-0.050401,-0.148513,,2.996380,1028.413218,1.297391,10.000000,,VFR,barnes,envelope,False
2026-04-21T09:34:50Z,38.095603,-79.073082,106.680000,223.187231,320.638889,0.154695,0.210685,0.261378,233.712107,0.141591,0.192838,0.239238,0.256981,-0.047744,-0.140684,,2.999380,1028.414716,1.297378,10.000000,,VFR,barnes,envelope,False
2026-04-21T09:35:00Z,38.094322,-79.074587,106.680000,223.187231,320.833333,0.156069,0.208314,0.260293,233.159295,0.131696,0.175781,0.219642,0.256360,-0.045074,-0.132818,,3.002384,1028.416216,1.297366,10.000000,,VFR,barnes,envelope,False
2026-04-21T09:35:10Z,38.093041,-79.076092,106.680000,223.187231,321.027778,0.156041,0.208429,0.260368,233.179479,0.144154,0.192550,0.240532,0.256418,-0.045178,-0.133122,,3.005245,1028.417238,1.297354,10.000000,,VFR,barnes,envelope,False
2026-04-21T09:35:20Z,38.091760,-79.077597,106.680000,223.187231,321.222222,0.156012,0.208543,0.260442,233.199687,0.193452,0.258590,0.322943,0.256476,-0.045281,-0.133427,,3.008114,1028.418259,1.297342,10.000000,,VFR,barnes,envelope,False
2026-04-21T09:35:30Z,38.090479,-79.079102,106.680000,223.187231,321.416667,0.155983,0.208658,0.260516,233.219916,0.198432,0.265442,0.331413,0.256533,-0.045385,-0.133732,,3.010992,1028.419277,1.297330,10.000000,,VFR,barnes,envelope,False
2026-04-21T09:35:40Z,38.089198,-79.080607,106.680000,223.187231,321.611111,0.155953,0.208772,0.260590,233.240165,0.141581,0.189532,0.236575,0.256589,-0.045488,-0.134037,,3.013879,1028.420294,1.297317,10.000000,,VFR,barnes,envelope,False
2026-04-21T09:35:50Z,38.087917,-79.082112,106.680000,223.187231,321.805556,0.155923,0.208886,0.260663,233.260430,0.169290,0.226793,0.283009,0.256645,-0.045592,-0.134342,,3.016774,1028.421309,1.297305,10.000000,,VFR,barnes,envelope,False
2026-04-21T09:36:00Z,38.086636,-79.083617,106.680000,223.187231,322.000000,0.155893,0.209000,0.260736,233.280709,0.161313,0.216266,0.269802,0.256701,-0.045695,-0.134647,,3.019678,1028.422322,1.297293,10.000000,,VFR,barnes,envelope,False
2026-04-21T09:36:10Z,38.085355,-79.085122,106.680000,223.187231,322.194444,0.155862,0.209113,0.260809,233.301000,0.156008,0.209308,0.261052,0.256756,-0.045799,-0.134953,,3.022590,1028.423334,1.297280,10.000000,,VFR,barnes,envelope,False
2026-04-21T09:36:20Z,38.084075,-79.086627,106.680000,223.187231,322.388889,0.155831,0.209226,0.260881,233.321301,0.122427,0.164376,0.204958,0.256811,-0.045903,-0.135258,,3.025511,1028.424344,1.297268,10.000000,,VFR,barnes,envelope,False
2026-04-21T09:36:30Z,38.082794,-79.088132,106.680000,223.187231,322.583333,0.155800,0.209338,0.260952,233.341608,0.081628,0.109679,0.136721,0.256865,-0.046006,-0.135563,,3.028441,1028.425352,1.297255,10.000000,,VFR,barnes,envelope,False
2026-04-21T09:36:40Z,38.081513,-79.089637,106.680000,223.187231,322.777778,0.155768,0.209451,0.261023,233.361920,0.100838,0.135590,0.168976,0.256918,-0.046110,-0.135869,,3.031379,1028.426359,1.297243,10.000000,,VFR,barnes,envelope,False
2026-04-21T09:36:50Z,38.080232,-79.091142,106.680000,223.187231,322.972222,0.155736,0.209562,0.261094,233.382234,0.130167,0.175156,0.218227,0.256972,-0.046213,-0.136174,,3.034325,1028.427364,1.297230,10.000000,,VFR,barnes,envelope,False
2026-04-21T09:37:00Z,38.078951,-79.092647,106.680000,223.187231,323.166667,0.155703,0.209674,0.261164,233.402548,0.169901,0.228794,0.284979,0.257024,-0.046317,-0.136479,,3.037280,1028.428368,1.297218,10.000000,,VFR,barnes,envelope,False
2026-04-21T09:37:10Z,38.077670,-79.094152,106.680000,223.187231,323.361111,0.155670,0.209785,0.261234,233.422858,0.207645,0.279827,0.348453,0.257076,-0.046420,-0.136784,,3.040243,1028.429369,1.297205,10.000000,,VFR,barnes,envelope,False
2026-04-21T09:37:20Z,38.076389,-79.095657,106.680000,223.187231,323.555556,0.155637,0.209896,0.261303,233.443163,0.250736,0.338148,0.420967,0.257128,-0.046524,-0.137088,,3.043215,1028.430369,1.297192,10.000000,,VFR,barnes,envelope,False
2026-04-21T09:37:30Z,38.075108,-79.097162,106.680000,223.187231,323.750000,0.155604,0.210006,0.261371,233.463460,0.243568,0.328724,0.409127,0.257179,-0.046627,-0.137393,,3.046195,1028.431368,1.297179,10.000000,,VFR,barnes,envelope,False
2026-04-21T09:37:40Z,38.073827,-79.098667,106.680000,223.187231,323.944444,0.155570,0.210116,0.261439,233.483747,0.253165,0.341930,0.425452,0.257229,-0.046730,-0.137697,,3.049183,1028.432365,1.297167,10.000000,,VFR,barnes,envelope,False
2026-04-21T09:37:50Z,38.072546,-79.100172,106.680000,223.187231,324.138889,0.155535,0.210225,0.261507,233.504021,0.216937,0.293217,0.364744,0.257279,-0.046833,-0.138001,,3.052179,1028.433360,1.297154,10.000000,,VFR,barnes,envelope,False
2026-04-21T09:38:00Z,38.071265,-79.101677,106.680000,223.187231,324.333333,0.155501,0.210334,0.261574,233.524280,0.195948,0.265044,0.329612,0.257328,-0.046936,-0.138304,,3.055184,1028.434353,1.297141,10.000000,,VFR,barnes,envelope,False
2026-04-21T09:38:10Z,38.069984,-79.103182,106.680000,223.187231,324.527778,0.155466,0.210442,0.261640,233.544521,0.136113,0.184245,0.229070,0.257377,-0.047039,-0.138607,,3.058197,1028.435345,1.297128,10.000000,,VFR,barnes,envelope,False
2026-04-21T09:38:20Z,38.068703,-79.104687,106.680000,223.187231,324.722222,0.155431,0.210550,0.261706,233.564742,0.167026,0.226258,0.281230,0.257425,-0.047142,-0.138910,,3.061219,1028.436336,1.297115,10.000000,,VFR,barnes,envelope,False
2026-04-21T09:38:30Z,38.067422,-79.106192,106.680000,223.187231,324.916667,0.155395,0.210657,0.261771,233.584940,0.196854,0.266859,0.331610,0.257472,-0.047244,-0.139212,,3.064248,1028.437325,1.297102,10.000000,,VFR,barnes,envelope,False
2026-04-21T09:38:40Z,38.066141,-79.107697,106.680000,223.187231,325.111111,0.155359,0.210764,0.261836,233.605112,0.175280,0.237789,0.295409,0.257519,-0.047347,-0.139513,,3.067286,1028.438312,1.297089,10.000000,,VFR,barnes,envelope,False
2026-04-21T09:38:50Z,38.064860,-79.109202,106.680000,223.187231,325.305556,0.155323,0.210870,0.261900,233.625257,0.144351,0.195974,0.243398,0.257566,-0.047449,-0.139814,,3.070332,1028.439297,1.297076,10.000000,,VFR,barnes,envelope,False
2026-04-21T09:39:00Z,38.063579,-79.110707,106.680000,223.187231,325.500000,0.155287,0.210975,0.261963,233.645372,0.117387,0.159484,0.198027,0.257611,-0.047551,-0.140115,,3.073386,1028.440282,1.297063,10.000000,,VFR,barnes,envelope,False
2026-04-21T09:39:10Z,38.062298,-79.112212,106.680000,223.187231,325.694444,0.155250,0.211080,0.262026,233.665453,0.117329,0.159522,0.198024,0.257656,-0.047652,-0.140414,,3.076448,1028.441264,1.297050,10.000000,,VFR,barnes,envelope,False
2026-04-21T09:39:20Z,38.061017,-79.113717,106.680000,223.187231,325.888889,0.155213,0.211185,0.262088,233.685500,0.097384,0.132503,0.164440,0.257701,-0.047754,-0.140713,,3.079518,1028.442245,1.297037,10.000000,,VFR,barnes,envelope,False
2026-04-21T09:39:30Z,38.059736,-79.115222,106.680000,223.187231,326.083333,0.155176,0.211289,0.262149,233.705508,0.155566,0.211820,0.262809,0.257744,-0.047855,-0.141012,,3.082596,1028.443225,1.297024,10.000000,,VFR,barnes,envelope,False
2026-04-21T09:39:40Z,38.058455,-79.116727,106.680000,223.187231,326.277778,0.155138,0.211392,0.262210,233.725476,0.159078,0.216760,0.268870,0.257788,-0.047956,-0.141309,,3.085682,1028.444202,1.297010,10.000000,,VFR,barnes,envelope,False
2026-04-21T09:39:50Z,38.057174,-79.118232,106.680000,223.187231,326.472222,0.155100,0.211494,0.262270,233.745401,0.151745,0.206919,0.256597,0.257830,-0.048057,-0.141606,,3.088776,1028.445179,1.296997,10.000000,,VFR,barnes,envelope,False
2026-04-21T09:40:00Z,38.055893,-79.119737,106.680000,223.187231,326.666667,0.155062,0.211596,0.262330,233.765281,0.148409,0.202517,0.251075,0.257872,-0.048157,-0.141902,,3.089434,1028.446154,1.296995,10.000000,,VFR,barnes,envelope,False
2026-04-21T09:40:10Z,38.054612,-79.121242,106.680000,223.187231,326.861111,0.155159,0.211672,0.262449,233.757998,0.156994,0.214175,0.265552,0.257995,-0.048146,-0.141869,,3.092551,1028.447129,1.296982,10.000000,,VFR,barnes,envelope,False
2026-04-21T09:40:20Z,38.053331,-79.122747,106.680000,223.187231,327.055556,0.155255,0.211748,0.262567,233.750923,0.194893,0.265809,0.329603,0.258117,-0.048136,-0.141839,,3.095677,1028.448103,1.296968,10.000000,,VFR,barnes,envelope,False
2026-04-21T09:40:30Z,38.052050,-79.124252,106.680000,223.187231,327.250000,0.155349,0.211823,0.262683,233.744052,0.221525,0.302056,0.374581,0.258237,-0.048126,-0.141811,,3.098810,1028.449076,1.296955,10.000000,,VFR,barnes,envelope,False
2026-04-21T09:40:40Z,38.050769,-79.125757,106.680000,223.187231,327.444444,0.155442,0.211898,0.262799,233.737379,0.204820,0.279210,0.346280,0.258356,-0.048117,-0.141784,,3.101951,1028.450049,1.296941,10.000000,,VFR,barnes,envelope,False
2026-04-21T09:40:50Z,38.049488,-79.127262,106.680000,223.187231,327.638889,0.155533,0.211973,0.262912,233.730901,0.136430,0.185937,0.230620,0.258473,-0.048109,-0.141760,,3.105100,1028.451020,1.296928,10.000000,,VFR,barnes,envelope,False
2026-04-21T09:41:00Z,38.048207,-79.128767,106.680000,223.187231,327.833333,0.155623,0.212046,0.263025,233.724613,0.191099,0.260384,0.322984,0.258589,-0.048101,-0.141737,,3.108257,1028.451991,1.296914,10.000000,,VFR,barnes,envelope,False
2026-04-21T09:41:10Z,38.046926,-79.130271,106.680000,223.187231,328.027778,0.155712,0.212120,0.263137,233.718510,0.219640,0.299206,0.371168,0.258704,-0.048094,-0.141716,,3.111421,1028.452961,1.296900,10.000000,,VFR,barnes,envelope,False
2026-04-21T09:41:20Z,38.045645,-79.131776,106.680000,223.187231,328.222222,0.155799,0.212192,0.263247,233.712588,0.271302,0.369503,0.458407,0.258817,-0.048087,-0.141696,,3.114593,1028.453931,1.296887,10.000000,,VFR,barnes,envelope,False
2026-04-21T09:41:30Z,38.044364,-79.133281,106.680000,223.187231,328.416667,0.155885,0.212264,0.263356,233.706844,0.319266,0.434736,0.539376,0.258929,-0.048081,-0.141678,,3.117773,1028.454899,1.296873,10.000000,,VFR,barnes,envelope,False
2026-04-21T09:41:40Z,38.043083,-79.134786,106.680000,223.187231,328.611111,0.155969,0.212336,0.263463,233.701272,0.276601,0.376564,0.467235,0.259040,-0.048076,-0.141662,,3.120961,1028.455867,1.296859,10.000000,,VFR,barnes,envelope,False
2026-04-21T09:41:50Z,38.041802,-79.136291,106.680000,223.187231,328.805556,0.156052,0.212407,0.263569,233.695867,0.206754,0.281419,0.349205,0.259149,-0.048071,-0.141647,,3.124156,1028.456834,1.296846,10.000000,,VFR,barnes,envelope,False
2026-04-21T09:42:00Z,38.040521,-79.137796,106.680000,223.187231,329.000000,0.156133,0.212477,0.263674,233.690627,0.175894,0.239368,0.297045,0.259256,-0.048066,-0.141633,,3.127358,1028.457800,1.296832,10.000000,,VFR,barnes,envelope,False
2026-04-21T09:42:10Z,38.039240,-79.139301,106.680000,223.187231,329.194444,0.156214,0.212547,0.263778,233.685546,0.130215,0.177172,0.219877,0.259362,-0.048062,-0.141621,,3.130569,1028.458765,1.296818,10.000000,,VFR,barnes,envelope,False
2026-04-21T09:42:20Z,38.037959,-79.140806,106.680000,223.187231,329.388889,0.156292,0.212616,0.263880,233.680620,0.135019,0.183677,0.227963,0.259467,-0.048058,-0.141610,,3.133786,1028.459730,1.296804,10.000000,,VFR,barnes,envelope,False
2026-04-21T09:42:30Z,38.036678,-79.142311,106.680000,223.187231,329.583333,0.156370,0.212684,0.263981,233.675844,0.161323,0.219421,0.272343,0.259570,-0.048055,-0.141601,,3.137012,1028.460694,1.296790,10.000000,,VFR,barnes,envelope,False
2026-04-21T09:42:40Z,38.035397,-79.143816,106.680000,223.187231,329.777778,0.156446,0.212751,0.264081,233.671215,0.177804,0.241796,0.300132,0.259672,-0.048052,-0.141592,,3.140245,1028.461657,1.296776,10.000000,,VFR,barnes,envelope,False
2026-04-21T09:42:50Z,38.034116,-79.145321,106.680000,223.187231,329.972222,0.156521,0.212818,0.264179,233.666728,0.165567,0.225118,0.279447,0.259772,-0.048050,-0.141585,,3.143485,1028.462619,1.296762,10.000000,,VFR,barnes,envelope,False
2026-04-21T09:43:00Z,38.032835,-79.146826,106.680000,223.187231,330.166667,0.156594,0.212884,0.264276,233.662379,0.161372,0.219379,0.272338,0.259871,-0.048048,-0.141579,,3.146733,1028.463581,1.296748,10.000000,,VFR,barnes,envelope,False
2026-04-21T09:43:10Z,38.031554,-79.148331,106.680000,223.187231,330.361111,0.156667,0.212950,0.264371,233.658162,0.184787,0.251172,0.311823,0.259969,-0.048046,-0.141574,,3.149988,1028.464541,1.296734,10.000000,,VFR,barnes,envelope,False
2026-04-21T09:43:20Z,38.030273,-79.149836,106.680000,223.187231,330.555556,0.156738,0.213015,0.264465,233.654075,0.154044,0.209354,0.259921,0.260065,-0.048044,-0.141570,,3.153250,1028.465501,1.296720,10.000000,,VFR,barnes,envelope,False
2026-04-21T09:43:30Z,38.028992,-79.151341,106.680000,223.187231,330.750000,0.156807,0.213078,0.264558,233.650112,0.131284,0.178396,0.221497,0.260159,-0.048043,-0.141566,,3.156520,1028.466460,1.296706,10.000000,,VFR,barnes,envelope,False
2026-04-21T09:43:40Z,38.027711,-79.152846,106.680000,223.187231,330.944444,0.156876,0.213141,0.264649,233.646270,0.218016,0.296210,0.367793,0.260252,-0.048042,-0.141564,,3.159797,1028.467419,1.296692,10.000000,,VFR,barnes,envelope,False
2026-04-21T09:43:50Z,38.026430,-79.154351,106.680000,223.187231,331.138889,0.156943,0.213204,0.264739,233.642544,0.265771,0.361044,0.448316,0.260344,-0.048042,-0.141562,,3.163081,1028.468376,1.296677,10.000000,,VFR,barnes,envelope,False
2026-04-21T09:44:00Z,38.025149,-79.155856,106.680000,223.187231,331.333333,0.157009,0.213265,0.264828,233.638930,0.281138,0.381869,0.474196,0.260434,-0.048042,-0.141561,,3.166373,1028.469333,1.296663,10.000000,,VFR,barnes,envelope,False
2026-04-21T09:44:10Z,38.023868,-79.157361,106.680000,223.187231,331.527778,0.157074,0.213326,0.264915,233.635423,0.216891,0.294565,0.365800,0.260523,-0.048041,-0.141561,,3.169672,1028.470289,1.296649,10.000000,,VFR,barnes,envelope,False
2026-04-21T09:44:20Z,38.022587,-79.158866,106.680000,223.187231,331.722222,0.157137,0.213386,0.265001,233.632019,0.149377,0.202847,0.251913,0.260610,-0.048042,-0.141561,,3.172977,1028.471244,1.296635,10.000000,,VFR,barnes,envelope,False
2026-04-21T09:44:30Z,38.021306,-79.160371,106.680000,223.187231,331.916667,0.157200,0.213445,0.265086,233.628714,0.139482,0.189387,0.235207,0.260696,-0.048042,-0.141562,,3.176291,1028.472199,1.296620,10.000000,,VFR,barnes,envelope,False
2026-04-21T09:44:40Z,38.020025,-79.161876,106.680000,223.187231,332.111111,0.157261,0.213503,0.265169,233.625503,0.147328,0.200018,0.248421,0.260780,-0.048042,-0.141563,,3.179611,1028.473153,1.296606,10.000000,,VFR,barnes,envelope,False
2026-04-21T09:44:50Z,38.018744,-79.163381,106.680000,223.187231,332.305556,0.157321,0.213560,0.265250,233.622383,0.129525,0.175827,0.218385,0.260863,-0.048043,-0.141564,,3.182938,1028.474106,1.296591,10.000000,,VFR,barnes,envelope,False
2026-04-21T09:45:00Z,38.017463,-79.164886,106.680000,223.187231,332.500000,0.157380,0.213616,0.265330,233.619349,0.077384,0.105035,0.130463,0.260944,-0.048043,-0.141567,,3.186272,1028.475058,1.296577,10.000000,,VFR,barnes,envelope,False
2026-04-21T09:45:10Z,38.016182,-79.166391,106.680000,223.187231,332.694444,0.157380,0.213838,0.265510,233.647792,0.112325,0.152621,0.189500,0.261097,-0.048206,-0.142044,,3.189614,1028.475904,1.296562,10.000000,,VFR,barnes,envelope,False
2026-04-21T09:45:20Z,38.014901,-79.167896,106.680000,223.187231,332.888889,0.157380,0.214059,0.265687,233.675980,0.081394,0.110707,0.137408,0.261247,-0.048366,-0.142518,,3.192962,1028.476750,1.296548,10.000000,,VFR,barnes,envelope,False
2026-04-21T09:45:30Z,38.013620,-79.169401,106.680000,223.187231,333.083333,0.157379,0.214276,0.265862,233.703910,0.129109,0.175786,0.218105,0.261396,-0.048526,-0.142987,,3.196317,1028.477595,1.296533,10.000000,,VFR,barnes,envelope,False
2026-04-21T09:45:40Z,38.012339,-79.170906,106.680000,223.187231,333.277778,0.157378,0.214491,0.266034,233.731584,0.120489,0.164216,0.203677,0.261542,-0.048683,-0.143452,,3.199679,1028.478440,1.296518,10.000000,,VFR,barnes,envelope,False
2026-04-21T09:45:50Z,38.011058,-79.172411,106.680000,223.187231,333.472222,0.157376,0.214704,0.266204,233.758998,0.115065,0.156980,0.194635,0.261686,-0.048840,-0.143913,,3.203049,1028.479284,1.296504,10.000000,,VFR,barnes,envelope,False
2026-04-21T09:46:00Z,38.009777,-79.173916,106.680000,223.187231,333.666667,0.157373,0.214914,0.266372,233.786151,0.096028,0.131139,0.162539,0.261828,-0.048995,-0.144369,,3.206424,1028.480127,1.296489,10.000000,,VFR,barnes,envelope,False
2026-04-21T09:46:10Z,38.008496,-79.175421,106.680000,223.187231,333.861111,0.157370,0.215121,0.266538,233.813043,0.111695,0.152685,0.189179,0.261967,-0.049148,-0.144821,,3.209807,1028.480970,1.296474,10.000000,,VFR,barnes,envelope,False
2026-04-21T09:46:20Z,38.007215,-79.176926,106.680000,223.187231,334.055556,0.157366,0.215326,0.266701,233.839672,0.110386,0.151043,0.187080,0.262105,-0.049300,-0.145269,,3.213197,1028.481812,1.296459,10.000000,,VFR,barnes,envelope,False
2026-04-21T09:46:30Z,38.005934,-79.178431,106.680000,223.187231,334.250000,0.157362,0.215528,0.266862,233.866036,0.149811,0.205187,0.254057,0.262240,-0.049450,-0.145712,,3.216593,1028.482653,1.296444,10.000000,,VFR,barnes,envelope,False
2026-04-21T09:46:40Z,38.004653,-79.179936,106.680000,223.187231,334.444444,0.157357,0.215728,0.267020,233.892135,0.181413,0.248708,0.307841,0.262373,-0.049599,-0.146151,,3.219996,1028.483494,1.296429,10.000000,,VFR,barnes,envelope,False
2026-04-21T09:46:50Z,38.003372,-79.181441,106.680000,223.187231,334.638889,0.157352,0.215925,0.267177,233.917967,0.116751,0.160210,0.198237,0.262505,-0.049747,-0.146585,,3.223406,1028.484334,1.296414,10.000000,,VFR,barnes,envelope,False
2026-04-21T09:47:00Z,38.002091,-79.182946,106.680000,223.187231,334.833333,0.157346,0.216120,0.267330,233.943530,0.171992,0.236237,0.292215,0.262633,-0.049892,-0.147015,,3.226822,1028.485174,1.296400,10.000000,,VFR,barnes,envelope,False
2026-04-21T09:47:10Z,38.000810,-79.184451,106.680000,223.187231,335.027778,0.157340,0.216312,0.267482,233.968823,0.192323,0.264407,0.326954,0.262760,-0.050037,-0.147440,,3.230245,1028.486013,1.296385,10.000000,,VFR,barnes,envelope,False
2026-04-21T09:47:20Z,37.999529,-79.185956,106.680000,223.187231,335.222222,0.157333,0.216501,0.267631,233.993845,0.169955,0.233870,0.289102,0.262885,-0.050179,-0.147860,,3.233674,1028.486851,1.296370,10.000000,,VFR,barnes,envelope,False
2026-04-21T09:47:30Z,37.998248,-79.187461,106.680000,223.187231,335.416667,0.157326,0.216688,0.267778,234.018594,0.185370,0.255314,0.315511,0.263007,-0.050321,-0.148276,,3.237111,1028.487689,1.296354,10.000000,,VFR,barnes,envelope,False
2026-04-21T09:47:40Z,37.996967,-79.188965,106.680000,223.187231,335.611111,0.157318,0.216872,0.267922,234.043069,0.194266,0.267807,0.330847,0.263128,-0.050460,-0.148687,,3.240553,1028.488526,1.296339,10.000000,,VFR,barnes,envelope,False
2026-04-21T09:47:50Z,37.995686,-79.190470,106.680000,223.187231,335.805556,0.157310,0.217054,0.268064,234.067268,0.236517,0.326343,0.403039,0.263246,-0.050598,-0.149094,,3.244002,1028.489363,1.296324,10.000000,,VFR,barnes,envelope,False
2026-04-21T09:48:00Z,37.994405,-79.191975,106.680000,223.187231,336.000000,0.157301,0.217232,0.268204,234.091189,0.294482,0.406679,0.502103,0.263362,-0.050734,-0.149496,,3.247458,1028.490199,1.296309,10.000000,,VFR,barnes,envelope,False
2026-04-21T09:48:10Z,37.993124,-79.193480,106.680000,223.187231,336.194444,0.157292,0.217409,0.268342,234.114832,0.200463,0.277080,0.341992,0.263476,-0.050869,-0.149893,,3.250920,1028.491035,1.296294,10.000000,,VFR,barnes,envelope,False
2026-04-21T09:48:20Z,37.991843,-79.194985,106.680000,223.187231,336.388889,0.157282,0.217582,0.268477,234.138193,0.162240,0.224441,0.276939,0.263588,-0.051002,-0.150285,,3.254388,1028.491870,1.296279,10.000000,,VFR,barnes,envelope,False
2026-04-21T09:48:30Z,37.990562,-79.196490,106.680000,223.187231,336.583333,0.157272,0.217753,0.268609,234.161273,0.099139,0.137264,0.169322,0.263697,-0.051134,-0.150672,,3.257863,1028.492704,1.296263,10.000000,,VFR,barnes,envelope,False
2026-04-21T09:48:40Z,37.989281,-79.197995,106.680000,223.187231,336.777778,0.157262,0.217921,0.268739,234.184070,0.125416,0.173792,0.214319,0.263805,-0.051263,-0.151054,,3.261344,1028.493538,1.296248,10.000000,,VFR,barnes,envelope,False
2026-04-21T09:48:50Z,37.988000,-79.199500,106.680000,223.187231,336.972222,0.157251,0.218087,0.268867,234.206580,0.147734,0.204888,0.252596,0.263910,-0.051391,-0.151432,,3.264831,1028.494371,1.296233,10.000000,,VFR,barnes,envelope,False
2026-04-21T09:49:00Z,37.986719,-79.201005,106.680000,223.187231,337.166667,0.157240,0.218250,0.268993,234.228804,0.208518,0.289424,0.356715,0.264013,-0.051518,-0.151804,,3.268325,1028.495204,1.296218,10.000000,,VFR,barnes,envelope,False
2026-04-21T09:49:10Z,37.985438,-79.202510,106.680000,223.187231,337.361111,0.157228,0.218410,0.269116,234.250740,0.177722,0.246879,0.304195,0.264115,-0.051643,-0.152172,,3.271824,1028.496036,1.296202,10.000000,,VFR,barnes,envelope,False
2026-04-21T09:49:20Z,37.984157,-79.204015,106.680000,223.187231,337.555556,0.157216,0.218567,0.269237,234.272384,0.228192,0.317240,0.390785,0.264214,-0.051766,-0.152534,,3.275330,1028.496868,1.296187,10.000000,,VFR,barnes,envelope,False
2026-04-21T09:49:30Z,37.982876,-79.205520,106.680000,223.187231,337.750000,0.157204,0.218722,0.269355,234.293737,0.123545,0.171891,0.211683,0.264311,-0.051887,-0.152891,,3.278842,1028.497699,1.296171,10.000000,,VFR,barnes,envelope,False
2026-04-21T09:49:40Z,37.981595,-79.207025,106.680000,223.187231,337.944444,0.157191,0.218874,0.269471,234.314796,0.136551,0.190135,0.234088,0.264405,-0.052006,-0.153244,,3.282360,1028.498530,1.296156,10.000000,,VFR,barnes,envelope,False
2026-04-21T09:49:50Z,37.980314,-79.208530,106.680000,223.187231,338.138889,0.157178,0.219023,0.269585,234.335560,0.116437,0.162251,0.199707,0.264498,-0.052124,-0.153591,,3.285884,1028.499360,1.296140,10.000000,,VFR,barnes,envelope,False
2026-04-21T09:50:00Z,37.979033,-79.210035,106.680000,223.187231,338.333333,0.157165,0.219170,0.269696,234.356026,0.111201,0.155072,0.190822,0.264588,-0.052240,-0.153933,,-1.566720,1028.500190,1.319301,10.000000,,VFR,barnes,envelope,False
2026-04-21T09:50:10Z,37.977752,-79.211540,106.680000,223.187231,338.527778,0.156933,0.219329,0.269691,234.415681,0.113876,0.159152,0.195696,0.264529,-0.052515,-0.154741,,-1.565429,1028.501826,1.319297,10.000000,,VFR,barnes,envelope,False
2026-04-21T09:50:20Z,37.976471,-79.213045,106.680000,223.187231,338.722222,0.156704,0.219486,0.269685,234.474675,0.114653,0.160587,0.197316,0.264469,-0.052786,-0.155540,,-1.564133,1028.503470,1.319292,10.000000,,VFR,barnes,envelope,False
2026-04-21T09:50:30Z,37.975190,-79.214550,106.680000,223.187231,338.916667,0.156476,0.219639,0.269678,234.533008,0.124614,0.174916,0.214766,0.264408,-0.053054,-0.156330,,-1.562832,1028.505121,1.319288,10.000000,,VFR,barnes,envelope,False
2026-04-21T09:50:40Z,37.973909,-79.216055,106.680000,223.187231,339.111111,0.156250,0.219790,0.269670,234.590679,0.065143,0.091633,0.112429,0.264346,-0.053318,-0.157109,,-1.561525,1028.506779,1.319284,10.000000,,VFR,barnes,envelope,False
2026-04-21T09:50:50Z,37.972628,-79.217560,106.680000,223.187231,339.305556,0.156026,0.219938,0.269660,234.647690,0.080503,0.113479,0.139133,0.264284,-0.053579,-0.157878,,-1.560214,1028.508445,1.319280,10.000000,,VFR,barnes,envelope,False
2026-04-21T09:51:00Z,37.971347,-79.219065,106.680000,223.187231,339.500000,0.155804,0.220083,0.269650,234.704041,0.088082,0.124421,0.152444,0.264221,-0.053837,-0.158638,,-1.558897,1028.510117,1.319275,10.000000,,VFR,barnes,envelope,False
2026-04-21T09:51:10Z,37.970066,-79.220570,106.680000,223.187231,339.694444,0.155570,0.220230,0.269635,234.762669,0.112268,0.158930,0.194583,0.264151,-0.054104,-0.159426,,-1.557575,1028.511797,1.319271,10.000000,,VFR,barnes,envelope,False
2026-04-21T09:51:20Z,37.968785,-79.222075,106.680000,223.187231,339.888889,0.155338,0.220374,0.269619,234.820619,0.052267,0.074150,0.090720,0.264080,-0.054368,-0.160203,,-1.556248,1028.513484,1.319267,10.000000,,VFR,barnes,envelope,False
2026-04-21T09:51:30Z,37.967504,-79.223580,106.680000,223.187231,340.083333,0.155107,0.220515,0.269602,234.877891,0.085285,0.121249,0.148239,0.264009,-0.054629,-0.160971,,-1.554916,1028.515178,1.319263,10.000000,,VFR,barnes,envelope,False
2026-04-21T09:51:40Z,37.966223,-79.225085,106.680000,223.187231,340.277778,0.154879,0.220653,0.269583,234.934485,0.011730,0.016711,0.020417,0.263937,-0.054886,-0.161728,,-1.553578,1028.516880,1.319258,10.000000,,VFR,barnes,envelope,False
2026-04-21T09:51:50Z,37.964942,-79.226590,106.680000,223.187231,340.472222,0.154652,0.220788,0.269564,234.990401,0.065608,0.093665,0.114357,0.263864,-0.055139,-0.162475,,-1.552236,1028.518589,1.319254,10.000000,,VFR,barnes,envelope,False
2026-04-21T09:52:00Z,37.963661,-79.228095,106.680000,223.187231,340.666667,0.154428,0.220920,0.269543,235.045639,0.060113,0.085996,0.104923,0.263790,-0.055389,-0.163212,,-1.550888,1028.520305,1.319250,10.000000,,VFR,barnes,envelope,False
2026-04-21T09:52:10Z,37.962380,-79.229600,106.680000,223.187231,340.861111,0.154328,0.221154,0.269678,235.091484,0.069902,0.100171,0.122150,0.263878,-0.055628,-0.163916,,-1.549535,1028.522028,1.319245,10.000000,,VFR,barnes,envelope,False
2026-04-21T09:52:20Z,37.961099,-79.231105,106.680000,223.187231,341.055556,0.154229,0.221384,0.269810,235.136682,0.163671,0.234937,0.286328,0.263963,-0.055864,-0.164610,,-1.548177,1028.523759,1.319241,10.000000,,VFR,barnes,envelope,False
2026-04-21T09:52:30Z,37.959818,-79.232610,106.680000,223.187231,341.250000,0.154130,0.221610,0.269939,235.181234,0.163555,0.235161,0.286445,0.264046,-0.056096,-0.165294,,-1.546814,1028.525497,1.319236,10.000000,,VFR,barnes,envelope,False
2026-04-21T09:52:40Z,37.958537,-79.234115,106.680000,223.187231,341.444444,0.154033,0.221832,0.270065,235.225142,0.192530,0.277274,0.337563,0.264127,-0.056325,-0.165968,,-1.545446,1028.527242,1.319232,10.000000,,VFR,barnes,envelope,False
2026-04-21T09:52:50Z,37.957256,-79.235620,106.680000,223.187231,341.638889,0.153936,0.222050,0.270189,235.268406,0.241235,0.347978,0.423418,0.264205,-0.056550,-0.166632,,-1.544072,1028.528995,1.319228,10.000000,,VFR,barnes,envelope,False
2026-04-21T09:53:00Z,37.955975,-79.237125,106.680000,223.187231,341.833333,0.153839,0.222263,0.270310,235.311028,0.196972,0.284580,0.346098,0.264281,-0.056772,-0.167285,,-1.542694,1028.530755,1.319223,10.000000,,VFR,barnes,envelope,False
2026-04-21T09:53:10Z,37.954694,-79.238630,106.680000,223.187231,342.027778,0.153743,0.222473,0.270428,235.353008,0.211860,0.306571,0.372653,0.264355,-0.056990,-0.167929,,-1.541310,1028.532522,1.319219,10.000000,,VFR,barnes,envelope,False
2026-04-21T09:53:20Z,37.953413,-79.240135,106.680000,223.187231,342.222222,0.153648,0.222679,0.270543,235.394348,0.123262,0.178641,0.217039,0.264426,-0.057205,-0.168563,,-1.539922,1028.534297,1.319214,10.000000,,VFR,barnes,envelope,False
2026-04-21T09:53:30Z,37.952132,-79.241640,106.680000,223.187231,342.416667,0.153554,0.222881,0.270656,235.435049,0.120651,0.175123,0.212661,0.264495,-0.057417,-0.169187,,-1.538528,1028.536079,1.319210,10.000000,,VFR,barnes,envelope,False
2026-04-21T09:53:40Z,37.950851,-79.243145,106.680000,223.187231,342.611111,0.153460,0.223078,0.270765,235.475111,0.134825,0.195989,0.237886,0.264562,-0.057625,-0.169800,,-1.537129,1028.537869,1.319205,10.000000,,VFR,barnes,envelope,False
2026-04-21T09:53:50Z,37.949570,-79.244650,106.680000,223.187231,342.805556,0.153367,0.223272,0.270872,235.514535,0.164012,0.238769,0.289673,0.264627,-0.057830,-0.170404,,-1.535725,1028.539666,1.319201,10.000000,,VFR,barnes,envelope,False
2026-04-21T09:54:00Z,37.948289,-79.246155,106.680000,223.187231,343.000000,0.153275,0.223461,0.270976,235.553322,0.139438,0.203288,0.246514,0.264689,-0.058031,-0.170997,,-1.534316,1028.541471,1.319196,10.000000,,VFR,barnes,envelope,False
2026-04-21T09:54:10Z,37.947008,-79.247660,106.680000,223.187231,343.194444,0.153183,0.223647,0.271077,235.591474,0.124508,0.181782,0.220333,0.264749,-0.058229,-0.171581,,-1.532902,1028.542332,1.319191,10.000000,,VFR,barnes,envelope,False
2026-04-21T09:54:20Z,37.945727,-79.249164,106.680000,223.187231,343.388889,0.153092,0.223828,0.271175,235.628989,0.112105,0.163903,0.198574,0.264807,-0.058424,-0.172154,,-1.531483,1028.543194,1.319185,10.000000,,VFR,barnes,envelope,False
2026-04-21T09:54:30Z,37.944446,-79.250669,106.680000,223.187231,343.583333,0.153002,0.224005,0.271271,235.665869,0.176151,0.257897,0.312314,0.264863,-0.058615,-0.172717,,-1.530059,1028.544056,1.319179,10.000000,,VFR,barnes,envelope,False
2026-04-21T09:54:40Z,37.943165,-79.252174,106.680000,223.187231,343.777778,0.152912,0.224179,0.271364,235.702116,0.115547,0.169399,0.205054,0.264916,-0.058803,-0.173270,,-1.528630,1028.544918,1.319173,10.000000,,VFR,barnes,envelope,False
2026-04-21T09:54:50Z,37.941884,-79.253679,106.680000,223.187231,343.972222,0.152823,0.224348,0.271453,235.737728,0.092627,0.135978,0.164529,0.264967,-0.058987,-0.173812,,-1.527196,1028.545780,1.319167,10.000000,,VFR,barnes,envelope,False
2026-04-21T09:55:00Z,37.940603,-79.255184,106.680000,223.187231,344.166667,0.152735,0.224513,0.271540,235.772706,0.099039,0.145583,0.176077,0.265016,-0.059167,-0.174345,,3.399761,1028.546643,1.295666,10.000000,,VFR,barnes,envelope,False
2026-04-21T09:55:10Z,37.939322,-79.256689,106.680000,223.187231,344.361111,0.153594,0.224738,0.272210,235.649862,0.110205,0.161250,0.195312,0.265796,-0.058744,-0.173096,,3.404196,1028.546841,1.295646,10.000000,,VFR,barnes,envelope,False
2026-04-21T09:55:20Z,37.938041,-79.258194,106.680000,223.187231,344.555556,0.154454,0.224963,0.272882,235.527406,0.119304,0.173767,0.210780,0.266577,-0.058319,-0.171845,,3.408627,1028.547038,1.295625,10.000000,,VFR,barnes,envelope,False
2026-04-21T09:55:30Z,37.936760,-79.259699,106.680000,223.187231,344.750000,0.155316,0.225188,0.273556,235.405342,0.126802,0.183847,0.223335,0.267360,-0.057894,-0.170591,,3.413056,1028.547234,1.295605,10.000000,,VFR,barnes,envelope,False
2026-04-21T09:55:40Z,37.935479,-79.261204,106.680000,223.187231,344.944444,0.156179,0.225414,0.274233,235.283672,0.132980,0.191930,0.233497,0.268144,-0.057468,-0.169336,,3.417482,1028.547429,1.295584,10.000000,,VFR,barnes,envelope,False
2026-04-21T09:55:50Z,37.934198,-79.262709,106.680000,223.187231,345.138889,0.157044,0.225641,0.274912,235.162400,0.138074,0.198385,0.241704,0.268929,-0.057041,-0.168078,,3.421906,1028.547623,1.295564,10.000000,,VFR,barnes,envelope,False
2026-04-21T09:56:00Z,37.932917,-79.264214,106.680000,223.187231,345.333333,0.157910,0.225867,0.275593,235.041527,0.142366,0.203634,0.248465,0.269716,-0.056613,-0.166819,,3.426327,1028.547816,1.295543,10.000000,,VFR,barnes,envelope,False
2026-04-21T09:56:10Z,37.931636,-79.265719,106.680000,223.187231,345.527778,0.158778,0.226094,0.276277,234.921058,0.145913,0.207775,0.253892,0.270504,-0.056185,-0.165557,,3.430745,1028.548008,1.295523,10.000000,,VFR,barnes,envelope,False
2026-04-21T09:56:20Z,37.930355,-79.267224,106.680000,223.187231,345.722222,0.159646,0.226322,0.276963,234.800993,0.149034,0.211276,0.258551,0.271293,-0.055756,-0.164293,,3.435160,1028.548199,1.295502,10.000000,,VFR,barnes,envelope,False
2026-04-21T09:56:30Z,37.929074,-79.268729,106.680000,223.187231,345.916667,0.160517,0.226549,0.277651,234.681337,0.151744,0.214168,0.262478,0.272083,-0.055327,-0.163028,,3.439572,1028.548389,1.295482,10.000000,,VFR,barnes,envelope,False
2026-04-21T09:56:40Z,37.927793,-79.270234,106.680000,223.187231,346.111111,0.161388,0.226778,0.278342,234.562090,0.154123,0.216569,0.265812,0.272875,-0.054897,-0.161760,,3.443981,1028.548578,1.295462,10.000000,,VFR,barnes,envelope,False
2026-04-21T09:56:50Z,37.926512,-79.271739,106.680000,223.187231,346.305556,0.162261,0.227006,0.279035,234.443257,0.156003,0.218251,0.268273,0.273668,-0.054466,-0.160491,,3.448387,1028.548766,1.295441,10.000000,,VFR,barnes,envelope,False
2026-04-21T09:57:00Z,37.925231,-79.273244,106.680000,223.187231,346.500000,0.163136,0.227235,0.279730,234.324838,0.157779,0.219773,0.270545,0.274462,-0.054034,-0.159220,,3.452790,1028.548952,1.295421,10.000000,,VFR,barnes,envelope,False
2026-04-21T09:57:10Z,37.923950,-79.274749,106.680000,223.187231,346.694444,0.164011,0.227465,0.280428,234.206838,0.159522,0.221238,0.272752,0.275257,-0.053602,-0.157947,,3.457189,1028.549138,1.295400,10.000000,,VFR,barnes,envelope,False
2026-04-21T09:57:20Z,37.922669,-79.276254,106.680000,223.187231,346.888889,0.164888,0.227694,0.281128,234.089257,0.160983,0.222302,0.274470,0.276054,-0.053170,-0.156672,,3.461586,1028.549323,1.295380,10.000000,,VFR,barnes,envelope,False
2026-04-21T09:57:30Z,37.921388,-79.277759,106.680000,223.187231,347.083333,0.165766,0.227924,0.281830,233.972098,0.162260,0.223103,0.275868,0.276852,-0.052737,-0.155395,,3.465979,1028.549507,1.295360,10.000000,,VFR,barnes,envelope,False
2026-04-21T09:57:40Z,37.920107,-79.279264,106.680000,223.187231,347.277778,0.166646,0.228155,0.282534,233.855364,0.163581,0.223959,0.277338,0.277651,-0.052303,-0.154117,,3.470368,1028.549690,1.295339,10.000000,,VFR,barnes,envelope,False
2026-04-21T09:57:50Z,37.918826,-79.280769,106.680000,223.187231,347.472222,0.167527,0.228386,0.283241,233.739056,0.164492,0.224250,0.278111,0.278451,-0.051868,-0.152837,,3.474755,1028.549872,1.295319,10.000000,,VFR,barnes,envelope,False
2026-04-21T09:58:00Z,37.917545,-79.282274,106.680000,223.187231,347.666667,0.168409,0.228617,0.283949,233.623177,0.165759,0.225021,0.279483,0.279252,-0.051434,-0.151556,,3.479137,1028.550052,1.295299,10.000000,,VFR,barnes,envelope,False
2026-04-21T09:58:10Z,37.916264,-79.283779,106.680000,223.187231,347.861111,0.169292,0.228849,0.284660,233.507729,0.166817,0.225503,0.280499,0.280055,-0.050998,-0.150273,,3.483516,1028.550232,1.295279,10.000000,,VFR,barnes,envelope,False
2026-04-21T09:58:20Z,37.914983,-79.285284,106.680000,223.187231,348.055556,0.170176,0.229081,0.285374,233.392714,0.167857,0.225960,0.281486,0.280859,-0.050562,-0.148988,,3.487892,1028.550411,1.295258,10.000000,,VFR,barnes,envelope,False
2026-04-21T09:58:30Z,37.913702,-79.286789,106.680000,223.187231,348.250000,0.171061,0.229314,0.286089,233.278134,0.168878,0.226387,0.282437,0.281663,-0.050126,-0.147702,,3.492263,1028.550589,1.295238,10.000000,,VFR,barnes,envelope,False
2026-04-21T09:58:40Z,37.912421,-79.288294,106.680000,223.187231,348.444444,0.171948,0.229547,0.286806,233.163991,0.169672,0.226508,0.283010,0.282469,-0.049689,-0.146415,,3.496631,1028.550766,1.295218,10.000000,,VFR,barnes,envelope,False
2026-04-21T09:58:50Z,37.911140,-79.289799,106.680000,223.187231,348.638889,0.172836,0.229780,0.287526,233.050287,0.171040,0.227393,0.284538,0.283276,-0.049251,-0.145126,,3.500995,1028.550942,1.295198,10.000000,,VFR,barnes,envelope,False
2026-04-21T09:59:00Z,37.909859,-79.291304,106.680000,223.187231,348.833333,0.173725,0.230014,0.288248,232.937023,0.171707,0.227342,0.284900,0.284085,-0.048814,-0.143836,,3.505356,1028.551117,1.295177,10.000000,,VFR,barnes,envelope,False
2026-04-21T09:59:10Z,37.908578,-79.292809,106.680000,223.187231,349.027778,0.174615,0.230249,0.288972,232.824203,0.172710,0.227737,0.285820,0.284894,-0.048375,-0.142544,,3.509712,1028.551291,1.295157,10.000000,,VFR,barnes,envelope,False
2026-04-21T09:59:20Z,37.907297,-79.294314,106.680000,223.187231,349.222222,0.175506,0.230483,0.289698,232.711826,0.173642,0.228035,0.286621,0.285704,-0.047937,-0.141252,,3.514064,1028.551464,1.295137,10.000000,,VFR,barnes,envelope,False
2026-04-21T09:59:30Z,37.906016,-79.295819,106.680000,223.187231,349.416667,0.176398,0.230718,0.290426,232.599896,0.174498,0.228234,0.287298,0.286516,-0.047497,-0.139958,,3.518412,1028.551636,1.295117,10.000000,,VFR,barnes,envelope,False
2026-04-21T09:59:40Z,37.904735,-79.297324,106.680000,223.187231,349.611111,0.177291,0.230954,0.291156,232.488415,0.175736,0.228928,0.288602,0.287328,-0.047058,-0.138662,,3.522756,1028.551808,1.295097,10.000000,,VFR,barnes,envelope,False
2026-04-21T09:59:50Z,37.903455,-79.298829,106.680000,223.187231,349.805556,0.178186,0.231190,0.291889,232.377382,0.176804,0.229398,0.289626,0.288142,-0.046618,-0.137366,,3.527096,1028.551978,1.295077,10.000000,,VFR,barnes,envelope,False
2026-04-21T10:00:00Z,37.902174,-79.300334,106.680000,223.187231,350.000000,0.179081,0.231427,0.292623,232.266802,0.177150,0.228931,0.289468,0.288957,-0.046178,-0.136069,,3.531432,1028.552148,1.295057,10.000000,,VFR,barnes,envelope,False
2026-04-21T10:00:10Z,37.900893,-79.301839,106.680000,223.187231,350.194444,0.179845,0.231096,0.292831,232.109013,0.178183,0.228960,0.290124,0.289288,-0.045414,-0.133818,,3.535763,1028.553576,1.295038,10.000000,,VFR,barnes,envelope,False
2026-04-21T10:00:20Z,37.899612,-79.303344,106.680000,223.187231,350.388889,0.180611,0.230771,0.293046,231.951789,0.178914,0.228603,0.290292,0.289624,-0.044653,-0.131575,,3.540090,1028.554999,1.295020,10.000000,,VFR,barnes,envelope,False
2026-04-21T10:00:30Z,37.898331,-79.304849,106.680000,223.187231,350.583333,0.181379,0.230452,0.293269,231.795140,0.179873,0.228537,0.290832,0.289965,-0.043894,-0.129340,,3.544413,1028.556417,1.295001,10.000000,,VFR,barnes,envelope,False
2026-04-21T10:00:40Z,37.897050,-79.306354,106.680000,223.187231,350.777778,0.182150,0.230138,0.293500,231.639077,0.180157,0.227620,0.290289,0.290312,-0.043138,-0.127112,,3.548730,1028.557830,1.294983,10.000000,,VFR,barnes,envelope,False
2026-04-21T10:00:50Z,37.895769,-79.307858,106.680000,223.187231,350.972222,0.182922,0.229829,0.293738,231.483611,0.181316,0.227811,0.291159,0.290664,-0.042385,-0.124892,,3.553044,1028.559237,1.294964,10.000000,,VFR,barnes,envelope,False
2026-04-21T10:01:00Z,37.894488,-79.309363,106.680000,223.187231,351.166667,0.183696,0.229526,0.293984,231.328751,0.182222,0.227685,0.291625,0.291021,-0.041634,-0.122679,,3.557353,1028.560639,1.294946,10.000000,,VFR,barnes,envelope,False
2026-04-21T10:01:10Z,37.893207,-79.310868,106.680000,223.187231,351.361111,0.184472,0.229228,0.294237,231.174508,0.182978,0.227372,0.291854,0.291383,-0.040885,-0.120474,,3.561657,1028.562035,1.294928,10.000000,,VFR,barnes,envelope,False
2026-04-21T10:01:20Z,37.891926,-79.312373,106.680000,223.187231,351.555556,0.185250,0.228935,0.294498,231.020891,0.183947,0.227325,0.292426,0.291750,-0.040139,-0.118276,,3.565956,1028.563426,1.294909,10.000000,,VFR,barnes,envelope,False
2026-04-21T10:01:30Z,37.890645,-79.313878,106.680000,223.187231,351.750000,0.186030,0.228648,0.294766,230.867910,0.184864,0.227215,0.292919,0.292122,-0.039396,-0.116086,,3.570250,1028.564812,1.294891,10.000000,,VFR,barnes,envelope,False
2026-04-21T10:01:40Z,37.889364,-79.315383,106.680000,223.187231,351.944444,0.186812,0.228366,0.295042,230.715575,0.185892,0.227241,0.293589,0.292499,-0.038655,-0.113903,,3.574540,1028.566193,1.294873,10.000000,,VFR,barnes,envelope,False
2026-04-21T10:01:50Z,37.888083,-79.316888,106.680000,223.187231,352.138889,0.187595,0.228089,0.295325,230.563894,0.186550,0.226818,0.293679,0.292881,-0.037917,-0.111728,,3.578824,1028.567568,1.294854,10.000000,,VFR,barnes,envelope,False
2026-04-21T10:02:00Z,37.886802,-79.318393,106.680000,223.187231,352.333333,0.188381,0.227818,0.295615,230.412877,0.187117,0.226289,0.293632,0.293267,-0.037182,-0.109561,,3.583104,1028.568938,1.294836,10.000000,,VFR,barnes,envelope,False
2026-04-21T10:02:10Z,37.885521,-79.319898,106.680000,223.187231,352.527778,0.189168,0.227551,0.295912,230.262533,0.187925,0.226055,0.293967,0.293659,-0.036449,-0.107401,,3.587378,1028.570302,1.294818,10.000000,,VFR,barnes,envelope,False
2026-04-21T10:02:20Z,37.884240,-79.321403,106.680000,223.187231,352.722222,0.189957,0.227290,0.296217,230.112871,0.188844,0.225958,0.294481,0.294056,-0.035718,-0.105248,,3.591648,1028.571661,1.294799,10.000000,,VFR,barnes,envelope,False
2026-04-21T10:02:30Z,37.882959,-79.322908,106.680000,223.187231,352.916667,0.190748,0.227034,0.296529,229.963898,0.189959,0.226094,0.295301,0.294457,-0.034990,-0.103104,,3.595912,1028.573015,1.294781,10.000000,,VFR,barnes,envelope,False
2026-04-21T10:02:40Z,37.881678,-79.324413,106.680000,223.187231,353.111111,0.191541,0.226783,0.296848,229.815624,0.190534,0.225591,0.295287,0.294863,-0.034265,-0.100966,,3.600171,1028.574364,1.294763,10.000000,,VFR,barnes,envelope,False
2026-04-21T10:02:50Z,37.880397,-79.325918,106.680000,223.187231,353.305556,0.192335,0.226538,0.297173,229.668055,0.191206,0.225208,0.295429,0.295274,-0.033542,-0.098837,,3.604424,1028.575707,1.294745,10.000000,,VFR,barnes,envelope,False
2026-04-21T10:03:00Z,37.879116,-79.327423,106.680000,223.187231,353.500000,0.193131,0.226297,0.297506,229.521201,0.192359,0.225392,0.296316,0.295690,-0.032822,-0.096714,,3.608672,1028.577046,1.294727,10.000000,,VFR,barnes,envelope,False
2026-04-21T10:03:10Z,37.877835,-79.328928,106.680000,223.187231,353.694444,0.193929,0.226061,0.297846,229.375069,0.193353,0.225390,0.296961,0.296111,-0.032104,-0.094600,,3.612915,1028.578378,1.294708,10.000000,,VFR,barnes,envelope,False
2026-04-21T10:03:20Z,37.876554,-79.330433,106.680000,223.187231,353.888889,0.194728,0.225831,0.298192,229.229667,0.193484,0.224388,0.296286,0.296536,-0.031389,-0.092493,,3.617152,1028.579706,1.294690,10.000000,,VFR,barnes,envelope,False
2026-04-21T10:03:30Z,37.875273,-79.331938,106.680000,223.187231,354.083333,0.195529,0.225606,0.298546,229.085001,0.194313,0.224202,0.296688,0.296965,-0.030677,-0.090393,,3.621384,1028.581028,1.294672,10.000000,,VFR,barnes,envelope,False
2026-04-21T10:03:40Z,37.873992,-79.333443,106.680000,223.187231,354.277778,0.196332,0.225385,0.298906,228.941079,0.194529,0.223315,0.296161,0.297400,-0.029967,-0.088301,,3.625610,1028.582345,1.294654,10.000000,,VFR,barnes,envelope,False
2026-04-21T10:03:50Z,37.872711,-79.334948,106.680000,223.187231,354.472222,0.197136,0.225170,0.299273,228.797907,0.195119,0.222866,0.296211,0.297839,-0.029259,-0.086217,,3.629830,1028.583657,1.294636,10.000000,,VFR,barnes,envelope,False
2026-04-21T10:04:00Z,37.871430,-79.336453,106.680000,223.187231,354.666667,0.197942,0.224960,0.299646,228.655494,0.195997,0.222750,0.296702,0.298282,-0.028555,-0.084140,,3.634044,1028.584963,1.294618,10.000000,,VFR,barnes,envelope,False
2026-04-21T10:04:10Z,37.870149,-79.337958,106.680000,223.187231,354.861111,0.198749,0.224754,0.300026,228.513844,0.197649,0.223511,0.298366,0.298730,-0.027852,-0.082071,,3.638253,1028.586265,1.294600,10.000000,,VFR,barnes,envelope,False
2026-04-21T10:04:20Z,37.868868,-79.339463,106.680000,223.187231,355.055556,0.199558,0.224554,0.300413,228.372966,0.198085,0.222897,0.298196,0.299183,-0.027153,-0.080009,,3.642456,1028.587561,1.294582,10.000000,,VFR,barnes,envelope,False
2026-04-21T10:04:30Z,37.867587,-79.340968,106.680000,223.187231,355.250000,0.200368,0.224358,0.300806,228.232863,0.199233,0.223087,0.299102,0.299640,-0.026456,-0.077955,,3.646652,1028.588851,1.294564,10.000000,,VFR,barnes,envelope,False
2026-04-21T10:04:40Z,37.866306,-79.342473,106.680000,223.187231,355.444444,0.201180,0.224168,0.301205,228.093544,0.200390,0.223288,0.300023,0.300102,-0.025761,-0.075909,,3.650843,1028.590137,1.294546,10.000000,,VFR,barnes,envelope,False
2026-04-21T10:04:50Z,37.865025,-79.343978,106.680000,223.187231,355.638889,0.201993,0.223982,0.301611,227.955014,0.201068,0.222957,0.300230,0.300568,-0.025069,-0.073870,,3.655028,1028.591417,1.294528,10.000000,,VFR,barnes,envelope,False
2026-04-21T10:05:00Z,37.863744,-79.345483,106.680000,223.187231,355.833333,0.202808,0.223802,0.302024,227.817277,0.202047,0.222962,0.300891,0.301038,-0.024380,-0.071839,,3.659206,1028.592692,1.294510,10.000000,,VFR,barnes,envelope,False
2026-04-21T10:05:10Z,37.862463,-79.346988,106.680000,223.187231,356.027778,0.203369,0.224640,0.303021,227.845068,0.202502,0.223682,0.301730,0.302021,-0.024607,-0.072508,,3.663378,1028.594041,1.294492,10.000000,,VFR,barnes,envelope,False
2026-04-21T10:05:20Z,37.861182,-79.348493,106.680000,223.187231,356.222222,0.203932,0.225474,0.304018,227.872031,0.202428,0.223812,0.301776,0.303002,-0.024830,-0.073166,,3.667544,1028.595393,1.294474,10.000000,,VFR,barnes,envelope,False
2026-04-21T10:05:30Z,37.859901,-79.349998,106.680000,223.187231,356.416667,0.204496,0.226306,0.305013,227.898179,0.202803,0.224432,0.302488,0.303982,-0.025050,-0.073814,,3.671704,1028.596748,1.294456,10.000000,,VFR,barnes,envelope,False
2026-04-21T10:05:40Z,37.858620,-79.351503,106.680000,223.187231,356.611111,0.205062,0.227134,0.306007,227.923523,0.203559,0.225469,0.303764,0.304962,-0.025267,-0.074452,,3.675857,1028.598105,1.294439,10.000000,,VFR,barnes,envelope,False
2026-04-21T10:05:50Z,37.857339,-79.353008,106.680000,223.187231,356.805556,0.205629,0.227959,0.306999,227.948078,0.204224,0.226401,0.304902,0.305940,-0.025480,-0.075080,,3.680004,1028.599465,1.294421,10.000000,,VFR,barnes,envelope,False
2026-04-21T10:06:00Z,37.856058,-79.354513,106.680000,223.187231,357.000000,0.206198,0.228780,0.307991,227.971855,0.205150,0.227617,0.306424,0.306917,-0.025690,-0.075698,,3.684144,1028.600827,1.294403,10.000000,,VFR,barnes,envelope,False
2026-04-21T10:06:10Z,37.854777,-79.356018,106.680000,223.187231,357.194444,0.206769,0.229599,0.308981,227.994866,0.205196,0.227852,0.306630,0.307894,-0.025896,-0.076306,,3.688277,1028.602192,1.294386,10.000000,,VFR,barnes,envelope,False
2026-04-21T10:06:20Z,37.853496,-79.357523,106.680000,223.187231,357.388889,0.207341,0.230414,0.309969,228.017123,0.205503,0.228371,0.307221,0.308869,-0.026099,-0.076903,,3.692404,1028.603559,1.294368,10.000000,,VFR,barnes,envelope,False
2026-04-21T10:06:30Z,37.852215,-79.359028,106.680000,223.187231,357.583333,0.207915,0.231226,0.310957,228.038638,0.205498,0.228538,0.307342,0.309843,-0.026298,-0.077491,,3.696524,1028.604929,1.294351,10.000000,,VFR,barnes,envelope,False
2026-04-21T10:06:40Z,37.850934,-79.360533,106.680000,223.187231,357.777778,0.208490,0.232035,0.311943,228.059423,0.206197,0.229484,0.308513,0.310816,-0.026494,-0.078069,,3.700637,1028.606302,1.294333,10.000000,,VFR,barnes,envelope,False
2026-04-21T10:06:50Z,37.849653,-79.362038,106.680000,223.187231,357.972222,0.209067,0.232841,0.312928,228.079490,0.206926,0.230456,0.309723,0.311788,-0.026687,-0.078638,,3.704744,1028.607677,1.294316,10.000000,,VFR,barnes,envelope,False
2026-04-21T10:07:00Z,37.848372,-79.363543,106.680000,223.187231,358.166667,0.209645,0.233644,0.313912,228.098849,0.207447,0.231194,0.310620,0.312759,-0.026877,-0.079196,,3.708843,1028.609055,1.294298,10.000000,,VFR,barnes,envelope,False
2026-04-21T10:07:10Z,37.847091,-79.365048,106.680000,223.187231,358.361111,0.210225,0.234444,0.314894,228.117513,0.207938,0.231893,0.311468,0.313729,-0.027063,-0.079745,,3.712936,1028.610436,1.294281,10.000000,,VFR,barnes,envelope,False
2026-04-21T10:07:20Z,37.845810,-79.366552,106.680000,223.187231,358.555556,0.210806,0.235240,0.315876,228.135491,0.208360,0.232511,0.312210,0.314698,-0.027246,-0.080285,,3.717021,1028.611819,1.294264,10.000000,,VFR,barnes,envelope,False
2026-04-21T10:07:30Z,37.844529,-79.368057,106.680000,223.187231,358.750000,0.211389,0.236034,0.316855,228.152796,0.208904,0.233259,0.313130,0.315666,-0.027426,-0.080815,,3.721099,1028.613204,1.294246,10.000000,,VFR,barnes,envelope,False
2026-04-21T10:07:40Z,37.843248,-79.369562,106.680000,223.187231,358.944444,0.211973,0.236825,0.317834,228.169438,0.209412,0.233964,0.313994,0.316633,-0.027603,-0.081335,,3.725171,1028.614592,1.294229,10.000000,,VFR,barnes,envelope,False
2026-04-21T10:07:50Z,37.841967,-79.371067,106.680000,223.187231,359.138889,0.212559,0.237612,0.318812,228.185428,0.209475,0.234165,0.314186,0.317599,-0.027776,-0.081847,,3.729234,1028.615983,1.294212,10.000000,,VFR,barnes,envelope,False
2026-04-21T10:08:00Z,37.840686,-79.372572,106.680000,223.187231,359.333333,0.213146,0.238397,0.319788,228.200776,0.210389,0.235314,0.315652,0.318564,-0.027947,-0.082349,,3.733291,1028.617376,1.294195,10.000000,,VFR,barnes,envelope,False
2026-04-21T10:08:10Z,37.839405,-79.374077,106.680000,223.187231,359.527778,0.213734,0.239179,0.320763,228.215493,0.211085,0.236214,0.316787,0.319528,-0.028114,-0.082842,,3.737340,1028.618771,1.294177,10.000000,,VFR,barnes,envelope,False
2026-04-21T10:08:20Z,37.838124,-79.375582,106.680000,223.187231,359.722222,0.214324,0.239958,0.321737,228.229589,0.211301,0.236573,0.317199,0.320492,-0.028278,-0.083325,,3.741382,1028.620170,1.294160,10.000000,,VFR,barnes,envelope,False
2026-04-21T10:08:30Z,37.836843,-79.377087,106.680000,223.187231,359.916667,0.214915,0.240734,0.322709,228.243075,0.212215,0.237708,0.318654,0.321454,-0.028439,-0.083800,,3.745416,1028.621570,1.294143,10.000000,,VFR,barnes,envelope,False
2026-04-21T10:08:40Z,37.835562,-79.378592,106.680000,223.187231,360.111111,0.215508,0.241507,0.323681,228.255960,0.212191,0.237789,0.318698,0.322415,-0.028597,-0.084266,,3.749443,1028.622973,1.294126,10.000000,,VFR,barnes,envelope,False
2026-04-21T10:08:50Z,37.834281,-79.380097,106.680000,223.187231,360.305556,0.216102,0.242277,0.324651,228.268254,0.213478,0.239335,0.320709,0.323375,-0.028753,-0.084723,,3.753462,1028.624379,1.294109,10.000000,,VFR,barnes,envelope,False
2026-04-21T10:09:00Z,37.833000,-79.381602,106.680000,223.187231,360.500000,0.216697,0.243044,0.325620,228.279968,0.213506,0.239466,0.320825,0.324334,-0.028905,-0.085171,,3.757473,1028.625787,1.294092,10.000000,,VFR,barnes,envelope,False
2026-04-21T10:09:10Z,37.831719,-79.383107,106.680000,223.187231,360.694444,0.217294,0.243809,0.326588,228.291111,0.213851,0.239946,0.321413,0.325293,-0.029054,-0.085611,,3.761476,1028.627198,1.294075,10.000000,,VFR,barnes,envelope,False
2026-04-21T10:09:20Z,37.830438,-79.384612,106.680000,223.187231,360.888889,0.217892,0.244571,0.327554,228.301693,0.214517,0.240783,0.322480,0.326250,-0.029200,-0.086042,,3.765472,1028.628611,1.294058,10.000000,,VFR,barnes,envelope,False
2026-04-21T10:09:30Z,37.829157,-79.386117,106.680000,223.187231,361.083333,0.218491,0.245330,0.328519,228.311723,0.215006,0.241417,0.323280,0.327206,-0.029343,-0.086464,,3.769460,1028.630026,1.294041,10.000000,,VFR,barnes,envelope,False
2026-04-21T10:09:40Z,37.827876,-79.387622,106.680000,223.187231,361.277778,0.219091,0.246086,0.329484,228.321211,0.216314,0.242966,0.325307,0.328162,-0.029484,-0.086878,,3.773439,1028.631444,1.294025,10.000000,,VFR,barnes,envelope,False
2026-04-21T10:09:50Z,37.826595,-79.389127,106.680000,223.187231,361.472222,0.219693,0.246840,0.330447,228.330166,0.216568,0.243328,0.325746,0.329116,-0.029621,-0.087284,,3.777411,1028.632865,1.294008,10.000000,,VFR,barnes,envelope,False
2026-04-21T10:10:00Z,37.825314,-79.390632,106.680000,223.187231,361.666667,0.220296,0.247591,0.331409,228.338597,0.217776,0.244758,0.327617,0.330070,-0.029756,-0.087681,,3.781375,1028.634288,1.293991,10.000000,,VFR,barnes,envelope,False
2026-04-21T10:10:10Z,37.824033,-79.392137,106.680000,223.187231,361.861111,0.222207,0.252195,0.336123,228.617005,0.217812,0.247207,0.329475,0.334615,-0.031806,-0.093720,,3.785330,1028.634590,1.293973,10.000000,,VFR,barnes,envelope,False
2026-04-21T10:10:20Z,37.822752,-79.393642,106.680000,223.187231,362.055556,0.224113,0.256785,0.340830,228.886691,0.218014,0.249797,0.331554,0.339146,-0.033848,-0.099738,,3.789277,1028.634890,1.293955,10.000000,,VFR,barnes,envelope,False
2026-04-21T10:10:30Z,37.821471,-79.395147,106.680000,223.187231,362.250000,0.226014,0.261360,0.345531,229.148034,0.218619,0.252809,0.334225,0.343663,-0.035883,-0.105733,,3.793216,1028.635188,1.293937,10.000000,,VFR,barnes,envelope,False
2026-04-21T10:10:40Z,37.820190,-79.396652,106.680000,223.187231,362.444444,0.227911,0.265921,0.350225,229.401392,0.219476,0.256080,0.337263,0.348167,-0.037910,-0.111707,,3.797147,1028.635484,1.293919,10.000000,,VFR,barnes,envelope,False
2026-04-21T10:10:50Z,37.818909,-79.398157,106.680000,223.187231,362.638889,0.229802,0.270467,0.354910,229.647103,0.221891,0.261156,0.342692,0.352657,-0.039930,-0.117659,,3.801069,1028.635778,1.293901,10.000000,,VFR,barnes,envelope,False
2026-04-21T10:11:00Z,37.817628,-79.399662,106.680000,223.187231,362.833333,0.231689,0.274998,0.359588,229.885488,0.222963,0.264641,0.346045,0.357133,-0.041943,-0.123589,,3.804983,1028.636069,1.293883,10.000000,,VFR,barnes,envelope,False
2026-04-21T10:11:10Z,37.816347,-79.401167,106.680000,223.187231,363.027778,0.233571,0.279514,0.364257,230.116850,0.224240,0.268348,0.349706,0.361596,-0.043948,-0.129498,,3.808888,1028.636359,1.293865,10.000000,,VFR,barnes,envelope,False
2026-04-21T10:11:20Z,37.815066,-79.402672,106.680000,223.187231,363.222222,0.235447,0.284016,0.368918,230.341476,0.225369,0.271858,0.353126,0.366046,-0.045945,-0.135384,,3.812784,1028.636647,1.293847,10.000000,,VFR,barnes,envelope,False
2026-04-21T10:11:30Z,37.813785,-79.404177,106.680000,223.187231,363.416667,0.237319,0.288503,0.373570,230.559639,0.226657,0.275540,0.356785,0.370482,-0.047936,-0.141249,,3.816672,1028.636932,1.293830,10.000000,,VFR,barnes,envelope,False
2026-04-21T10:11:40Z,37.812504,-79.405682,106.680000,223.187231,363.611111,0.239187,0.292975,0.378212,230.771597,0.228056,0.279342,0.360613,0.374904,-0.049919,-0.147092,,3.820551,1028.637216,1.293812,10.000000,,VFR,barnes,envelope,False
2026-04-21T10:11:50Z,37.811223,-79.407187,106.680000,223.187231,363.805556,0.241049,0.297433,0.382846,230.977595,0.229299,0.282935,0.364184,0.379312,-0.051894,-0.152914,,3.824421,1028.637497,1.293794,10.000000,,VFR,barnes,envelope,False
2026-04-21T10:12:00Z,37.809942,-79.408692,106.680000,223.187231,364.000000,0.242906,0.301876,0.387469,231.177866,0.231444,0.287631,0.369186,0.383707,-0.053863,-0.158713,,3.828282,1028.637777,1.293776,10.000000,,VFR,barnes,envelope,False
2026-04-21T10:12:10Z,37.808661,-79.410197,106.680000,223.187231,364.194444,0.244759,0.306304,0.392083,231.372632,0.233449,0.292150,0.373966,0.388088,-0.055823,-0.164491,,3.832135,1028.638054,1.293759,10.000000,,VFR,barnes,envelope,False
2026-04-21T10:12:20Z,37.807380,-79.411702,106.680000,223.187231,364.388889,0.246606,0.310717,0.396686,231.562101,0.234925,0.295999,0.377896,0.392456,-0.057777,-0.170247,,3.835978,1028.638330,1.293741,10.000000,,VFR,barnes,envelope,False
2026-04-21T10:12:30Z,37.806099,-79.413207,106.680000,223.187231,364.583333,0.248449,0.315116,0.401279,231.746475,0.236811,0.300355,0.382482,0.396810,-0.059723,-0.175982,,3.839812,1028.638604,1.293724,10.000000,,VFR,barnes,envelope,False
2026-04-21T10:12:40Z,37.804818,-79.414712,106.680000,223.187231,364.777778,0.250286,0.319500,0.405862,231.925943,0.238525,0.304486,0.386789,0.401150,-0.061662,-0.181695,,3.843637,1028.638875,1.293706,10.000000,,VFR,barnes,envelope,False
2026-04-21T10:12:50Z,37.803537,-79.416217,106.680000,223.187231,364.972222,0.252119,0.323869,0.410433,232.100687,0.240353,0.308755,0.391279,0.405477,-0.063594,-0.187387,,3.847453,1028.639145,1.293689,10.000000,,VFR,barnes,envelope,False
2026-04-21T10:13:00Z,37.802256,-79.417722,106.680000,223.187231,365.166667,0.253947,0.328224,0.414994,232.270879,0.242329,0.313207,0.396008,0.409790,-0.065518,-0.193056,,3.851260,1028.639413,1.293671,10.000000,,VFR,barnes,envelope,False
2026-04-21T10:13:10Z,37.800975,-79.419227,106.680000,223.187231,365.361111,0.255770,0.332564,0.419544,232.436684,0.244245,0.317579,0.400640,0.414089,-0.067435,-0.198705,,3.855057,1028.639679,1.293654,10.000000,,VFR,barnes,envelope,False
2026-04-21T10:13:20Z,37.799694,-79.420732,106.680000,223.187231,365.555556,0.257588,0.336890,0.424083,232.598259,0.246020,0.321761,0.405038,0.418375,-0.069344,-0.204332,,3.858845,1028.639943,1.293636,10.000000,,VFR,barnes,envelope,False
2026-04-21T10:13:30Z,37.798413,-79.422237,106.680000,223.187231,365.750000,0.259401,0.341200,0.428610,232.755753,0.247881,0.326048,0.409576,0.422647,-0.071247,-0.209937,,3.862623,1028.640205,1.293619,10.000000,,VFR,barnes,envelope,False
2026-04-21T10:13:40Z,37.797132,-79.423742,106.680000,223.187231,365.944444,0.261209,0.345496,0.433125,232.909309,0.249903,0.330543,0.414379,0.426905,-0.073142,-0.215521,,3.866392,1028.640465,1.293602,10.000000,,VFR,barnes,envelope,False
2026-04-21T10:13:50Z,37.795851,-79.425246,106.680000,223.187231,366.138889,0.263012,0.349778,0.437629,233.059064,0.251875,0.334968,0.419100,0.431150,-0.075029,-0.221083,,3.870152,1028.640723,1.293584,10.000000,,VFR,barnes,envelope,False
2026-04-21T10:14:00Z,37.794570,-79.426751,106.680000,223.187231,366.333333,0.264809,0.354044,0.442122,233.205148,0.253789,0.339311,0.423723,0.435381,-0.076910,-0.226624,,3.873901,1028.640980,1.293567,10.000000,,VFR,barnes,envelope,False
2026-04-21T10:14:10Z,37.793289,-79.428256,106.680000,223.187231,366.527778,0.266602,0.358297,0.446602,233.347685,0.255595,0.343503,0.428162,0.439598,-0.078783,-0.232144,,3.877641,1028.641234,1.293550,10.000000,,VFR,barnes,envelope,False
2026-04-21T10:14:20Z,37.792008,-79.429761,106.680000,223.187231,366.722222,0.268390,0.362534,0.451070,233.486796,0.257416,0.347710,0.432626,0.443802,-0.080649,-0.237642,,3.881371,1028.641487,1.293533,10.000000,,VFR,barnes,envelope,False
2026-04-21T10:14:30Z,37.790727,-79.431266,106.680000,223.187231,366.916667,0.270173,0.366757,0.455526,233.622594,0.259328,0.352035,0.437241,0.447992,-0.082508,-0.243119,,3.885091,1028.641738,1.293516,10.000000,,VFR,barnes,envelope,False
2026-04-21T10:14:40Z,37.789446,-79.432771,106.680000,223.187231,367.111111,0.271951,0.370965,0.459970,233.755188,0.261185,0.356278,0.441760,0.452168,-0.084359,-0.248575,,3.888802,1028.641987,1.293499,10.000000,,VFR,barnes,envelope,False
2026-04-21T10:14:50Z,37.788165,-79.434276,106.680000,223.187231,367.305556,0.273724,0.375159,0.464401,233.884683,0.263043,0.360520,0.446280,0.456331,-0.086204,-0.254009,,3.892502,1028.642234,1.293482,10.000000,,VFR,barnes,envelope,False
2026-04-21T10:15:00Z,37.786884,-79.435781,106.680000,223.187231,367.500000,0.275492,0.379337,0.468820,234.011179,0.336243,0.462989,0.572205,0.460480,-0.088041,-0.259422,,3.896192,1028.642480,1.293465,10.000000,,VFR,barnes,envelope,False
2026-04-21T10:15:10Z,37.785603,-79.437286,106.680000,223.187231,367.694444,0.274780,0.374646,0.464611,233.742177,0.325685,0.444051,0.550683,0.456750,-0.085107,-0.250777,,3.900068,1028.643282,1.293448,10.000000,,VFR,barnes,envelope,False
2026-04-21T10:15:20Z,37.784322,-79.438791,106.680000,223.187231,367.888889,0.274072,0.369968,0.460426,233.469023,0.317050,0.427984,0.532626,0.453032,-0.082181,-0.242157,,3.903945,1028.644083,1.293431,10.000000,,VFR,barnes,envelope,False
2026-04-21T10:15:30Z,37.783041,-79.440296,106.680000,223.187231,368.083333,0.273366,0.365304,0.456263,233.191641,0.309971,0.414221,0.517360,0.449325,-0.079264,-0.233561,,3.907822,1028.644883,1.293414,10.000000,,VFR,barnes,envelope,False
2026-04-21T10:15:40Z,37.781760,-79.441801,106.680000,223.187231,368.277778,0.272662,0.360654,0.452124,232.909951,0.304157,0.402312,0.504348,0.445630,-0.076355,-0.224989,,3.911701,1028.645681,1.293397,10.000000,,VFR,barnes,envelope,False
2026-04-21T10:15:50Z,37.780479,-79.443306,106.680000,223.187231,368.472222,0.271961,0.356018,0.448009,232.623874,0.299306,0.391815,0.493055,0.441946,-0.073454,-0.216442,,3.915580,1028.646478,1.293380,10.000000,,VFR,barnes,envelope,False
2026-04-21T10:16:00Z,37.779198,-79.444811,106.680000,223.187231,368.666667,0.271263,0.351396,0.443918,232.333329,0.295265,0.382488,0.483197,0.438274,-0.070562,-0.207919,,3.919461,1028.647274,1.293363,10.000000,,VFR,barnes,envelope,False
2026-04-21T10:16:10Z,37.777917,-79.446316,106.680000,223.187231,368.861111,0.270568,0.346788,0.439851,232.038232,0.291877,0.374100,0.474493,0.434613,-0.067678,-0.199421,,3.923341,1028.648068,1.293345,10.000000,,VFR,barnes,envelope,False
2026-04-21T10:16:20Z,37.776636,-79.447821,106.680000,223.187231,369.055556,0.269875,0.342193,0.435808,231.738499,0.289043,0.366498,0.466762,0.430963,-0.064802,-0.190948,,3.927223,1028.648860,1.293328,10.000000,,VFR,barnes,envelope,False
2026-04-21T10:16:30Z,37.775355,-79.449326,106.680000,223.187231,369.250000,0.269184,0.337613,0.431790,231.434046,0.286604,0.359460,0.459732,0.427325,-0.061935,-0.182499,,3.931105,1028.649652,1.293311,10.000000,,VFR,barnes,envelope,False
2026-04-21T10:16:40Z,37.774074,-79.450831,106.680000,223.187231,369.444444,0.268497,0.333046,0.427797,231.124783,0.284553,0.352963,0.453380,0.423698,-0.059076,-0.174075,,3.934988,1028.650442,1.293294,10.000000,,VFR,barnes,envelope,False
2026-04-21T10:16:50Z,37.772793,-79.452336,106.680000,223.187231,369.638889,0.267811,0.328494,0.423829,230.810624,0.282783,0.346858,0.447523,0.420083,-0.056226,-0.165676,,3.938871,1028.651230,1.293277,10.000000,,VFR,barnes,envelope,False
2026-04-21T10:17:00Z,37.771512,-79.453841,106.680000,223.187231,369.833333,0.267129,0.323955,0.419886,230.491478,0.281231,0.341057,0.442052,0.416479,-0.053384,-0.157302,,3.942755,1028.652018,1.293260,10.000000,,VFR,barnes,envelope,False
2026-04-21T10:17:10Z,37.770231,-79.455346,106.680000,223.187231,370.027778,0.266449,0.319430,0.415969,230.167254,0.279813,0.335452,0.436833,0.412886,-0.050550,-0.148952,,3.946639,1028.652804,1.293243,10.000000,,VFR,barnes,envelope,False
2026-04-21T10:17:20Z,37.768950,-79.456851,106.680000,223.187231,370.222222,0.265771,0.314919,0.412078,229.837859,0.278491,0.329991,0.431800,0.409305,-0.047725,-0.140628,,3.950523,1028.653589,1.293225,10.000000,,VFR,barnes,envelope,False
2026-04-21T10:17:30Z,37.767669,-79.458356,106.680000,223.187231,370.416667,0.265096,0.310423,0.408213,229.503198,0.277212,0.324611,0.426871,0.405736,-0.044908,-0.132328,,3.954408,1028.654372,1.293208,10.000000,,VFR,barnes,envelope,False
2026-04-21T10:17:40Z,37.766388,-79.459861,106.680000,223.187231,370.611111,0.264424,0.305940,0.404375,229.163176,0.276131,0.319485,0.422278,0.402177,-0.042100,-0.124053,,3.958293,1028.655154,1.293191,10.000000,,VFR,barnes,envelope,False
2026-04-21T10:17:50Z,37.765107,-79.461366,106.680000,223.187231,370.805556,0.263754,0.301471,0.400563,228.817697,0.275118,0.314461,0.417822,0.398630,-0.039300,-0.115803,,3.962178,1028.655935,1.293174,10.000000,,VFR,barnes,envelope,False
2026-04-21T10:18:00Z,37.763826,-79.462871,106.680000,223.187231,371.000000,0.263086,0.297016,0.396778,228.466661,0.274297,0.309673,0.413687,0.395095,-0.036509,-0.107578,,3.966063,1028.656715,1.293157,10.000000,,VFR,barnes,envelope,False
2026-04-21T10:18:10Z,37.762545,-79.464376,106.680000,223.187231,371.194444,0.262421,0.292576,0.393021,228.109971,0.273248,0.304646,0.409236,0.391571,-0.033726,-0.099378,,3.969948,1028.657493,1.293140,10.000000,,VFR,barnes,envelope,False
2026-04-21T10:18:20Z,37.761264,-79.465881,106.680000,223.187231,371.388889,0.261759,0.288149,0.389291,227.747524,0.272511,0.299985,0.405282,0.388058,-0.030952,-0.091204,,3.973834,1028.658271,1.293123,10.000000,,VFR,barnes,envelope,False
2026-04-21T10:18:30Z,37.759983,-79.467386,106.680000,223.187231,371.583333,0.261099,0.283736,0.385589,227.379219,0.271601,0.295148,0.401098,0.384557,-0.028186,-0.083054,,3.977719,1028.659047,1.293105,10.000000,,VFR,barnes,envelope,False
2026-04-21T10:18:40Z,37.758702,-79.468891,106.680000,223.187231,371.777778,0.260441,0.279337,0.381915,227.004953,0.270967,0.290627,0.397350,0.381067,-0.025429,-0.074930,,3.981604,1028.659822,1.293088,10.000000,,VFR,barnes,envelope,False
2026-04-21T10:18:50Z,37.757421,-79.470396,106.680000,223.187231,371.972222,0.259786,0.274953,0.378269,226.624622,0.270240,0.286017,0.393491,0.377589,-0.022680,-0.066830,,3.985489,1028.660595,1.293071,10.000000,,VFR,barnes,envelope,False
2026-04-21T10:19:00Z,37.756140,-79.471901,106.680000,223.187231,372.166667,0.259133,0.270582,0.374653,226.238121,0.269322,0.281220,0.389383,0.374122,-0.019940,-0.058756,,3.989374,1028.661368,1.293054,10.000000,,VFR,barnes,envelope,False
2026-04-21T10:19:10Z,37.754859,-79.473406,106.680000,223.187231,372.361111,0.258483,0.266225,0.371065,225.845344,0.268685,0.276733,0.385711,0.370666,-0.017209,-0.050708,,3.993259,1028.662139,1.293037,10.000000,,VFR,barnes,envelope,False
2026-04-21T10:19:20Z,37.753578,-79.474911,106.680000,223.187231,372.555556,0.257835,0.261883,0.367507,225.446185,0.268042,0.272250,0.382056,0.367222,-0.014486,-0.042684,,3.997144,1028.662909,1.293020,10.000000,,VFR,barnes,envelope,False
2026-04-21T10:19:30Z,37.752297,-79.476416,106.680000,223.187231,372.750000,0.257190,0.257554,0.363979,225.040534,0.267196,0.267574,0.378140,0.363789,-0.011771,-0.034686,,4.001028,1028.663678,1.293002,10.000000,,VFR,barnes,envelope,False
2026-04-21T10:19:40Z,37.751016,-79.477921,106.680000,223.187231,372.944444,0.256547,0.253240,0.360481,224.628285,0.266555,0.263119,0.374544,0.360367,-0.009066,-0.026713,,4.004911,1028.664446,1.292985,10.000000,,VFR,barnes,envelope,False
2026-04-21T10:19:50Z,37.749735,-79.479426,106.680000,223.187231,373.138889,0.255907,0.248940,0.357014,224.209329,0.265944,0.258703,0.371017,0.356957,-0.006368,-0.018765,,4.008795,1028.665213,1.292968,10.000000,,VFR,barnes,envelope,False
2026-04-21T10:20:00Z,37.748454,-79.480931,106.680000,223.187231,373.333333,0.255269,0.244653,0.353578,223.783556,0.265121,0.254096,0.367224,0.353559,-0.003680,-0.010843,,4.012678,1028.665979,1.292951,10.000000,,VFR,barnes,envelope,False
2026-04-21T10:20:10Z,37.747173,-79.482436,106.680000,223.187231,373.527778,0.255595,0.244566,0.353753,223.736773,0.263285,0.251925,0.364397,0.353737,-0.003393,-0.009998,,4.016560,1028.666765,1.292934,10.000000,,VFR,barnes,envelope,False
2026-04-21T10:20:20Z,37.745892,-79.483941,106.680000,223.187231,373.722222,0.255919,0.244475,0.353924,223.689883,0.262105,0.250385,0.362480,0.353911,-0.003105,-0.009149,,4.020441,1028.667551,1.292917,10.000000,,VFR,barnes,envelope,False
2026-04-21T10:20:30Z,37.744611,-79.485445,106.680000,223.187231,373.916667,0.256239,0.244380,0.354090,223.642886,0.261338,0.249242,0.361136,0.354079,-0.002816,-0.008298,,4.024323,1028.668335,1.292900,10.000000,,VFR,barnes,envelope,False
2026-04-21T10:20:40Z,37.743330,-79.486950,106.680000,223.187231,374.111111,0.256557,0.244280,0.354252,223.595781,0.260700,0.248225,0.359973,0.354243,-0.002526,-0.007443,,4.028203,1028.669118,1.292883,10.000000,,VFR,barnes,envelope,False
2026-04-21T10:20:50Z,37.742049,-79.488455,106.680000,223.187231,374.305556,0.256872,0.244176,0.354408,223.548568,0.260111,0.247255,0.358877,0.354401,-0.002235,-0.006586,,4.032083,1028.669900,1.292865,10.000000,,VFR,barnes,envelope,False
2026-04-21T10:21:00Z,37.740768,-79.489960,106.680000,223.187231,374.500000,0.257183,0.244069,0.354560,223.501245,0.259604,0.246366,0.357898,0.354555,-0.001943,-0.005726,,4.035961,1028.670680,1.292848,10.000000,,VFR,barnes,envelope,False
2026-04-21T10:21:10Z,37.739487,-79.491465,106.680000,223.187231,374.694444,0.257492,0.243957,0.354707,223.453814,0.259603,0.245957,0.357615,0.354703,-0.001650,-0.004863,,4.039839,1028.671459,1.292831,10.000000,,VFR,barnes,envelope,False
2026-04-21T10:21:20Z,37.738206,-79.492970,106.680000,223.187231,374.888889,0.257798,0.243841,0.354849,223.406273,0.259622,0.245567,0.357361,0.354847,-0.001357,-0.003997,,4.043716,1028.672237,1.292814,10.000000,,VFR,barnes,envelope,False
2026-04-21T10:21:30Z,37.736925,-79.494475,106.680000,223.187231,375.083333,0.258101,0.243721,0.354987,223.358622,0.259286,0.244840,0.356618,0.354985,-0.001062,-0.003129,,4.047593,1028.673013,1.292797,10.000000,,VFR,barnes,envelope,False
2026-04-21T10:21:40Z,37.735644,-79.495980,106.680000,223.187231,375.277778,0.258400,0.243597,0.355120,223.310861,0.259221,0.244370,0.356247,0.355119,-0.000766,-0.002258,,4.051468,1028.673789,1.292780,10.000000,,VFR,barnes,envelope,False
2026-04-21T10:21:50Z,37.734363,-79.497485,106.680000,223.187231,375.472222,0.258697,0.243469,0.355248,223.262989,0.259224,0.243965,0.355972,0.355248,-0.000470,-0.001384,,4.055342,1028.674563,1.292763,10.000000,,VFR,barnes,envelope,False
2026-04-21T10:22:00Z,37.733082,-79.498990,106.680000,223.187231,375.666667,0.258991,0.243337,0.355372,223.215006,0.259274,0.243603,0.355760,0.355372,-0.000172,-0.000508,,4.059215,1028.675336,1.292746,10.000000,,VFR,barnes,envelope,False
2026-04-21T10:22:10Z,37.731801,-79.500495,106.680000,223.187231,375.861111,0.259282,0.243201,0.355491,223.166911,0.259670,0.243564,0.356022,0.355491,0.000126,0.000372,,4.063087,1028.676108,1.292729,10.000000,,VFR,barnes,envelope,False
2026-04-21T10:22:20Z,37.730520,-79.502000,106.680000,223.187231,376.055556,0.259570,0.243061,0.355605,223.118704,0.259595,0.243084,0.355639,0.355605,0.000425,0.001253,,4.066957,1028.676878,1.292712,10.000000,,VFR,barnes,envelope,False
2026-04-21T10:22:30Z,37.729239,-79.503505,106.680000,223.187231,376.250000,0.259856,0.242917,0.355715,223.070384,0.259775,0.242842,0.355605,0.355715,0.000725,0.002138,,4.070827,1028.677648,1.292694,10.000000,,VFR,barnes,envelope,False
2026-04-21T10:22:40Z,37.727958,-79.505010,106.680000,223.187231,376.444444,0.260138,0.242769,0.355821,223.021952,0.259994,0.242635,0.355624,0.355819,0.001026,0.003024,,4.074695,1028.678416,1.292677,10.000000,,VFR,barnes,envelope,False
2026-04-21T10:22:50Z,37.726677,-79.506515,106.680000,223.187231,376.638889,0.260417,0.242617,0.355921,222.973406,0.260245,0.242457,0.355687,0.355919,0.001328,0.003914,,4.078562,1028.679183,1.292660,10.000000,,VFR,barnes,envelope,False
2026-04-21T10:23:00Z,37.725396,-79.508020,106.680000,223.187231,376.833333,0.260694,0.242461,0.356018,222.924747,0.260588,0.242363,0.355873,0.356014,0.001631,0.004806,,4.082427,1028.679949,1.292643,10.000000,,VFR,barnes,envelope,False
2026-04-21T10:23:10Z,37.724115,-79.509525,106.680000,223.187231,377.027778,0.260967,0.242302,0.356110,222.875973,0.260968,0.242302,0.356110,0.356104,0.001935,0.005700,,4.086291,1028.680715,1.292626,10.000000,,VFR,barnes,envelope,False
2026-04-21T10:23:20Z,37.722835,-79.511030,106.680000,223.187231,377.222222,0.261238,0.242138,0.356197,222.827085,0.261071,0.241983,0.355969,0.356190,0.002239,0.006597,,4.090154,1028.681478,1.292609,10.000000,,VFR,barnes,envelope,False
2026-04-21T10:23:30Z,37.721554,-79.512535,106.680000,223.187231,377.416667,0.261506,0.241971,0.356280,222.778082,0.261115,0.241609,0.355747,0.356270,0.002544,0.007497,,4.094014,1028.682241,1.292592,10.000000,,VFR,barnes,envelope,False
2026-04-21T10:23:40Z,37.720273,-79.514040,106.680000,223.187231,377.611111,0.261770,0.241800,0.356358,222.728963,0.261498,0.241548,0.355986,0.356347,0.002850,0.008399,,4.097874,1028.683003,1.292575,10.000000,,VFR,barnes,envelope,False
2026-04-21T10:23:50Z,37.718992,-79.515545,106.680000,223.187231,377.805556,0.262032,0.241625,0.356432,222.679729,0.261605,0.241231,0.355851,0.356418,0.003157,0.009303,,4.101731,1028.683764,1.292558,10.000000,,VFR,barnes,envelope,False
2026-04-21T10:24:00Z,37.717711,-79.517050,106.680000,223.187231,378.000000,0.262292,0.241446,0.356501,222.630378,0.261673,0.240876,0.355660,0.356485,0.003465,0.010209,,4.105587,1028.684524,1.292541,10.000000,,VFR,barnes,envelope,False
2026-04-21T10:24:10Z,37.716430,-79.518555,106.680000,223.187231,378.194444,0.262548,0.241264,0.356566,222.580910,0.261870,0.240641,0.355646,0.356546,0.003773,0.011118,,4.109442,1028.685283,1.292524,10.000000,,VFR,barnes,envelope,False
2026-04-21T10:24:20Z,37.715149,-79.520060,106.680000,223.187231,378.388889,0.262801,0.241078,0.356627,222.531326,0.262439,0.240746,0.356136,0.356604,0.004082,0.012030,,4.113294,1028.686040,1.292507,10.000000,,VFR,barnes,envelope,False
2026-04-21T10:24:30Z,37.713868,-79.521565,106.680000,223.187231,378.583333,0.263052,0.240888,0.356684,222.481624,0.262513,0.240394,0.355953,0.356656,0.004393,0.012943,,4.117145,1028.686797,1.292490,10.000000,,VFR,barnes,envelope,False
2026-04-21T10:24:40Z,37.712587,-79.523070,106.680000,223.187231,378.777778,0.263300,0.240694,0.356736,222.431803,0.262676,0.240123,0.355890,0.356705,0.004703,0.013859,,4.120993,1028.687553,1.292473,10.000000,,VFR,barnes,envelope,False
2026-04-21T10:24:50Z,37.711306,-79.524575,106.680000,223.187231,378.972222,0.263545,0.240496,0.356783,222.381865,0.263089,0.240081,0.356167,0.356748,0.005015,0.014777,,4.124840,1028.688308,1.292456,10.000000,,VFR,barnes,envelope,False
2026-04-21T10:25:00Z,37.710025,-79.526080,106.680000,223.187231,379.166667,0.263787,0.240295,0.356827,222.331807,0.263216,0.239775,0.356054,0.356787,0.005327,0.015697,,4.128685,1028.689062,1.292439,10.000000,,VFR,barnes,envelope,False
2026-04-21T10:25:10Z,37.708744,-79.527585,106.680000,223.187231,379.361111,0.263890,0.239847,0.356601,222.267429,0.263720,0.239693,0.356372,0.356555,0.005724,0.016868,,4.132527,1028.689796,1.292422,10.000000,,VFR,barnes,envelope,False
2026-04-21T10:25:20Z,37.707463,-79.529090,106.680000,223.187231,379.555556,0.263991,0.239398,0.356374,222.202963,0.263677,0.239113,0.355950,0.356322,0.006122,0.018039,,4.136368,1028.690530,1.292405,10.000000,,VFR,barnes,envelope,False
2026-04-21T10:25:30Z,37.706182,-79.530595,106.680000,223.187231,379.750000,0.264091,0.238947,0.356146,222.138409,0.264224,0.239067,0.356324,0.356086,0.006519,0.019209,,4.140207,1028.691262,1.292388,10.000000,,VFR,barnes,envelope,False
2026-04-21T10:25:40Z,37.704901,-79.532100,106.680000,223.187231,379.944444,0.264190,0.238494,0.355915,222.073767,0.264668,0.238926,0.356559,0.355848,0.006916,0.020380,,4.144043,1028.691995,1.292371,10.000000,,VFR,barnes,envelope,False
2026-04-21T10:25:50Z,37.703620,-79.533605,106.680000,223.187231,380.138889,0.264286,0.238040,0.355683,222.009037,0.264931,0.238620,0.356550,0.355608,0.007314,0.021550,,4.147877,1028.692726,1.292354,10.000000,,VFR,barnes,envelope,False
2026-04-21T10:26:00Z,37.702339,-79.535110,106.680000,223.187231,380.333333,0.264382,0.237585,0.355449,221.944217,0.265145,0.238270,0.356475,0.355366,0.007711,0.022721,,4.151709,1028.693457,1.292337,10.000000,,VFR,barnes,envelope,False
2026-04-21T10:26:10Z,37.701058,-79.536615,106.680000,223.187231,380.527778,0.264475,0.237128,0.355214,221.879307,0.265058,0.237650,0.355997,0.355121,0.008108,0.023891,,4.155538,1028.694187,1.292320,10.000000,,VFR,barnes,envelope,False
2026-04-21T10:26:20Z,37.699777,-79.538120,106.680000,223.187231,380.722222,0.264567,0.236669,0.354977,221.814307,0.265176,0.237214,0.355793,0.354875,0.008505,0.025062,,4.159365,1028.694917,1.292303,10.000000,,VFR,barnes,envelope,False
2026-04-21T10:26:30Z,37.698496,-79.539625,106.680000,223.187231,380.916667,0.264658,0.236210,0.354738,221.749216,0.265291,0.236774,0.355586,0.354626,0.008902,0.026232,,4.163190,1028.695646,1.292287,10.000000,,VFR,barnes,envelope,False
2026-04-21T10:26:40Z,37.697215,-79.541130,106.680000,223.187231,381.111111,0.264747,0.235749,0.354497,221.684034,0.265441,0.236367,0.355427,0.354375,0.009299,0.027402,,4.167012,1028.696374,1.292270,10.000000,,VFR,barnes,envelope,False
2026-04-21T10:26:50Z,37.695934,-79.542635,106.680000,223.187231,381.305556,0.264834,0.235286,0.354255,221.618760,0.265242,0.235649,0.354801,0.354122,0.009697,0.028572,,4.170832,1028.697102,1.292253,10.000000,,VFR,barnes,envelope,False
2026-04-21T10:27:00Z,37.694653,-79.544139,106.680000,223.187231,381.500000,0.264920,0.234822,0.354011,221.553395,0.265297,0.235156,0.354515,0.353867,0.010094,0.029742,,4.174649,1028.697829,1.292236,10.000000,,VFR,barnes,envelope,False
2026-04-21T10:27:10Z,37.693372,-79.545644,106.680000,223.187231,381.694444,0.265004,0.234356,0.353766,221.487936,0.265427,0.234731,0.354331,0.353610,0.010491,0.030912,,4.178463,1028.698556,1.292219,10.000000,,VFR,barnes,envelope,False
2026-04-21T10:27:20Z,37.692091,-79.547149,106.680000,223.187231,381.888889,0.265087,0.233890,0.353519,221.422385,0.265439,0.234200,0.353988,0.353351,0.010887,0.032082,,4.182275,1028.699282,1.292202,10.000000,,VFR,barnes,envelope,False
2026-04-21T10:27:30Z,37.690810,-79.548654,106.680000,223.187231,382.083333,0.265168,0.233421,0.353270,221.356739,0.265662,0.233856,0.353928,0.353089,0.011284,0.033251,,4.186084,1028.700007,1.292185,10.000000,,VFR,barnes,envelope,False
2026-04-21T10:27:40Z,37.689529,-79.550159,106.680000,223.187231,382.277778,0.265247,0.232952,0.353019,221.291000,0.265730,0.233376,0.353662,0.352826,0.011681,0.034420,,4.189890,1028.700732,1.292169,10.000000,,VFR,barnes,envelope,False
2026-04-21T10:27:50Z,37.688248,-79.551664,106.680000,223.187231,382.472222,0.265325,0.232481,0.352767,221.225166,0.265623,0.232742,0.353164,0.352560,0.012078,0.035589,,4.193694,1028.701457,1.292152,10.000000,,VFR,barnes,envelope,False
2026-04-21T10:28:00Z,37.686967,-79.553169,106.680000,223.187231,382.666667,0.265401,0.232008,0.352513,221.159237,0.265649,0.232224,0.352842,0.352293,0.012475,0.036758,,4.197494,1028.702181,1.292135,10.000000,,VFR,barnes,envelope,False
2026-04-21T10:28:10Z,37.685686,-79.554674,106.680000,223.187231,382.861111,0.265476,0.231534,0.352258,221.093212,0.265887,0.231893,0.352804,0.352023,0.012871,0.037927,,4.201292,1028.702904,1.292118,10.000000,,VFR,barnes,envelope,False
2026-04-21T10:28:20Z,37.684405,-79.556179,106.680000,223.187231,383.055556,0.265549,0.231059,0.352001,221.027090,0.266053,0.231497,0.352668,0.351751,0.013268,0.039096,,4.205087,1028.703627,1.292101,10.000000,,VFR,barnes,envelope,False
2026-04-21T10:28:30Z,37.683124,-79.557684,106.680000,223.187231,383.250000,0.265621,0.230582,0.351742,220.960872,0.266120,0.231016,0.352404,0.351477,0.013664,0.040264,,4.208879,1028.704350,1.292085,10.000000,,VFR,barnes,envelope,False
2026-04-21T10:28:40Z,37.681843,-79.559189,106.680000,223.187231,383.444444,0.265691,0.230104,0.351482,220.894557,0.266117,0.230473,0.352046,0.351200,0.014061,0.041432,,4.212668,1028.705072,1.292068,10.000000,,VFR,barnes,envelope,False
2026-04-21T10:28:50Z,37.680562,-79.560694,106.680000,223.187231,383.638889,0.265759,0.229625,0.351220,220.828144,0.266575,0.230330,0.352299,0.350922,0.014457,0.042600,,4.216453,1028.705794,1.292051,10.000000,,VFR,barnes,envelope,False
2026-04-21T10:29:00Z,37.679281,-79.562199,106.680000,223.187231,383.833333,0.265826,0.229144,0.350956,220.761633,0.266943,0.230107,0.352432,0.350642,0.014853,0.043767,,4.220236,1028.706515,1.292034,10.000000,,VFR,barnes,envelope,False
2026-04-21T10:29:10Z,37.678000,-79.563704,106.680000,223.187231,384.027778,0.265891,0.228662,0.350691,220.695023,0.266934,0.229559,0.352067,0.350359,0.015249,0.044934,,4.224015,1028.707236,1.292018,10.000000,,VFR,barnes,envelope,False
2026-04-21T10:29:20Z,37.676719,-79.565209,106.680000,223.187231,384.222222,0.265954,0.228179,0.350424,220.628313,0.266766,0.228875,0.351494,0.350075,0.015645,0.046101,,4.227791,1028.707956,1.292001,10.000000,,VFR,barnes,envelope,False
2026-04-21T10:29:30Z,37.675438,-79.566714,106.680000,223.187231,384.416667,0.266016,0.227694,0.350156,220.561504,0.266888,0.228440,0.351303,0.349788,0.016041,0.047268,,4.231564,1028.708676,1.291984,10.000000,,VFR,barnes,envelope,False
2026-04-21T10:29:40Z,37.674157,-79.568219,106.680000,223.187231,384.611111,0.266077,0.227208,0.349886,220.494594,0.266740,0.227774,0.350759,0.349499,0.016437,0.048434,,4.235334,1028.709395,1.291968,10.000000,,VFR,barnes,envelope,False
2026-04-21T10:29:50Z,37.672876,-79.569724,106.680000,223.187231,384.805556,0.266135,0.226720,0.349614,220.427583,0.266872,0.227348,0.350582,0.349209,0.016833,0.049600,,4.239100,1028.710115,1.291951,10.000000,,VFR,barnes,envelope,False
2026-04-21T10:30:00Z,37.671595,-79.571229,106.680000,223.187231,385.000000,0.266193,0.226231,0.349341,220.360470,0.266697,0.226660,0.350003,0.348916,0.017228,0.050765,,4.242862,1028.710833,1.291934,10.000000,,VFR,barnes,envelope,False
2026-04-21T10:30:10Z,37.670314,-79.572734,106.680000,223.187231,385.194444,0.266226,0.225749,0.349054,220.296669,0.266717,0.226165,0.349698,0.348610,0.017602,0.051867,,4.246622,1028.713958,1.291921,10.000000,,VFR,barnes,envelope,False
2026-04-21T10:30:20Z,37.669033,-79.574239,106.680000,223.187231,385.388889,0.266257,0.225266,0.348766,220.232726,0.267208,0.226070,0.350011,0.348302,0.017976,0.052970,,4.250377,1028.717079,1.291907,10.000000,,VFR,barnes,envelope,False
2026-04-21T10:30:30Z,37.667752,-79.575744,106.680000,223.187231,385.583333,0.266288,0.224781,0.348476,220.168641,0.267289,0.225626,0.349787,0.347993,0.018351,0.054073,,4.254130,1028.720197,1.291894,10.000000,,VFR,barnes,envelope,False
2026-04-21T10:30:40Z,37.666471,-79.577249,106.680000,223.187231,385.777778,0.266317,0.224295,0.348185,220.104414,0.267499,0.225290,0.349730,0.347681,0.018725,0.055176,,4.257878,1028.723312,1.291880,10.000000,,VFR,barnes,envelope,False
2026-04-21T10:30:50Z,37.665190,-79.578754,106.680000,223.187231,385.972222,0.266345,0.223807,0.347892,220.040045,0.267693,0.224940,0.349654,0.347368,0.019100,0.056280,,4.261623,1028.726424,1.291867,10.000000,,VFR,barnes,envelope,False
2026-04-21T10:31:00Z,37.663909,-79.580259,106.680000,223.187231,386.166667,0.266371,0.223318,0.347598,219.975533,0.267801,0.224517,0.349465,0.347052,0.019474,0.057384,,4.265365,1028.729532,1.291853,10.000000,,VFR,barnes,envelope,False
2026-04-21T10:31:10Z,37.662628,-79.581764,106.680000,223.187231,386.361111,0.266396,0.222828,0.347302,219.910878,0.267542,0.223786,0.348796,0.346735,0.019849,0.058488,,4.269102,1028.732638,1.291840,10.000000,,VFR,barnes,envelope,False
2026-04-21T10:31:20Z,37.661347,-79.583269,106.680000,223.187231,386.555556,0.266420,0.222336,0.347005,219.846080,0.267339,0.223103,0.348203,0.346415,0.020224,0.059592,,4.272836,1028.735740,1.291826,10.000000,,VFR,barnes,envelope,False
2026-04-21T10:31:30Z,37.660066,-79.584774,106.680000,223.187231,386.750000,0.266442,0.221843,0.346707,219.781139,0.267446,0.222678,0.348013,0.346094,0.020599,0.060697,,4.276566,1028.738840,1.291813,10.000000,,VFR,barnes,envelope,False
2026-04-21T10:31:40Z,37.658785,-79.586279,106.680000,223.187231,386.944444,0.266463,0.221348,0.346406,219.716054,0.267424,0.222147,0.347656,0.345771,0.020974,0.061802,,4.280292,1028.741936,1.291799,10.000000,,VFR,barnes,envelope,False
2026-04-21T10:31:50Z,37.657504,-79.587784,106.680000,223.187231,387.138889,0.266483,0.220852,0.346105,219.650825,0.267410,0.221620,0.347309,0.345446,0.021349,0.062907,,4.284014,1028.745029,1.291786,10.000000,,VFR,barnes,envelope,False
2026-04-21T10:32:00Z,37.656223,-79.589289,106.680000,223.187231,387.333333,0.266501,0.220355,0.345802,219.585451,0.267299,0.221015,0.346837,0.345119,0.021724,0.064012,,4.287732,1028.748119,1.291772,10.000000,,VFR,barnes,envelope,False
2026-04-21T10:32:10Z,37.654942,-79.590794,106.680000,223.187231,387.527778,0.266518,0.219856,0.345497,219.519933,0.267455,0.220629,0.346712,0.344790,0.022099,0.065118,,4.291447,1028.751206,1.291759,10.000000,,VFR,barnes,envelope,False
2026-04-21T10:32:20Z,37.653661,-79.592299,106.680000,223.187231,387.722222,0.266533,0.219356,0.345191,219.454269,0.267601,0.220235,0.346574,0.344459,0.022474,0.066223,,4.295157,1028.754290,1.291746,10.000000,,VFR,barnes,envelope,False
2026-04-21T10:32:30Z,37.652380,-79.593804,106.680000,223.187231,387.916667,0.266547,0.218855,0.344884,219.388460,0.267670,0.219777,0.346337,0.344126,0.022849,0.067329,,4.298863,1028.757371,1.291732,10.000000,,VFR,barnes,envelope,False
2026-04-21T10:32:40Z,37.651099,-79.595309,106.680000,223.187231,388.111111,0.266560,0.218352,0.344575,219.322505,0.267708,0.219293,0.346059,0.343791,0.023225,0.068435,,4.302565,1028.760449,1.291719,10.000000,,VFR,barnes,envelope,False
2026-04-21T10:32:50Z,37.649818,-79.596814,106.680000,223.187231,388.305556,0.266571,0.217848,0.344264,219.256404,0.267683,0.218756,0.345700,0.343454,0.023600,0.069541,,4.306263,1028.763523,1.291705,10.000000,,VFR,barnes,envelope,False
2026-04-21T10:33:00Z,37.648537,-79.598319,106.680000,223.187231,388.500000,0.266581,0.217342,0.343952,219.190157,0.267621,0.218190,0.345294,0.343116,0.023975,0.070647,,4.309956,1028.766594,1.291692,10.000000,,VFR,barnes,envelope,False
2026-04-21T10:33:10Z,37.647256,-79.599824,106.680000,223.187231,388.694444,0.266590,0.216836,0.343639,219.123762,0.267628,0.217680,0.344978,0.342775,0.024351,0.071753,,4.313646,1028.769663,1.291679,10.000000,,VFR,barnes,envelope,False
2026-04-21T10:33:20Z,37.645975,-79.601329,106.680000,223.187231,388.888889,0.266597,0.216327,0.343324,219.057220,0.267514,0.217072,0.344505,0.342433,0.024726,0.072859,,4.317331,1028.772728,1.291665,10.000000,,VFR,barnes,envelope,False
2026-04-21T10:33:30Z,37.644694,-79.602833,106.680000,223.187231,389.083333,0.266603,0.215818,0.343008,218.990531,0.267541,0.216578,0.344215,0.342089,0.025102,0.073965,,4.321012,1028.775790,1.291652,10.000000,,VFR,barnes,envelope,False
2026-04-21T10:33:40Z,37.643413,-79.604338,106.680000,223.187231,389.277778,0.266608,0.215307,0.342691,218.923693,0.267615,0.216121,0.343985,0.341742,0.025477,0.075072,,4.324688,1028.778849,1.291639,10.000000,,VFR,barnes,envelope,False
2026-04-21T10:33:50Z,37.642132,-79.605843,106.680000,223.187231,389.472222,0.266611,0.214795,0.342372,218.856707,0.267585,0.215580,0.343623,0.341394,0.025852,0.076178,,4.328360,1028.781904,1.291626,10.000000,,VFR,barnes,envelope,False
2026-04-21T10:34:00Z,37.640851,-79.607348,106.680000,223.187231,389.666667,0.266612,0.214282,0.342051,218.789572,0.267645,0.215112,0.343376,0.341044,0.026228,0.077284,,4.332027,1028.784957,1.291612,10.000000,,VFR,barnes,envelope,False
2026-04-21T10:34:10Z,37.639570,-79.608853,106.680000,223.187231,389.861111,0.266613,0.213767,0.341729,218.722288,0.267652,0.214600,0.343061,0.340692,0.026603,0.078390,,4.335690,1028.788006,1.291599,10.000000,,VFR,barnes,envelope,False
2026-04-21T10:34:20Z,37.638289,-79.610358,106.680000,223.187231,390.055556,0.266612,0.213251,0.341406,218.654854,0.267638,0.214073,0.342720,0.340338,0.026979,0.079497,,4.339348,1028.791052,1.291586,10.000000,,VFR,barnes,envelope,False
2026-04-21T10:34:30Z,37.637008,-79.611863,106.680000,223.187231,390.250000,0.266609,0.212734,0.341081,218.587269,0.267646,0.213562,0.342408,0.339982,0.027354,0.080603,,4.343002,1028.794095,1.291573,10.000000,,VFR,barnes,envelope,False
2026-04-21T10:34:40Z,37.635727,-79.613368,106.680000,223.187231,390.444444,0.266605,0.212216,0.340755,218.519534,0.267632,0.213033,0.342067,0.339625,0.027729,0.081709,,4.346651,1028.797135,1.291560,10.000000,,VFR,barnes,envelope,False
2026-04-21T10:34:50Z,37.634446,-79.614873,106.680000,223.187231,390.638889,0.266600,0.211696,0.340427,218.451648,0.267629,0.212513,0.341741,0.339265,0.028105,0.082815,,4.350296,1028.800172,1.291546,10.000000,,VFR,barnes,envelope,False
2026-04-21T10:35:00Z,37.633165,-79.616378,106.680000,223.187231,390.833333,0.266593,0.211175,0.340098,218.383610,0.315364,0.249807,0.402316,0.338904,0.028480,0.083921,,4.353935,1028.803206,1.291533,10.000000,,VFR,barnes,envelope,False
2026-04-21T10:35:10Z,37.631884,-79.617883,106.680000,223.187231,391.027778,0.266720,0.211676,0.340509,218.436419,0.305449,0.242413,0.389953,0.339339,0.028202,0.083100,,4.356988,1028.805999,1.291523,10.000000,,VFR,barnes,envelope,False
2026-04-21T10:35:20Z,37.630603,-79.619388,106.680000,223.187231,391.222222,0.266844,0.212179,0.340919,218.489626,0.297565,0.236606,0.380167,0.339773,0.027920,0.082271,,4.360026,1028.808797,1.291512,10.000000,,VFR,barnes,envelope,False
2026-04-21T10:35:30Z,37.629322,-79.620893,106.680000,223.187231,391.416667,0.266965,0.212683,0.341327,218.543228,0.291251,0.232031,0.372378,0.340206,0.027635,0.081431,,4.363050,1028.811601,1.291501,10.000000,,VFR,barnes,envelope,False
2026-04-21T10:35:40Z,37.628041,-79.622398,106.680000,223.187231,391.611111,0.267083,0.213188,0.341734,218.597221,0.286265,0.228500,0.366279,0.340638,0.027347,0.080583,,4.366060,1028.814411,1.291491,10.000000,,VFR,barnes,envelope,False
2026-04-21T10:35:50Z,37.626760,-79.623903,106.680000,223.187231,391.805556,0.267197,0.213695,0.342140,218.651603,0.282307,0.225780,0.361489,0.341069,0.027056,0.079725,,4.369056,1028.817227,1.291481,10.000000,,VFR,barnes,envelope,False
2026-04-21T10:36:00Z,37.625479,-79.625408,106.680000,223.187231,392.000000,0.267309,0.214203,0.342545,218.706370,0.279136,0.223681,0.357701,0.341498,0.026762,0.078857,,4.372038,1028.820048,1.291470,10.000000,,VFR,barnes,envelope,False
2026-04-21T10:36:10Z,37.624198,-79.626913,106.680000,223.187231,392.194444,0.267417,0.214713,0.342949,218.761520,0.276597,0.222084,0.354721,0.341926,0.026464,0.077980,,4.375005,1028.822876,1.291460,10.000000,,VFR,barnes,envelope,False
2026-04-21T10:36:20Z,37.622917,-79.628418,106.680000,223.187231,392.388889,0.267522,0.215225,0.343351,218.817048,0.274661,0.220968,0.352513,0.342353,0.026163,0.077094,,4.377959,1028.825709,1.291450,10.000000,,VFR,barnes,envelope,False
2026-04-21T10:36:30Z,37.621636,-79.629923,106.680000,223.187231,392.583333,0.267625,0.215737,0.343752,218.872951,0.273066,0.220124,0.350741,0.342778,0.025860,0.076199,,4.380898,1028.828548,1.291440,10.000000,,VFR,barnes,envelope,False
2026-04-21T10:36:40Z,37.620355,-79.631428,106.680000,223.187231,392.777778,0.267724,0.216252,0.344153,218.929228,0.271774,0.219523,0.349359,0.343203,0.025553,0.075294,,4.383823,1028.831392,1.291430,10.000000,,VFR,barnes,envelope,False
2026-04-21T10:36:50Z,37.619074,-79.632933,106.680000,223.187231,392.972222,0.267820,0.216767,0.344552,218.985874,0.270916,0.219273,0.348534,0.343626,0.025242,0.074380,,4.386733,1028.834243,1.291420,10.000000,,VFR,barnes,envelope,False
2026-04-21T10:37:00Z,37.617793,-79.634438,106.680000,223.187231,393.166667,0.267914,0.217285,0.344950,219.042886,0.270212,0.219148,0.347908,0.344048,0.024929,0.073458,,4.389630,1028.837099,1.291410,10.000000,,VFR,barnes,envelope,False
2026-04-21T10:37:10Z,37.616512,-79.635943,106.680000,223.187231,393.361111,0.268004,0.217803,0.345347,219.100262,0.269549,0.219059,0.347338,0.344469,0.024613,0.072526,,4.392511,1028.839961,1.291400,10.000000,,VFR,barnes,envelope,False
2026-04-21T10:37:20Z,37.615231,-79.637448,106.680000,223.187231,393.555556,0.268091,0.218323,0.345743,219.157998,0.269028,0.219086,0.346951,0.344888,0.024294,0.071585,,4.395379,1028.842828,1.291390,10.000000,,VFR,barnes,envelope,False
2026-04-21T10:37:30Z,37.613950,-79.638953,106.680000,223.187231,393.750000,0.268176,0.218844,0.346137,219.216092,0.268676,0.219252,0.346783,0.345306,0.023971,0.070635,,4.398232,1028.845702,1.291381,10.000000,,VFR,barnes,envelope,False
2026-04-21T10:37:40Z,37.612669,-79.640458,106.680000,223.187231,393.944444,0.268257,0.219367,0.346531,219.274540,0.268511,0.219574,0.346859,0.345723,0.023646,0.069676,,4.401070,1028.848581,1.291371,10.000000,,VFR,barnes,envelope,False
2026-04-21T10:37:50Z,37.611388,-79.641963,106.680000,223.187231,394.138889,0.268336,0.219891,0.346924,219.333339,0.268318,0.219877,0.346901,0.346139,0.023318,0.068708,,4.403894,1028.851466,1.291361,10.000000,,VFR,barnes,envelope,False
2026-04-21T10:38:00Z,37.610107,-79.643468,106.680000,223.187231,394.333333,0.268411,0.220417,0.347316,219.392487,0.268364,0.220378,0.347255,0.346554,0.022986,0.067732,,4.406704,1028.854357,1.291352,10.000000,,VFR,barnes,envelope,False
2026-04-21T10:38:10Z,37.608826,-79.644973,106.680000,223.187231,394.527778,0.268484,0.220943,0.347706,219.451980,0.268152,0.220670,0.347277,0.346968,0.022652,0.066747,,4.409499,1028.857253,1.291343,10.000000,,VFR,barnes,envelope,False
2026-04-21T10:38:20Z,37.607545,-79.646478,106.680000,223.187231,394.722222,0.268554,0.221472,0.348096,219.511815,0.268048,0.221054,0.347440,0.347380,0.022314,0.065752,,4.412279,1028.860155,1.291333,10.000000,,VFR,barnes,envelope,False
2026-04-21T10:38:30Z,37.606264,-79.647983,106.680000,223.187231,394.916667,0.268621,0.222001,0.348485,219.571991,0.267884,0.221392,0.347529,0.347791,0.021974,0.064750,,4.415045,1028.863063,1.291324,10.000000,,VFR,barnes,envelope,False
2026-04-21T10:38:40Z,37.604983,-79.649488,106.680000,223.187231,395.111111,0.268684,0.222532,0.348872,219.632502,0.267702,0.221718,0.347596,0.348201,0.021631,0.063738,,4.417796,1028.865977,1.291315,10.000000,,VFR,barnes,envelope,False
2026-04-21T10:38:50Z,37.603702,-79.650993,106.680000,223.187231,395.305556,0.268746,0.223064,0.349259,219.693348,0.267668,0.222170,0.347859,0.348610,0.021285,0.062718,,4.420532,1028.868897,1.291306,10.000000,,VFR,barnes,envelope,False
2026-04-21T10:39:00Z,37.602421,-79.652498,106.680000,223.187231,395.500000,0.268804,0.223598,0.349645,219.754524,0.267873,0.222823,0.348434,0.349017,0.020935,0.061689,,4.423254,1028.871822,1.291297,10.000000,,VFR,barnes,envelope,False
2026-04-21T10:39:10Z,37.601140,-79.654003,106.680000,223.187231,395.694444,0.268859,0.224132,0.350029,219.816028,0.267902,0.223334,0.348783,0.349424,0.020583,0.060652,,4.425961,1028.874753,1.291288,10.000000,,VFR,barnes,envelope,False
2026-04-21T10:39:20Z,37.599859,-79.655508,106.680000,223.187231,395.888889,0.268912,0.224669,0.350413,219.877858,0.268050,0.223949,0.349291,0.349829,0.020228,0.059606,,4.428653,1028.877690,1.291279,10.000000,,VFR,barnes,envelope,False
2026-04-21T10:39:30Z,37.598578,-79.657013,106.680000,223.187231,396.083333,0.268961,0.225206,0.350796,219.940009,0.268198,0.224567,0.349801,0.350233,0.019871,0.058552,,4.431330,1028.880632,1.291270,10.000000,,VFR,barnes,envelope,False
2026-04-21T10:39:40Z,37.597297,-79.658518,106.680000,223.187231,396.277778,0.269008,0.225745,0.351178,220.002480,0.268163,0.225035,0.350075,0.350636,0.019510,0.057489,,4.433993,1028.883580,1.291262,10.000000,,VFR,barnes,envelope,False
2026-04-21T10:39:50Z,37.596016,-79.660023,106.680000,223.187231,396.472222,0.269053,0.226285,0.351559,220.065268,0.268199,0.225567,0.350444,0.351038,0.019146,0.056418,,4.436640,1028.886534,1.291253,10.000000,,VFR,barnes,envelope,False
2026-04-21T10:40:00Z,37.594735,-79.661527,106.680000,223.187231,396.666667,0.269094,0.226826,0.351940,220.128370,0.268397,0.226238,0.351028,0.351438,0.018780,0.055338,,4.439273,1028.889494,1.291245,10.000000,,VFR,barnes,envelope,False
2026-04-21T10:40:10Z,37.593454,-79.663032,106.680000,223.187231,396.861111,0.268845,0.227514,0.352193,220.240125,0.268301,0.227055,0.351482,0.351728,0.018108,0.053357,,4.441891,1028.890768,1.291234,10.000000,,VFR,barnes,envelope,False
2026-04-21T10:40:20Z,37.592173,-79.664537,106.680000,223.187231,397.055556,0.268595,0.228203,0.352448,220.351819,0.268022,0.227716,0.351697,0.352017,0.017435,0.051373,,4.444494,1028.892041,1.291223,10.000000,,VFR,barnes,envelope,False
2026-04-21T10:40:30Z,37.590892,-79.666042,106.680000,223.187231,397.250000,0.268344,0.228892,0.352704,220.463452,0.267585,0.228244,0.351706,0.352306,0.016761,0.049388,,4.447082,1028.893316,1.291213,10.000000,,VFR,barnes,envelope,False
2026-04-21T10:40:40Z,37.589611,-79.667547,106.680000,223.187231,397.444444,0.268093,0.229581,0.352961,220.575021,0.267502,0.229074,0.352182,0.352594,0.016087,0.047401,,4.449655,1028.894591,1.291203,10.000000,,VFR,barnes,envelope,False
2026-04-21T10:40:50Z,37.588330,-79.669052,106.680000,223.187231,397.638889,0.267842,0.230271,0.353219,220.686526,0.267334,0.229834,0.352549,0.352883,0.015412,0.045412,,4.452213,1028.895866,1.291192,10.000000,,VFR,barnes,envelope,False
2026-04-21T10:41:00Z,37.587049,-79.670557,106.680000,223.187231,397.833333,0.267589,0.230960,0.353478,220.797964,0.267139,0.230572,0.352883,0.353171,0.014736,0.043422,,4.454756,1028.897142,1.291182,10.000000,,VFR,barnes,envelope,False
2026-04-21T10:41:10Z,37.585768,-79.672062,106.680000,223.187231,398.027778,0.267336,0.231650,0.353738,220.909334,0.266637,0.231044,0.352812,0.353458,0.014060,0.041429,,4.457283,1028.898418,1.291172,10.000000,,VFR,barnes,envelope,False
2026-04-21T10:41:20Z,37.584487,-79.673567,106.680000,223.187231,398.222222,0.267083,0.232340,0.353999,221.020634,0.266527,0.231857,0.353262,0.353746,0.013383,0.039435,,4.459796,1028.899694,1.291162,10.000000,,VFR,barnes,envelope,False
2026-04-21T10:41:30Z,37.583206,-79.675072,106.680000,223.187231,398.416667,0.266829,0.233031,0.354261,221.131864,0.266275,0.232547,0.353526,0.354033,0.012706,0.037439,,4.462293,1028.900971,1.291152,10.000000,,VFR,barnes,envelope,False
2026-04-21T10:41:40Z,37.581925,-79.676577,106.680000,223.187231,398.611111,0.266574,0.233721,0.354524,221.243022,0.265886,0.233119,0.353610,0.354320,0.012028,0.035441,,4.464776,1028.902249,1.291142,10.000000,,VFR,barnes,envelope,False
2026-04-21T10:41:50Z,37.580644,-79.678082,106.680000,223.187231,398.805556,0.266318,0.234412,0.354788,221.354105,0.265932,0.234073,0.354274,0.354607,0.011349,0.033442,,4.467243,1028.903527,1.291132,10.000000,,VFR,barnes,envelope,False
2026-04-21T10:42:00Z,37.579363,-79.679587,106.680000,223.187231,399.000000,0.266062,0.235103,0.355053,221.465114,0.265839,0.234906,0.354755,0.354893,0.010670,0.031441,,4.469694,1028.904806,1.291122,10.000000,,VFR,barnes,envelope,False
2026-04-21T10:42:10Z,37.578082,-79.681092,106.680000,223.187231,399.194444,0.265806,0.235795,0.355319,221.576046,0.265435,0.235466,0.354824,0.355179,0.009990,0.029438,,4.472131,1028.906084,1.291113,10.000000,,VFR,barnes,envelope,False
2026-04-21T10:42:20Z,37.576801,-79.682597,106.680000,223.187231,399.388889,0.265549,0.236486,0.355587,221.686900,0.265082,0.236071,0.354962,0.355465,0.009310,0.027434,,4.474552,1028.907364,1.291103,10.000000,,VFR,barnes,envelope,False
2026-04-21T10:42:30Z,37.575520,-79.684102,106.680000,223.187231,399.583333,0.265291,0.237178,0.355855,221.797675,0.264706,0.236655,0.355070,0.355750,0.008629,0.025428,,4.476958,1028.908644,1.291093,10.000000,,VFR,barnes,envelope,False
2026-04-21T10:42:40Z,37.574239,-79.685607,106.680000,223.187231,399.777778,0.265032,0.237870,0.356124,221.908369,0.264434,0.237333,0.355320,0.356035,0.007948,0.023420,,4.479349,1028.909924,1.291084,10.000000,,VFR,barnes,envelope,False
2026-04-21T10:42:50Z,37.572958,-79.687112,106.680000,223.187231,399.972222,0.264774,0.238562,0.356394,222.018981,0.264232,0.238074,0.355665,0.356320,0.007266,0.021411,,4.481724,1028.911205,1.291074,10.000000,,VFR,barnes,envelope,False
2026-04-21T10:43:00Z,37.571677,-79.688617,106.680000,223.187231,400.166667,0.264514,0.239254,0.356666,222.129509,0.263954,0.238748,0.355910,0.356605,0.006584,0.019400,,4.484084,1028.912487,1.291065,10.000000,,VFR,barnes,envelope,False
2026-04-21T10:43:10Z,37.570396,-79.690122,106.680000,223.187231,400.361111,0.264254,0.239947,0.356938,222.239953,0.263466,0.239232,0.355874,0.356889,0.005901,0.017388,,4.486428,1028.913769,1.291056,10.000000,,VFR,barnes,envelope,False
2026-04-21T10:43:20Z,37.569115,-79.691627,106.680000,223.187231,400.555556,0.263993,0.240639,0.357211,222.350310,0.263127,0.239850,0.356039,0.357173,0.005218,0.015374,,4.488757,1028.915051,1.291046,10.000000,,VFR,barnes,envelope,False
2026-04-21T10:43:30Z,37.567834,-79.693132,106.680000,223.187231,400.750000,0.263732,0.241332,0.357485,222.460580,0.262860,0.240535,0.356304,0.357457,0.004534,0.013359,,4.491070,1028.916334,1.291037,10.000000,,VFR,barnes,envelope,False
2026-04-21T10:43:40Z,37.566553,-79.694637,106.680000,223.187231,400.944444,0.263470,0.242025,0.357761,222.570761,0.262429,0.241069,0.356347,0.357740,0.003849,0.011342,,4.493368,1028.917617,1.291028,10.000000,,VFR,barnes,envelope,False
2026-04-21T10:43:50Z,37.565272,-79.696142,106.680000,223.187231,401.138889,0.263208,0.242718,0.358037,222.680851,0.262264,0.241848,0.356753,0.358023,0.003164,0.009324,,4.495650,1028.918901,1.291019,10.000000,,VFR,barnes,envelope,False
2026-04-21T10:44:00Z,37.563991,-79.697647,106.680000,223.187231,401.333333,0.262945,0.243412,0.358314,222.790850,0.262264,0.242781,0.357387,0.358306,0.002479,0.007304,,4.497917,1028.920186,1.291010,10.000000,,VFR,barnes,envelope,False
2026-04-21T10:44:10Z,37.562710,-79.699152,106.680000,223.187231,401.527778,0.262681,0.244105,0.358593,222.900757,0.261947,0.243423,0.357591,0.358588,0.001793,0.005283,,4.500168,1028.921471,1.291001,10.000000,,VFR,barnes,envelope,False
2026-04-21T10:44:20Z,37.561429,-79.700657,106.680000,223.187231,401.722222,0.262417,0.244799,0.358872,223.010569,0.261465,0.243910,0.357569,0.358871,0.001107,0.003261,,4.502403,1028.922756,1.290993,10.000000,,VFR,barnes,envelope,False
2026-04-21T10:44:30Z,37.560148,-79.702162,106.680000,223.187231,401.916667,0.262153,0.245492,0.359153,223.120285,0.261200,0.244600,0.357847,0.359152,0.000420,0.001237,,4.504623,1028.924042,1.290984,10.000000,,VFR,barnes,envelope,False
2026-04-21T10:44:40Z,37.558867,-79.703667,106.680000,223.187231,402.111111,0.261888,0.246186,0.359434,223.229905,0.260699,0.245069,0.357802,0.359434,-0.000268,-0.000789,,4.506827,1028.925329,1.290975,10.000000,,VFR,barnes,envelope,False
2026-04-21T10:44:50Z,37.557586,-79.705172,106.680000,223.187231,402.305556,0.261622,0.246880,0.359716,223.339427,0.260447,0.245772,0.358101,0.359715,-0.000956,-0.002816,,4.509016,1028.926616,1.290967,10.000000,,VFR,barnes,envelope,False
2026-04-21T10:45:00Z,37.556305,-79.706677,106.680000,223.187231,402.500000,0.261356,0.247574,0.360000,223.448850,0.260032,0.246320,0.358176,0.359996,-0.001644,-0.004844,,4.510697,1028.927904,1.290961,10.000000,,VFR,barnes,envelope,False
2026-04-21T10:45:10Z,37.555024,-79.708182,106.680000,223.187231,402.694444,0.261083,0.248298,0.360301,223.562234,0.259717,0.246999,0.358415,0.360293,-0.002358,-0.006949,,4.512856,1028.929789,1.290953,10.000000,,VFR,barnes,envelope,False
2026-04-21T10:45:20Z,37.553743,-79.709687,106.680000,223.187231,402.888889,0.260810,0.249022,0.360602,223.675449,0.259433,0.247707,0.358699,0.360589,-0.003073,-0.009054,,4.515000,1028.931671,1.290945,10.000000,,VFR,barnes,envelope,False
2026-04-21T10:45:30Z,37.552462,-79.711192,106.680000,223.187231,403.083333,0.260537,0.249746,0.360905,223.788493,0.259033,0.248304,0.358822,0.360885,-0.003787,-0.011160,,4.517127,1028.933551,1.290938,10.000000,,VFR,barnes,envelope,False
2026-04-21T10:45:40Z,37.551181,-79.712697,106.680000,223.187231,403.277778,0.260263,0.250469,0.361208,223.901366,0.258783,0.249044,0.359154,0.361180,-0.004502,-0.013266,,4.519239,1028.935429,1.290930,10.000000,,VFR,barnes,envelope,False
2026-04-21T10:45:50Z,37.549900,-79.714202,106.680000,223.187231,403.472222,0.259989,0.251192,0.361513,224.014068,0.258658,0.249906,0.359663,0.361475,-0.005217,-0.015372,,4.521335,1028.937304,1.290923,10.000000,,VFR,barnes,envelope,False
2026-04-21T10:46:00Z,37.548619,-79.715707,106.680000,223.187231,403.666667,0.259714,0.251914,0.361818,224.126598,0.258501,0.250738,0.360128,0.361769,-0.005932,-0.017479,,4.523414,1028.939176,1.290916,10.000000,,VFR,barnes,envelope,False
2026-04-21T10:46:10Z,37.547338,-79.717212,106.680000,223.187231,403.861111,0.259439,0.252637,0.362124,224.238956,0.258189,0.251420,0.360380,0.362063,-0.006647,-0.019586,,4.525478,1028.941046,1.290908,10.000000,,VFR,barnes,envelope,False
2026-04-21T10:46:20Z,37.546057,-79.718717,106.680000,223.187231,404.055556,0.259163,0.253359,0.362431,224.351141,0.257890,0.252115,0.360651,0.362356,-0.007362,-0.021693,,4.527526,1028.942914,1.290901,10.000000,,VFR,barnes,envelope,False
2026-04-21T10:46:30Z,37.544776,-79.720222,106.680000,223.187231,404.250000,0.258887,0.254080,0.362739,224.463153,0.257728,0.252943,0.361115,0.362649,-0.008077,-0.023801,,4.529558,1028.944779,1.290894,10.000000,,VFR,barnes,envelope,False
2026-04-21T10:46:40Z,37.543495,-79.721726,106.680000,223.187231,404.444444,0.258610,0.254802,0.363047,224.574992,0.257696,0.253901,0.361763,0.362941,-0.008793,-0.025908,,4.531574,1028.946642,1.290887,10.000000,,VFR,barnes,envelope,False
2026-04-21T10:46:50Z,37.542215,-79.723231,106.680000,223.187231,404.638889,0.258333,0.255523,0.363357,224.686656,0.257355,0.254556,0.361981,0.363232,-0.009508,-0.028016,,4.533574,1028.948502,1.290880,10.000000,,VFR,barnes,envelope,False
2026-04-21T10:47:00Z,37.540934,-79.724736,106.680000,223.187231,404.833333,0.258056,0.256244,0.363667,224.798146,0.257234,0.255428,0.362509,0.363524,-0.010223,-0.030125,,4.535558,1028.950360,1.290873,10.000000,,VFR,barnes,envelope,False
2026-04-21T10:47:10Z,37.539653,-79.726241,106.680000,223.187231,405.027778,0.257778,0.256965,0.363979,224.909462,0.256737,0.255927,0.362509,0.363814,-0.010939,-0.032233,,4.537526,1028.952215,1.290866,10.000000,,VFR,barnes,envelope,False
2026-04-21T10:47:20Z,37.538372,-79.727746,106.680000,223.187231,405.222222,0.257500,0.257685,0.364291,225.020602,0.256555,0.256740,0.362955,0.364104,-0.011655,-0.034342,,4.539477,1028.954068,1.290860,10.000000,,VFR,barnes,envelope,False
2026-04-21T10:47:30Z,37.537091,-79.729251,106.680000,223.187231,405.416667,0.257221,0.258405,0.364604,225.131566,0.256162,0.257341,0.363103,0.364394,-0.012370,-0.036451,,4.541413,1028.955918,1.290853,10.000000,,VFR,barnes,envelope,False
2026-04-21T10:47:40Z,37.535810,-79.730756,106.680000,223.187231,405.611111,0.256942,0.259125,0.364918,225.242354,0.255718,0.257891,0.363180,0.364683,-0.013086,-0.038561,,4.543332,1028.957767,1.290846,10.000000,,VFR,barnes,envelope,False
2026-04-21T10:47:50Z,37.534529,-79.732261,106.680000,223.187231,405.805556,0.256662,0.259844,0.365232,225.352965,0.255563,0.258732,0.363668,0.364971,-0.013802,-0.040670,,4.545235,1028.959612,1.290840,10.000000,,VFR,barnes,envelope,False
2026-04-21T10:48:00Z,37.533248,-79.733766,106.680000,223.187231,406.000000,0.256382,0.260563,0.365548,225.463400,0.255290,0.259453,0.363991,0.365259,-0.014518,-0.042780,,4.547122,1028.961456,1.290833,10.000000,,VFR,barnes,envelope,False
2026-04-21T10:48:10Z,37.531967,-79.735271,106.680000,223.187231,406.194444,0.256102,0.261282,0.365864,225.573657,0.254885,0.260041,0.364126,0.365547,-0.015234,-0.044890,,4.548992,1028.963296,1.290827,10.000000,,VFR,barnes,envelope,False
2026-04-21T10:48:20Z,37.530686,-79.736776,106.680000,223.187231,406.388889,0.255821,0.262001,0.366182,225.683736,0.254531,0.260679,0.364334,0.365834,-0.015950,-0.047000,,4.550846,1028.965135,1.290821,10.000000,,VFR,barnes,envelope,False
2026-04-21T10:48:30Z,37.529405,-79.738281,106.680000,223.187231,406.583333,0.255540,0.262719,0.366500,225.793638,0.254359,0.261505,0.364806,0.366120,-0.016666,-0.049110,,4.552684,1028.966971,1.290814,10.000000,,VFR,barnes,envelope,False
2026-04-21T10:48:40Z,37.528124,-79.739786,106.680000,223.187231,406.777778,0.255258,0.263437,0.366819,225.903361,0.254217,0.262363,0.365323,0.366406,-0.017383,-0.051220,,4.554506,1028.968805,1.290808,10.000000,,VFR,barnes,envelope,False
2026-04-21T10:48:50Z,37.526843,-79.741291,106.680000,223.187231,406.972222,0.254976,0.264155,0.367138,226.012904,0.254068,0.263214,0.365831,0.366692,-0.018099,-0.053331,,4.556311,1028.970636,1.290802,10.000000,,VFR,barnes,envelope,False
2026-04-21T10:49:00Z,37.525562,-79.742796,106.680000,223.187231,407.166667,0.254694,0.264872,0.367459,226.122269,0.253775,0.263917,0.366134,0.366977,-0.018815,-0.055442,,4.558100,1028.972466,1.290796,10.000000,,VFR,barnes,envelope,False
2026-04-21T10:49:10Z,37.524281,-79.744301,106.680000,223.187231,407.361111,0.254411,0.265589,0.367780,226.231454,0.253224,0.264350,0.366065,0.367261,-0.019532,-0.057553,,4.559872,1028.974292,1.290790,10.000000,,VFR,barnes,envelope,False
2026-04-21T10:49:20Z,37.523000,-79.745806,106.680000,223.187231,407.555556,0.254128,0.266306,0.368103,226.340459,0.253055,0.265182,0.366549,0.367545,-0.020248,-0.059664,,4.561628,1028.976117,1.290784,10.000000,,VFR,barnes,envelope,False
2026-04-21T10:49:30Z,37.521719,-79.747311,106.680000,223.187231,407.750000,0.253844,0.267022,0.368426,226.449284,0.252841,0.265967,0.366970,0.367829,-0.020964,-0.061775,,4.563368,1028.977939,1.290779,10.000000,,VFR,barnes,envelope,False
2026-04-21T10:49:40Z,37.520438,-79.748816,106.680000,223.187231,407.944444,0.253560,0.267738,0.368750,226.557928,0.252658,0.266786,0.367439,0.368112,-0.021681,-0.063886,,4.565091,1028.979759,1.290773,10.000000,,VFR,barnes,envelope,False
2026-04-21T10:49:50Z,37.519157,-79.750321,106.680000,223.187231,408.138889,0.253276,0.268454,0.369075,226.666391,0.252431,0.267559,0.367844,0.368394,-0.022397,-0.065997,,4.566797,1028.981576,1.290767,10.000000,,VFR,barnes,envelope,False
2026-04-21T10:50:00Z,37.517876,-79.751826,106.680000,223.187231,408.333333,0.252991,0.269169,0.369400,226.774673,0.252037,0.268155,0.368008,0.368676,-0.023114,-0.068109,,-1.217247,1028.983391,1.318224,10.000000,,VFR,barnes,envelope,False
2026-04-21T10:50:10Z,37.516595,-79.753331,106.680000,223.187231,408.527778,0.252740,0.269859,0.369732,226.876162,0.251736,0.268786,0.368262,0.368966,-0.023788,-0.070096,,-1.216203,1028.984711,1.318221,10.000000,,VFR,barnes,envelope,False
2026-04-21T10:50:20Z,37.515314,-79.754836,106.680000,223.187231,408.722222,0.252489,0.270549,0.370064,226.977562,0.251355,0.269334,0.368403,0.369254,-0.024463,-0.072084,,-1.215163,1028.986030,1.318218,10.000000,,VFR,barnes,envelope,False
2026-04-21T10:50:30Z,37.514033,-79.756341,106.680000,223.187231,408.916667,0.252237,0.271238,0.370397,227.078872,0.251210,0.270134,0.368889,0.369543,-0.025139,-0.074075,,-1.214128,1028.987349,1.318214,10.000000,,VFR,barnes,envelope,False
2026-04-21T10:50:40Z,37.512752,-79.757846,106.680000,223.187231,409.111111,0.251984,0.271928,0.370730,227.180090,0.251075,0.270947,0.369392,0.369830,-0.025815,-0.076067,,-1.213097,1028.988669,1.318211,10.000000,,VFR,barnes,envelope,False
2026-04-21T10:50:50Z,37.511471,-79.759351,106.680000,223.187231,409.305556,0.251730,0.272618,0.371064,227.281216,0.250735,0.271541,0.369598,0.370117,-0.026491,-0.078060,,-1.212071,1028.989988,1.318208,10.000000,,VFR,barnes,envelope,False
2026-04-21T10:51:00Z,37.510190,-79.760856,106.680000,223.187231,409.500000,0.251475,0.273307,0.371399,227.382248,0.250494,0.272241,0.369949,0.370404,-0.027168,-0.080055,,-1.211050,1028.991308,1.318204,10.000000,,VFR,barnes,envelope,False
2026-04-21T10:51:10Z,37.508909,-79.762361,106.680000,223.187231,409.694444,0.251221,0.273998,0.371735,227.483157,0.250260,0.272949,0.370312,0.370691,-0.027846,-0.082052,,-1.210033,1028.992627,1.318201,10.000000,,VFR,barnes,envelope,False
2026-04-21T10:51:20Z,37.507628,-79.763866,106.680000,223.187231,409.888889,0.250966,0.274689,0.372072,227.583969,0.250046,0.273681,0.370708,0.370977,-0.028524,-0.084050,,-1.209021,1028.993946,1.318198,10.000000,,VFR,barnes,envelope,False
2026-04-21T10:51:30Z,37.506347,-79.765371,106.680000,223.187231,410.083333,0.250710,0.275379,0.372410,227.684684,0.249742,0.274315,0.370971,0.371263,-0.029202,-0.086049,,-1.208013,1028.995265,1.318195,10.000000,,VFR,barnes,envelope,False
2026-04-21T10:51:40Z,37.505066,-79.766876,106.680000,223.187231,410.277778,0.250454,0.276070,0.372749,227.785301,0.249472,0.274987,0.371287,0.371549,-0.029882,-0.088050,,-1.207011,1028.996584,1.318192,10.000000,,VFR,barnes,envelope,False
2026-04-21T10:51:50Z,37.503785,-79.768381,106.680000,223.187231,410.472222,0.250196,0.276760,0.373087,227.885819,0.249327,0.275798,0.371791,0.371834,-0.030561,-0.090052,,-1.206012,1028.997903,1.318188,10.000000,,VFR,barnes,envelope,False
2026-04-21T10:52:00Z,37.502504,-79.769886,106.680000,223.187231,410.666667,0.249938,0.277450,0.373427,227.986237,0.249093,0.276513,0.372165,0.372118,-0.031241,-0.092056,,-1.205019,1028.999223,1.318185,10.000000,,VFR,barnes,envelope,False
2026-04-21T10:52:10Z,37.501223,-79.771391,106.680000,223.187231,410.861111,0.249662,0.278167,0.373775,228.091165,0.248739,0.277138,0.372393,0.372407,-0.031952,-0.094152,,-1.204030,1029.000489,1.318182,10.000000,,VFR,barnes,envelope,False
2026-04-21T10:52:20Z,37.499942,-79.772896,106.680000,223.187231,411.055556,0.249385,0.278882,0.374123,228.195919,0.248425,0.277809,0.372683,0.372695,-0.032664,-0.096248,,-1.203045,1029.001755,1.318179,10.000000,,VFR,barnes,envelope,False
2026-04-21T10:52:30Z,37.498661,-79.774401,106.680000,223.187231,411.250000,0.249108,0.279598,0.374473,228.300499,0.248194,0.278571,0.373098,0.372982,-0.033375,-0.098344,,-1.202066,1029.003023,1.318176,10.000000,,VFR,barnes,envelope,False
2026-04-21T10:52:40Z,37.497380,-79.775906,106.680000,223.187231,411.444444,0.248830,0.280313,0.374822,228.404905,0.247960,0.279332,0.373511,0.373269,-0.034086,-0.100440,,-1.201091,1029.004291,1.318173,10.000000,,VFR,barnes,envelope,False
2026-04-21T10:52:50Z,37.496099,-79.777411,106.680000,223.187231,411.638889,0.248552,0.281027,0.375173,228.509136,0.247746,0.280116,0.373955,0.373555,-0.034798,-0.102536,,-1.200120,1029.005560,1.318170,10.000000,,VFR,barnes,envelope,False
2026-04-21T10:53:00Z,37.494818,-79.778916,106.680000,223.187231,411.833333,0.248273,0.281742,0.375524,228.613191,0.247432,0.280787,0.374251,0.373841,-0.035509,-0.104633,,-1.199154,1029.006830,1.318167,10.000000,,VFR,barnes,envelope,False
2026-04-21T10:53:10Z,37.493537,-79.780420,106.680000,223.187231,412.027778,0.250038,0.288072,0.381450,229.042922,0.246314,0.283781,0.375769,0.379460,-0.038917,-0.114674,,-1.198193,1029.008100,1.318164,10.000000,,VFR,barnes,envelope,False
2026-04-21T10:53:20Z,37.492256,-79.781925,106.680000,223.187231,412.222222,0.251791,0.294370,0.387366,229.457784,0.245790,0.287354,0.378134,0.385049,-0.042309,-0.124671,,-1.197237,1029.009371,1.318161,10.000000,,VFR,barnes,envelope,False
2026-04-21T10:53:30Z,37.490975,-79.783430,106.680000,223.187231,412.416667,0.253532,0.300637,0.393270,229.858508,0.245726,0.291381,0.381162,0.390607,-0.045687,-0.134624,,-1.196285,1029.010643,1.318158,10.000000,,VFR,barnes,envelope,False
2026-04-21T10:53:40Z,37.489694,-79.784935,106.680000,223.187231,412.611111,0.255262,0.306873,0.399161,230.245781,0.246020,0.295763,0.384710,0.396136,-0.049050,-0.144533,,-1.195337,1029.011916,1.318155,10.000000,,VFR,barnes,envelope,False
2026-04-21T10:53:50Z,37.488413,-79.786440,106.680000,223.187231,412.805556,0.256979,0.313077,0.405038,230.620248,0.246664,0.300510,0.388779,0.401634,-0.052399,-0.154399,,-1.194395,1029.013189,1.318152,10.000000,,VFR,barnes,envelope,False
2026-04-21T10:54:00Z,37.487132,-79.787945,106.680000,223.187231,413.000000,0.258685,0.319250,0.410900,230.982516,0.247530,0.305483,0.393181,0.407103,-0.055732,-0.164222,,-1.193456,1029.014464,1.318149,10.000000,,VFR,barnes,envelope,False
2026-04-21T10:54:10Z,37.485851,-79.789450,106.680000,223.187231,413.194444,0.260379,0.325392,0.416746,231.333155,0.248607,0.310681,0.397905,0.412542,-0.059051,-0.174001,,-1.192523,1029.025216,1.318158,10.000000,,VFR,barnes,envelope,False
2026-04-21T10:54:20Z,37.484570,-79.790955,106.680000,223.187231,413.388889,0.262062,0.331503,0.422576,231.672705,0.249823,0.316021,0.402840,0.417951,-0.062355,-0.183737,,-1.191594,1029.035993,1.318167,10.000000,,VFR,barnes,envelope,False
2026-04-21T10:54:30Z,37.483289,-79.792460,106.680000,223.187231,413.583333,0.263733,0.337583,0.428389,232.001672,0.300049,0.384068,0.487378,0.423330,-0.065644,-0.193429,,-1.190670,1029.046794,1.318177,10.000000,,VFR,barnes,envelope,False
2026-04-21T10:54:40Z,37.482008,-79.793965,106.680000,223.187231,413.777778,0.265392,0.343632,0.434184,232.320533,0.317711,0.411375,0.519779,0.428679,-0.068919,-0.203078,,-1.189750,1029.057620,1.318186,10.000000,,VFR,barnes,envelope,False
2026-04-21T10:54:50Z,37.480727,-79.795470,106.680000,223.187231,413.972222,0.267040,0.349649,0.439960,232.629738,0.300984,0.394094,0.495885,0.433999,-0.072179,-0.212684,,-1.188835,1029.068469,1.318196,10.000000,,VFR,barnes,envelope,False
2026-04-21T10:55:00Z,37.479446,-79.796975,106.680000,223.187231,414.166667,0.268676,0.355636,0.445717,232.929715,0.321480,0.425531,0.533316,0.439289,-0.075424,-0.222247,,4.611379,1029.079343,1.290683,10.000000,,VFR,barnes,envelope,False
2026-04-21T10:55:10Z,37.478165,-79.798480,106.680000,223.187231,414.361111,0.268933,0.353749,0.444369,232.756522,0.345546,0.454524,0.570959,0.438185,-0.073872,-0.217673,,4.615004,1029.080505,1.290667,10.000000,,VFR,barnes,envelope,False
2026-04-21T10:55:20Z,37.476884,-79.799985,106.680000,223.187231,414.555556,0.269195,0.351873,0.443035,232.582780,0.362724,0.474128,0.596964,0.437092,-0.072325,-0.213115,,4.618609,1029.081668,1.290652,10.000000,,VFR,barnes,envelope,False
2026-04-21T10:55:30Z,37.475603,-79.801490,106.680000,223.187231,414.750000,0.269460,0.350008,0.441718,232.408499,0.316882,0.411606,0.519455,0.436009,-0.070784,-0.208575,,4.622195,1029.082833,1.290637,10.000000,,VFR,barnes,envelope,False
2026-04-21T10:55:40Z,37.474322,-79.802995,106.680000,223.187231,414.944444,0.269729,0.348155,0.440415,232.233690,0.306634,0.395791,0.500675,0.434937,-0.069249,-0.204050,,4.625760,1029.084000,1.290622,10.000000,,VFR,barnes,envelope,False
2026-04-21T10:55:50Z,37.473041,-79.804500,106.680000,223.187231,415.138889,0.270001,0.346313,0.439128,232.058364,0.267397,0.342972,0.434891,0.433875,-0.067719,-0.199543,,4.629306,1029.085169,1.290607,10.000000,,VFR,barnes,envelope,False
2026-04-21T10:56:00Z,37.471760,-79.806005,106.680000,223.187231,415.333333,0.270278,0.344482,0.437856,231.882531,0.329561,0.420041,0.533895,0.432823,-0.066195,-0.195052,,4.632832,1029.086339,1.290592,10.000000,,VFR,barnes,envelope,False
2026-04-21T10:56:10Z,37.470479,-79.807510,106.680000,223.187231,415.527778,0.270558,0.342662,0.436599,231.706203,0.318791,0.403750,0.514433,0.431782,-0.064676,-0.190577,,4.636338,1029.087511,1.290577,10.000000,,VFR,barnes,envelope,False
2026-04-21T10:56:20Z,37.469198,-79.809015,106.680000,223.187231,415.722222,0.270841,0.340853,0.435357,231.529390,0.310198,0.390383,0.498620,0.430751,-0.063163,-0.186119,,4.639824,1029.088684,1.290562,10.000000,,VFR,barnes,envelope,False
2026-04-21T10:56:30Z,37.467917,-79.810520,106.680000,223.187231,415.916667,0.271129,0.339056,0.434131,231.352104,0.303341,0.379338,0.485708,0.429730,-0.061656,-0.181678,,4.643291,1029.089859,1.290548,10.000000,,VFR,barnes,envelope,False
2026-04-21T10:56:40Z,37.466636,-79.812025,106.680000,223.187231,416.111111,0.271420,0.337269,0.432919,231.174356,0.297903,0.370177,0.475160,0.428720,-0.060154,-0.177253,,4.646737,1029.091036,1.290533,10.000000,,VFR,barnes,envelope,False
2026-04-21T10:56:50Z,37.465355,-79.813530,106.680000,223.187231,416.305556,0.271714,0.335493,0.431723,230.996159,0.293574,0.362484,0.466455,0.427719,-0.058658,-0.172844,,4.650164,1029.092215,1.290519,10.000000,,VFR,barnes,envelope,False
2026-04-21T10:57:00Z,37.464074,-79.815035,106.680000,223.187231,416.500000,0.272013,0.333729,0.430541,230.817523,0.290168,0.356004,0.459278,0.426729,-0.057167,-0.168451,,4.653570,1029.093395,1.290504,10.000000,,VFR,barnes,envelope,False
2026-04-21T10:57:10Z,37.462793,-79.816540,106.680000,223.187231,416.694444,0.272315,0.331975,0.429375,230.638460,0.287489,0.350474,0.453301,0.425749,-0.055682,-0.164075,,4.656957,1029.094577,1.290490,10.000000,,VFR,barnes,envelope,False
2026-04-21T10:57:20Z,37.461512,-79.818045,106.680000,223.187231,416.888889,0.272620,0.330233,0.428223,230.458984,0.285394,0.345706,0.448288,0.424779,-0.054203,-0.159715,,4.660324,1029.095760,1.290476,10.000000,,VFR,barnes,envelope,False
2026-04-21T10:57:30Z,37.460231,-79.819550,106.680000,223.187231,417.083333,0.272929,0.328501,0.427087,230.279104,0.283757,0.341534,0.444031,0.423819,-0.052728,-0.155371,,4.663671,1029.096945,1.290462,10.000000,,VFR,barnes,envelope,False
2026-04-21T10:57:40Z,37.458950,-79.821055,106.680000,223.187231,417.277778,0.273242,0.326780,0.425965,230.098835,0.282486,0.337835,0.440376,0.422869,-0.051260,-0.151044,,4.666998,1029.098132,1.290448,10.000000,,VFR,barnes,envelope,False
2026-04-21T10:57:50Z,37.457669,-79.822560,106.680000,223.187231,417.472222,0.273558,0.325070,0.424858,229.918188,0.281584,0.334607,0.437323,0.421930,-0.049796,-0.146732,,4.670305,1029.099321,1.290434,10.000000,,VFR,barnes,envelope,False
2026-04-21T10:58:00Z,37.456388,-79.824065,106.680000,223.187231,417.666667,0.273877,0.323370,0.423766,229.737176,0.280925,0.331692,0.434671,0.421000,-0.048339,-0.142436,,4.673593,1029.100511,1.290420,10.000000,,VFR,barnes,envelope,False
2026-04-21T10:58:10Z,37.455107,-79.825570,106.680000,223.187231,417.861111,0.274201,0.321682,0.422688,229.555812,0.280400,0.328955,0.432245,0.420079,-0.046886,-0.138157,,4.676860,1029.101703,1.290406,10.000000,,VFR,barnes,envelope,False
2026-04-21T10:58:20Z,37.453826,-79.827075,106.680000,223.187231,418.055556,0.274527,0.320004,0.421625,229.374107,0.280051,0.326443,0.430109,0.419169,-0.045439,-0.133893,,4.680107,1029.102896,1.290393,10.000000,,VFR,barnes,envelope,False
2026-04-21T10:58:30Z,37.452545,-79.828580,106.680000,223.187231,418.250000,0.274857,0.318336,0.420576,229.192076,0.279797,0.324058,0.428136,0.418269,-0.043998,-0.129645,,4.683335,1029.104091,1.290379,10.000000,,VFR,barnes,envelope,False
2026-04-21T10:58:40Z,37.451264,-79.830085,106.680000,223.187231,418.444444,0.275191,0.316680,0.419543,229.009730,0.279693,0.321861,0.426407,0.417378,-0.042561,-0.125413,,4.686542,1029.105288,1.290366,10.000000,,VFR,barnes,envelope,False
2026-04-21T10:58:50Z,37.449983,-79.831590,106.680000,223.187231,418.638889,0.275528,0.315033,0.418523,228.827084,0.279701,0.319805,0.424862,0.416497,-0.041130,-0.121196,,4.689730,1029.106486,1.290353,10.000000,,VFR,barnes,envelope,False
2026-04-21T10:59:00Z,37.448702,-79.833095,106.680000,223.187231,418.833333,0.275868,0.313398,0.417518,228.644149,0.279794,0.317858,0.423460,0.415626,-0.039705,-0.116996,,4.692898,1029.107686,1.290339,10.000000,,VFR,barnes,envelope,False
2026-04-21T10:59:10Z,37.447421,-79.834600,106.680000,223.187231,419.027778,0.276212,0.311773,0.416528,228.460940,0.279920,0.315957,0.422119,0.414765,-0.038285,-0.112811,,4.696045,1029.108888,1.290326,10.000000,,VFR,barnes,envelope,False
2026-04-21T10:59:20Z,37.446140,-79.836105,106.680000,223.187231,419.222222,0.276560,0.310158,0.415552,228.277470,0.279971,0.313984,0.420678,0.413913,-0.036870,-0.108641,,4.699173,1029.110092,1.290313,10.000000,,VFR,barnes,envelope,False
2026-04-21T10:59:30Z,37.444859,-79.837610,106.680000,223.187231,419.416667,0.276910,0.308554,0.414590,228.093752,0.280125,0.312136,0.419403,0.413071,-0.035460,-0.104488,,4.702281,1029.111297,1.290300,10.000000,,VFR,barnes,envelope,False
2026-04-21T10:59:40Z,37.443578,-79.839114,106.680000,223.187231,419.611111,0.277264,0.306960,0.413642,227.909799,0.280351,0.310377,0.418247,0.412238,-0.034056,-0.100349,,4.705369,1029.112503,1.290288,10.000000,,VFR,barnes,envelope,False
2026-04-21T10:59:50Z,37.442297,-79.840619,106.680000,223.187231,419.805556,0.277622,0.305376,0.412709,227.725625,0.280545,0.308592,0.417054,0.411415,-0.032656,-0.096227,,4.708437,1029.113712,1.290275,10.000000,,VFR,barnes,envelope,False
2026-04-21T11:00:00Z,37.441016,-79.842124,106.680000,223.187231,420.000000,0.277982,0.303803,0.411789,227.541244,0.280820,0.306905,0.415993,0.410601,-0.031263,-0.092119,,4.711800,1029.114922,1.290261,10.000000,,VFR,barnes,envelope,False
2026-04-21T11:00:10Z,37.439735,-79.843629,106.680000,223.187231,420.194444,0.279073,0.304232,0.412842,227.469696,0.280658,0.305959,0.415187,0.411690,-0.030828,-0.090840,,4.714826,1029.116171,1.290248,10.000000,,VFR,barnes,envelope,False
2026-04-21T11:00:20Z,37.438454,-79.845134,106.680000,223.187231,420.388889,0.280163,0.304659,0.413894,227.398472,0.280850,0.305406,0.414910,0.412776,-0.030394,-0.089560,,4.717833,1029.117422,1.290236,10.000000,,VFR,barnes,envelope,False
2026-04-21T11:00:30Z,37.437173,-79.846639,106.680000,223.187231,420.583333,0.281252,0.305084,0.414944,227.327570,0.281222,0.305052,0.414901,0.413861,-0.029959,-0.088278,,4.720819,1029.118674,1.290224,10.000000,,VFR,barnes,envelope,False
2026-04-21T11:00:40Z,37.435892,-79.848144,106.680000,223.187231,420.777778,0.282340,0.305508,0.415994,227.256984,0.281754,0.304874,0.415131,0.414945,-0.029523,-0.086995,,4.723786,1029.119928,1.290211,10.000000,,VFR,barnes,envelope,False
2026-04-21T11:00:50Z,37.434611,-79.849649,106.680000,223.187231,420.972222,0.283426,0.305930,0.417042,227.186713,0.282337,0.304754,0.415438,0.416026,-0.029088,-0.085711,,4.726733,1029.121183,1.290199,10.000000,,VFR,barnes,envelope,False
2026-04-21T11:01:00Z,37.433330,-79.851154,106.680000,223.187231,421.166667,0.284512,0.306351,0.418089,227.116751,0.283085,0.304815,0.415992,0.417106,-0.028651,-0.084425,,4.729660,1029.122439,1.290187,10.000000,,VFR,barnes,envelope,False
2026-04-21T11:01:10Z,37.432049,-79.852659,106.680000,223.187231,421.361111,0.285597,0.306771,0.419135,227.047095,0.283913,0.304962,0.416663,0.418184,-0.028215,-0.083138,,4.732567,1029.123697,1.290175,10.000000,,VFR,barnes,envelope,False
2026-04-21T11:01:20Z,37.430768,-79.854164,106.680000,223.187231,421.555556,0.286681,0.307188,0.420179,226.977743,0.284697,0.305063,0.417272,0.419260,-0.027777,-0.081850,,4.735454,1029.124956,1.290163,10.000000,,VFR,barnes,envelope,False
2026-04-21T11:01:30Z,37.429487,-79.855669,106.680000,223.187231,421.750000,0.287764,0.307604,0.421223,226.908690,0.285695,0.305393,0.418194,0.420334,-0.027340,-0.080561,,4.738321,1029.126216,1.290152,10.000000,,VFR,barnes,envelope,False
2026-04-21T11:01:40Z,37.428206,-79.857174,106.680000,223.187231,421.944444,0.288845,0.308019,0.422264,226.839932,0.286579,0.305602,0.418951,0.421407,-0.026902,-0.079270,,4.741168,1029.127478,1.290140,10.000000,,VFR,barnes,envelope,False
2026-04-21T11:01:50Z,37.426925,-79.858679,106.680000,223.187231,422.138889,0.289926,0.308432,0.423305,226.771467,0.287441,0.305788,0.419677,0.422477,-0.026463,-0.077978,,4.743995,1029.128741,1.290129,10.000000,,VFR,barnes,envelope,False
2026-04-21T11:02:00Z,37.425644,-79.860184,106.680000,223.187231,422.333333,0.291006,0.308843,0.424345,226.703290,0.288477,0.306160,0.420657,0.423546,-0.026024,-0.076684,,4.746802,1029.130006,1.290117,10.000000,,VFR,barnes,envelope,False
2026-04-21T11:02:10Z,37.424363,-79.861689,106.680000,223.187231,422.527778,0.292084,0.309253,0.425383,226.635399,0.289486,0.306502,0.421599,0.424613,-0.025585,-0.075389,,4.749589,1029.131272,1.290106,10.000000,,VFR,barnes,envelope,False
2026-04-21T11:02:20Z,37.423082,-79.863194,106.680000,223.187231,422.722222,0.293162,0.309661,0.426419,226.567790,0.290434,0.306780,0.422452,0.425677,-0.025145,-0.074093,,4.752357,1029.132539,1.290095,10.000000,,VFR,barnes,envelope,False
2026-04-21T11:02:30Z,37.421801,-79.864699,106.680000,223.187231,422.916667,0.294238,0.310067,0.427455,226.500459,0.291417,0.307094,0.423356,0.426740,-0.024705,-0.072795,,4.755104,1029.133807,1.290083,10.000000,,VFR,barnes,envelope,False
2026-04-21T11:02:40Z,37.420520,-79.866204,106.680000,223.187231,423.111111,0.295313,0.310472,0.428489,226.433403,0.292530,0.307546,0.424451,0.427801,-0.024264,-0.071496,,4.757832,1029.135077,1.290072,10.000000,,VFR,barnes,envelope,False
2026-04-21T11:02:50Z,37.419239,-79.867709,106.680000,223.187231,423.305556,0.296388,0.310875,0.429521,226.366620,0.293543,0.307891,0.425400,0.428860,-0.023822,-0.070196,,4.760539,1029.136349,1.290061,10.000000,,VFR,barnes,envelope,False
2026-04-21T11:03:00Z,37.417958,-79.869214,106.680000,223.187231,423.500000,0.297461,0.311276,0.430553,226.300104,0.294604,0.308286,0.426418,0.429917,-0.023380,-0.068894,,4.763227,1029.137621,1.290050,10.000000,,VFR,barnes,envelope,False
2026-04-21T11:03:10Z,37.416677,-79.870719,106.680000,223.187231,423.694444,0.298533,0.311676,0.431582,226.233854,0.295703,0.308721,0.427492,0.430973,-0.022938,-0.067590,,4.765894,1029.138895,1.290040,10.000000,,VFR,barnes,envelope,False
2026-04-21T11:03:20Z,37.415396,-79.872224,106.680000,223.187231,423.888889,0.299604,0.312073,0.432611,226.167866,0.296659,0.309006,0.428359,0.432026,-0.022495,-0.066285,,4.768542,1029.140171,1.290029,10.000000,,VFR,barnes,envelope,False
2026-04-21T11:03:30Z,37.414115,-79.873729,106.680000,223.187231,424.083333,0.300674,0.312469,0.433638,226.102137,0.297723,0.309403,0.429382,0.433077,-0.022052,-0.064978,,4.771170,1029.141447,1.290018,10.000000,,VFR,barnes,envelope,False
2026-04-21T11:03:40Z,37.412834,-79.875234,106.680000,223.187231,424.277778,0.301742,0.312864,0.434663,226.036664,0.298887,0.309903,0.430550,0.434126,-0.021608,-0.063670,,4.773778,1029.142725,1.290008,10.000000,,VFR,barnes,envelope,False
2026-04-21T11:03:50Z,37.411553,-79.876739,106.680000,223.187231,424.472222,0.302810,0.313256,0.435687,225.971442,0.299948,0.310296,0.431570,0.435173,-0.021163,-0.062361,,4.776366,1029.144005,1.289997,10.000000,,VFR,barnes,envelope,False
2026-04-21T11:04:00Z,37.410272,-79.878244,106.680000,223.187231,424.666667,0.303876,0.313647,0.436710,225.906470,0.301025,0.310704,0.432612,0.436218,-0.020718,-0.061049,,4.778934,1029.145286,1.289987,10.000000,,VFR,barnes,envelope,False
2026-04-21T11:04:10Z,37.408991,-79.879749,106.680000,223.187231,424.861111,0.304942,0.314036,0.437731,225.841744,0.301987,0.310993,0.433489,0.437261,-0.020273,-0.059737,,4.781483,1029.146568,1.289977,10.000000,,VFR,barnes,envelope,False
2026-04-21T11:04:20Z,37.407710,-79.881254,106.680000,223.187231,425.055556,0.306006,0.314423,0.438750,225.777261,0.303053,0.311389,0.434517,0.438302,-0.019827,-0.058422,,4.784011,1029.147851,1.289967,10.000000,,VFR,barnes,envelope,False
2026-04-21T11:04:30Z,37.406429,-79.882759,106.680000,223.187231,425.250000,0.307069,0.314808,0.439768,225.713017,0.304210,0.311877,0.435673,0.439341,-0.019380,-0.057106,,4.786519,1029.149136,1.289957,10.000000,,VFR,barnes,envelope,False
2026-04-21T11:04:40Z,37.405148,-79.884264,106.680000,223.187231,425.444444,0.308131,0.315192,0.440784,225.649011,0.305246,0.312241,0.436657,0.440377,-0.018933,-0.055789,,4.789008,1029.150422,1.289947,10.000000,,VFR,barnes,envelope,False
2026-04-21T11:04:50Z,37.403867,-79.885769,106.680000,223.187231,425.638889,0.309192,0.315574,0.441799,225.585238,0.306243,0.312564,0.437586,0.441412,-0.018485,-0.054469,,4.791477,1029.151709,1.289937,10.000000,,VFR,barnes,envelope,False
2026-04-21T11:05:00Z,37.402586,-79.887274,106.680000,223.187231,425.833333,0.310252,0.315953,0.442812,225.521696,0.307433,0.313083,0.438790,0.442445,-0.018037,-0.053148,,4.793925,1029.152998,1.289927,10.000000,,VFR,barnes,envelope,False
2026-04-21T11:05:10Z,37.401305,-79.888779,106.680000,223.187231,426.027778,0.311319,0.316342,0.443838,225.458481,0.308552,0.313530,0.439893,0.443489,-0.017589,-0.051830,,4.796354,1029.154264,1.289918,10.000000,,VFR,barnes,envelope,False
2026-04-21T11:05:20Z,37.400024,-79.890284,106.680000,223.187231,426.222222,0.312386,0.316729,0.444862,225.395493,0.309481,0.313783,0.440724,0.444532,-0.017141,-0.050509,,4.798763,1029.155531,1.289908,10.000000,,VFR,barnes,envelope,False
2026-04-21T11:05:30Z,37.398743,-79.891789,106.680000,223.187231,426.416667,0.313451,0.317113,0.445884,225.332730,0.310591,0.314220,0.441815,0.445571,-0.016693,-0.049187,,4.801152,1029.156799,1.289898,10.000000,,VFR,barnes,envelope,False
2026-04-21T11:05:40Z,37.397462,-79.893294,106.680000,223.187231,426.611111,0.314515,0.317496,0.446904,225.270187,0.311593,0.314546,0.442752,0.446609,-0.016243,-0.047863,,4.803522,1029.158069,1.289889,10.000000,,VFR,barnes,envelope,False
2026-04-21T11:05:50Z,37.396181,-79.894799,106.680000,223.187231,426.805556,0.315578,0.317876,0.447923,225.207861,0.312575,0.314851,0.443660,0.447644,-0.015793,-0.046538,,4.805871,1029.159341,1.289880,10.000000,,VFR,barnes,envelope,False
2026-04-21T11:06:00Z,37.394900,-79.896304,106.680000,223.187231,427.000000,0.316639,0.318255,0.448939,225.145751,0.313746,0.315347,0.444837,0.448677,-0.015343,-0.045210,,4.808201,1029.160614,1.289871,10.000000,,VFR,barnes,envelope,False
2026-04-21T11:06:10Z,37.393619,-79.897808,106.680000,223.187231,427.194444,0.317700,0.318631,0.449954,225.083852,0.314779,0.315702,0.445818,0.449707,-0.014892,-0.043881,,4.810511,1029.161888,1.289861,10.000000,,VFR,barnes,envelope,False
2026-04-21T11:06:20Z,37.392338,-79.899313,106.680000,223.187231,427.388889,0.318758,0.319005,0.450967,225.022163,0.315739,0.315983,0.446695,0.450735,-0.014440,-0.042550,,4.812800,1029.163164,1.289852,10.000000,,VFR,barnes,envelope,False
2026-04-21T11:06:30Z,37.391057,-79.900818,106.680000,223.187231,427.583333,0.319816,0.319377,0.451978,224.960679,0.316902,0.316467,0.447860,0.451761,-0.013988,-0.041216,,4.815071,1029.164442,1.289843,10.000000,,VFR,barnes,envelope,False
2026-04-21T11:06:40Z,37.389776,-79.902323,106.680000,223.187231,427.777778,0.320872,0.319747,0.452987,224.899398,0.317971,0.316856,0.448891,0.452784,-0.013535,-0.039881,,4.817321,1029.165721,1.289835,10.000000,,VFR,barnes,envelope,False
2026-04-21T11:06:50Z,37.388495,-79.903828,106.680000,223.187231,427.972222,0.321927,0.320115,0.453994,224.838317,0.319130,0.317334,0.450050,0.453805,-0.013081,-0.038545,,4.819551,1029.167001,1.289826,10.000000,,VFR,barnes,envelope,False
2026-04-21T11:07:00Z,37.387214,-79.905333,106.680000,223.187231,428.166667,0.322980,0.320480,0.454999,224.777434,0.320111,0.317634,0.450957,0.454823,-0.012627,-0.037206,,4.821762,1029.168283,1.289817,10.000000,,VFR,barnes,envelope,False
2026-04-21T11:07:10Z,37.385933,-79.906838,106.680000,223.187231,428.361111,0.324032,0.320844,0.456002,224.716745,0.321146,0.317987,0.451941,0.455839,-0.012172,-0.035865,,4.823953,1029.169566,1.289809,10.000000,,VFR,barnes,envelope,False
2026-04-21T11:07:20Z,37.384652,-79.908343,106.680000,223.187231,428.555556,0.325083,0.321205,0.457003,224.656248,0.322214,0.318370,0.452969,0.456853,-0.011716,-0.034523,,4.826124,1029.170851,1.289800,10.000000,,VFR,barnes,envelope,False
2026-04-21T11:07:30Z,37.383371,-79.909848,106.680000,223.187231,428.750000,0.326132,0.321564,0.458002,224.595939,0.323224,0.318697,0.453918,0.457864,-0.011260,-0.033178,,4.828275,1029.172137,1.289792,10.000000,,VFR,barnes,envelope,False
2026-04-21T11:07:40Z,37.382090,-79.911353,106.680000,223.187231,428.944444,0.327180,0.321921,0.458999,224.535817,0.324338,0.319125,0.455012,0.458872,-0.010803,-0.031831,,4.830406,1029.173425,1.289784,10.000000,,VFR,barnes,envelope,False
2026-04-21T11:07:50Z,37.380809,-79.912858,106.680000,223.187231,429.138889,0.328227,0.322276,0.459994,224.475878,0.325362,0.319464,0.455980,0.459878,-0.010345,-0.030483,,4.832518,1029.174714,1.289775,10.000000,,VFR,barnes,envelope,False
2026-04-21T11:08:00Z,37.379528,-79.914363,106.680000,223.187231,429.333333,0.329272,0.322629,0.460987,224.416119,0.326362,0.319777,0.456913,0.460881,-0.009887,-0.029132,,4.834610,1029.176005,1.289767,10.000000,,VFR,barnes,envelope,False
2026-04-21T11:08:10Z,37.378247,-79.915868,106.680000,223.187231,429.527778,0.330316,0.322979,0.461979,224.356538,0.327384,0.320112,0.457877,0.461882,-0.009428,-0.027780,,4.836682,1029.177297,1.289759,10.000000,,VFR,barnes,envelope,False
2026-04-21T11:08:20Z,37.376966,-79.917373,106.680000,223.187231,429.722222,0.331359,0.323327,0.462968,224.297133,0.328401,0.320441,0.458834,0.462881,-0.008968,-0.026425,,4.838734,1029.178591,1.289751,10.000000,,VFR,barnes,envelope,False
2026-04-21T11:08:30Z,37.375685,-79.918878,106.680000,223.187231,429.916667,0.332400,0.323673,0.463954,224.237899,0.329474,0.320824,0.459870,0.463876,-0.008507,-0.025068,,4.840767,1029.179886,1.289744,10.000000,,VFR,barnes,envelope,False
2026-04-21T11:08:40Z,37.374404,-79.920383,106.680000,223.187231,430.111111,0.333440,0.324016,0.464939,224.178836,0.330533,0.321192,0.460887,0.464870,-0.008046,-0.023709,,4.842780,1029.181182,1.289736,10.000000,,VFR,barnes,envelope,False
2026-04-21T11:08:50Z,37.373123,-79.921888,106.680000,223.187231,430.305556,0.334478,0.324358,0.465922,224.119940,0.331517,0.321486,0.461797,0.465860,-0.007584,-0.022348,,4.844773,1029.182480,1.289728,10.000000,,VFR,barnes,envelope,False
2026-04-21T11:09:00Z,37.371842,-79.923393,106.680000,223.187231,430.500000,0.335515,0.324697,0.466903,224.061208,0.332551,0.321828,0.462778,0.466849,-0.007122,-0.020985,,4.846746,1029.183780,1.289721,10.000000,,VFR,barnes,envelope,False
2026-04-21T11:09:10Z,37.370561,-79.924898,106.680000,223.187231,430.694444,0.336551,0.325033,0.467882,224.002638,0.333558,0.322143,0.463721,0.467834,-0.006658,-0.019620,,4.848700,1029.185081,1.289713,10.000000,,VFR,barnes,envelope,False
2026-04-21T11:09:20Z,37.369280,-79.926403,106.680000,223.187231,430.888889,0.337585,0.325368,0.468858,223.944228,0.334619,0.322509,0.464739,0.468817,-0.006194,-0.018253,,4.850634,1029.186383,1.289706,10.000000,,VFR,barnes,envelope,False
2026-04-21T11:09:30Z,37.367999,-79.927908,106.680000,223.187231,431.083333,0.338618,0.325700,0.469832,223.885974,0.335572,0.322770,0.465606,0.469797,-0.005730,-0.016883,,4.852549,1029.187687,1.289699,10.000000,,VFR,barnes,envelope,False
2026-04-21T11:09:40Z,37.366718,-79.929413,106.680000,223.187231,431.277778,0.339649,0.326029,0.470805,223.827874,0.336779,0.323274,0.466826,0.470775,-0.005264,-0.015511,,4.854443,1029.188992,1.289692,10.000000,,VFR,barnes,envelope,False
2026-04-21T11:09:50Z,37.365437,-79.930918,106.680000,223.187231,431.472222,0.340679,0.326357,0.471775,223.769926,0.337725,0.323527,0.467683,0.471750,-0.004798,-0.014138,,4.856318,1029.190298,1.289684,10.000000,,VFR,barnes,envelope,False
2026-04-21T11:10:00Z,37.364156,-79.932423,106.680000,223.187231,431.666667,0.341708,0.326682,0.472742,223.712128,0.338804,0.323905,0.468725,0.472723,-0.004331,-0.012761,,4.858173,1029.191607,1.289677,10.000000,,VFR,barnes,envelope,False
2026-04-21T11:10:10Z,37.362875,-79.933928,106.680000,223.187231,431.861111,0.342727,0.327001,0.473700,223.654856,0.339843,0.324249,0.469714,0.473684,-0.003866,-0.011392,,4.860009,1029.194815,1.289673,10.000000,,VFR,barnes,envelope,False
2026-04-21T11:10:20Z,37.361594,-79.935433,106.680000,223.187231,432.055556,0.343745,0.327318,0.474655,223.597720,0.340935,0.324642,0.470775,0.474643,-0.003401,-0.010020,,4.861825,1029.198021,1.289669,10.000000,,VFR,barnes,envelope,False
2026-04-21T11:10:30Z,37.360314,-79.936938,106.680000,223.187231,432.250000,0.344761,0.327632,0.475608,223.540718,0.341981,0.324990,0.471773,0.475599,-0.002934,-0.008646,,4.863622,1029.201224,1.289664,10.000000,,VFR,barnes,envelope,False
2026-04-21T11:10:40Z,37.359033,-79.938443,106.680000,223.187231,432.444444,0.345776,0.327944,0.476559,223.483847,0.342919,0.325235,0.472622,0.476552,-0.002467,-0.007270,,4.865398,1029.204425,1.289660,10.000000,,VFR,barnes,envelope,False
2026-04-21T11:10:50Z,37.357752,-79.939948,106.680000,223.187231,432.638889,0.346790,0.328254,0.477508,223.427104,0.344022,0.325634,0.473697,0.477503,-0.001999,-0.005891,,4.867156,1029.207623,1.289656,10.000000,,VFR,barnes,envelope,False
2026-04-21T11:11:00Z,37.356471,-79.941453,106.680000,223.187231,432.833333,0.347802,0.328561,0.478454,223.370489,0.345000,0.325914,0.474600,0.478452,-0.001530,-0.004509,,4.868893,1029.210818,1.289652,10.000000,,VFR,barnes,envelope,False
2026-04-21T11:11:10Z,37.355190,-79.942958,106.680000,223.187231,433.027778,0.348813,0.328866,0.479399,223.313997,0.346089,0.326298,0.475655,0.479398,-0.001061,-0.003125,,4.870611,1029.214011,1.289648,10.000000,,VFR,barnes,envelope,False
2026-04-21T11:11:20Z,37.353909,-79.944463,106.680000,223.187231,433.222222,0.349823,0.329168,0.480341,223.257628,0.347030,0.326540,0.476507,0.480341,-0.000590,-0.001739,,4.872309,1029.217201,1.289644,10.000000,,VFR,barnes,envelope,False
2026-04-21T11:11:30Z,37.352628,-79.945968,106.680000,223.187231,433.416667,0.350831,0.329468,0.481281,223.201379,0.347972,0.326783,0.477360,0.481281,-0.000119,-0.000350,,4.873988,1029.220388,1.289640,10.000000,,VFR,barnes,envelope,False
2026-04-21T11:11:40Z,37.351347,-79.947473,106.680000,223.187231,433.611111,0.351838,0.329766,0.482219,223.145247,0.349066,0.327167,0.478419,0.482219,0.000353,0.001041,,4.875648,1029.223573,1.289636,10.000000,,VFR,barnes,envelope,False
2026-04-21T11:11:50Z,37.350066,-79.948978,106.680000,223.187231,433.805556,0.352844,0.330061,0.483155,223.089230,0.350032,0.327431,0.479305,0.483154,0.000826,0.002435,,4.877287,1029.226755,1.289633,10.000000,,VFR,barnes,envelope,False
2026-04-21T11:12:00Z,37.348785,-79.950483,106.680000,223.187231,434.000000,0.353848,0.330353,0.484089,223.033327,0.351116,0.327803,0.480351,0.484087,0.001300,0.003832,,4.878908,1029.229934,1.289629,10.000000,,VFR,barnes,envelope,False
2026-04-21T11:12:10Z,37.347504,-79.951988,106.680000,223.187231,434.194444,0.354851,0.330644,0.485020,222.977534,0.352092,0.328073,0.481249,0.485017,0.001775,0.005231,,4.880508,1029.233110,1.289626,10.000000,,VFR,barnes,envelope,False
2026-04-21T11:12:20Z,37.346223,-79.953493,106.680000,223.187231,434.388889,0.355852,0.330931,0.485949,222.921850,0.353052,0.328327,0.482124,0.485944,0.002251,0.006632,,4.882089,1029.236284,1.289623,10.000000,,VFR,barnes,envelope,False
2026-04-21T11:12:30Z,37.344942,-79.954998,106.680000,223.187231,434.583333,0.356852,0.331216,0.486876,222.866273,0.354107,0.328669,0.483130,0.486868,0.002727,0.008037,,4.883651,1029.239454,1.289619,10.000000,,VFR,barnes,envelope,False
2026-04-21T11:12:40Z,37.343661,-79.956502,106.680000,223.187231,434.777778,0.357851,0.331499,0.487800,222.810800,0.355128,0.328976,0.484088,0.487790,0.003205,0.009443,,4.885193,1029.242622,1.289616,10.000000,,VFR,barnes,envelope,False
2026-04-21T11:12:50Z,37.342380,-79.958007,106.680000,223.187231,434.972222,0.358849,0.331779,0.488723,222.755430,0.356165,0.329298,0.485068,0.488709,0.003683,0.010853,,4.886716,1029.245787,1.289613,10.000000,,VFR,barnes,envelope,False
2026-04-21T11:13:00Z,37.341099,-79.959512,106.680000,223.187231,435.166667,0.359845,0.332057,0.489643,222.700159,0.357112,0.329535,0.485924,0.489625,0.004162,0.012265,,4.888219,1029.248949,1.289610,10.000000,,VFR,barnes,envelope,False
2026-04-21T11:13:10Z,37.339818,-79.961017,106.680000,223.187231,435.361111,0.360839,0.332332,0.490560,222.644987,0.358067,0.329779,0.486791,0.490538,0.004643,0.013680,,4.889703,1029.252109,1.289607,10.000000,,VFR,barnes,envelope,False
2026-04-21T11:13:20Z,37.338537,-79.962522,106.680000,223.187231,435.555556,0.361832,0.332604,0.491476,222.589910,0.359102,0.330094,0.487766,0.491449,0.005124,0.015098,,4.891168,1029.255265,1.289604,10.000000,,VFR,barnes,envelope,False
2026-04-21T11:13:30Z,37.337256,-79.964027,106.680000,223.187231,435.750000,0.362824,0.332874,0.492389,222.534927,0.360121,0.330394,0.488721,0.492357,0.005606,0.016518,,4.892613,1029.258419,1.289601,10.000000,,VFR,barnes,envelope,False
2026-04-21T11:13:40Z,37.335975,-79.965532,106.680000,223.187231,435.944444,0.363815,0.333141,0.493299,222.480036,0.361126,0.330679,0.489654,0.493262,0.006089,0.017941,,4.894038,1029.261570,1.289599,10.000000,,VFR,barnes,envelope,False
2026-04-21T11:13:50Z,37.334694,-79.967037,106.680000,223.187231,436.138889,0.364804,0.333406,0.494208,222.425234,0.362082,0.330918,0.490520,0.494164,0.006572,0.019367,,4.895445,1029.264718,1.289596,10.000000,,VFR,barnes,envelope,False
2026-04-21T11:14:00Z,37.333413,-79.968542,106.680000,223.187231,436.333333,0.365791,0.333668,0.495114,222.370519,0.363055,0.331172,0.491410,0.495063,0.007057,0.020795,,4.896832,1029.267863,1.289594,10.000000,,VFR,barnes,envelope,False
2026-04-21T11:14:10Z,37.332132,-79.970047,106.680000,223.187231,436.527778,0.366777,0.333928,0.496017,222.315890,0.364048,0.331443,0.492326,0.495960,0.007543,0.022227,,4.898199,1029.271005,1.289591,10.000000,,VFR,barnes,envelope,False
2026-04-21T11:14:20Z,37.330851,-79.971552,106.680000,223.187231,436.722222,0.367762,0.334184,0.496919,222.261345,0.365067,0.331735,0.493276,0.496854,0.008030,0.023661,,4.899547,1029.274144,1.289589,10.000000,,VFR,barnes,envelope,False
2026-04-21T11:14:30Z,37.329570,-79.973057,106.680000,223.187231,436.916667,0.368745,0.334439,0.497817,222.206880,0.366071,0.332013,0.494208,0.497745,0.008517,0.025098,,4.900876,1029.277280,1.289587,10.000000,,VFR,barnes,envelope,False
2026-04-21T11:14:40Z,37.328289,-79.974562,106.680000,223.187231,437.111111,0.369727,0.334690,0.498714,222.152495,0.367058,0.332274,0.495113,0.498633,0.009006,0.026538,,4.902186,1029.280413,1.289585,10.000000,,VFR,barnes,envelope,False
2026-04-21T11:14:50Z,37.327008,-79.976067,106.680000,223.187231,437.305556,0.370708,0.334939,0.499608,222.098187,0.368042,0.332530,0.496016,0.499518,0.009496,0.027980,,4.903476,1029.283543,1.289583,10.000000,,VFR,barnes,envelope,False
2026-04-21T11:14:57Z,37.326100,-79.977133,106.680000,223.187231,437.443272,0.371401,0.335113,0.500240,222.059768,0.368891,0.332849,0.496859,0.500143,0.009843,0.029004,,4.904378,1029.285758,1.289581,10.000000,,VFR,barnes,envelope,False
